{
	"format_version": "1.8.0",
	"animations": {
		"animation.mp5.first_person.mag": {
			"loop": true,
			"animation_length": 8.75,
			"anim_time_update": "query.anim_time + query.delta_time * 2",
			"bones": {
				"root": {
					"rotation": ["(math.cos(query.life_time * 100.0) * 0.200) + 0.200", 180, 0],
					"position": [1, -1, -3]
				},
				"rightArmA": {
					"rotation": [0, -10, 0],
					"position": [0, 0, 2]
				},
				"magelmp5": {
					"rotation": [90, 15, -92.5],
					"position": [-3.34375, 34.625, -9.0625],
					"scale": 0.07
				},
				"rightArm": {
					"rotation": [-90, 0, 10],
					"position": [0, 0, -5]
				}
			}
		},
		"animation.mp5.third_person.mag": {
			"loop": true,
			"bones": {
				"magelmp5": {
					"rotation": [90, 15, -92.5],
					"position": [-3.34375, 34.625, -9.0625],
					"scale": 0.07
				}
			}
		}
	}
}