{
	"format_version": "1.12.0",
	"minecraft:geometry": [
		{
			"description": {
				"identifier": "geometry.crimson_creeperpet",
				"texture_width": 16,
				"texture_height": 16,
				"visible_bounds_width": 3,
				"visible_bounds_height": 4,
				"visible_bounds_offset": [
					0,
					1,
					0
				]
			},
			"bones": [
				{
					"name": "bone2",
					"pivot": [
						0,
						0,
						0
					],
					"locators": {
						"prueba": [
							0,
							0,
							0
						],
						"prueba2": [
							0,
							0,
							0
						]
					}
				},
				{
					"name": "cuerpo",
					"parent": "bone2",
					"pivot": [
						0,
						8.5,
						-2
					],
					"cubes": [
						{
							"origin": [
								-4,
								2.78356,
								-4.9763
							],
							"size": [
								8,
								11,
								4
							],
							"pivot": [
								0,
								8.28356,
								-2.9763
							],
							"rotation": [
								12.5,
								0,
								0
							],
							"uv": {
								"north": {
									"uv": [
										10,
										9.25
									],
									"uv_size": [
										2,
										2.75
									]
								},
								"east": {
									"uv": [
										9,
										9.25
									],
									"uv_size": [
										1,
										2.75
									]
								},
								"south": {
									"uv": [
										10,
										9.25
									],
									"uv_size": [
										2,
										2.75
									]
								},
								"west": {
									"uv": [
										9,
										9.25
									],
									"uv_size": [
										1,
										2.75
									]
								},
								"up": {
									"uv": [
										10,
										9
									],
									"uv_size": [
										-1,
										-1
									]
								},
								"down": {
									"uv": [
										9,
										10
									],
									"uv_size": [
										-1,
										-1
									]
								}
							}
						}
					]
				},
				{
					"name": "hojas1",
					"parent": "bone2",
					"pivot": [
						-1.5,
						7.20811,
						0.41311
					],
					"cubes": [
						{
							"origin": [
								-4,
								10.87512,
								-6.07767
							],
							"size": [
								4,
								6,
								0
							],
							"pivot": [
								-2,
								13.87512,
								-6.07767
							],
							"rotation": [
								175.5,
								0,
								0
							],
							"uv": {
								"north": {
									"uv": [
										0,
										2
									],
									"uv_size": [
										2,
										2.75
									]
								},
								"east": {
									"uv": [
										1,
										1.25
									],
									"uv_size": [
										1,
										2.75
									]
								},
								"south": {
									"uv": [
										2,
										2
									],
									"uv_size": [
										4,
										6
									]
								},
								"west": {
									"uv": [
										1,
										1.25
									],
									"uv_size": [
										1,
										2.75
									]
								},
								"up": {
									"uv": [
										2,
										1
									],
									"uv_size": [
										-1,
										-1
									]
								},
								"down": {
									"uv": [
										1,
										2
									],
									"uv_size": [
										-1,
										-1
									]
								}
							}
						},
						{
							"origin": [
								0,
								11.87204,
								-5.99921
							],
							"size": [
								4,
								6,
								0
							],
							"pivot": [
								2,
								14.87204,
								-5.99921
							],
							"rotation": [
								175.5,
								0,
								0
							],
							"uv": {
								"north": {
									"uv": [
										0,
										2
									],
									"uv_size": [
										2,
										2.75
									]
								},
								"east": {
									"uv": [
										1,
										1.25
									],
									"uv_size": [
										1,
										2.75
									]
								},
								"south": {
									"uv": [
										2,
										2
									],
									"uv_size": [
										4,
										6
									]
								},
								"west": {
									"uv": [
										1,
										1.25
									],
									"uv_size": [
										1,
										2.75
									]
								},
								"up": {
									"uv": [
										2,
										1
									],
									"uv_size": [
										-1,
										-1
									]
								},
								"down": {
									"uv": [
										1,
										2
									],
									"uv_size": [
										-1,
										-1
									]
								}
							}
						},
						{
							"origin": [
								0,
								11.40384,
								-2.65632
							],
							"size": [
								4,
								6,
								0
							],
							"pivot": [
								2,
								14.40384,
								-2.65632
							],
							"rotation": [
								-152.5,
								0,
								0
							],
							"uv": {
								"north": {
									"uv": [
										0,
										2
									],
									"uv_size": [
										2,
										2.75
									]
								},
								"east": {
									"uv": [
										1,
										1.25
									],
									"uv_size": [
										1,
										2.75
									]
								},
								"south": {
									"uv": [
										2,
										2
									],
									"uv_size": [
										4,
										6
									]
								},
								"west": {
									"uv": [
										1,
										1.25
									],
									"uv_size": [
										1,
										2.75
									]
								},
								"up": {
									"uv": [
										2,
										1
									],
									"uv_size": [
										-1,
										-1
									]
								},
								"down": {
									"uv": [
										1,
										2
									],
									"uv_size": [
										-1,
										-1
									]
								}
							}
						},
						{
							"origin": [
								-4,
								-4.59189,
								-0.18689
							],
							"size": [
								4,
								6,
								0
							],
							"pivot": [
								-1.5,
								7.20811,
								0.41311
							],
							"rotation": [
								-152.5,
								0,
								0
							],
							"uv": {
								"north": {
									"uv": [
										0,
										2
									],
									"uv_size": [
										2,
										2.75
									]
								},
								"east": {
									"uv": [
										1,
										1.25
									],
									"uv_size": [
										1,
										2.75
									]
								},
								"south": {
									"uv": [
										2,
										2
									],
									"uv_size": [
										4,
										6
									]
								},
								"west": {
									"uv": [
										1,
										1.25
									],
									"uv_size": [
										1,
										2.75
									]
								},
								"up": {
									"uv": [
										2,
										1
									],
									"uv_size": [
										-1,
										-1
									]
								},
								"down": {
									"uv": [
										1,
										2
									],
									"uv_size": [
										-1,
										-1
									]
								}
							}
						}
					]
				},
				{
					"name": "hojas2",
					"parent": "bone2",
					"pivot": [
						0,
						-5.34898,
						-1.81904
					],
					"cubes": [
						{
							"origin": [
								-4,
								2.50474,
								0.26467
							],
							"size": [
								4,
								6,
								0
							],
							"pivot": [
								-2,
								5.50474,
								0.26467
							],
							"rotation": [
								-152.5,
								0,
								0
							],
							"uv": {
								"north": {
									"uv": [
										0,
										2
									],
									"uv_size": [
										2,
										2.75
									]
								},
								"east": {
									"uv": [
										1,
										1.25
									],
									"uv_size": [
										1,
										2.75
									]
								},
								"south": {
									"uv": [
										2,
										2
									],
									"uv_size": [
										4,
										6
									]
								},
								"west": {
									"uv": [
										1,
										1.25
									],
									"uv_size": [
										1,
										2.75
									]
								},
								"up": {
									"uv": [
										2,
										1
									],
									"uv_size": [
										-1,
										-1
									]
								},
								"down": {
									"uv": [
										1,
										2
									],
									"uv_size": [
										-1,
										-1
									]
								}
							}
						},
						{
							"origin": [
								0,
								1.61773,
								0.72642
							],
							"size": [
								4,
								6,
								0
							],
							"pivot": [
								2,
								4.61773,
								0.72642
							],
							"rotation": [
								-152.5,
								0,
								0
							],
							"uv": {
								"north": {
									"uv": [
										0,
										2
									],
									"uv_size": [
										2,
										2.75
									]
								},
								"east": {
									"uv": [
										1,
										1.25
									],
									"uv_size": [
										1,
										2.75
									]
								},
								"south": {
									"uv": [
										2,
										2
									],
									"uv_size": [
										4,
										6
									]
								},
								"west": {
									"uv": [
										1,
										1.25
									],
									"uv_size": [
										1,
										2.75
									]
								},
								"up": {
									"uv": [
										2,
										1
									],
									"uv_size": [
										-1,
										-1
									]
								},
								"down": {
									"uv": [
										1,
										2
									],
									"uv_size": [
										-1,
										-1
									]
								}
							}
						},
						{
							"origin": [
								0,
								2.01018,
								-4.7152
							],
							"size": [
								4,
								6,
								0
							],
							"pivot": [
								2,
								5.01018,
								-4.7152
							],
							"rotation": [
								175.5,
								0,
								0
							],
							"uv": {
								"north": {
									"uv": [
										0,
										2
									],
									"uv_size": [
										2,
										2.75
									]
								},
								"east": {
									"uv": [
										1,
										1.25
									],
									"uv_size": [
										1,
										2.75
									]
								},
								"south": {
									"uv": [
										2,
										2
									],
									"uv_size": [
										4,
										6
									]
								},
								"west": {
									"uv": [
										1,
										1.25
									],
									"uv_size": [
										1,
										2.75
									]
								},
								"up": {
									"uv": [
										2,
										1
									],
									"uv_size": [
										-1,
										-1
									]
								},
								"down": {
									"uv": [
										1,
										2
									],
									"uv_size": [
										-1,
										-1
									]
								}
							}
						},
						{
							"origin": [
								-4,
								1.01326,
								-4.79366
							],
							"size": [
								4,
								6,
								0
							],
							"pivot": [
								-2,
								4.01326,
								-4.79366
							],
							"rotation": [
								175.5,
								0,
								0
							],
							"uv": {
								"north": {
									"uv": [
										0,
										2
									],
									"uv_size": [
										2,
										2.75
									]
								},
								"east": {
									"uv": [
										1,
										1.25
									],
									"uv_size": [
										1,
										2.75
									]
								},
								"south": {
									"uv": [
										2,
										2
									],
									"uv_size": [
										4,
										6
									]
								},
								"west": {
									"uv": [
										1,
										1.25
									],
									"uv_size": [
										1,
										2.75
									]
								},
								"up": {
									"uv": [
										2,
										1
									],
									"uv_size": [
										-1,
										-1
									]
								},
								"down": {
									"uv": [
										1,
										2
									],
									"uv_size": [
										-1,
										-1
									]
								}
							}
						}
					]
				},
				{
					"name": "leg0",
					"parent": "bone2",
					"pivot": [
						-4,
						2,
						1
					],
					"cubes": [
						{
							"origin": [
								-6,
								0,
								-1
							],
							"size": [
								4,
								4,
								4
							],
							"pivot": [
								-4,
								2,
								1
							],
							"rotation": [
								0,
								0,
								10
							],
							"uv": {
								"north": {
									"uv": [
										8,
										8.25
									],
									"uv_size": [
										1,
										1
									]
								},
								"east": {
									"uv": [
										8,
										8.25
									],
									"uv_size": [
										1,
										1
									]
								},
								"south": {
									"uv": [
										8,
										8.25
									],
									"uv_size": [
										1,
										1
									]
								},
								"west": {
									"uv": [
										8,
										8.25
									],
									"uv_size": [
										1,
										1
									]
								},
								"up": {
									"uv": [
										10,
										9
									],
									"uv_size": [
										-1,
										-1
									]
								},
								"down": {
									"uv": [
										9,
										10
									],
									"uv_size": [
										-1,
										-1
									]
								}
							}
						}
					]
				},
				{
					"name": "leg1",
					"parent": "bone2",
					"pivot": [
						4,
						2,
						1
					],
					"cubes": [
						{
							"origin": [
								2,
								0,
								-1
							],
							"size": [
								4,
								4,
								4
							],
							"pivot": [
								4,
								2,
								1
							],
							"rotation": [
								0,
								0,
								-10
							],
							"uv": {
								"north": {
									"uv": [
										8,
										8.25
									],
									"uv_size": [
										1,
										1
									]
								},
								"east": {
									"uv": [
										8,
										8.25
									],
									"uv_size": [
										1,
										1
									]
								},
								"south": {
									"uv": [
										8,
										8.25
									],
									"uv_size": [
										1,
										1
									]
								},
								"west": {
									"uv": [
										8,
										8.25
									],
									"uv_size": [
										1,
										1
									]
								},
								"up": {
									"uv": [
										10,
										9
									],
									"uv_size": [
										-1,
										-1
									]
								},
								"down": {
									"uv": [
										9,
										10
									],
									"uv_size": [
										-1,
										-1
									]
								}
							}
						}
					]
				},
				{
					"name": "leg2",
					"parent": "bone2",
					"pivot": [
						-4,
						2.5,
						-6
					],
					"cubes": [
						{
							"origin": [
								-6,
								0,
								-8
							],
							"size": [
								4,
								5,
								4
							],
							"pivot": [
								-4,
								2.5,
								-6
							],
							"rotation": [
								0,
								0,
								10
							],
							"uv": {
								"north": {
									"uv": [
										8,
										8
									],
									"uv_size": [
										1,
										1.25
									]
								},
								"east": {
									"uv": [
										8,
										8
									],
									"uv_size": [
										1,
										1.25
									]
								},
								"south": {
									"uv": [
										8,
										8
									],
									"uv_size": [
										1,
										1.25
									]
								},
								"west": {
									"uv": [
										8,
										8
									],
									"uv_size": [
										1,
										1.25
									]
								},
								"up": {
									"uv": [
										10,
										9
									],
									"uv_size": [
										-1,
										-1
									]
								},
								"down": {
									"uv": [
										9,
										10
									],
									"uv_size": [
										-1,
										-1
									]
								}
							}
						}
					]
				},
				{
					"name": "leg3",
					"parent": "bone2",
					"pivot": [
						4,
						2.5,
						-6
					],
					"cubes": [
						{
							"origin": [
								2,
								0,
								-8
							],
							"size": [
								4,
								5,
								4
							],
							"pivot": [
								4,
								2.5,
								-6
							],
							"rotation": [
								0,
								0,
								-10
							],
							"uv": {
								"north": {
									"uv": [
										8,
										8
									],
									"uv_size": [
										1,
										1.25
									]
								},
								"east": {
									"uv": [
										8,
										8
									],
									"uv_size": [
										1,
										1.25
									]
								},
								"south": {
									"uv": [
										8,
										8
									],
									"uv_size": [
										1,
										1.25
									]
								},
								"west": {
									"uv": [
										8,
										8
									],
									"uv_size": [
										1,
										1.25
									]
								},
								"up": {
									"uv": [
										10,
										9
									],
									"uv_size": [
										-1,
										-1
									]
								},
								"down": {
									"uv": [
										9,
										10
									],
									"uv_size": [
										-1,
										-1
									]
								}
							}
						}
					]
				},
				{
					"name": "hongo2",
					"parent": "bone2",
					"pivot": [
						0,
						-1,
						-2
					],
					"cubes": [
						{
							"origin": [
								1,
								6,
								-5
							],
							"size": [
								4,
								2,
								4
							],
							"uv": {
								"north": {
									"uv": [
										8,
										11.5
									],
									"uv_size": [
										1,
										0.5
									]
								},
								"east": {
									"uv": [
										8,
										11.5
									],
									"uv_size": [
										1,
										0.5
									]
								},
								"south": {
									"uv": [
										8,
										11.5
									],
									"uv_size": [
										1,
										0.5
									]
								},
								"west": {
									"uv": [
										8,
										11.5
									],
									"uv_size": [
										1,
										0.5
									]
								},
								"up": {
									"uv": [
										9,
										11.5
									],
									"uv_size": [
										-1,
										-1
									]
								},
								"down": {
									"uv": [
										11,
										9
									],
									"uv_size": [
										-1,
										-1
									]
								}
							}
						}
					]
				},
				{
					"name": "cara",
					"parent": "bone2",
					"pivot": [
						0,
						15,
						-4
					]
				},
				{
					"name": "bone",
					"parent": "cara",
					"pivot": [
						0,
						15,
						-4
					],
					"cubes": [
						{
							"origin": [
								-5,
								13,
								-8
							],
							"size": [
								10,
								4,
								8
							],
							"pivot": [
								0,
								15,
								-4
							],
							"rotation": [
								-7.5,
								0,
								0
							],
							"uv": {
								"north": {
									"uv": [
										13.5,
										11
									],
									"uv_size": [
										2.5,
										1
									]
								},
								"east": {
									"uv": [
										12,
										8.25
									],
									"uv_size": [
										1,
										1
									]
								},
								"south": {
									"uv": [
										12,
										8.25
									],
									"uv_size": [
										1,
										1
									]
								},
								"west": {
									"uv": [
										14,
										10
									],
									"uv_size": [
										2,
										1
									]
								},
								"up": {
									"uv": [
										16,
										10
									],
									"uv_size": [
										-2.5,
										-2
									]
								},
								"down": {
									"uv": [
										16,
										10
									],
									"uv_size": [
										-2.5,
										-2
									]
								}
							}
						}
					]
				},
				{
					"name": "pelo",
					"parent": "cara",
					"pivot": [
						0.15369,
						8.03346,
						-2.85226
					],
					"cubes": [
						{
							"origin": [
								-6.66947,
								-2.20755,
								0.86768
							],
							"size": [
								0,
								10,
								4
							],
							"pivot": [
								-6.66947,
								2.79245,
								2.86768
							],
							"rotation": [
								27.43745,
								1.50179,
								5.23032
							],
							"uv": {
								"north": {
									"uv": [
										8,
										6.75
									],
									"uv_size": [
										2,
										1.25
									]
								},
								"east": {
									"uv": [
										8,
										6.75
									],
									"uv_size": [
										2,
										1.25
									]
								},
								"south": {
									"uv": [
										8,
										6.75
									],
									"uv_size": [
										2,
										1.25
									]
								},
								"west": {
									"uv": [
										12.5,
										0
									],
									"uv_size": [
										3.5,
										8
									]
								},
								"up": {
									"uv": [
										12,
										8
									],
									"uv_size": [
										-2,
										-2
									]
								},
								"down": {
									"uv": [
										12,
										8
									],
									"uv_size": [
										-2,
										-2
									]
								}
							}
						},
						{
							"origin": [
								-6.31673,
								-0.98508,
								-9.92249
							],
							"size": [
								0,
								10,
								6
							],
							"pivot": [
								-6.31673,
								4.01492,
								-6.92249
							],
							"rotation": [
								2.52369,
								-0.43502,
								2.51415
							],
							"uv": {
								"north": {
									"uv": [
										8,
										6.75
									],
									"uv_size": [
										2,
										1.25
									]
								},
								"east": {
									"uv": [
										8,
										6.75
									],
									"uv_size": [
										2,
										1.25
									]
								},
								"south": {
									"uv": [
										8,
										6.75
									],
									"uv_size": [
										2,
										1.25
									]
								},
								"west": {
									"uv": [
										8,
										0
									],
									"uv_size": [
										4.5,
										8
									]
								},
								"up": {
									"uv": [
										12,
										8
									],
									"uv_size": [
										-2,
										-2
									]
								},
								"down": {
									"uv": [
										12,
										8
									],
									"uv_size": [
										-2,
										-2
									]
								}
							}
						},
						{
							"origin": [
								-5.95855,
								6.46899,
								-2.594
							],
							"size": [
								0,
								10,
								4
							],
							"pivot": [
								-5.95855,
								11.46899,
								-0.594
							],
							"rotation": [
								14.93745,
								1.50179,
								5.23032
							],
							"uv": {
								"north": {
									"uv": [
										0,
										14.75
									],
									"uv_size": [
										2,
										1.25
									]
								},
								"east": {
									"uv": [
										0,
										14.75
									],
									"uv_size": [
										2,
										1.25
									]
								},
								"south": {
									"uv": [
										0,
										14.75
									],
									"uv_size": [
										2,
										1.25
									]
								},
								"west": {
									"uv": [
										4.5,
										8
									],
									"uv_size": [
										3.5,
										8
									]
								},
								"up": {
									"uv": [
										4,
										16
									],
									"uv_size": [
										-2,
										-2
									]
								},
								"down": {
									"uv": [
										4,
										16
									],
									"uv_size": [
										-2,
										-2
									]
								}
							}
						},
						{
							"origin": [
								-5.88402,
								8.90198,
								-9.73663
							],
							"size": [
								0,
								10,
								6
							],
							"pivot": [
								-5.88402,
								13.90198,
								-6.73663
							],
							"rotation": [
								-4.97631,
								-0.43502,
								2.51415
							],
							"uv": {
								"north": {
									"uv": [
										0,
										14.75
									],
									"uv_size": [
										2,
										1.25
									]
								},
								"east": {
									"uv": [
										0,
										14.75
									],
									"uv_size": [
										2,
										1.25
									]
								},
								"south": {
									"uv": [
										0,
										14.75
									],
									"uv_size": [
										2,
										1.25
									]
								},
								"west": {
									"uv": [
										0,
										8
									],
									"uv_size": [
										4.5,
										8
									]
								},
								"up": {
									"uv": [
										4,
										16
									],
									"uv_size": [
										-2,
										-2
									]
								},
								"down": {
									"uv": [
										4,
										16
									],
									"uv_size": [
										-2,
										-2
									]
								}
							}
						},
						{
							"origin": [
								6.98768,
								-2.36721,
								0.8205
							],
							"size": [
								0,
								10,
								4
							],
							"pivot": [
								6.98768,
								2.63279,
								2.8205
							],
							"rotation": [
								27.43745,
								1.50179,
								-4.76968
							],
							"uv": {
								"north": {
									"uv": [
										8,
										6.75
									],
									"uv_size": [
										2,
										1.25
									]
								},
								"east": {
									"uv": [
										8,
										6.75
									],
									"uv_size": [
										2,
										1.25
									]
								},
								"south": {
									"uv": [
										8,
										6.75
									],
									"uv_size": [
										2,
										1.25
									]
								},
								"west": {
									"uv": [
										12.5,
										0
									],
									"uv_size": [
										3.5,
										8
									]
								},
								"up": {
									"uv": [
										12,
										8
									],
									"uv_size": [
										-2,
										-2
									]
								},
								"down": {
									"uv": [
										12,
										8
									],
									"uv_size": [
										-2,
										-2
									]
								}
							}
						},
						{
							"origin": [
								6.15935,
								6.48353,
								-2.594
							],
							"size": [
								0,
								10,
								4
							],
							"pivot": [
								6.15935,
								11.48353,
								-0.594
							],
							"rotation": [
								14.93745,
								1.50179,
								-4.76968
							],
							"uv": {
								"north": {
									"uv": [
										0,
										14.75
									],
									"uv_size": [
										2,
										1.25
									]
								},
								"east": {
									"uv": [
										0,
										14.75
									],
									"uv_size": [
										2,
										1.25
									]
								},
								"south": {
									"uv": [
										0,
										14.75
									],
									"uv_size": [
										2,
										1.25
									]
								},
								"west": {
									"uv": [
										4.5,
										8
									],
									"uv_size": [
										3.5,
										8
									]
								},
								"up": {
									"uv": [
										4,
										16
									],
									"uv_size": [
										-2,
										-2
									]
								},
								"down": {
									"uv": [
										4,
										16
									],
									"uv_size": [
										-2,
										-2
									]
								}
							}
						},
						{
							"origin": [
								7.101,
								-0.9195,
								-9.92249
							],
							"size": [
								0,
								10,
								6
							],
							"pivot": [
								7.101,
								4.0805,
								-6.92249
							],
							"rotation": [
								2.52369,
								-0.43502,
								-7.48585
							],
							"uv": {
								"north": {
									"uv": [
										8,
										6.75
									],
									"uv_size": [
										2,
										1.25
									]
								},
								"east": {
									"uv": [
										8,
										6.75
									],
									"uv_size": [
										2,
										1.25
									]
								},
								"south": {
									"uv": [
										8,
										6.75
									],
									"uv_size": [
										2,
										1.25
									]
								},
								"west": {
									"uv": [
										8,
										0
									],
									"uv_size": [
										4.5,
										8
									]
								},
								"up": {
									"uv": [
										12,
										8
									],
									"uv_size": [
										-2,
										-2
									]
								},
								"down": {
									"uv": [
										12,
										8
									],
									"uv_size": [
										-2,
										-2
									]
								}
							}
						},
						{
							"origin": [
								5.81026,
								8.89249,
								-9.73663
							],
							"size": [
								0,
								10,
								6
							],
							"pivot": [
								5.81026,
								13.89249,
								-6.73663
							],
							"rotation": [
								-4.97631,
								-0.43502,
								-7.48585
							],
							"uv": {
								"north": {
									"uv": [
										0,
										14.75
									],
									"uv_size": [
										2,
										1.25
									]
								},
								"east": {
									"uv": [
										0,
										14.75
									],
									"uv_size": [
										2,
										1.25
									]
								},
								"south": {
									"uv": [
										0,
										14.75
									],
									"uv_size": [
										2,
										1.25
									]
								},
								"west": {
									"uv": [
										0,
										8
									],
									"uv_size": [
										4.5,
										8
									]
								},
								"up": {
									"uv": [
										4,
										16
									],
									"uv_size": [
										-2,
										-2
									]
								},
								"down": {
									"uv": [
										4,
										16
									],
									"uv_size": [
										-2,
										-2
									]
								}
							}
						}
					]
				},
				{
					"name": "hongocabeza",
					"parent": "cara",
					"pivot": [
						-0.18177,
						18.34084,
						-3.33856
					],
					"cubes": [
						{
							"origin": [
								-6.18177,
								15.34084,
								-9.33856
							],
							"size": [
								12,
								6,
								12
							],
							"pivot": [
								-0.18177,
								18.34084,
								-3.33856
							],
							"rotation": [
								-22.5,
								0,
								-5
							],
							"uv": {
								"north": {
									"uv": [
										8,
										14.75
									],
									"uv_size": [
										2,
										1.25
									]
								},
								"east": {
									"uv": [
										8,
										14.75
									],
									"uv_size": [
										2,
										1.25
									]
								},
								"south": {
									"uv": [
										8,
										14.75
									],
									"uv_size": [
										2,
										1.25
									]
								},
								"west": {
									"uv": [
										8,
										14.75
									],
									"uv_size": [
										2,
										1.25
									]
								},
								"up": {
									"uv": [
										12,
										16
									],
									"uv_size": [
										-2,
										-2
									]
								},
								"down": {
									"uv": [
										12,
										16
									],
									"uv_size": [
										-2,
										-2
									]
								}
							}
						}
					]
				},
				{
					"name": "hongo1",
					"parent": "bone2",
					"pivot": [
						-3,
						9,
						-5
					],
					"cubes": [
						{
							"origin": [
								-5,
								8,
								-7
							],
							"size": [
								4,
								2,
								4
							],
							"uv": {
								"north": {
									"uv": [
										8,
										11.5
									],
									"uv_size": [
										1,
										0.5
									]
								},
								"east": {
									"uv": [
										8,
										11.5
									],
									"uv_size": [
										1,
										0.5
									]
								},
								"south": {
									"uv": [
										8,
										11.5
									],
									"uv_size": [
										1,
										0.5
									]
								},
								"west": {
									"uv": [
										8,
										11.5
									],
									"uv_size": [
										1,
										0.5
									]
								},
								"up": {
									"uv": [
										9,
										11.5
									],
									"uv_size": [
										-1,
										-1
									]
								},
								"down": {
									"uv": [
										11,
										9
									],
									"uv_size": [
										-1,
										-1
									]
								}
							}
						}
					]
				}
			]
		}
	]
}