{
	"format_version": "1.12.0",
	"minecraft:geometry": [
		{
			"description": {
				"identifier": "geometry.ghastmal",
				"texture_width": 128,
				"texture_height": 128,
				"visible_bounds_width": 6,
				"visible_bounds_height": 9,
				"visible_bounds_offset": [
					0,
					0,
					0
				]
			},
			"bones": [
				{
					"name": "todo",
					"pivot": [
						0,
						1.5,
						0
					]
				},
				{
					"name": "cabeza",
					"parent": "todo",
					"pivot": [
						-0.09857,
						-9.31333,
						1.59333
					],
					"cubes": [
						{
							"origin": [
								-10.09554,
								0,
								-9
							],
							"size": [
								20,
								11,
								19
							],
							"uv": [
								0,
								0
							],
							"mirror": true
						},
						{
							"origin": [
								-2.84911,
								0.15,
								-10
							],
							"size": [
								6,
								8.5,
								3
							],
							"uv": [
								0,
								0
							]
						},
						{
							"origin": [
								1.27946,
								1,
								7.25
							],
							"size": [
								6,
								10.6,
								5
							],
							"uv": [
								55,
								57
							]
						},
						{
							"origin": [
								-7.47054,
								1,
								7.25
							],
							"size": [
								6,
								10.6,
								5
							],
							"uv": [
								38,
								47
							]
						},
						{
							"origin": [
								-4.09554,
								-2.3,
								3.9
							],
							"size": [
								8,
								12,
								11
							],
							"uv": [
								0,
								47
							]
						}
					]
				},
				{
					"name": "dientesar",
					"parent": "cabeza",
					"pivot": [
						-0.09857,
						-9.31333,
						1.59333
					],
					"cubes": [
						{
							"origin": [
								6.00089,
								-1.5,
								-9.875
							],
							"size": [
								1.5,
								3,
								1.5
							],
							"uv": [
								8,
								34
							]
						},
						{
							"origin": [
								-0.59911,
								-1,
								-10.325
							],
							"size": [
								1.5,
								3,
								2
							],
							"uv": [
								31,
								53
							]
						},
						{
							"origin": [
								2.50089,
								-1,
								-10.325
							],
							"size": [
								1.5,
								3,
								2
							],
							"uv": [
								4,
								53
							]
						},
						{
							"origin": [
								-3.69911,
								-1,
								-10.325
							],
							"size": [
								1.5,
								3,
								2
							],
							"uv": [
								33,
								47
							]
						},
						{
							"origin": [
								-7.19911,
								-1.5,
								-9.875
							],
							"size": [
								1.5,
								3,
								1.5
							],
							"uv": [
								8,
								30
							]
						}
					]
				},
				{
					"name": "pera",
					"parent": "cabeza",
					"pivot": [
						-0.09857,
						-9.13833,
						1.59333
					],
					"cubes": [
						{
							"origin": [
								-8.24911,
								-5.675,
								-5.9
							],
							"size": [
								17,
								5,
								12
							],
							"pivot": [
								0.75089,
								-5.675,
								2.1
							],
							"rotation": [
								30,
								0,
								0
							],
							"uv": [
								0,
								30
							]
						}
					]
				},
				{
					"name": "dientesab",
					"parent": "pera",
					"pivot": [
						-7.25,
						-8.375,
						-6.35
					],
					"cubes": [
						{
							"origin": [
								7.40089,
								-8.375,
								-6.35
							],
							"size": [
								1.5,
								5.5,
								2
							],
							"pivot": [
								8.90089,
								-8.375,
								-6.35
							],
							"rotation": [
								30,
								0,
								0
							],
							"uv": [
								66,
								49
							]
						},
						{
							"origin": [
								2.80089,
								-9.4,
								-6.325
							],
							"size": [
								3,
								5,
								2
							],
							"pivot": [
								5.80089,
								-9.4,
								-6.325
							],
							"rotation": [
								30,
								0,
								0
							],
							"uv": [
								0,
								11
							]
						},
						{
							"origin": [
								-0.34911,
								-9.975,
								-5.75
							],
							"size": [
								1.5,
								6,
								2
							],
							"pivot": [
								1.15089,
								-9.975,
								-5.75
							],
							"rotation": [
								30,
								0,
								0
							],
							"uv": [
								27,
								47
							]
						},
						{
							"origin": [
								-3.99911,
								-9.175,
								-5.975
							],
							"size": [
								2.5,
								6,
								2
							],
							"pivot": [
								-1.49911,
								-9.175,
								-5.975
							],
							"rotation": [
								30,
								0,
								0
							],
							"uv": [
								10,
								11
							]
						},
						{
							"origin": [
								-6.34911,
								-9.825,
								-5.2
							],
							"size": [
								1.5,
								6,
								2
							],
							"pivot": [
								-4.84911,
								-9.825,
								-5.2
							],
							"rotation": [
								30,
								0,
								0
							],
							"uv": [
								0,
								47
							]
						},
						{
							"origin": [
								-8.59911,
								-8.375,
								-6.35
							],
							"size": [
								1.5,
								5.5,
								2
							],
							"pivot": [
								-7.09911,
								-8.375,
								-6.35
							],
							"rotation": [
								30,
								0,
								0
							],
							"uv": [
								60,
								50
							]
						}
					]
				},
				{
					"name": "tentacles_3",
					"parent": "todo",
					"pivot": [
						-6.3,
						-7,
						0
					],
					"cubes": [
						{
							"origin": [
								-0.49554,
								-20,
								3.5
							],
							"size": [
								2.5,
								18,
								2
							],
							"inflate": 0.2,
							"pivot": [
								7.30446,
								-12,
								4.5
							],
							"rotation": [
								32.5,
								0,
								0
							],
							"uv": [
								58,
								30
							]
						},
						{
							"origin": [
								2.50446,
								-15,
								-1.6
							],
							"size": [
								2.5,
								10,
								2
							],
							"inflate": 0.2,
							"pivot": [
								10.30446,
								-7,
								-0.6
							],
							"rotation": [
								17.5,
								0,
								0
							],
							"uv": [
								0,
								30
							]
						}
					]
				},
				{
					"name": "bone",
					"parent": "tentacles_3",
					"pivot": [
						3.45446,
						-11.2,
						-3.325
					],
					"cubes": [
						{
							"origin": [
								-4.34554,
								-19.2,
								-4.325
							],
							"size": [
								2.5,
								10.5,
								2
							],
							"inflate": 0.2,
							"pivot": [
								3.45446,
								-11.2,
								-3.325
							],
							"rotation": [
								22.5,
								0,
								0
							],
							"uv": [
								16,
								70
							]
						}
					]
				},
				{
					"name": "bone2",
					"parent": "tentacles_3",
					"pivot": [
						0.20446,
						-6,
						-2.4
					],
					"cubes": [
						{
							"origin": [
								-7.59554,
								-14,
								-3.4
							],
							"size": [
								2.5,
								10,
								2
							],
							"inflate": 0.2,
							"pivot": [
								0.20446,
								-6,
								-2.4
							],
							"rotation": [
								10,
								0,
								0
							],
							"uv": [
								46,
								30
							]
						}
					]
				},
				{
					"name": "bone3",
					"parent": "tentacles_3",
					"pivot": [
						7.30446,
						-12,
						4.5
					]
				},
				{
					"name": "tentacles_4",
					"parent": "todo",
					"pivot": [
						-1.3,
						-7,
						0
					],
					"cubes": [
						{
							"origin": [
								-6.77054,
								-13.3,
								8.925
							],
							"size": [
								2.5,
								17,
								2
							],
							"inflate": 0.2,
							"pivot": [
								-3.97054,
								-1.3,
								9.925
							],
							"rotation": [
								17.5,
								0,
								0
							],
							"uv": [
								66,
								30
							]
						}
					]
				},
				{
					"name": "tentacles_6",
					"parent": "todo",
					"pivot": [
						-4.25,
						-7,
						5
					],
					"cubes": [
						{
							"origin": [
								-9.37054,
								-11.4,
								4.875
							],
							"size": [
								2.5,
								13,
								2
							],
							"inflate": 0.2,
							"pivot": [
								-4.07054,
								-0.4,
								0.875
							],
							"rotation": [
								27.5,
								0,
								0
							],
							"uv": [
								67,
								0
							]
						},
						{
							"origin": [
								6.50446,
								-9.45,
								4.05
							],
							"size": [
								2.5,
								11,
								2
							],
							"inflate": 0.2,
							"pivot": [
								11.80446,
								1.55,
								0.05
							],
							"rotation": [
								10,
								0,
								0
							],
							"uv": [
								8,
								70
							]
						},
						{
							"origin": [
								6.67946,
								-14.175,
								8.15
							],
							"size": [
								2.5,
								17,
								2
							],
							"inflate": 0.2,
							"pivot": [
								3.87946,
								-3.175,
								4.15
							],
							"rotation": [
								17.5,
								0,
								0
							],
							"uv": [
								46,
								62
							]
						},
						{
							"origin": [
								-1.34554,
								-17.8,
								13.525
							],
							"size": [
								2.5,
								17,
								2
							],
							"inflate": 0.2,
							"pivot": [
								3.95446,
								-6.8,
								9.525
							],
							"rotation": [
								20,
								0,
								0
							],
							"uv": [
								38,
								62
							]
						},
						{
							"origin": [
								-1.09911,
								-19.2,
								7.175
							],
							"size": [
								2.5,
								17,
								2
							],
							"inflate": 0.2,
							"pivot": [
								4.20089,
								-8.2,
								3.175
							],
							"rotation": [
								35,
								0,
								0
							],
							"uv": [
								59,
								0
							]
						},
						{
							"origin": [
								4.15446,
								-17.7,
								2.075
							],
							"size": [
								2.5,
								11,
								2
							],
							"inflate": 0.2,
							"pivot": [
								9.45446,
								-6.7,
								-1.925
							],
							"rotation": [
								25,
								0,
								0
							],
							"uv": [
								0,
								70
							]
						}
					]
				}
			]
		}
	]
}