{
	"format_version": "1.12.0",
	"minecraft:geometry": [
		{
			"description": {
				"identifier": "geometry.glowmushroom",
				"texture_width": 64,
				"texture_height": 64,
				"visible_bounds_width": 3,
				"visible_bounds_height": 2.5,
				"visible_bounds_offset": [0, 0.75, 0]
			},
			"bones": [
				{
					"name": "bone6",
					"pivot": [0, 0, 0]
				},
				{
					"name": "bone4",
					"parent": "bone6",
					"pivot": [-4, 0, 0],
					"rotation": [0, -80, 0],
					"cubes": [
						{
							"origin": [-2.78294, 0, -1.23101],
							"size": [5, 2, 5],
							"uv": {
								"north": {"uv": [9.5, 36], "uv_size": [5, 2]},
								"east": {"uv": [9.5, 38], "uv_size": [5, 2]},
								"south": {"uv": [14.5, 38], "uv_size": [5, 2]},
								"west": {"uv": [14.5, 36], "uv_size": [5, 2]},
								"up": {"uv": [9.5, 31], "uv_size": [5, 5]},
								"down": {"uv": [14.5, 36], "uv_size": [5, -5]}
							}
						},
						{
							"origin": [-6.78294, 0.25, -6.23101],
							"size": [8, 2, 8],
							"inflate": 0.25,
							"uv": {
								"north": {"uv": [14, 39], "uv_size": [8, 2]},
								"east": {"uv": [6, 39], "uv_size": [8, 2]},
								"south": {"uv": [14, 41], "uv_size": [8, 2]},
								"west": {"uv": [6, 41], "uv_size": [8, 2]},
								"up": {"uv": [6, 31], "uv_size": [8, 8]},
								"down": {"uv": [14, 39], "uv_size": [8, -8]}
							}
						}
					]
				},
				{
					"name": "bone3",
					"parent": "bone6",
					"pivot": [0, 0, 0],
					"cubes": [
						{
							"origin": [2, 0, -1.5],
							"size": [5, 2, 5],
							"pivot": [1.25, 0, 0],
							"rotation": [0, 22.5, 0],
							"uv": {
								"north": {"uv": [9.5, 36], "uv_size": [5, 2]},
								"east": {"uv": [9.5, 38], "uv_size": [5, 2]},
								"south": {"uv": [14.5, 38], "uv_size": [5, 2]},
								"west": {"uv": [14.5, 36], "uv_size": [5, 2]},
								"up": {"uv": [9.5, 31], "uv_size": [5, 5]},
								"down": {"uv": [14.5, 36], "uv_size": [5, -5]}
							}
						},
						{
							"origin": [2, 0, 3],
							"size": [3, 1, 3],
							"pivot": [1.25, 0, 0],
							"rotation": [0, 22.5, 0],
							"uv": {
								"north": {"uv": [11.5, 34], "uv_size": [3, 1]},
								"east": {"uv": [8.5, 34], "uv_size": [3, 1]},
								"south": {"uv": [17.5, 34], "uv_size": [3, 1]},
								"west": {"uv": [14.5, 34], "uv_size": [3, 1]},
								"up": {"uv": [11.5, 31], "uv_size": [3, 3]},
								"down": {"uv": [14.5, 34], "uv_size": [3, -3]}
							}
						},
						{
							"origin": [-0.75, -0.25, 3.5],
							"size": [3, 1, 3],
							"inflate": -0.25,
							"pivot": [1.25, 0, 0],
							"rotation": [0, 22.5, 0],
							"uv": {
								"north": {"uv": [11, 45.5], "uv_size": [3, 1]},
								"east": {"uv": [8, 45.5], "uv_size": [3, 1]},
								"south": {"uv": [17, 45.5], "uv_size": [3, 1]},
								"west": {"uv": [14, 45.5], "uv_size": [3, 1]},
								"up": {"uv": [11, 42.5], "uv_size": [3, 3]},
								"down": {"uv": [14, 45.5], "uv_size": [3, -3]}
							}
						},
						{
							"origin": [-4, 0, 3],
							"size": [3, 1, 3],
							"pivot": [1.25, 0, 0],
							"rotation": [0, 22.5, 0],
							"uv": {
								"north": {"uv": [11.5, 35], "uv_size": [3, 1]},
								"east": {"uv": [8.5, 35], "uv_size": [3, 1]},
								"south": {"uv": [17.5, 35], "uv_size": [3, 1]},
								"west": {"uv": [14.5, 35], "uv_size": [3, 1]},
								"up": {"uv": [11.5, 32], "uv_size": [3, 3]},
								"down": {"uv": [14.5, 35], "uv_size": [3, -3]}
							}
						},
						{
							"origin": [-4.75, 0, -6],
							"size": [8, 2, 8],
							"pivot": [1.25, 0, 0],
							"rotation": [0, -22.5, 0],
							"uv": {
								"north": {"uv": [6, 40.5], "uv_size": [8, 2]},
								"east": {"uv": [6, 42.5], "uv_size": [8, 2]},
								"south": {"uv": [14, 42.5], "uv_size": [8, 2]},
								"west": {"uv": [14, 40.5], "uv_size": [8, 2]},
								"up": {"uv": [6, 32.5], "uv_size": [8, 8]},
								"down": {"uv": [14, 40.5], "uv_size": [8, -8]}
							}
						},
						{
							"origin": [-3.75, 0.5, -3],
							"size": [8, 2, 8],
							"inflate": 0.5,
							"pivot": [1.25, 0, 0],
							"rotation": [0, -25, 0],
							"uv": {
								"north": {"uv": [6, 41], "uv_size": [8, 2]},
								"east": {"uv": [14, 41], "uv_size": [8, 2]},
								"south": {"uv": [14, 39], "uv_size": [8, 2]},
								"west": {"uv": [6, 39], "uv_size": [8, 2]},
								"up": {"uv": [14, 31], "uv_size": [8, 8]},
								"down": {"uv": [6, 39], "uv_size": [8, -8]}
							}
						}
					]
				},
				{
					"name": "bone2",
					"parent": "bone6",
					"pivot": [3, 2, -4],
					"rotation": [17.5, -32.5, 0],
					"cubes": [
						{
							"origin": [2, 0.5, -5],
							"size": [2, 6, 2],
							"uv": {
								"north": {"uv": [29.5, 21.5], "uv_size": [2, 6]},
								"east": {"uv": [28, 21.5], "uv_size": [2, 6]},
								"south": {"uv": [31, 21.5], "uv_size": [2, 6]},
								"west": {"uv": [32, 21.5], "uv_size": [2, 6]},
								"up": {"uv": [28.5, 14.5], "uv_size": [2, 2]},
								"down": {"uv": [31.5, 16.5], "uv_size": [2, -2]}
							}
						},
						{
							"origin": [0, 6.5, -7],
							"size": [6, 2, 6],
							"inflate": 0.25,
							"uv": {
								"north": {"uv": [12, 61], "uv_size": [6, 2]},
								"east": {"uv": [18, 61], "uv_size": [6, 2]},
								"south": {"uv": [14, 61], "uv_size": [6, 2]},
								"west": {"uv": [8, 61], "uv_size": [6, 2]},
								"up": {"uv": [49.5, 31.5], "uv_size": [10, 9.5]},
								"down": {"uv": [26.5, 42.5], "uv_size": [6, -6]}
							}
						}
					]
				},
				{
					"name": "bone5",
					"parent": "bone6",
					"pivot": [-3.6, 5, 1],
					"rotation": [17.5, 70, 0],
					"cubes": [
						{
							"origin": [-4.6, 1.5, 0],
							"size": [2, 10, 2],
							"inflate": 1,
							"uv": {
								"north": {"uv": [29.5, 15.5], "uv_size": [2, 10]},
								"east": {"uv": [32, 15.5], "uv_size": [2, 10]},
								"south": {"uv": [28, 15.5], "uv_size": [2, 10]},
								"west": {"uv": [31.5, 15.5], "uv_size": [2, 10]},
								"up": {"uv": [31.5, 12.5], "uv_size": [2, 2]},
								"down": {"uv": [28, 14.5], "uv_size": [2, -2]}
							}
						},
						{
							"origin": [-7.6, 10.5, -3],
							"size": [8, 2, 8],
							"inflate": 1,
							"uv": {
								"north": {"uv": [16, 61], "uv_size": [8, 2]},
								"east": {"uv": [12, 61], "uv_size": [8, 2]},
								"south": {"uv": [16.5, 61], "uv_size": [8, 2]},
								"west": {"uv": [15, 61], "uv_size": [8, 2]},
								"up": {"uv": [49.5, 31.5], "uv_size": [10, 9.5]},
								"down": {"uv": [26.5, 44], "uv_size": [10, -9.5]}
							}
						}
					]
				},
				{
					"name": "bone",
					"parent": "bone6",
					"pivot": [2.75, 0.75, 3.25],
					"rotation": [-15, 32.5, 0],
					"cubes": [
						{
							"origin": [1.75, 1.25, 2.25],
							"size": [2, 5, 2],
							"uv": {
								"north": {"uv": [29, 20], "uv_size": [2, 5]},
								"east": {"uv": [29, 20], "uv_size": [2, 5]},
								"south": {"uv": [31, 20], "uv_size": [2, 5]},
								"west": {"uv": [31, 20], "uv_size": [2, 5]},
								"up": {"uv": [29, 18], "uv_size": [2, 2]},
								"down": {"uv": [31, 20], "uv_size": [2, -2]}
							}
						},
						{
							"origin": [-0.25, 5.25, 0.25],
							"size": [6, 2, 6],
							"inflate": 0.25,
							"uv": {
								"north": {"uv": [53.5, 39], "uv_size": [6, 2]},
								"east": {"uv": [53.5, 31.5], "uv_size": [6, 2]},
								"south": {"uv": [50.5, 31.5], "uv_size": [6, 2]},
								"west": {"uv": [50.5, 39], "uv_size": [6, 2]},
								"up": {"uv": [49.5, 31.5], "uv_size": [10, 9.5]},
								"down": {"uv": [27.5, 47], "uv_size": [6, -6]}
							}
						}
					]
				}
			]
		}
	]
}