{
	"format_version": "1.12.0",
	"minecraft:geometry": [
		{
			"description": {
				"identifier": "geometry.carmesigolem",
				"texture_width": 16,
				"texture_height": 16,
				"visible_bounds_width": 3,
				"visible_bounds_height": 4.5,
				"visible_bounds_offset": [0, 1.75, 0]
			},
			"bones": [
				{
					"name": "bone",
					"pivot": [0, 0, 0]
				},
				{
					"name": "leg1",
					"parent": "bone",
					"pivot": [-5, 13, 0],
					"cubes": [
						{
							"origin": [-7.5, 0, -3],
							"size": [6, 16, 5],
							"uv": {
								"north": {"uv": [8.125, 9.25], "uv_size": [0.75, 2]},
								"east": {"uv": [7.5, 9.25], "uv_size": [0.625, 2]},
								"south": {"uv": [9.5, 9.25], "uv_size": [0.75, 2]},
								"west": {"uv": [8.875, 9.25], "uv_size": [0.625, 2]},
								"up": {"uv": [8.125, 8.625], "uv_size": [0.75, 0.625]},
								"down": {"uv": [8.875, 9.25], "uv_size": [0.75, -0.625]}
							}
						},
						{
							"origin": [-7.5, 0, -3],
							"size": [6, 16, 5],
							"inflate": 0.5,
							"uv": {
								"north": {"uv": [13.875, 2], "uv_size": [0.75, 2]},
								"east": {"uv": [13.25, 2], "uv_size": [0.625, 2]},
								"south": {"uv": [15.25, 2], "uv_size": [0.75, 2]},
								"west": {"uv": [14.625, 2], "uv_size": [0.625, 2]},
								"up": {"uv": [13.875, 1.375], "uv_size": [0.75, 0.625]},
								"down": {"uv": [14.75, 5.75], "uv_size": [0.75, -0.625]}
							}
						}
					]
				},
				{
					"name": "leg0",
					"parent": "bone",
					"pivot": [4, 13, 0],
					"cubes": [
						{
							"origin": [1.5, 0, -3],
							"size": [6, 16, 5],
							"uv": {
								"north": {"uv": [5, 10.25], "uv_size": [0.75, 2]},
								"east": {"uv": [4.375, 10.25], "uv_size": [0.625, 2]},
								"south": {"uv": [6.375, 10.25], "uv_size": [0.75, 2]},
								"west": {"uv": [5.75, 10.25], "uv_size": [0.625, 2]},
								"up": {"uv": [5, 9.625], "uv_size": [0.75, 0.625]},
								"down": {"uv": [5.75, 10.25], "uv_size": [0.75, -0.625]}
							}
						},
						{
							"origin": [1.5, 0, -3],
							"size": [6, 16, 5],
							"inflate": 0.5,
							"uv": {
								"north": {"uv": [12.75, 2], "uv_size": [0.75, 2]},
								"east": {"uv": [12.125, 2], "uv_size": [0.625, 2]},
								"south": {"uv": [14.125, 2], "uv_size": [0.75, 2]},
								"west": {"uv": [13.5, 2], "uv_size": [0.625, 2]},
								"up": {"uv": [12.75, 1.375], "uv_size": [0.75, 0.625]},
								"down": {"uv": [11.625, 7], "uv_size": [0.75, -0.625]}
							}
						}
					]
				},
				{
					"name": "arm1",
					"parent": "bone",
					"pivot": [0, 31, 0],
					"cubes": [
						{
							"origin": [-13, 8.5, -3],
							"size": [4, 25, 6],
							"uv": {
								"north": {"uv": [8, 0.75], "uv_size": [0.5, 3.125]},
								"east": {"uv": [7.25, 0.75], "uv_size": [0.75, 3.125]},
								"south": {"uv": [9.25, 0.75], "uv_size": [0.5, 3.125]},
								"west": {"uv": [8.5, 0.75], "uv_size": [0.75, 3.125]},
								"up": {"uv": [8, 0], "uv_size": [0.5, 0.75]},
								"down": {"uv": [8.5, 0.75], "uv_size": [0.5, -0.75]}
							}
						},
						{
							"origin": [-13, 8.5, -3],
							"size": [4, 25, 6],
							"inflate": 0.5,
							"uv": {
								"north": {"uv": [13.25, 1.625], "uv_size": [0.5, 3.125]},
								"east": {"uv": [12.5, 1.625], "uv_size": [0.75, 3.125]},
								"south": {"uv": [14.5, 1.625], "uv_size": [0.5, 3.125]},
								"west": {"uv": [13.75, 1.625], "uv_size": [0.75, 3.125]},
								"up": {"uv": [13.25, 0.875], "uv_size": [0.5, 0.75]},
								"down": {"uv": [13.875, 8.25], "uv_size": [0.5, -0.75]}
							}
						}
					]
				},
				{
					"name": "bone10",
					"parent": "arm1",
					"pivot": [-11.8, 30.25, -3.05],
					"rotation": [0, -30, 0]
				},
				{
					"name": "bone3",
					"parent": "arm1",
					"pivot": [-11, 35, 1]
				},
				{
					"name": "bone9",
					"parent": "arm1",
					"pivot": [-15, 25, 1],
					"rotation": [0, 0, -62.5]
				},
				{
					"name": "arm0",
					"parent": "bone",
					"pivot": [0, 31, 0],
					"cubes": [
						{
							"origin": [9, 7.5, -3],
							"size": [4, 26, 6],
							"uv": {
								"north": {"uv": [3.25, 6.5], "uv_size": [0.5, 3.25]},
								"east": {"uv": [2.5, 6.5], "uv_size": [0.75, 3.25]},
								"south": {"uv": [4.5, 6.5], "uv_size": [0.5, 3.25]},
								"west": {"uv": [3.75, 6.5], "uv_size": [0.75, 3.25]},
								"up": {"uv": [3.25, 5.75], "uv_size": [0.5, 0.75]},
								"down": {"uv": [3.75, 6.5], "uv_size": [0.5, -0.75]}
							}
						},
						{
							"origin": [9, 7.5, -3],
							"size": [4, 26, 6],
							"inflate": 0.5,
							"uv": {
								"north": {"uv": [13.375, 1.75], "uv_size": [0.5, 3.25]},
								"east": {"uv": [12.625, 1.75], "uv_size": [0.75, 3.25]},
								"south": {"uv": [14.625, 1.75], "uv_size": [0.5, 3.25]},
								"west": {"uv": [13.875, 1.75], "uv_size": [0.75, 3.25]},
								"up": {"uv": [13.375, 1], "uv_size": [0.5, 0.75]},
								"down": {"uv": [14, 8.375], "uv_size": [0.5, -0.75]}
							}
						}
					]
				},
				{
					"name": "bone2",
					"parent": "arm0",
					"pivot": [16.4, 28.3, -8],
					"rotation": [0, 0, 52.5]
				},
				{
					"name": "bone8",
					"parent": "arm0",
					"pivot": [17.4, 19.3, -2],
					"rotation": [0, -27.5, 52.5]
				},
				{
					"name": "bone5",
					"parent": "arm0",
					"pivot": [12, 19, -6]
				},
				{
					"name": "head",
					"parent": "bone",
					"pivot": [0, 31, -2],
					"cubes": [
						{
							"origin": [-4, 33, -7.5],
							"size": [8, 10, 8],
							"uv": {
								"north": {"uv": [8.5, 7.375], "uv_size": [1, 1.25]},
								"east": {"uv": [7.5, 7.375], "uv_size": [1, 1.25]},
								"south": {"uv": [10.5, 7.375], "uv_size": [1, 1.25]},
								"west": {"uv": [9.5, 7.375], "uv_size": [1, 1.25]},
								"up": {"uv": [8.5, 6.375], "uv_size": [1, 1]},
								"down": {"uv": [9.5, 7.375], "uv_size": [1, -1]}
							}
						},
						{
							"origin": [-11, 33, -4.5],
							"size": [0, 13, 8],
							"pivot": [-11, 39.5, -0.5],
							"rotation": [0, -45, 0],
							"uv": {
								"north": {"uv": [13.25, 10.125], "uv_size": [0, 2]},
								"east": {"uv": [3, 14], "uv_size": [1.25, 2]},
								"south": {"uv": [15.25, 10.125], "uv_size": [0, 2]},
								"west": {"uv": [8.375, 13.625], "uv_size": [2, 2]},
								"up": {"uv": [13.25, 9.125], "uv_size": [0, 2]},
								"down": {"uv": [14.25, 11.125], "uv_size": [0, -2]}
							}
						},
						{
							"origin": [-11, 33, -4.5],
							"size": [0, 13, 8],
							"pivot": [-11, 39.5, -0.5],
							"rotation": [0, 45, 0],
							"uv": {
								"north": {"uv": [13.25, 10.125], "uv_size": [0, 2]},
								"east": {"uv": [3, 14], "uv_size": [1.25, 2]},
								"south": {"uv": [15.25, 10.125], "uv_size": [0, 2]},
								"west": {"uv": [8.875, 12.625], "uv_size": [2, 2]},
								"up": {"uv": [13.25, 9.125], "uv_size": [0, 2]},
								"down": {"uv": [14.25, 11.125], "uv_size": [0, -2]}
							}
						},
						{
							"origin": [10, 31, -5.5],
							"size": [0, 13, 10],
							"pivot": [10, 37.5, -0.5],
							"rotation": [0, -45, 0],
							"uv": {
								"north": {"uv": [13.25, 10.125], "uv_size": [0, 2]},
								"east": {"uv": [3, 14], "uv_size": [1.25, 2]},
								"south": {"uv": [15.25, 10.125], "uv_size": [0, 2]},
								"west": {"uv": [7.875, 13.5], "uv_size": [2, 2]},
								"up": {"uv": [13.25, 9.125], "uv_size": [0, 2]},
								"down": {"uv": [14.25, 11.125], "uv_size": [0, -2]}
							}
						},
						{
							"origin": [10, 31, -5.5],
							"size": [0, 13, 10],
							"pivot": [10, 37.5, -0.5],
							"rotation": [0, -135, 0],
							"uv": {
								"north": {"uv": [13.25, 10.125], "uv_size": [0, 2]},
								"east": {"uv": [3, 14], "uv_size": [1.25, 2]},
								"south": {"uv": [15.25, 10.125], "uv_size": [0, 2]},
								"west": {"uv": [7.125, 13.125], "uv_size": [2, 2]},
								"up": {"uv": [13.25, 9.125], "uv_size": [0, 2]},
								"down": {"uv": [14.25, 11.125], "uv_size": [0, -2]}
							}
						},
						{
							"origin": [-8, 26, -5.5],
							"size": [0, 13, 10],
							"pivot": [-8, 32.5, -0.5],
							"rotation": [0, -45, 0],
							"uv": {
								"north": {"uv": [13.25, 10.125], "uv_size": [0, 2]},
								"east": {"uv": [0.25, 14], "uv_size": [1.625, 2]},
								"south": {"uv": [15.25, 10.125], "uv_size": [0, 2]},
								"west": {"uv": [8.125, 13.75], "uv_size": [2, 2]},
								"up": {"uv": [13.25, 9.125], "uv_size": [0, 2]},
								"down": {"uv": [14.25, 11.125], "uv_size": [0, -2]}
							}
						},
						{
							"origin": [-8, 26, -5.5],
							"size": [0, 13, 10],
							"pivot": [-8, 32.5, -0.5],
							"rotation": [0, -135, 0],
							"uv": {
								"north": {"uv": [13.25, 10.125], "uv_size": [0, 2]},
								"east": {"uv": [0.25, 14], "uv_size": [1.625, 2]},
								"south": {"uv": [15.25, 10.125], "uv_size": [0, 2]},
								"west": {"uv": [8, 13.5], "uv_size": [2, 2]},
								"up": {"uv": [13.25, 9.125], "uv_size": [0, 2]},
								"down": {"uv": [14.25, 11.125], "uv_size": [0, -2]}
							}
						},
						{
							"origin": [0, 39, -8.5],
							"size": [0, 13, 10],
							"pivot": [0, 45.5, -3.5],
							"rotation": [0, -45, 0],
							"uv": {
								"north": {"uv": [13.25, 10.125], "uv_size": [0, 2]},
								"east": {"uv": [0.25, 14], "uv_size": [1.625, 2]},
								"south": {"uv": [15.25, 10.125], "uv_size": [0, 2]},
								"west": {"uv": [8.25, 13.625], "uv_size": [2, 2]},
								"up": {"uv": [13.25, 9.125], "uv_size": [0, 2]},
								"down": {"uv": [14.25, 11.125], "uv_size": [0, -2]}
							}
						},
						{
							"origin": [0, 39, -8.5],
							"size": [0, 13, 10],
							"pivot": [0, 45.5, -3.5],
							"rotation": [0, -135, 0],
							"uv": {
								"north": {"uv": [13.25, 10.125], "uv_size": [0, 2]},
								"east": {"uv": [0.25, 14], "uv_size": [1.625, 2]},
								"south": {"uv": [15.25, 10.125], "uv_size": [0, 2]},
								"west": {"uv": [8.5, 14], "uv_size": [2, 2]},
								"up": {"uv": [13.25, 9.125], "uv_size": [0, 2]},
								"down": {"uv": [14.25, 11.125], "uv_size": [0, -2]}
							}
						},
						{
							"origin": [5, 30, -3.5],
							"size": [0, 13, 10],
							"pivot": [5, 36.5, 1.5],
							"rotation": [0, -135, 0],
							"uv": {
								"north": {"uv": [13.25, 10.125], "uv_size": [0, 2]},
								"east": {"uv": [0.25, 14], "uv_size": [1.625, 2]},
								"south": {"uv": [15.25, 10.125], "uv_size": [0, 2]},
								"west": {"uv": [7.875, 13.5], "uv_size": [2, 2]},
								"up": {"uv": [13.25, 9.125], "uv_size": [0, 2]},
								"down": {"uv": [14.25, 11.125], "uv_size": [0, -2]}
							}
						},
						{
							"origin": [5, 30, -3.5],
							"size": [0, 13, 10],
							"pivot": [5, 36.5, 1.5],
							"rotation": [0, -45, 0],
							"uv": {
								"north": {"uv": [13.25, 10.125], "uv_size": [0, 2]},
								"east": {"uv": [0.25, 14], "uv_size": [1.625, 2]},
								"south": {"uv": [15.25, 10.125], "uv_size": [0, 2]},
								"west": {"uv": [7.375, 13.625], "uv_size": [2, 2]},
								"up": {"uv": [13.25, 9.125], "uv_size": [0, 2]},
								"down": {"uv": [14.25, 11.125], "uv_size": [0, -2]}
							}
						},
						{
							"origin": [-4, 33, -7.5],
							"size": [8, 10, 8],
							"inflate": 0.5,
							"uv": {
								"north": {"uv": [13, 2.125], "uv_size": [1, 1.25]},
								"east": {"uv": [12, 2.125], "uv_size": [1, 1.25]},
								"south": {"uv": [15, 2.125], "uv_size": [1, 1.25]},
								"west": {"uv": [14, 2.125], "uv_size": [1, 1.25]},
								"up": {"uv": [13, 1.125], "uv_size": [1, 1]},
								"down": {"uv": [13.5, 6.625], "uv_size": [1, -1]}
							}
						},
						{
							"origin": [-1, 32, -9.5],
							"size": [2, 4, 2],
							"uv": {
								"north": {"uv": [0.25, 0.25], "uv_size": [0.25, 0.5]},
								"east": {"uv": [0, 0.25], "uv_size": [0.25, 0.5]},
								"south": {"uv": [0.75, 0.25], "uv_size": [0.25, 0.5]},
								"west": {"uv": [0.5, 0.25], "uv_size": [0.25, 0.5]},
								"up": {"uv": [0.25, 0], "uv_size": [0.25, 0.25]},
								"down": {"uv": [0.5, 0.25], "uv_size": [0.25, -0.25]}
							}
						}
					]
				},
				{
					"name": "bone7",
					"parent": "head",
					"pivot": [4.5, 42.25, -7.75]
				},
				{
					"name": "bone4",
					"parent": "head",
					"pivot": [0, 45, -9]
				},
				{
					"name": "body",
					"parent": "bone",
					"pivot": [0, 31, 0],
					"cubes": [
						{
							"origin": [-9, 21, -6],
							"size": [18, 12, 11],
							"uv": {
								"north": {"uv": [1.375, 4.25], "uv_size": [2.25, 1.5]},
								"east": {"uv": [0, 4.25], "uv_size": [1.375, 1.5]},
								"south": {"uv": [5, 4.25], "uv_size": [2.25, 1.5]},
								"west": {"uv": [3.625, 4.25], "uv_size": [1.375, 1.5]},
								"up": {"uv": [1.375, 2.875], "uv_size": [2.25, 1.375]},
								"down": {"uv": [3.625, 4.25], "uv_size": [2.25, -1.375]}
							}
						},
						{
							"origin": [-9, 21, -6],
							"size": [18, 12, 11],
							"inflate": 0.5,
							"uv": {
								"north": {"uv": [13.125, 2], "uv_size": [2.25, 1.5]},
								"east": {"uv": [14.625, 2], "uv_size": [1.375, 1.5]},
								"south": {"uv": [13.75, 2], "uv_size": [2.25, 1.5]},
								"west": {"uv": [12.375, 2], "uv_size": [1.375, 1.5]},
								"up": {"uv": [13.125, 0.75], "uv_size": [2.25, 1.375]},
								"down": {"uv": [13.25, 6], "uv_size": [2.25, -1.375]}
							}
						},
						{
							"origin": [-7, 25, -15.8],
							"size": [15, 17, 0],
							"pivot": [1, 29, -11],
							"rotation": [180, 0, 0],
							"uv": {
								"north": {"uv": [11.75, 14], "uv_size": [1.75, 2]},
								"east": {"uv": [14.5, 6.5], "uv_size": [1.375, 1.5]},
								"south": {"uv": [13.625, 6.5], "uv_size": [2.25, 1.5]},
								"west": {"uv": [12.25, 6.5], "uv_size": [1.375, 1.5]},
								"up": {"uv": [13, 5.25], "uv_size": [2.25, 1.375]},
								"down": {"uv": [13.125, 10.5], "uv_size": [2.25, -1.375]}
							}
						},
						{
							"origin": [-3, 42, -15.8],
							"size": [11, 17, 0],
							"pivot": [1, 29, -11],
							"rotation": [180, 0, 0],
							"uv": {
								"north": {"uv": [14.5, 16], "uv_size": [1.25, -2]},
								"east": {"uv": [14.5, 6.5], "uv_size": [1.375, 1.5]},
								"south": {"uv": [13.625, 6.5], "uv_size": [2.25, 1.5]},
								"west": {"uv": [12.25, 6.5], "uv_size": [1.375, 1.5]},
								"up": {"uv": [13, 5.25], "uv_size": [2.25, 1.375]},
								"down": {"uv": [13.125, 10.5], "uv_size": [2.25, -1.375]}
							}
						},
						{
							"origin": [-10, 42, -27.4],
							"size": [11, 17, 0],
							"pivot": [1, 29, -11],
							"rotation": [180, 0, 0],
							"uv": {
								"north": {"uv": [15.75, 16], "uv_size": [-1.25, -2]},
								"east": {"uv": [14.5, 6.5], "uv_size": [1.375, 1.5]},
								"south": {"uv": [15.875, 6.5], "uv_size": [-2.25, 1.5]},
								"west": {"uv": [12.25, 6.5], "uv_size": [1.375, 1.5]},
								"up": {"uv": [13, 5.25], "uv_size": [2.25, 1.375]},
								"down": {"uv": [13.125, 10.5], "uv_size": [2.25, -1.375]}
							}
						},
						{
							"origin": [-10, 25, -27.4],
							"size": [15, 17, 0],
							"pivot": [1, 29, -11],
							"rotation": [180, 0, 0],
							"uv": {
								"north": {"uv": [13.5, 14], "uv_size": [-1.75, 2]},
								"east": {"uv": [14.5, 6.5], "uv_size": [1.375, 1.5]},
								"south": {"uv": [15.875, 6.5], "uv_size": [-2.25, 1.5]},
								"west": {"uv": [12.25, 6.5], "uv_size": [1.375, 1.5]},
								"up": {"uv": [13, 5.25], "uv_size": [2.25, 1.375]},
								"down": {"uv": [13.125, 10.5], "uv_size": [2.25, -1.375]}
							}
						},
						{
							"origin": [-5.5, 16, -4],
							"size": [11, 5, 8],
							"uv": {
								"north": {"uv": [7.75, 5.75], "uv_size": [1.375, 0.625]},
								"east": {"uv": [6.75, 5.75], "uv_size": [1, 0.625]},
								"south": {"uv": [10.125, 5.75], "uv_size": [1.375, 0.625]},
								"west": {"uv": [9.125, 5.75], "uv_size": [1, 0.625]},
								"up": {"uv": [7.75, 4.75], "uv_size": [1.375, 1]},
								"down": {"uv": [9.125, 5.75], "uv_size": [1.375, -1]}
							}
						}
					]
				}
			]
		}
	]
}