{
	"format_version": "1.12.0",
	"minecraft:geometry": [
		{
			"description": {
				"identifier": "geometry.hongocarmesi",
				"texture_width": 32,
				"texture_height": 32,
				"visible_bounds_width": 2,
				"visible_bounds_height": 2.5,
				"visible_bounds_offset": [
					0,
					0.75,
					0
				]
			},
			"bones": [
				{
					"name": "bone2",
					"pivot": [
						2.53,
						5.6,
						-0.5
					]
				},
				{
					"name": "bone",
					"parent": "bone2",
					"pivot": [
						0,
						0,
						0
					],
					"cubes": [
						{
							"origin": [
								-1.1,
								2.275,
								-1.275
							],
							"size": [
								1,
								1.5,
								1
							],
							"inflate": -0.2,
							"uv": [
								0,
								21
							]
						},
						{
							"origin": [
								-1,
								0.875,
								-1
							],
							"size": [
								2,
								6,
								2
							],
							"uv": [
								0,
								0
							]
						},
						{
							"origin": [
								0.1,
								2.275,
								-1.275
							],
							"size": [
								1,
								1.5,
								1
							],
							"inflate": -0.2,
							"uv": [
								21,
								12
							]
						}
					]
				},
				{
					"name": "bone3",
					"parent": "bone",
					"pivot": [
						0,
						0,
						0
					],
					"cubes": [
						{
							"origin": [
								-1.58,
								7.55,
								-1.6
							],
							"size": [
								3.2,
								2,
								3.2
							],
							"uv": [
								15,
								18
							]
						},
						{
							"origin": [
								-3.03,
								4.05,
								-3
							],
							"size": [
								6,
								2,
								6
							],
							"uv": [
								0,
								10
							]
						},
						{
							"origin": [
								-4.03,
								4.55,
								-4
							],
							"size": [
								8,
								2,
								8
							],
							"uv": [
								0,
								0
							]
						},
						{
							"origin": [
								-2.43,
								5.05,
								-2.5
							],
							"size": [
								5,
								4,
								5
							],
							"uv": [
								0,
								18
							]
						}
					]
				},
				{
					"name": "leftArm",
					"parent": "bone2",
					"pivot": [
						0,
						3.05,
						-0.26875
					],
					"cubes": [
						{
							"origin": [
								0.825,
								1.15,
								-0.5
							],
							"size": [
								1,
								2.5,
								1
							],
							"inflate": -0.1,
							"uv": [
								18,
								13
							]
						},
						{
							"origin": [
								0.825,
								1.15,
								-0.5
							],
							"size": [
								1,
								2.5,
								1
							],
							"inflate": -0.1,
							"uv": [
								18,
								10
							]
						}
					]
				},
				{
					"name": "rightArm",
					"parent": "bone2",
					"pivot": [
						0.475,
						0.225,
						0
					],
					"cubes": [
						{
							"origin": [
								-1.825,
								5.95,
								-0.5
							],
							"size": [
								1,
								2.5,
								1
							],
							"inflate": -0.1,
							"pivot": [
								0,
								4.8,
								0
							],
							"rotation": [
								180,
								0,
								0
							],
							"uv": [
								0,
								18
							]
						}
					]
				},
				{
					"name": "rightLeg",
					"parent": "bone2",
					"pivot": [
						1.3,
						-1.575,
						0
					],
					"cubes": [
						{
							"origin": [
								-1,
								-0.075,
								-0.5
							],
							"size": [
								1,
								2,
								1
							],
							"inflate": -0.1,
							"uv": [
								0,
								13
							]
						}
					]
				},
				{
					"name": "leftLeg",
					"parent": "bone2",
					"pivot": [
						2.53,
						5.6,
						-0.5
					],
					"cubes": [
						{
							"origin": [
								0,
								-0.075,
								-0.5
							],
							"size": [
								1,
								2,
								1
							],
							"inflate": -0.1,
							"uv": [
								0,
								10
							]
						}
					]
				}
			]
		}
	]
}