{
	"format_version": "1.10.0",
	"geometry.patitascrismon": {
		"texturewidth": 64,
		"textureheight": 64,
		"visible_bounds_width": 2,
		"visible_bounds_height": 2,
		"visible_bounds_offset": [
			0,
			1,
			0
		],
		"bones": [
			{
				"name": "tapatwitchtube",
				"pivot": [
					0,
					9,
					0
				]
			},
			{
				"name": "particulas",
				"parent": "tapatwitchtube",
				"pivot": [
					7.2172,
					16.11429,
					0.25635
				],
				"rotation": [
					-90,
					0,
					-42.5
				],
				"cubes": [
					{
						"origin": [
							7.2172,
							14.9,
							-0.31508
						],
						"size": [
							1,
							1,
							1
						],
						"uv": [
							60,
							0
						],
						"inflate": -0.25
					},
					{
						"origin": [
							6.9672,
							16.15,
							0.43492
						],
						"size": [
							1,
							1,
							1
						],
						"uv": [
							60,
							0
						],
						"inflate": -0.25
					},
					{
						"origin": [
							7.9672,
							17.15,
							-0.56508
						],
						"size": [
							1,
							1,
							1
						],
						"uv": [
							60,
							0
						],
						"inflate": -0.25
					},
					{
						"origin": [
							5.9672,
							15.15,
							-0.56508
						],
						"size": [
							1,
							1,
							1
						],
						"uv": [
							60,
							0
						],
						"inflate": -0.25
					},
					{
						"origin": [
							5.9672,
							14.15,
							0.43492
						],
						"size": [
							1,
							1,
							1
						],
						"uv": [
							60,
							0
						],
						"inflate": -0.25
					},
					{
						"origin": [
							6.9672,
							14.15,
							-1.56508
						],
						"size": [
							1,
							1,
							1
						],
						"uv": [
							60,
							0
						],
						"inflate": -0.25
					},
					{
						"origin": [
							5.9672,
							17.65,
							0.43492
						],
						"size": [
							1,
							1,
							1
						],
						"uv": [
							60,
							0
						],
						"inflate": -0.25
					}
				]
			},
			{
				"name": "hongoP",
				"parent": "tapatwitchtube",
				"pivot": [
					-3.99423,
					11.86539,
					0.6
				],
				"cubes": [
					{
						"origin": [
							-4.49423,
							8.71539,
							0.1
						],
						"size": [
							1,
							4,
							1
						],
						"uv": [
							56,
							59
						],
						"inflate": -0.2
					},
					{
						"origin": [
							-5.49423,
							11.46539,
							-0.9
						],
						"size": [
							3,
							2,
							3
						],
						"uv": [
							52,
							29
						],
						"inflate": -0.3
					},
					{
						"origin": [
							-6.49423,
							10.71539,
							-1.9
						],
						"size": [
							5,
							2,
							5
						],
						"uv": [
							0,
							41
						],
						"inflate": -0.6
					},
					{
						"origin": [
							-5.49423,
							10.96539,
							-0.9
						],
						"size": [
							3,
							1,
							3
						],
						"uv": [
							52,
							24
						],
						"inflate": -0.2
					},
					{
						"origin": [
							-4.49423,
							12.46539,
							0.1
						],
						"size": [
							1,
							1,
							1
						],
						"uv": [
							0,
							34
						]
					}
				]
			},
			{
				"name": "HongoG",
				"parent": "tapatwitchtube",
				"pivot": [
					3.39373,
					13.18391,
					-0.1
				],
				"rotation": [
					0,
					0,
					10
				],
				"cubes": [
					{
						"origin": [
							2.86373,
							9.38391,
							-0.6
						],
						"size": [
							1,
							4,
							1
						],
						"uv": [
							60,
							59
						]
					},
					{
						"origin": [
							1.46373,
							12.63391,
							-2.1
						],
						"size": [
							4,
							3,
							4
						],
						"uv": [
							48,
							45
						]
					},
					{
						"origin": [
							-0.13627,
							12.13391,
							-3.6
						],
						"size": [
							7,
							1,
							7
						],
						"uv": [
							0,
							56
						]
					},
					{
						"origin": [
							0.86373,
							11.63391,
							-2.6
						],
						"size": [
							5,
							1,
							5
						],
						"uv": [
							0,
							49
						]
					},
					{
						"origin": [
							2.31373,
							15.13391,
							-1.2
						],
						"size": [
							2.2,
							1,
							2.2
						],
						"uv": [
							56,
							40
						]
					}
				]
			},
			{
				"name": "tapa",
				"parent": "tapatwitchtube",
				"pivot": [
					0,
					6,
					0
				],
				"cubes": [
					{
						"origin": [
							-7.5,
							8,
							-3.5
						],
						"size": [
							15,
							2,
							7
						],
						"uv": [
							0,
							0
						]
					}
				]
			},
			{
				"name": "cuerpo",
				"pivot": [
					0,
					0,
					0
				],
				"cubes": [
					{
						"origin": [
							-7.5,
							3,
							-3.5
						],
						"size": [
							15,
							5,
							7
						],
						"uv": [
							0,
							9
						]
					},
					{
						"origin": [
							-0.5,
							7,
							-4
						],
						"size": [
							1,
							2,
							1
						],
						"uv": [
							0,
							9
						]
					}
				]
			},
			{
				"name": "patas1",
				"pivot": [
					0,
					3,
					0
				],
				"cubes": [
					{
						"origin": [
							-6.5,
							0,
							-2
						],
						"size": [
							1,
							4,
							1
						],
						"uv": [
							3,
							0
						]
					},
					{
						"origin": [
							-3.5,
							0,
							1
						],
						"size": [
							1,
							4,
							1
						],
						"uv": [
							3,
							0
						]
					},
					{
						"origin": [
							2.5,
							0,
							1
						],
						"size": [
							1,
							4,
							1
						],
						"uv": [
							3,
							0
						]
					},
					{
						"origin": [
							5.5,
							0,
							-2
						],
						"size": [
							1,
							4,
							1
						],
						"uv": [
							3,
							0
						]
					},
					{
						"origin": [
							-0.5,
							0,
							-2
						],
						"size": [
							1,
							4,
							1
						],
						"uv": [
							3,
							0
						]
					}
				]
			},
			{
				"name": "patas2",
				"pivot": [
					0,
					3,
					0
				],
				"cubes": [
					{
						"origin": [
							-6.5,
							0,
							1
						],
						"size": [
							1,
							4,
							1
						],
						"uv": [
							3,
							0
						]
					},
					{
						"origin": [
							-3.5,
							0,
							-2
						],
						"size": [
							1,
							4,
							1
						],
						"uv": [
							3,
							0
						]
					},
					{
						"origin": [
							2.5,
							0,
							-2
						],
						"size": [
							1,
							4,
							1
						],
						"uv": [
							3,
							0
						]
					},
					{
						"origin": [
							5.5,
							0,
							1
						],
						"size": [
							1,
							4,
							1
						],
						"uv": [
							3,
							0
						]
					},
					{
						"origin": [
							-0.5,
							0,
							1
						],
						"size": [
							1,
							4,
							1
						],
						"uv": [
							3,
							0
						]
					}
				]
			}
		]
	}
}