{
	"format_version": "1.10.0",
	"geometry.patitastwisted": {
		"texturewidth": 64,
		"textureheight": 64,
		"visible_bounds_width": 3,
		"visible_bounds_height": 2,
		"visible_bounds_offset": [
			0,
			1,
			0
		],
		"bones": [
			{
				"name": "body",
				"pivot": [
					0,
					0,
					0
				]
			},
			{
				"name": "bone2",
				"parent": "body",
				"pivot": [
					0,
					0,
					0
				],
				"cubes": [
					{
						"origin": [
							-7.5,
							3,
							-3.5
						],
						"size": [
							15,
							5,
							7
						],
						"uv": [
							0,
							9
						]
					},
					{
						"origin": [
							-0.5,
							7,
							-4
						],
						"size": [
							1,
							2,
							1
						],
						"uv": [
							0,
							9
						]
					}
				]
			},
			{
				"name": "bone",
				"parent": "body",
				"pivot": [
					0,
					9,
					0
				],
				"cubes": [
					{
						"origin": [
							-7.5,
							8,
							-3.5
						],
						"size": [
							15,
							2,
							7
						],
						"uv": [
							0,
							0
						]
					}
				]
			},
			{
				"name": "hongogrande",
				"parent": "bone",
				"pivot": [
					0.9125,
					12.26875,
					0.90625
				],
				"rotation": [
					-8,
					0,
					0
				],
				"cubes": [
					{
						"origin": [
							0.4,
							9.3,
							0.4
						],
						"size": [
							1,
							4,
							1
						],
						"uv": [
							60,
							57
						]
					},
					{
						"origin": [
							-2.2,
							12.55,
							-2.1
						],
						"size": [
							6.2,
							1.5,
							6
						],
						"uv": [
							40,
							57
						]
					},
					{
						"origin": [
							-1.6,
							11.55,
							-1.6
						],
						"size": [
							5,
							1,
							5
						],
						"uv": [
							44,
							50
						]
					},
					{
						"origin": [
							-2.7,
							11.8,
							-2.6
						],
						"size": [
							7.3,
							1.25,
							7.05
						],
						"uv": [
							36,
							40
						]
					}
				]
			},
			{
				"name": "hongomediano",
				"parent": "bone",
				"pivot": [
					-5.8,
					12.29375,
					-1.6
				],
				"rotation": [
					0,
					0,
					-5
				],
				"cubes": [
					{
						"origin": [
							-6.3,
							9.6,
							-2.1
						],
						"size": [
							1,
							4,
							1
						],
						"uv": [
							60,
							57
						]
					},
					{
						"origin": [
							-7.3,
							12.35,
							-3.1
						],
						"size": [
							3,
							1.5,
							3
						],
						"uv": [
							0,
							60
						]
					},
					{
						"origin": [
							-8.3,
							11.6,
							-4.1
						],
						"size": [
							5,
							1.75,
							5
						],
						"uv": [
							0,
							48
						]
					},
					{
						"origin": [
							-7.3,
							11.5,
							-3.1
						],
						"size": [
							3,
							1,
							3
						],
						"uv": [
							0,
							55
						]
					}
				]
			},
			{
				"name": "hongopequeo",
				"parent": "bone",
				"pivot": [
					7.2,
					11.58125,
					-0.9
				],
				"rotation": [
					0,
					0,
					17.5
				],
				"cubes": [
					{
						"origin": [
							6.7,
							8.8,
							-1.4
						],
						"size": [
							1,
							4,
							1
						],
						"uv": [
							60,
							57
						],
						"inflate": -0.2
					},
					{
						"origin": [
							5.7,
							11.55,
							-2.4
						],
						"size": [
							3,
							1.5,
							3
						],
						"uv": [
							0,
							27
						],
						"inflate": -0.3
					},
					{
						"origin": [
							4.7,
							10.8,
							-3.4
						],
						"size": [
							5,
							1.75,
							5
						],
						"uv": [
							0,
							33
						],
						"inflate": -0.6
					},
					{
						"origin": [
							5.7,
							11.05,
							-2.4
						],
						"size": [
							3,
							1,
							3
						],
						"uv": [
							0,
							22
						],
						"inflate": -0.2
					}
				]
			},
			{
				"name": "patas1",
				"pivot": [
					0,
					3,
					0
				],
				"cubes": [
					{
						"origin": [
							-6.5,
							0,
							-2
						],
						"size": [
							1,
							4,
							1
						],
						"uv": [
							3,
							0
						]
					},
					{
						"origin": [
							-3.5,
							0,
							1
						],
						"size": [
							1,
							4,
							1
						],
						"uv": [
							3,
							0
						]
					},
					{
						"origin": [
							2.5,
							0,
							1
						],
						"size": [
							1,
							4,
							1
						],
						"uv": [
							3,
							0
						]
					},
					{
						"origin": [
							5.5,
							0,
							-2
						],
						"size": [
							1,
							4,
							1
						],
						"uv": [
							3,
							0
						]
					},
					{
						"origin": [
							-0.5,
							0,
							-2
						],
						"size": [
							1,
							4,
							1
						],
						"uv": [
							3,
							0
						]
					}
				]
			},
			{
				"name": "patas2",
				"pivot": [
					0,
					3,
					0
				],
				"cubes": [
					{
						"origin": [
							-6.5,
							0,
							1
						],
						"size": [
							1,
							4,
							1
						],
						"uv": [
							3,
							0
						]
					},
					{
						"origin": [
							-3.5,
							0,
							-2
						],
						"size": [
							1,
							4,
							1
						],
						"uv": [
							3,
							0
						]
					},
					{
						"origin": [
							2.5,
							0,
							-2
						],
						"size": [
							1,
							4,
							1
						],
						"uv": [
							3,
							0
						]
					},
					{
						"origin": [
							5.5,
							0,
							1
						],
						"size": [
							1,
							4,
							1
						],
						"uv": [
							3,
							0
						]
					},
					{
						"origin": [
							-0.5,
							0,
							1
						],
						"size": [
							1,
							4,
							1
						],
						"uv": [
							3,
							0
						]
					}
				]
			}
		]
	}
}