{
	"format_version": "1.10.0",
	"geometry.pig.v1.7": {
		"texturewidth": 64,
		"textureheight": 64,
		"visible_bounds_width": 3,
		"visible_bounds_height": 2,
		"visible_bounds_offset": [
			0,
			0,
			0
		],
		"bones": [
			{
				"name": "leg3",
				"pivot": [
					3,
					6,
					-5
				],
				"mirror": true,
				"cubes": [
					{
						"origin": [
							1,
							0,
							-7
						],
						"size": [
							4,
							6,
							4
						],
						"uv": [
							0,
							46
						],
						"mirror": false
					}
				]
			},
			{
				"name": "leg2",
				"pivot": [
					-3,
					6,
					-5
				],
				"cubes": [
					{
						"origin": [
							-5,
							0,
							-7
						],
						"size": [
							4,
							6,
							4
						],
						"uv": [
							32,
							32
						]
					}
				]
			},
			{
				"name": "leg1",
				"pivot": [
					3,
					6,
					7
				],
				"mirror": true,
				"cubes": [
					{
						"origin": [
							1,
							0,
							5
						],
						"size": [
							4,
							6,
							4
						],
						"uv": [
							20,
							40
						],
						"mirror": false
					}
				]
			},
			{
				"name": "leg0",
				"pivot": [
					-3,
					6,
					7
				],
				"cubes": [
					{
						"origin": [
							-5,
							0,
							5
						],
						"size": [
							4,
							6,
							4
						],
						"uv": [
							36,
							13
						]
					}
				]
			},
			{
				"name": "head",
				"pivot": [
					0,
					12,
					-6
				],
				"cubes": [
					{
						"origin": [
							-4,
							8,
							-14
						],
						"size": [
							8,
							8,
							8
						],
						"uv": [
							0,
							24
						]
					},
					{
						"origin": [
							-2,
							9,
							-15
						],
						"size": [
							4,
							3,
							1
						],
						"uv": [
							36,
							48
						]
					}
				],
				"locators": {
					"lead": [
						0,
						14,
						-6
					]
				}
			},
			{
				"name": "bone3",
				"parent": "head",
				"pivot": [
					-4,
					17,
					-13
				],
				"cubes": [
					{
						"origin": [
							-3,
							15,
							-13
						],
						"size": [
							1,
							4,
							1
						],
						"uv": [
							0,
							24
						]
					},
					{
						"origin": [
							-4,
							17.75,
							-14
						],
						"size": [
							3,
							1.5,
							3
						],
						"uv": [
							45,
							27
						]
					},
					{
						"origin": [
							-5,
							17,
							-15
						],
						"size": [
							5,
							1.75,
							5
						],
						"uv": [
							36,
							42
						]
					},
					{
						"origin": [
							-4,
							16.9,
							-14
						],
						"size": [
							3,
							1,
							3
						],
						"uv": [
							44,
							32
						]
					}
				]
			},
			{
				"name": "bone",
				"pivot": [
					0,
					0,
					16
				],
				"rotation": [
					90,
					0,
					0
				],
				"cubes": [
					{
						"origin": [
							-5,
							7,
							22
						],
						"size": [
							10,
							16,
							8
						],
						"uv": [
							0,
							0
						]
					}
				]
			},
			{
				"name": "bone2",
				"pivot": [
					3,
					9,
					9
				],
				"cubes": [
					{
						"origin": [
							-1,
							11,
							9
						],
						"size": [
							2,
							1,
							1
						],
						"uv": [
							24,
							24
						]
					},
					{
						"origin": [
							-1,
							7,
							9
						],
						"size": [
							3,
							1,
							1
						],
						"uv": [
							0,
							0
						]
					},
					{
						"origin": [
							-2,
							8,
							9
						],
						"size": [
							1,
							3,
							1
						],
						"uv": [
							4,
							24
						]
					},
					{
						"origin": [
							1,
							10,
							9
						],
						"size": [
							1,
							1,
							1
						],
						"uv": [
							24,
							28
						]
					},
					{
						"origin": [
							0,
							9,
							9
						],
						"size": [
							1,
							1,
							1
						],
						"uv": [
							28,
							0
						]
					}
				]
			},
			{
				"name": "bone4",
				"pivot": [
					0,
					16,
					1
				],
				"cubes": [
					{
						"origin": [
							-3,
							13,
							6
						],
						"size": [
							1,
							4,
							1
						],
						"uv": [
							4,
							2
						],
						"inflate": -0.2
					},
					{
						"origin": [
							-4,
							15.75,
							5
						],
						"size": [
							3,
							1.5,
							3
						],
						"uv": [
							46,
							0
						],
						"inflate": -0.3
					},
					{
						"origin": [
							-5,
							15,
							4
						],
						"size": [
							5,
							1.75,
							5
						],
						"uv": [
							36,
							7
						],
						"inflate": -0.6
					},
					{
						"origin": [
							-4,
							15.25,
							5
						],
						"size": [
							3,
							1,
							3
						],
						"uv": [
							45,
							23
						],
						"inflate": -0.2
					}
				]
			},
			{
				"name": "bone5",
				"pivot": [
					3,
					-1,
					-6
				],
				"cubes": [
					{
						"origin": [
							2,
							13,
							-1
						],
						"size": [
							1,
							4,
							1
						],
						"uv": [
							0,
							2
						]
					},
					{
						"origin": [
							-0.6,
							16.25,
							-3.5
						],
						"size": [
							6.2,
							1.5,
							6
						],
						"uv": [
							28,
							0
						]
					},
					{
						"origin": [
							0,
							15.25,
							-3
						],
						"size": [
							5,
							1,
							5
						],
						"uv": [
							0,
							40
						]
					},
					{
						"origin": [
							-1.1,
							15.5,
							-4
						],
						"size": [
							7.3,
							1.25,
							7.05
						],
						"uv": [
							24,
							24
						]
					}
				]
			},
			{
				"name": "bone7",
				"pivot": [
					5.5,
					12.25,
					7.25
				],
				"cubes": [
					{
						"origin": [
							4,
							14.25,
							8.75
						],
						"size": [
							1,
							1,
							1
						],
						"uv": [
							28,
							2
						],
						"inflate": -0.2
					},
					{
						"origin": [
							3,
							14.25,
							5.75
						],
						"size": [
							1,
							1,
							1
						],
						"uv": [
							24,
							26
						],
						"inflate": -0.2
					},
					{
						"origin": [
							4,
							11.75,
							9.75
						],
						"size": [
							1,
							1,
							1
						],
						"uv": [
							27,
							27
						],
						"inflate": -0.2
					},
					{
						"origin": [
							5,
							11.75,
							6.75
						],
						"size": [
							1,
							1,
							1
						],
						"uv": [
							3,
							28
						],
						"inflate": -0.2
					}
				]
			}
		]
	}
}