{
	"format_version": "1.12.0",
	"minecraft:geometry": [
		{
			"description": {
				"identifier": "geometry.warped_creeper",
				"texture_width": 16,
				"texture_height": 16,
				"visible_bounds_width": 3,
				"visible_bounds_height": 2.5,
				"visible_bounds_offset": [
					0,
					0.75,
					0
				]
			},
			"bones": [
				{
					"name": "bone2",
					"pivot": [
						0,
						0,
						0
					]
				},
				{
					"name": "leg3",
					"parent": "bone2",
					"pivot": [
						4,
						2.5,
						-6
					],
					"cubes": [
						{
							"origin": [
								2,
								0,
								-8
							],
							"size": [
								4,
								5,
								4
							],
							"pivot": [
								4,
								2.5,
								-6
							],
							"rotation": [
								0,
								0,
								-10
							],
							"uv": {
								"north": {
									"uv": [
										8,
										8
									],
									"uv_size": [
										1,
										1.25
									]
								},
								"east": {
									"uv": [
										8,
										8
									],
									"uv_size": [
										1,
										1.25
									]
								},
								"south": {
									"uv": [
										8,
										8
									],
									"uv_size": [
										1,
										1.25
									]
								},
								"west": {
									"uv": [
										8,
										8
									],
									"uv_size": [
										1,
										1.25
									]
								},
								"up": {
									"uv": [
										10,
										9
									],
									"uv_size": [
										-1,
										-1
									]
								},
								"down": {
									"uv": [
										9,
										10
									],
									"uv_size": [
										-1,
										-1
									]
								}
							}
						}
					]
				},
				{
					"name": "leg2",
					"parent": "bone2",
					"pivot": [
						-4,
						2.5,
						-6
					],
					"cubes": [
						{
							"origin": [
								-6,
								0,
								-8
							],
							"size": [
								4,
								5,
								4
							],
							"pivot": [
								-4,
								2.5,
								-6
							],
							"rotation": [
								0,
								0,
								10
							],
							"uv": {
								"north": {
									"uv": [
										8,
										8
									],
									"uv_size": [
										1,
										1.25
									]
								},
								"east": {
									"uv": [
										8,
										8
									],
									"uv_size": [
										1,
										1.25
									]
								},
								"south": {
									"uv": [
										8,
										8
									],
									"uv_size": [
										1,
										1.25
									]
								},
								"west": {
									"uv": [
										8,
										8
									],
									"uv_size": [
										1,
										1.25
									]
								},
								"up": {
									"uv": [
										10,
										9
									],
									"uv_size": [
										-1,
										-1
									]
								},
								"down": {
									"uv": [
										9,
										10
									],
									"uv_size": [
										-1,
										-1
									]
								}
							}
						}
					]
				},
				{
					"name": "leg0",
					"parent": "bone2",
					"pivot": [
						-4,
						2,
						1
					],
					"cubes": [
						{
							"origin": [
								-6,
								0,
								-1
							],
							"size": [
								4,
								4,
								4
							],
							"pivot": [
								-4,
								2,
								1
							],
							"rotation": [
								0,
								0,
								10
							],
							"uv": {
								"north": {
									"uv": [
										8,
										8.25
									],
									"uv_size": [
										1,
										1
									]
								},
								"east": {
									"uv": [
										8,
										8.25
									],
									"uv_size": [
										1,
										1
									]
								},
								"south": {
									"uv": [
										8,
										8.25
									],
									"uv_size": [
										1,
										1
									]
								},
								"west": {
									"uv": [
										8,
										8.25
									],
									"uv_size": [
										1,
										1
									]
								},
								"up": {
									"uv": [
										10,
										9
									],
									"uv_size": [
										-1,
										-1
									]
								},
								"down": {
									"uv": [
										9,
										10
									],
									"uv_size": [
										-1,
										-1
									]
								}
							}
						}
					]
				},
				{
					"name": "leg1",
					"parent": "bone2",
					"pivot": [
						4,
						2,
						1
					],
					"cubes": [
						{
							"origin": [
								2,
								0,
								-1
							],
							"size": [
								4,
								4,
								4
							],
							"pivot": [
								4,
								2,
								1
							],
							"rotation": [
								0,
								0,
								-10
							],
							"uv": {
								"north": {
									"uv": [
										8,
										8.25
									],
									"uv_size": [
										1,
										1
									]
								},
								"east": {
									"uv": [
										8,
										8.25
									],
									"uv_size": [
										1,
										1
									]
								},
								"south": {
									"uv": [
										8,
										8.25
									],
									"uv_size": [
										1,
										1
									]
								},
								"west": {
									"uv": [
										8,
										8.25
									],
									"uv_size": [
										1,
										1
									]
								},
								"up": {
									"uv": [
										10,
										9
									],
									"uv_size": [
										-1,
										-1
									]
								},
								"down": {
									"uv": [
										9,
										10
									],
									"uv_size": [
										-1,
										-1
									]
								}
							}
						}
					]
				},
				{
					"name": "hongo1",
					"parent": "bone2",
					"pivot": [
						-3,
						9,
						-6
					],
					"cubes": [
						{
							"origin": [
								-5,
								8,
								-8
							],
							"size": [
								4,
								2,
								4
							],
							"uv": {
								"north": {
									"uv": [
										8,
										11.5
									],
									"uv_size": [
										1,
										0.5
									]
								},
								"east": {
									"uv": [
										8,
										11.5
									],
									"uv_size": [
										1,
										0.5
									]
								},
								"south": {
									"uv": [
										8,
										11.5
									],
									"uv_size": [
										1,
										0.5
									]
								},
								"west": {
									"uv": [
										8,
										11.5
									],
									"uv_size": [
										1,
										0.5
									]
								},
								"up": {
									"uv": [
										9,
										11.5
									],
									"uv_size": [
										-1,
										-1
									]
								},
								"down": {
									"uv": [
										11,
										9
									],
									"uv_size": [
										-1,
										-1
									]
								}
							}
						}
					]
				},
				{
					"name": "hongo2",
					"parent": "bone2",
					"pivot": [
						3,
						9,
						-3
					],
					"rotation": [
						10,
						0,
						0
					],
					"cubes": [
						{
							"origin": [
								1,
								10,
								-4
							],
							"size": [
								4,
								2,
								4
							],
							"uv": {
								"north": {
									"uv": [
										8,
										11.5
									],
									"uv_size": [
										1,
										0.5
									]
								},
								"east": {
									"uv": [
										8,
										11.5
									],
									"uv_size": [
										1,
										0.5
									]
								},
								"south": {
									"uv": [
										8,
										11.5
									],
									"uv_size": [
										1,
										0.5
									]
								},
								"west": {
									"uv": [
										8,
										11.5
									],
									"uv_size": [
										1,
										0.5
									]
								},
								"up": {
									"uv": [
										9,
										12
									],
									"uv_size": [
										-1,
										-0.5
									]
								},
								"down": {
									"uv": [
										11,
										9
									],
									"uv_size": [
										-1,
										-1
									]
								}
							}
						},
						{
							"origin": [
								1,
								6,
								-6
							],
							"size": [
								4,
								2,
								4
							],
							"uv": {
								"north": {
									"uv": [
										8,
										11.5
									],
									"uv_size": [
										1,
										0.5
									]
								},
								"east": {
									"uv": [
										8,
										11.5
									],
									"uv_size": [
										1,
										0.5
									]
								},
								"south": {
									"uv": [
										8,
										11.5
									],
									"uv_size": [
										1,
										0.5
									]
								},
								"west": {
									"uv": [
										8,
										11.5
									],
									"uv_size": [
										1,
										0.5
									]
								},
								"up": {
									"uv": [
										9,
										11.5
									],
									"uv_size": [
										-1,
										-1
									]
								},
								"down": {
									"uv": [
										11,
										9
									],
									"uv_size": [
										-1,
										-1
									]
								}
							}
						}
					]
				},
				{
					"name": "cara",
					"parent": "bone2",
					"pivot": [
						0,
						12,
						-3
					]
				},
				{
					"name": "bone4",
					"parent": "cara",
					"pivot": [
						0,
						15,
						-4
					],
					"cubes": [
						{
							"origin": [
								-5,
								13,
								-8
							],
							"size": [
								10,
								4,
								8
							],
							"pivot": [
								0,
								15,
								-4
							],
							"rotation": [
								-7.5,
								0,
								0
							],
							"uv": {
								"north": {
									"uv": [
										13.5,
										11
									],
									"uv_size": [
										2.5,
										1
									]
								},
								"east": {
									"uv": [
										14,
										10
									],
									"uv_size": [
										2,
										1
									]
								},
								"south": {
									"uv": [
										14,
										10
									],
									"uv_size": [
										2,
										1
									]
								},
								"west": {
									"uv": [
										14,
										10
									],
									"uv_size": [
										2,
										1
									]
								},
								"up": {
									"uv": [
										16,
										12
									],
									"uv_size": [
										-2.5,
										-1
									]
								},
								"down": {
									"uv": [
										16,
										10
									],
									"uv_size": [
										-2.5,
										-2
									]
								}
							}
						}
					]
				},
				{
					"name": "hongocabeza",
					"parent": "cara",
					"pivot": [
						-0.18177,
						18.34084,
						-3.33856
					],
					"cubes": [
						{
							"origin": [
								-6.18177,
								15.34084,
								-9.33856
							],
							"size": [
								12,
								6,
								12
							],
							"pivot": [
								-0.18177,
								18.34084,
								-3.33856
							],
							"rotation": [
								-22.5,
								0,
								-5
							],
							"uv": {
								"north": {
									"uv": [
										8,
										14.75
									],
									"uv_size": [
										2,
										1.25
									]
								},
								"east": {
									"uv": [
										8,
										14.75
									],
									"uv_size": [
										2,
										1.25
									]
								},
								"south": {
									"uv": [
										8,
										14.75
									],
									"uv_size": [
										2,
										1.25
									]
								},
								"west": {
									"uv": [
										8,
										14.75
									],
									"uv_size": [
										2,
										1.25
									]
								},
								"up": {
									"uv": [
										12,
										16
									],
									"uv_size": [
										-2,
										-2
									]
								},
								"down": {
									"uv": [
										12,
										16
									],
									"uv_size": [
										-2,
										-2
									]
								}
							}
						}
					]
				},
				{
					"name": "bone3",
					"parent": "hongocabeza",
					"pivot": [
						6.38807,
						11.65787,
						-3.55926
					],
					"cubes": [
						{
							"origin": [
								6.05744,
								10.35403,
								-3.57694
							],
							"size": [
								0,
								10,
								5
							],
							"pivot": [
								6.05744,
								15.35403,
								-1.07694
							],
							"rotation": [
								14.93745,
								1.50179,
								-4.76968
							],
							"uv": {
								"north": {
									"uv": [
										15,
										15.375
									],
									"uv_size": [
										1,
										0.625
									]
								},
								"east": {
									"uv": [
										15,
										15.375
									],
									"uv_size": [
										1,
										0.625
									]
								},
								"south": {
									"uv": [
										15,
										15.375
									],
									"uv_size": [
										1,
										0.625
									]
								},
								"west": {
									"uv": [
										1,
										0
									],
									"uv_size": [
										5.5,
										8
									]
								},
								"up": {
									"uv": [
										16,
										16
									],
									"uv_size": [
										-1,
										-1
									]
								},
								"down": {
									"uv": [
										16,
										16
									],
									"uv_size": [
										-1,
										-1
									]
								}
							}
						},
						{
							"origin": [
								6.9177,
								2.06414,
								0.8085
							],
							"size": [
								0,
								10,
								4.7
							],
							"pivot": [
								6.9177,
								6.06414,
								2.1585
							],
							"rotation": [
								27.43745,
								1.50179,
								-4.76968
							],
							"uv": {
								"north": {
									"uv": [
										15,
										15.375
									],
									"uv_size": [
										1,
										0.625
									]
								},
								"east": {
									"uv": [
										15,
										15.375
									],
									"uv_size": [
										1,
										0.625
									]
								},
								"south": {
									"uv": [
										15,
										15.375
									],
									"uv_size": [
										1,
										0.625
									]
								},
								"west": {
									"uv": [
										9.5,
										0
									],
									"uv_size": [
										5,
										8
									]
								},
								"up": {
									"uv": [
										16,
										16
									],
									"uv_size": [
										-1,
										-1
									]
								},
								"down": {
									"uv": [
										16,
										16
									],
									"uv_size": [
										-1,
										-1
									]
								}
							}
						},
						{
							"origin": [
								5.81026,
								10.89249,
								-9.73663
							],
							"size": [
								0,
								10,
								6
							],
							"pivot": [
								5.81026,
								15.89249,
								-6.73663
							],
							"rotation": [
								-4.97631,
								-0.43502,
								-7.48585
							],
							"uv": {
								"north": {
									"uv": [
										15,
										15.375
									],
									"uv_size": [
										1,
										0.625
									]
								},
								"east": {
									"uv": [
										15,
										15.375
									],
									"uv_size": [
										1,
										0.625
									]
								},
								"south": {
									"uv": [
										15,
										15.375
									],
									"uv_size": [
										1,
										0.625
									]
								},
								"west": {
									"uv": [
										1,
										0
									],
									"uv_size": [
										6,
										8
									]
								},
								"up": {
									"uv": [
										16,
										16
									],
									"uv_size": [
										-1,
										-1
									]
								},
								"down": {
									"uv": [
										16,
										16
									],
									"uv_size": [
										-1,
										-1
									]
								}
							}
						},
						{
							"origin": [
								7.10099,
								3.08049,
								-11.92249
							],
							"size": [
								0,
								10,
								6
							],
							"pivot": [
								7.10099,
								6.08049,
								-6.92249
							],
							"rotation": [
								2.52369,
								-0.43502,
								-7.48585
							],
							"uv": {
								"north": {
									"uv": [
										15,
										15.375
									],
									"uv_size": [
										1,
										0.625
									]
								},
								"east": {
									"uv": [
										15,
										15.375
									],
									"uv_size": [
										1,
										0.625
									]
								},
								"south": {
									"uv": [
										15,
										15.375
									],
									"uv_size": [
										1,
										0.625
									]
								},
								"west": {
									"uv": [
										9,
										0
									],
									"uv_size": [
										5.5,
										8
									]
								},
								"up": {
									"uv": [
										16,
										16
									],
									"uv_size": [
										-1,
										-1
									]
								},
								"down": {
									"uv": [
										16,
										16
									],
									"uv_size": [
										-1,
										-1
									]
								}
							}
						}
					]
				},
				{
					"name": "bone",
					"parent": "hongocabeza",
					"pivot": [
						-6.08148,
						9.85325,
						-2.13784
					],
					"cubes": [
						{
							"origin": [
								-5.88402,
								9.90198,
								-8.73663
							],
							"size": [
								0,
								10,
								6
							],
							"pivot": [
								-5.88402,
								14.90198,
								-5.73663
							],
							"rotation": [
								-4.97631,
								-0.43502,
								2.51415
							],
							"uv": {
								"north": {
									"uv": [
										15,
										15.375
									],
									"uv_size": [
										1,
										0.625
									]
								},
								"east": {
									"uv": [
										15,
										15.375
									],
									"uv_size": [
										1,
										0.625
									]
								},
								"south": {
									"uv": [
										15,
										15.375
									],
									"uv_size": [
										1,
										0.625
									]
								},
								"west": {
									"uv": [
										1,
										0
									],
									"uv_size": [
										6,
										8
									]
								},
								"up": {
									"uv": [
										16,
										16
									],
									"uv_size": [
										-1,
										-1
									]
								},
								"down": {
									"uv": [
										16,
										16
									],
									"uv_size": [
										-1,
										-1
									]
								}
							}
						},
						{
							"origin": [
								-6.44044,
								1.19078,
								0.84519
							],
							"size": [
								0,
								10,
								4.7
							],
							"pivot": [
								-6.44044,
								5.19078,
								3.19519
							],
							"rotation": [
								27.43745,
								1.50179,
								5.23032
							],
							"uv": {
								"north": {
									"uv": [
										15,
										15.375
									],
									"uv_size": [
										1,
										0.625
									]
								},
								"east": {
									"uv": [
										15,
										15.375
									],
									"uv_size": [
										1,
										0.625
									]
								},
								"south": {
									"uv": [
										15,
										15.375
									],
									"uv_size": [
										1,
										0.625
									]
								},
								"west": {
									"uv": [
										9.5,
										0
									],
									"uv_size": [
										5,
										8
									]
								},
								"up": {
									"uv": [
										16,
										16
									],
									"uv_size": [
										-1,
										-1
									]
								},
								"down": {
									"uv": [
										16,
										16
									],
									"uv_size": [
										-1,
										-1
									]
								}
							}
						},
						{
							"origin": [
								-5.68471,
								9.30534,
								-2.58742
							],
							"size": [
								0,
								10,
								5
							],
							"pivot": [
								-5.68471,
								14.30534,
								-0.08742
							],
							"rotation": [
								14.93745,
								1.50179,
								5.23032
							],
							"uv": {
								"north": {
									"uv": [
										15,
										15.375
									],
									"uv_size": [
										1,
										0.625
									]
								},
								"east": {
									"uv": [
										15,
										15.375
									],
									"uv_size": [
										1,
										0.625
									]
								},
								"south": {
									"uv": [
										15,
										15.375
									],
									"uv_size": [
										1,
										0.625
									]
								},
								"west": {
									"uv": [
										1,
										0
									],
									"uv_size": [
										5.5,
										8
									]
								},
								"up": {
									"uv": [
										16,
										16
									],
									"uv_size": [
										-1,
										-1
									]
								},
								"down": {
									"uv": [
										16,
										16
									],
									"uv_size": [
										-1,
										-1
									]
								}
							}
						},
						{
							"origin": [
								-6.31673,
								2.01491,
								-10.9225
							],
							"size": [
								0,
								10,
								6
							],
							"pivot": [
								-6.31673,
								5.01491,
								-5.9225
							],
							"rotation": [
								2.52369,
								-0.43502,
								2.51415
							],
							"uv": {
								"north": {
									"uv": [
										15,
										15.375
									],
									"uv_size": [
										1,
										0.625
									]
								},
								"east": {
									"uv": [
										15,
										15.375
									],
									"uv_size": [
										1,
										0.625
									]
								},
								"south": {
									"uv": [
										15,
										15.375
									],
									"uv_size": [
										1,
										0.625
									]
								},
								"west": {
									"uv": [
										9.5,
										0
									],
									"uv_size": [
										5.5,
										8
									]
								},
								"up": {
									"uv": [
										16,
										16
									],
									"uv_size": [
										-1,
										-1
									]
								},
								"down": {
									"uv": [
										16,
										16
									],
									"uv_size": [
										-1,
										-1
									]
								}
							}
						}
					]
				},
				{
					"name": "hojas2",
					"parent": "bone2",
					"pivot": [
						0,
						-14.22043,
						1.89703
					],
					"cubes": [
						{
							"origin": [
								-4,
								-17.44898,
								1.88096
							],
							"size": [
								4,
								6,
								0
							],
							"pivot": [
								0,
								-5.34898,
								-1.81904
							],
							"rotation": [
								175.5,
								0,
								0
							],
							"uv": {
								"north": {
									"uv": [
										15,
										14.625
									],
									"uv_size": [
										1,
										1.375
									]
								},
								"east": {
									"uv": [
										15.5,
										14.625
									],
									"uv_size": [
										0.5,
										1.375
									]
								},
								"south": {
									"uv": [
										1,
										8.5
									],
									"uv_size": [
										6.5,
										7.5
									]
								},
								"west": {
									"uv": [
										15.5,
										14.625
									],
									"uv_size": [
										0.5,
										1.375
									]
								},
								"up": {
									"uv": [
										16,
										16
									],
									"uv_size": [
										-0.5,
										-0.5
									]
								},
								"down": {
									"uv": [
										16,
										16
									],
									"uv_size": [
										-0.5,
										-0.5
									]
								}
							}
						},
						{
							"origin": [
								0,
								-18.44898,
								1.88096
							],
							"size": [
								4,
								6,
								0
							],
							"pivot": [
								0,
								-5.34898,
								-1.81904
							],
							"rotation": [
								175.5,
								0,
								0
							],
							"uv": {
								"north": {
									"uv": [
										15,
										14.625
									],
									"uv_size": [
										1,
										1.375
									]
								},
								"east": {
									"uv": [
										15.5,
										14.625
									],
									"uv_size": [
										0.5,
										1.375
									]
								},
								"south": {
									"uv": [
										1,
										8.5
									],
									"uv_size": [
										6.5,
										7.5
									]
								},
								"west": {
									"uv": [
										15.5,
										14.625
									],
									"uv_size": [
										0.5,
										1.375
									]
								},
								"up": {
									"uv": [
										16,
										16
									],
									"uv_size": [
										-0.5,
										-0.5
									]
								},
								"down": {
									"uv": [
										16,
										16
									],
									"uv_size": [
										-0.5,
										-0.5
									]
								}
							}
						},
						{
							"origin": [
								0,
								-15.49189,
								1.91311
							],
							"size": [
								4,
								5,
								0
							],
							"pivot": [
								-1.5,
								-3.79189,
								3.41311
							],
							"rotation": [
								-152.5,
								0,
								0
							],
							"uv": {
								"north": {
									"uv": [
										1,
										8.5
									],
									"uv_size": [
										6.5,
										7.5
									]
								},
								"east": {
									"uv": [
										15.5,
										14.625
									],
									"uv_size": [
										0.5,
										1.375
									]
								},
								"south": {
									"uv": [
										14,
										13
									],
									"uv_size": [
										2,
										3
									]
								},
								"west": {
									"uv": [
										15.5,
										14.625
									],
									"uv_size": [
										0.5,
										1.375
									]
								},
								"up": {
									"uv": [
										16,
										16
									],
									"uv_size": [
										-0.5,
										-0.5
									]
								},
								"down": {
									"uv": [
										16,
										16
									],
									"uv_size": [
										-0.5,
										-0.5
									]
								}
							}
						},
						{
							"origin": [
								-4,
								-16.49189,
								1.91311
							],
							"size": [
								4,
								5,
								0
							],
							"pivot": [
								-1.5,
								-3.79189,
								3.41311
							],
							"rotation": [
								-152.5,
								0,
								0
							],
							"uv": {
								"north": {
									"uv": [
										1,
										8.5
									],
									"uv_size": [
										6.5,
										7.5
									]
								},
								"east": {
									"uv": [
										15.5,
										14.625
									],
									"uv_size": [
										0.5,
										1.375
									]
								},
								"south": {
									"uv": [
										14,
										13
									],
									"uv_size": [
										2,
										3
									]
								},
								"west": {
									"uv": [
										15.5,
										14.625
									],
									"uv_size": [
										0.5,
										1.375
									]
								},
								"up": {
									"uv": [
										16,
										16
									],
									"uv_size": [
										-0.5,
										-0.5
									]
								},
								"down": {
									"uv": [
										16,
										16
									],
									"uv_size": [
										-0.5,
										-0.5
									]
								}
							}
						}
					]
				},
				{
					"name": "cuerpo",
					"parent": "bone2",
					"pivot": [
						0,
						8.5,
						-3
					],
					"cubes": [
						{
							"origin": [
								-4,
								3,
								-5
							],
							"size": [
								8,
								11,
								4
							],
							"pivot": [
								0,
								8.5,
								-2
							],
							"rotation": [
								12.5,
								0,
								0
							],
							"uv": {
								"north": {
									"uv": [
										10,
										9.25
									],
									"uv_size": [
										2,
										2.75
									]
								},
								"east": {
									"uv": [
										9,
										9.25
									],
									"uv_size": [
										1,
										2.75
									]
								},
								"south": {
									"uv": [
										10,
										9.25
									],
									"uv_size": [
										2,
										2.75
									]
								},
								"west": {
									"uv": [
										9,
										9.25
									],
									"uv_size": [
										1,
										2.75
									]
								},
								"up": {
									"uv": [
										16,
										9.75
									],
									"uv_size": [
										-2.5,
										-1.5
									]
								},
								"down": {
									"uv": [
										16,
										9.75
									],
									"uv_size": [
										-2.5,
										-1.5
									]
								}
							}
						}
					]
				},
				{
					"name": "hojas1",
					"parent": "bone2",
					"pivot": [
						0,
						-1.02043,
						-1.55296
					],
					"cubes": [
						{
							"origin": [
								0,
								-5.44898,
								-2.91904
							],
							"size": [
								4,
								6,
								0
							],
							"pivot": [
								0,
								5.65102,
								-4.81904
							],
							"rotation": [
								175.5,
								0,
								0
							],
							"uv": {
								"north": {
									"uv": [
										15,
										14.625
									],
									"uv_size": [
										1,
										1.375
									]
								},
								"east": {
									"uv": [
										15.5,
										14.625
									],
									"uv_size": [
										0.5,
										1.375
									]
								},
								"south": {
									"uv": [
										1,
										8.5
									],
									"uv_size": [
										6.5,
										7.5
									]
								},
								"west": {
									"uv": [
										15.5,
										14.625
									],
									"uv_size": [
										0.5,
										1.375
									]
								},
								"up": {
									"uv": [
										16,
										16
									],
									"uv_size": [
										-0.5,
										-0.5
									]
								},
								"down": {
									"uv": [
										16,
										16
									],
									"uv_size": [
										-0.5,
										-0.5
									]
								}
							}
						},
						{
							"origin": [
								-4,
								-4.44898,
								-2.91904
							],
							"size": [
								4,
								6,
								0
							],
							"pivot": [
								0,
								5.65102,
								-4.81904
							],
							"rotation": [
								175.5,
								0,
								0
							],
							"uv": {
								"north": {
									"uv": [
										15,
										14.625
									],
									"uv_size": [
										1,
										1.375
									]
								},
								"east": {
									"uv": [
										15.5,
										14.625
									],
									"uv_size": [
										0.5,
										1.375
									]
								},
								"south": {
									"uv": [
										1,
										8.5
									],
									"uv_size": [
										6.5,
										7.5
									]
								},
								"west": {
									"uv": [
										15.5,
										14.625
									],
									"uv_size": [
										0.5,
										1.375
									]
								},
								"up": {
									"uv": [
										16,
										16
									],
									"uv_size": [
										-0.5,
										-0.5
									]
								},
								"down": {
									"uv": [
										16,
										16
									],
									"uv_size": [
										-0.5,
										-0.5
									]
								}
							}
						},
						{
							"origin": [
								-4,
								-3.59189,
								-0.18689
							],
							"size": [
								4,
								6,
								0
							],
							"pivot": [
								-1.5,
								7.20811,
								0.41311
							],
							"rotation": [
								-152.5,
								0,
								0
							],
							"uv": {
								"north": {
									"uv": [
										1,
										8.5
									],
									"uv_size": [
										6.5,
										7.5
									]
								},
								"east": {
									"uv": [
										0.5,
										8.625
									],
									"uv_size": [
										0.5,
										1.375
									]
								},
								"south": {
									"uv": [
										1,
										9
									],
									"uv_size": [
										2,
										3
									]
								},
								"west": {
									"uv": [
										0.5,
										8.625
									],
									"uv_size": [
										0.5,
										1.375
									]
								},
								"up": {
									"uv": [
										1,
										8.5
									],
									"uv_size": [
										-0.5,
										-0.5
									]
								},
								"down": {
									"uv": [
										0.5,
										9
									],
									"uv_size": [
										-0.5,
										-0.5
									]
								}
							}
						},
						{
							"origin": [
								0,
								-2.59189,
								-0.18689
							],
							"size": [
								4,
								6,
								0
							],
							"pivot": [
								-1.5,
								7.20811,
								0.41311
							],
							"rotation": [
								-152.5,
								0,
								0
							],
							"uv": {
								"north": {
									"uv": [
										1,
										8.5
									],
									"uv_size": [
										6.5,
										7.5
									]
								},
								"east": {
									"uv": [
										0.5,
										8.625
									],
									"uv_size": [
										0.5,
										1.375
									]
								},
								"south": {
									"uv": [
										1,
										9
									],
									"uv_size": [
										2,
										3
									]
								},
								"west": {
									"uv": [
										0.5,
										8.625
									],
									"uv_size": [
										0.5,
										1.375
									]
								},
								"up": {
									"uv": [
										1,
										8.5
									],
									"uv_size": [
										-0.5,
										-0.5
									]
								},
								"down": {
									"uv": [
										0.5,
										9
									],
									"uv_size": [
										-0.5,
										-0.5
									]
								}
							}
						}
					]
				}
			]
		}
	]
}