{
	"format_version": "1.8.0",
	"animations": {
		"animation.raikou.quiet": {
			"loop": true,
			"animation_length": 1.6,
			"override_previous_animation": true,
			"bones": {
				"head": {
					"position": {
						"0.0": {
							"post": [0, 0, 0],
							"lerp_mode": "catmullrom"
						},
						"0.9": {
							"post": [0, -1.5, 0],
							"lerp_mode": "catmullrom"
						},
						"1.6": {
							"post": [0, 0, 0],
							"lerp_mode": "catmullrom"
						}
					}
				},
				"body": {
					"rotation": {
						"0.0": {
							"post": [0, 0, 0],
							"lerp_mode": "catmullrom"
						},
						"0.8": {
							"post": [5, 0, 0],
							"lerp_mode": "catmullrom"
						},
						"1.6": {
							"post": [0, 0, 0],
							"lerp_mode": "catmullrom"
						}
					},
					"position": {
						"0.0": {
							"post": [0, 0, 0],
							"lerp_mode": "catmullrom"
						},
						"0.8": {
							"post": [0, -1, 0],
							"lerp_mode": "catmullrom"
						},
						"1.6": {
							"post": [0, 0, 0],
							"lerp_mode": "catmullrom"
						}
					}
				},
				"tail": {
					"rotation": {
						"0.0": {
							"post": [20, -50, -45],
							"lerp_mode": "catmullrom"
						},
						"0.5": {
							"post": [20, -55, -65],
							"lerp_mode": "catmullrom"
						},
						"1.6": {
							"post": [20, -50, -45],
							"lerp_mode": "catmullrom"
						}
					}
				},
				"hair": {
					"rotation": {
						"0.0": {
							"post": [-5, 0, 0],
							"lerp_mode": "catmullrom"
						},
						"0.6": {
							"post": [5, 0, 0],
							"lerp_mode": "catmullrom"
						},
						"1.6": {
							"post": [-5, 0, 0],
							"lerp_mode": "catmullrom"
						}
					}
				}
			}
		},
		"animation.raikou.walk": {
			"loop": true,
			"animation_length": 0.6,
			"bones": {
				"raikou": {
					"position": {
						"0.0": {
							"post": [0, 0, 0],
							"lerp_mode": "catmullrom"
						},
						"0.3": {
							"post": [0, 1, 0],
							"lerp_mode": "catmullrom"
						},
						"0.6": {
							"post": [0, 0, 0],
							"lerp_mode": "catmullrom"
						}
					}
				},
				"head": {
					"position": {
						"0.0": {
							"post": [0, 0, 0],
							"lerp_mode": "catmullrom"
						},
						"0.3": {
							"post": [0, -2, -1],
							"lerp_mode": "catmullrom"
						},
						"0.6": {
							"post": [0, 0, 0],
							"lerp_mode": "catmullrom"
						}
					}
				},
				"body": {
					"rotation": {
						"0.0": {
							"post": [-5, 0, 0],
							"lerp_mode": "catmullrom"
						},
						"0.3": {
							"post": [5, 0, 0],
							"lerp_mode": "catmullrom"
						},
						"0.6": {
							"post": [-5, 0, 0],
							"lerp_mode": "catmullrom"
						}
					}
				},
				"tail": {
					"rotation": {
						"0.0": {
							"post": [0, 0, 0],
							"lerp_mode": "catmullrom"
						},
						"0.5": {
							"post": [20, 0, 0],
							"lerp_mode": "catmullrom"
						},
						"0.6": {
							"post": [0, 0, 0],
							"lerp_mode": "catmullrom"
						}
					}
				},
				"front_legs": {
					"rotation": {
						"0.0": {
							"post": [-60, 0, 0],
							"lerp_mode": "catmullrom"
						},
						"0.4": {
							"post": [35, 0, 0],
							"lerp_mode": "catmullrom"
						},
						"0.6": {
							"post": [-60, 0, 0],
							"lerp_mode": "catmullrom"
						}
					},
					"position": {
						"0.0": {
							"post": [0, 0, -1],
							"lerp_mode": "catmullrom"
						},
						"0.3": {
							"post": [0, 0, 1],
							"lerp_mode": "catmullrom"
						},
						"0.6": {
							"post": [0, 0, -1],
							"lerp_mode": "catmullrom"
						}
					}
				},
				"back_legs": {
					"rotation": {
						"0.0": {
							"post": [50, 0, 0],
							"lerp_mode": "catmullrom"
						},
						"0.4": {
							"post": [-35, 0, 0],
							"lerp_mode": "catmullrom"
						},
						"0.6": {
							"post": [50, 0, 0],
							"lerp_mode": "catmullrom"
						}
					},
					"position": {
						"0.0": {
							"post": [0, 0, 0],
							"lerp_mode": "catmullrom"
						},
						"0.3": {
							"post": [0, 1, 1],
							"lerp_mode": "catmullrom"
						},
						"0.6": {
							"post": [0, 0, 0],
							"lerp_mode": "catmullrom"
						}
					}
				},
				"right_back_paw": {
					"rotation": {
						"0.0": [0, 0, 0],
						"0.2": [-15, 0, 0],
						"0.6": [0, 0, 0]
					}
				},
				"left_back_paw": {
					"rotation": {
						"0.0": [0, 0, 0],
						"0.2": [-15, 0, 0],
						"0.6": [0, 0, 0]
					}
				},
				"hair": {
					"rotation": {
						"0.0": {
							"post": [0, 0, 0],
							"lerp_mode": "catmullrom"
						},
						"0.2": {
							"post": [10, 0, 0],
							"lerp_mode": "catmullrom"
						},
						"0.6": {
							"post": [0, 0, 0],
							"lerp_mode": "catmullrom"
						}
					}
				}
			}
		},
		"animation.raikou.sitting": {
			"loop": true,
			"bones": {
				"raikou": {
					"position": [0, -2, 0]
				},
				"head": {
					"position": [0, 6, 7]
				},
				"body": {
					"rotation": [-45, 0, 0]
				},
				"tail": {
					"rotation": [-405, 30, -450]
				},
				"front_legs": {
					"position": [0, 4.5, 0],
					"scale": [1, 1.2, 1]
				},
				"back_legs": {
					"position": [0, -4, -6]
				},
				"right_back_paw": {
					"position": [0, 6, -6]
				},
				"left_back_paw": {
					"position": [0, 6, -6]
				},
				"hair": {
					"rotation": [-55, 0, 0]
				}
			}
		},
		"animation.raikou.jump": {
			"loop": true,
			"bones": {
				"tail": {
					"rotation": [-35, 0, 0]
				},
				"front_legs": {
					"rotation": [-65, 0, 0],
					"position": [0, 1, 0]
				},
				"back_legs": {
					"rotation": [45, 0, 0]
				},
				"hair": {
					"rotation": [-5, 0, 0]
				}
			}
		},
		"animation.raikou.attack": {
			"loop": true,
			"bones": {
				"head": {
					"position": [0, -6, -1]
				},
				"body": {
					"rotation": [15, 0, 0],
					"position": [0, -3, 0]
				},
				"tail": {
					"rotation": [45, 0, 0]
				},
				"front_legs": {
					"rotation": [-35, 0, 0],
					"position": [0, -2, 1]
				},
				"hair": {
					"rotation": [45, 0, 0]
				}
			}
		},
		"animation.raikou.swimming": {
			"loop": true,
			"animation_length": 0.6,
			"bones": {
				"raikou": {
					"position": {
						"0.0": [0, 0, 0],
						"0.3": [0, -2, 0],
						"0.6": [0, 0, 0]
					}
				},
				"head": {
					"position": [0, 4, 3]
				},
				"body": {
					"rotation": [-20, 0, 0],
					"position": [0, 1, 0]
				},
				"tail": {
					"rotation": {
						"0.0": [0, 0, 0],
						"0.3": [-20, 0, 0],
						"0.6": [0, 0, 0]
					}
				},
				"front_legs": {
					"rotation": {
						"0.0": [-60, 0, 0],
						"0.4": [-15, 0, 0],
						"0.6": [-60, 0, 0]
					},
					"position": [0, 4, 1]
				},
				"right_back_leg": {
					"rotation": {
						"0.0": [-30, 0, 0],
						"0.3": [30, 0, 0],
						"0.6": [-30, 0, 0]
					}
				},
				"left_back_leg": {
					"rotation": {
						"0.0": [30, 0, 0],
						"0.3": [-30, 0, 0],
						"0.6": [30, 0, 0]
					}
				},
				"hair": {
					"rotation": {
						"0.0": [-25, 0, 0],
						"0.2": [-20, 0, 0],
						"0.6": [-25, 0, 0]
					}
				}
			}
		},
		"animation.raikou.health_bar": {
			"loop": true,
			"bones": {
				"health_hover": {
					"rotation": ["q.camera_rotation(0)", "q.camera_rotation(1)-q.body_y_rotation", 0],
					"position": [0, 35, 0],
					"scale": "query.is_in_ui?0:1.5"
				},
				"bar_green": {
					"scale": ["query.health/query.max_health*1", 1, 1]
				},
				"bar_black": {
					"scale": ["(1)+(query.health/query.max_health*-1)", 1, 1]
				}
			}
		}
	}
}