{
  "format_version": "1.20.0",
  "minecraft:recipe_shapeless": {
    "description": {
    "identifier": "yes:waxed_copper_hammer"
    },  
    "tags": [ "crafting_table" ],
    "ingredients": [
      {
        "item": "yes:copper_hammer",
        "data": 0
      },
      {
        "item": "minecraft:honeycomb",
        "data": 0
      }
    ],
		"unlock": [
			{
				"item": "minecraft:honeycomb"
			}
		],
    "result": {
      "item": "yes:waxed_copper_hammer",
      "data": 0,
      "count": 1
    }
  }
}
