{

  "entity_sounds": {
    "entities": {
          "ybh:omega_flowey_into": {
        "volume": 10,
        "pitch": [ 1, 1 ],
        "events": {
        "ambient": "ybh.f.intro"
        }
      },
       "ybh:omega_flowey_death": {
        "volume": 5,
        "pitch": [ 1, 1 ],
        "events": {
        "ambient": "ybh.f.death"
        }
      },
       "ybh:flowey": {
        "volume": 6666,
        "pitch": [ 1, 1 ],
        "events": {
        "ambient": "ybh.f.flowey"
        }
      }
    }
  }
}