{
"format_version":"1.8.0",
  "animations": {
   "animation.grass_block3.spawn":{
    "timeline":{
  "0.05":["/spreadplayers ~ ~ 15 50 @s"
],
"0.1":[            "/execute @s ~ ~ ~ detect ~ ~-2 ~ bedrock 0 event entity @s minecraft:die",
            "/execute @s ~ ~ ~ detect ~ ~-2 ~ air 0 event entity @s minecraft:die",
            "/execute @s ~ ~ ~ detect ~ ~-2 ~ grass 0 event entity @s grass",
            "/execute @s ~ ~ ~ detect ~ ~-2 ~ dirt 0 event entity @s dirt",
            "/execute @s ~ ~ ~ detect ~ ~-2 ~ dirt 1 event entity @s coarse_dirt",
            "/execute @s ~ ~ ~ detect ~ ~-2 ~ stone 0 event entity @s stone",
            "/execute @s ~ ~ ~ detect ~ ~-2 ~ stone 1 event entity @s granite_stone",
            "/execute @s ~ ~ ~ detect ~ ~-2 ~ stone 3 event entity @s diorite_stone",
            "/execute @s ~ ~ ~ detect ~ ~-2 ~ stone 5 event entity @s andesite_stone",
            "/execute @s ~ ~ ~ detect ~ ~-2 ~ sand 0 event entity @s sand",
            "/execute @s ~ ~ ~ detect ~ ~-2 ~ sand 1 event entity @s red_sand",
            "/execute @s ~ ~ ~ detect ~ ~-2 ~ gravel 0 event entity @s gravel",
            "/execute @s ~ ~ ~ detect ~ ~-2 ~ coal_block 0 event entity @s coal_block",
            "/execute @s ~ ~ ~ detect ~ ~-2 ~ diamond_block 0 event entity @s diamond_block",
            "/execute @s ~ ~ ~ detect ~ ~-2 ~ emerald_block 0 event entity @s emerald_block",
            "/execute @s ~ ~ ~ detect ~ ~-2 ~ gold_block 0 event entity @s gold_block",
            "/execute @s ~ ~ ~ detect ~ ~-2 ~ iron_block 0 event entity @s iron_block",
            "/execute @s ~ ~ ~ detect ~ ~-2 ~ lapis_block 0 event entity @s lapis_block",
            "/execute @s ~ ~ ~ detect ~ ~-2 ~ netherite_block 0 event entity @s netherite_block",
            "/execute @s ~ ~ ~ detect ~ ~-2 ~ quartz_block 0 event entity @s quartz_block",
            "/execute @s ~ ~ ~ detect ~ ~-2 ~ redstone_block 0 event entity @s redstone_block",
            "/execute @s ~ ~ ~ detect ~ ~-2 ~ coal_ore 0 event entity @s coal_ore",
            "/execute @s ~ ~ ~ detect ~ ~-2 ~ copper_ore 0 event entity @s copper_ore",
            "/execute @s ~ ~ ~ detect ~ ~-2 ~ diamond_ore 0 event entity @s diamond_ore",
            "/execute @s ~ ~ ~ detect ~ ~-2 ~ emerald_ore 0 event entity @s emerald_ore",
            "/execute @s ~ ~ ~ detect ~ ~-2 ~ gold_ore 0 event entity @s gold_ore",
            "/execute @s ~ ~ ~ detect ~ ~-2 ~ iron_ore 0 event entity @s iron_ore",
            "/execute @s ~ ~ ~ detect ~ ~-2 ~ lapis_ore 0 event entity @s lapis_ore",
            "/execute @s ~ ~ ~ detect ~ ~-2 ~ quartz_ore 0 event entity @s quartz_ore",
            "/execute @s ~ ~ ~ detect ~ ~-2 ~ redstone_ore 0 event entity @s redstone_ore",
            "/execute @s ~ ~ ~ detect ~ ~-2 ~ grass_path 0 event entity @s grass_path",
            "/execute @s ~ ~ ~ detect ~ ~-2 ~ netherrack 0 event entity @s netherrack",
            "/execute @s ~ ~ ~ detect ~ ~-2 ~ podzol 0 event entity @s podzol",
            "/execute @s ~ ~ ~ detect ~ ~-2 ~ leaves 0 event entity @s leaves0",
            "/execute @s ~ ~ ~ detect ~ ~-2 ~ leaves 4 event entity @s leaves0",
            "/execute @s ~ ~ ~ detect ~ ~-2 ~ leaves 8 event entity @s leaves0",
            "/execute @s ~ ~ ~ detect ~ ~-2 ~ leaves 12 event entity @s leaves0",
            "/execute @s ~ ~ ~ detect ~ ~-2 ~ leaves 1 event entity @s leaves1",
            "/execute @s ~ ~ ~ detect ~ ~-2 ~ leaves 5 event entity @s leaves1",
            "/execute @s ~ ~ ~ detect ~ ~-2 ~ leaves 9 event entity @s leaves1",
            "/execute @s ~ ~ ~ detect ~ ~-2 ~ leaves 13 event entity @s leaves1",
            "/execute @s ~ ~ ~ detect ~ ~-2 ~ leaves 2 event entity @s leaves2",
            "/execute @s ~ ~ ~ detect ~ ~-2 ~ leaves 6 event entity @s leaves2",
            "/execute @s ~ ~ ~ detect ~ ~-2 ~ leaves 10 event entity @s leaves2",
            "/execute @s ~ ~ ~ detect ~ ~-2 ~ leaves 14 event entity @s leaves2",
            "/execute @s ~ ~ ~ detect ~ ~-2 ~ leaves 3 event entity @s leaves3",
            "/execute @s ~ ~ ~ detect ~ ~-2 ~ leaves 7 event entity @s leaves3",
            "/execute @s ~ ~ ~ detect ~ ~-2 ~ leaves 11 event entity @s leaves3",
            "/execute @s ~ ~ ~ detect ~ ~-2 ~ leaves 15 event entity @s leaves3",
            "/execute @s ~ ~ ~ detect ~ ~-2 ~ leaves2 0 event entity @s leaves4",
            "/execute @s ~ ~ ~ detect ~ ~-2 ~ leaves2 4 event entity @s leaves4",
            "/execute @s ~ ~ ~ detect ~ ~-2 ~ leaves2 8 event entity @s leaves4",
            "/execute @s ~ ~ ~ detect ~ ~-2 ~ leaves2 12 event entity @s leaves4",
            "/execute @s ~ ~ ~ detect ~ ~-2 ~ leaves2 1 event entity @s leaves5",
            "/execute @s ~ ~ ~ detect ~ ~-2 ~ leaves2 5 event entity @s leaves5",
            "/execute @s ~ ~ ~ detect ~ ~-2 ~ leaves2 9 event entity @s leaves5",
            "/execute @s ~ ~ ~ detect ~ ~-2 ~ leaves2 13 event entity @s leaves5",
            "/execute @s ~ ~ ~ detect ~ ~-2 ~ planks 0 event entity @s planks0",
            "/execute @s ~ ~ ~ detect ~ ~-2 ~ planks 1 event entity @s planks1",
            "/execute @s ~ ~ ~ detect ~ ~-2 ~ planks 2 event entity @s planks2",
            "/execute @s ~ ~ ~ detect ~ ~-2 ~ planks 3 event entity @s planks3",
            "/execute @s ~ ~ ~ detect ~ ~-2 ~ planks 4 event entity @s planks4",
            "/execute @s ~ ~ ~ detect ~ ~-2 ~ planks 5 event entity @s planks5",
            "/execute @s ~ ~ ~ detect ~ ~-2 ~ crimson_planks 0 event entity @s nether_planks0",
            "/execute @s ~ ~ ~ detect ~ ~-2 ~ warped_planks 0 event entity @s nether_planks1",
            "/execute @s ~ ~ ~ detect ~ ~-2 ~ brick_block 0 event entity @s brick_block",
            "/execute @s ~ ~ ~ detect ~ ~-2 ~ cobblestone 0 event entity @s cobblestone",
            "/execute @s ~ ~ ~ detect ~ ~-2 ~ melon_block 0 event entity @s melon",
            "/execute @s ~ ~ ~ detect ~ ~-2 ~ mycelium 0 event entity @s mycelium",
            "/execute @s ~ ~ ~ detect ~ ~-2 ~ snow 0 event entity @s snow",
            "/execute @s ~ ~ ~ detect ~ ~-2 ~ crafting_table 0 event entity @s crafting_table",
            "/execute @s ~ ~ ~ detect ~ ~-2 ~ end_stone 0 event entity @s end_stone",
            "/execute @s ~ ~ ~ detect ~ ~-2 ~ end_bricks 0 event entity @s end_stone_bricks",
            "/execute @s ~ ~ ~ detect ~ ~-2 ~ hay_block 0 event entity @s hay_bale",
            "/execute @s ~ ~ ~ detect ~ ~-2 ~ hay_block 4 event entity @s hay_bale_east",
            "/execute @s ~ ~ ~ detect ~ ~-2 ~ hay_block 8 event entity @s hay_bale_north",
            "/execute @s ~ ~ ~ detect ~ ~-2 ~ lit_redstone_ore 0 event entity @s redstone_ore",
            "/execute @s ~ ~ ~ detect ~ ~-2 ~ sandstone 0 event entity @s sandstone",
            "/execute @s ~ ~ ~ detect ~ ~-2 ~ red_sandstone 0 event entity @s red_sandstone",
            "/execute @s ~ ~ ~ detect ~ ~-2 ~ sandstone 1 event entity @s chiseled_sandstone",
            "/execute @s ~ ~ ~ detect ~ ~-2 ~ red_sandstone 1 event entity @s red_chiseled_sandstone",
            "/execute @s ~ ~ ~ detect ~ ~-2 ~ sandstone 2 event entity @s cut_sandstone",
            "/execute @s ~ ~ ~ detect ~ ~-2 ~ red_sandstone 2 event entity @s red_cut_sandstone",
            "/execute @s ~ ~ ~ detect ~ ~-2 ~ sandstone 3 event entity @s smooth_sandstone",
            "/execute @s ~ ~ ~ detect ~ ~-2 ~ red_sandstone 3 event entity @s red_smooth_sandstone",
            "/execute @s ~ ~ ~ detect ~ ~-2 ~ concretepowder 0 event entity @s concretepowder_white",
            "/execute @s ~ ~ ~ detect ~ ~-2 ~ concretepowder 1 event entity @s concretepowder_orange",
            "/execute @s ~ ~ ~ detect ~ ~-2 ~ concretepowder 2 event entity @s concretepowder_magenta",
            "/execute @s ~ ~ ~ detect ~ ~-2 ~ concretepowder 3 event entity @s concretepowder_lightblue",
            "/execute @s ~ ~ ~ detect ~ ~-2 ~ concretepowder 4 event entity @s concretepowder_yellow",
            "/execute @s ~ ~ ~ detect ~ ~-2 ~ concretepowder 5 event entity @s concretepowder_green",
            "/execute @s ~ ~ ~ detect ~ ~-2 ~ concretepowder 6 event entity @s concretepowder_pink",
            "/execute @s ~ ~ ~ detect ~ ~-2 ~ concretepowder 7 event entity @s concretepowder_grey",
            "/execute @s ~ ~ ~ detect ~ ~-2 ~ concretepowder 8 event entity @s concretepowder_silver",
            "/execute @s ~ ~ ~ detect ~ ~-2 ~ concretepowder 9 event entity @s concretepowder_cyan",
            "/execute @s ~ ~ ~ detect ~ ~-2 ~ concretepowder 10 event entity @s concretepowder_purple",
            "/execute @s ~ ~ ~ detect ~ ~-2 ~ concretepowder 11 event entity @s concretepowder_blue",
            "/execute @s ~ ~ ~ detect ~ ~-2 ~ concretepowder 12 event entity @s concretepowder_brown",
            "/execute @s ~ ~ ~ detect ~ ~-2 ~ concretepowder 13 event entity @s concretepowder_darkgreen",
            "/execute @s ~ ~ ~ detect ~ ~-2 ~ concretepowder 14 event entity @s concretepowder_red",
            "/execute @s ~ ~ ~ detect ~ ~-2 ~ concretepowder 15 event entity @s concretepowder_black",
            "/execute @s ~ ~ ~ detect ~ ~-2 ~ wool 0 event entity @s white_wool",
            "/execute @s ~ ~ ~ detect ~ ~-2 ~ wool 1 event entity @s orange_wool",
            "/execute @s ~ ~ ~ detect ~ ~-2 ~ wool 2 event entity @s magenta_wool",
            "/execute @s ~ ~ ~ detect ~ ~-2 ~ wool 3 event entity @s light_blue_wool",
            "/execute @s ~ ~ ~ detect ~ ~-2 ~ wool 4 event entity @s yellow_wool",
            "/execute @s ~ ~ ~ detect ~ ~-2 ~ wool 5 event entity @s lime_wool",
            "/execute @s ~ ~ ~ detect ~ ~-2 ~ wool 6 event entity @s pink_wool",
            "/execute @s ~ ~ ~ detect ~ ~-2 ~ wool 7 event entity @s gray_wool",
            "/execute @s ~ ~ ~ detect ~ ~-2 ~ wool 8 event entity @s light_gray_wool",
            "/execute @s ~ ~ ~ detect ~ ~-2 ~ wool 9 event entity @s cyan_wool",
            "/execute @s ~ ~ ~ detect ~ ~-2 ~ wool 10 event entity @s purple_wool",
            "/execute @s ~ ~ ~ detect ~ ~-2 ~ wool 11 event entity @s blue_wool",
            "/execute @s ~ ~ ~ detect ~ ~-2 ~ wool 12 event entity @s brown_wool",
            "/execute @s ~ ~ ~ detect ~ ~-2 ~ wool 13 event entity @s green_wool",
            "/execute @s ~ ~ ~ detect ~ ~-2 ~ wool 14 event entity @s red_wool",
            "/execute @s ~ ~ ~ detect ~ ~-2 ~ wool 15 event entity @s black_wool",
            "/execute @s ~ ~ ~ detect ~ ~-2 ~ concrete 0 event entity @s white_concrete",
            "/execute @s ~ ~ ~ detect ~ ~-2 ~ concrete 1 event entity @s orange_concrete",
            "/execute @s ~ ~ ~ detect ~ ~-2 ~ concrete 2 event entity @s magenta_concrete",
            "/execute @s ~ ~ ~ detect ~ ~-2 ~ concrete 3 event entity @s light_blue_concrete",
            "/execute @s ~ ~ ~ detect ~ ~-2 ~ concrete 4 event entity @s yellow_concrete",
            "/execute @s ~ ~ ~ detect ~ ~-2 ~ concrete 5 event entity @s lime_concrete",
            "/execute @s ~ ~ ~ detect ~ ~-2 ~ concrete 6 event entity @s pink_concrete",
            "/execute @s ~ ~ ~ detect ~ ~-2 ~ concrete 7 event entity @s gray_concrete",
            "/execute @s ~ ~ ~ detect ~ ~-2 ~ concrete 8 event entity @s light_gray_concrete",
            "/execute @s ~ ~ ~ detect ~ ~-2 ~ concrete 9 event entity @s cyan_concrete",
            "/execute @s ~ ~ ~ detect ~ ~-2 ~ concrete 10 event entity @s purple_concrete",
            "/execute @s ~ ~ ~ detect ~ ~-2 ~ concrete 11 event entity @s blue_concrete",
            "/execute @s ~ ~ ~ detect ~ ~-2 ~ concrete 12 event entity @s brown_concrete",
            "/execute @s ~ ~ ~ detect ~ ~-2 ~ concrete 13 event entity @s green_concrete",
            "/execute @s ~ ~ ~ detect ~ ~-2 ~ concrete 14 event entity @s red_concrete",
            "/execute @s ~ ~ ~ detect ~ ~-2 ~ concrete 15 event entity @s black_concrete",
            "/execute @s ~ ~ ~ detect ~ ~-2 ~ stained_glass 0 event entity @s white_stained_glass",
            "/execute @s ~ ~ ~ detect ~ ~-2 ~ stained_glass 1 event entity @s orange_stained_glass",
            "/execute @s ~ ~ ~ detect ~ ~-2 ~ stained_glass 2 event entity @s magenta_stained_glass",
            "/execute @s ~ ~ ~ detect ~ ~-2 ~ stained_glass 3 event entity @s light_blue_stained_glass",
            "/execute @s ~ ~ ~ detect ~ ~-2 ~ stained_glass 4 event entity @s yellow_stained_glass",
            "/execute @s ~ ~ ~ detect ~ ~-2 ~ stained_glass 5 event entity @s lime_stained_glass",
            "/execute @s ~ ~ ~ detect ~ ~-2 ~ stained_glass 6 event entity @s pink_stained_glass",
            "/execute @s ~ ~ ~ detect ~ ~-2 ~ stained_glass 7 event entity @s gray_stained_glass",
            "/execute @s ~ ~ ~ detect ~ ~-2 ~ stained_glass 8 event entity @s light_gray_stained_glass",
            "/execute @s ~ ~ ~ detect ~ ~-2 ~ stained_glass 9 event entity @s cyan_stained_glass",
            "/execute @s ~ ~ ~ detect ~ ~-2 ~ stained_glass 10 event entity @s purple_stained_glass",
            "/execute @s ~ ~ ~ detect ~ ~-2 ~ stained_glass 11 event entity @s blue_stained_glass",
            "/execute @s ~ ~ ~ detect ~ ~-2 ~ stained_glass 12 event entity @s brown_stained_glass",
            "/execute @s ~ ~ ~ detect ~ ~-2 ~ stained_glass 13 event entity @s green_stained_glass",
            "/execute @s ~ ~ ~ detect ~ ~-2 ~ stained_glass 14 event entity @s red_stained_glass",
            "/execute @s ~ ~ ~ detect ~ ~-2 ~ stained_glass 15 event entity @s black_stained_glass",
            "/execute @s ~ ~ ~ detect ~ ~-2 ~ log 0 event entity @s oak_log",
            "/execute @s ~ ~ ~ detect ~ ~-2 ~ log 1 event entity @s spruce_log",
            "/execute @s ~ ~ ~ detect ~ ~-2 ~ log 2 event entity @s birch_log",
            "/execute @s ~ ~ ~ detect ~ ~-2 ~ log 3 event entity @s jungle_log",
            "/execute @s ~ ~ ~ detect ~ ~-2 ~ log2 0 event entity @s acacia_log",
            "/execute @s ~ ~ ~ detect ~ ~-2 ~ log2 1 event entity @s dark_oak_log",
            "/execute @s ~ ~ ~ detect ~ ~-2 ~ log 4 event entity @s oak_log_eastwest",
            "/execute @s ~ ~ ~ detect ~ ~-2 ~ log 5 event entity @s spruce_log_eastwest",
            "/execute @s ~ ~ ~ detect ~ ~-2 ~ log 6 event entity @s birch_log_eastwest",
            "/execute @s ~ ~ ~ detect ~ ~-2 ~ log 7 event entity @s jungle_log_eastwest",
            "/execute @s ~ ~ ~ detect ~ ~-2 ~ log2 4 event entity @s acacia_log_eastwest",
            "/execute @s ~ ~ ~ detect ~ ~-2 ~ log2 5 event entity @s dark_oak_log_eastwest",
            "/execute @s ~ ~ ~ detect ~ ~-2 ~ log 8 event entity @s oak_log_northsouth",
            "/execute @s ~ ~ ~ detect ~ ~-2 ~ log 9 event entity @s spruce_log_northsouth",
            "/execute @s ~ ~ ~ detect ~ ~-2 ~ log 10 event entity @s birch_log_northsouth",
            "/execute @s ~ ~ ~ detect ~ ~-2 ~ log 11 event entity @s jungle_log_northsouth",
            "/execute @s ~ ~ ~ detect ~ ~-2 ~ log2 8 event entity @s acacia_log_northsouth",
            "/execute @s ~ ~ ~ detect ~ ~-2 ~ log2 9 event entity @s dark_oak_log_northsouth",
            "/execute @s ~ ~ ~ detect ~ ~-2 ~ glass 0 event entity @s glass",
            "/execute @s ~ ~ ~ detect ~ ~-2 ~ ice 0 event entity @s ice",
            "/execute @s ~ ~ ~ detect ~ ~-2 ~ packed_ice 0 event entity @s packed_ice",
            "/execute @s ~ ~ ~ detect ~ ~-2 ~ blue_ice 0 event entity @s blue_ice",
            "/execute @s ~ ~ ~ detect ~ ~-2 ~ anvil 0 setblock ~ ~2 ~ anvil 0",
            "/execute @s ~ ~ ~ detect ~ ~-2 ~ anvil 0 event entity @s minecraft:die",
            "/execute @s ~ ~ ~ detect ~ ~-2 ~ anvil 1 setblock ~ ~2 ~ anvil 1",
            "/execute @s ~ ~ ~ detect ~ ~-2 ~ anvil 1 event entity @s minecraft:die",
            "/execute @s ~ ~ ~ detect ~ ~-2 ~ anvil 2 setblock ~ ~2 ~ anvil 2",
            "/execute @s ~ ~ ~ detect ~ ~-2 ~ anvil 2 event entity @s minecraft:die",
            "/execute @s ~ ~ ~ detect ~ ~-2 ~ anvil 3 setblock ~ ~2 ~ anvil 3",
            "/execute @s ~ ~ ~ detect ~ ~-2 ~ anvil 3 event entity @s minecraft:die",
            "/execute @s ~ ~ ~ detect ~ ~-2 ~ anvil 4 setblock ~ ~2 ~ anvil 4",
            "/execute @s ~ ~ ~ detect ~ ~-2 ~ anvil 4 event entity @s minecraft:die",
            "/execute @s ~ ~ ~ detect ~ ~-2 ~ anvil 5 setblock ~ ~2 ~ anvil 5",
            "/execute @s ~ ~ ~ detect ~ ~-2 ~ anvil 5 event entity @s minecraft:die",
            "/execute @s ~ ~ ~ detect ~ ~-2 ~ anvil 6 setblock ~ ~2 ~ anvil 6",
            "/execute @s ~ ~ ~ detect ~ ~-2 ~ anvil 6 event entity @s minecraft:die",
            "/execute @s ~ ~ ~ detect ~ ~-2 ~ anvil 7 setblock ~ ~2 ~ anvil 7",
            "/execute @s ~ ~ ~ detect ~ ~-2 ~ anvil 7 event entity @s minecraft:die",
            "/execute @s ~ ~ ~ detect ~ ~-2 ~ anvil 8 setblock ~ ~2 ~ anvil 8",
            "/execute @s ~ ~ ~ detect ~ ~-2 ~ anvil 8 event entity @s minecraft:die",
            "/execute @s ~ ~ ~ detect ~ ~-2 ~ anvil 9 setblock ~ ~2 ~ anvil 9",
            "/execute @s ~ ~ ~ detect ~ ~-2 ~ anvil 9 event entity @s minecraft:die",
            "/execute @s ~ ~ ~ detect ~ ~-2 ~ anvil 10 setblock ~ ~2 ~ anvil 10",
            "/execute @s ~ ~ ~ detect ~ ~-2 ~ anvil 10 event entity @s minecraft:die",
            "/execute @s ~ ~ ~ detect ~ ~-2 ~ anvil 11 setblock ~ ~2 ~ anvil 11",
            "/execute @s ~ ~ ~ detect ~ ~-2 ~ anvil 11 event entity @s minecraft:die",
            "/execute @s ~ ~ ~ detect ~ ~-2 ~ anvil 12 setblock ~ ~2 ~ anvil 12",
            "/execute @s ~ ~ ~ detect ~ ~-2 ~ anvil 12 event entity @s minecraft:die",
            "/execute @s ~ ~ ~ detect ~ ~-2 ~ anvil 13 setblock ~ ~2 ~ anvil 13",
            "/execute @s ~ ~ ~ detect ~ ~-2 ~ anvil 13 event entity @s minecraft:die",
            "/execute @s ~ ~ ~ detect ~ ~-2 ~ anvil 14 setblock ~ ~2 ~ anvil 14",
            "/execute @s ~ ~ ~ detect ~ ~-2 ~ anvil 14 event entity @s minecraft:die",
            "/execute @s ~ ~ ~ detect ~ ~-2 ~ anvil 15 setblock ~ ~2 ~ anvil 15",
            "/execute @s ~ ~ ~ detect ~ ~-2 ~ anvil 15 event entity @s minecraft:die",
            "/execute @s ~ ~ ~ detect ~ ~-2 ~ snow_layer 0 fill ~ ~2 ~ ~ ~2 ~ snow_layer 0",
            "/execute @s ~ ~ ~ detect ~ ~-2 ~ snow_layer 0 event entity @s minecraft:die",
            "/execute @s ~ ~ ~ detect ~ ~-2 ~ snow_layer 1 fill ~ ~2 ~ ~ ~2 ~ snow_layer 1",
            "/execute @s ~ ~ ~ detect ~ ~-2 ~ snow_layer 1 event entity @s minecraft:die",
            "/execute @s ~ ~ ~ detect ~ ~-2 ~ snow_layer 2 fill ~ ~2 ~ ~ ~2 ~ snow_layer 2",
            "/execute @s ~ ~ ~ detect ~ ~-2 ~ snow_layer 2 event entity @s minecraft:die",
            "/execute @s ~ ~ ~ detect ~ ~-2 ~ snow_layer 3 fill ~ ~2 ~ ~ ~2 ~ snow_layer 3",
            "/execute @s ~ ~ ~ detect ~ ~-2 ~ snow_layer 3 event entity @s minecraft:die",
            "/execute @s ~ ~ ~ detect ~ ~-2 ~ snow_layer 4 fill ~ ~2 ~ ~ ~2 ~ snow_layer 4",
            "/execute @s ~ ~ ~ detect ~ ~-2 ~ snow_layer 4 event entity @s minecraft:die",
            "/execute @s ~ ~ ~ detect ~ ~-2 ~ snow_layer 5 fill ~ ~2 ~ ~ ~2 ~ snow_layer 5",
            "/execute @s ~ ~ ~ detect ~ ~-2 ~ snow_layer 5 event entity @s minecraft:die",
            "/execute @s ~ ~ ~ detect ~ ~-2 ~ snow_layer 6 fill ~ ~2 ~ ~ ~2 ~ snow_layer 6",
            "/execute @s ~ ~ ~ detect ~ ~-2 ~ snow_layer 6 event entity @s minecraft:die",
            "/execute @s ~ ~ ~ detect ~ ~-2 ~ snow_layer 7 fill ~ ~2 ~ ~ ~2 ~ snow_layer 7",
            "/execute @s ~ ~ ~ detect ~ ~-2 ~ snow_layer 7 event entity @s minecraft:die",
            "/execute @s ~ ~ ~ detect ~ ~-2 ~ obsidian 0 event entity @s obsidian",
            "/execute @s ~ ~ ~ setblock ~ ~ ~ air",
            "/execute @s ~ ~ ~ detect ~ ~-2 ~ bedrock 0 setblock ~ ~ ~ bedrock"
],
  "0.15":["/fill ~1 ~-3 ~3 ~-1 ~6 ~-3 air 1 destroy",
          "/fill ~3 ~-3 ~1 ~-3 ~6 ~-1 air 1 destroy",
          "/fill ~2 ~-3 ~2 ~-2 ~6 ~-2 air 1 destroy",
          "/fill ~2 ~6 ~1 ~-2 ~-4 ~-1 air 1 destroy",
          "/fill ~1 ~6 ~2 ~-1 ~-4 ~-2 air 1 destroy",
          "/kill @e[type=item,r=15]" 
  ]
},
 "loop":true,
 "animation_length": 1000
   }
}
}
