{
"format_version":"1.10.0",
"particle_effect":{
"description":{
"identifier":"h2v:gaster_fire",
"basic_render_parameters":{
"material":"h2v_particles_alpha",
"texture":"1594011780554"
}
},
"components":{
"minecraft:emitter_local_space":{
"position":false,
"rotation":true
},
"minecraft:emitter_shape_sphere":{
"radius":0.1,
"offset":[0, 0, 0],
"direction":[0, -0.2, 0]
},
"minecraft:particle_motion_dynamic":{
"linear_acceleration":[0.4,0.4,0],
"linear_drag_coefficient":0,
"rotation_drag_coefficient":0
},


"minecraft:emitter_rate_instant":{
"num_particles":2
},

"minecraft:emitter_lifetime_looping":{
"active_time":0.05,
"sleep_time":0
},
"minecraft:particle_lifetime_expression":{
"max_lifetime":2
},

"minecraft:particle_appearance_billboard":{
"size":[
"0.1-(variable.particle_age>1?Math.min((variable.particle_age-1)*0.1,0.1):0)",
"0.1-(variable.particle_age>1?Math.min((variable.particle_age-1)*0.1,0.1):0)"
],
"facing_camera_mode":"lookat_xyz",
"minecraft:particle_appearance_lighting":{},

"uv":{
"texture_width":1,
"texture_height":1,
"uv":[0,0],
"uv_size":[1,1]
}
}
}
}
}


//by h2v wither 123