{
	"format_version":"1.10.0",
		"particle_effect":{
			"description":{
			"identifier":"h2v_gaster_bug",
				"basic_render_parameters":{
				"material":"particles_gaster_h2v_particles",
				"texture":"gaster_bug_v2"
			}
		},
			"components":{
				"minecraft:emitter_local_space":{
				"position":false,
				"rotation":false
			},
				"minecraft:emitter_shape_sphere":{
				"radius":4,
					"offset":[
					0,0,0
				],
					"direction":[
					0,0,0
				]
			},
				"minecraft:particle_motion_dynamic":{
					"linear_acceleration":[
					0,0,0
				],
				"linear_drag_coefficient":0,
				"rotation_drag_coefficient":0
			},
				"minecraft:emitter_rate_instant":{
				"num_particles":2
			},
				"minecraft:emitter_lifetime_looping":{
				"active_time":0.2,
				"sleep_time":0
			},
				"minecraft:particle_lifetime_expression":{
				"max_lifetime":1
			},
				"minecraft:particle_appearance_billboard":{
					"size":[
					"0.35",
					"0.3"
				],
				"facing_camera_mode":"lookat_xyz",
					"minecraft:particle_appearance_lighting":{
				},
					"uv":{
					"texture_width":1,
					"texture_height":2,
						"flipbook":{
							"base_UV":[
							0,0
						],
							"size_UV":[
							1,1
						],
							"step_UV":[
							0,1
						],
						"frames_per_second":4,
						"max_frame":7,
						"stretch_to_lifetime":false,
						"loop":true
					}
				}
			}
		}
	}
}