{
  "format_version": "1.12.0",
 "minecraft:entity": {
  "description": {
    "identifier":"mod:mutant_enderman_block",
    "is_spawnable": false,
    "is_summonable": true,
    "is_experimental": false,
    "runtime_identifier": "minecraft:snowball",
    "scripts": {
        "animate": [
          { "block": "query.is_powered" }
        ]
      },
      "animations": {
        "block": "controller.animation.medown"
      }
    },
  "component_groups": {
   "minecraft:exploding": {
   "minecraft:is_charged": {
        },
    "minecraft:explode": {
     "fuse_length": 0,
     "fuse_lit": true,
     "power": 0,
     "causes_fire": false,
         "breaks_blocks": true,
     "fire_affected_by_griefing": true,
     "destroy_affected_by_griefing": true
    }
   }
  },

  "components": {
  
        "minecraft:type_family": {
        "family": [ "projectile", "block", "inanimate" ]
      },
   "minecraft:collision_box": {
    "width": 0.8,
    "height": 0.1.2
   },
   "minecraft:scale": {
          "value": 1
        },
   "minecraft:projectile": {
    "onHit": {
                "mob_effect": {
          "effect": "slowness",
          "durationeasy": 3,
          "durationnormal": 5,
          "durationhard": 8,
          "amplifier": 2
      },
      "impact_damage": {
            "damage": 12,
            "knockback": true
        },
     "definition_event": {
      "affect_projectile": true,
      "event_trigger": {
         "event": "minecraft:explode",
          "target": "self"
      }
     }
    },
    "power": 1.5,
    "gravity": 0.08,
    "uncertainty_base": 0,
    "anchor": 1,
    "offset": [ -1.5, 0.5, 0 ]
   },
   "minecraft:physics": {
   },
   "minecraft:pushable": {
    "is_pushable": true,
    "is_pushable_by_piston": true
   }
  },
  "events": {
   "minecraft:explode": {
    "add": {
     "component_groups": [
      "minecraft:exploding"
     ]
    }
   }
  }
 }
}