{
    "format_version": "1.20.0",
    "minecraft:block": {
        "description": {
            "identifier": "ycreatures_savanna:avestruz_nest",
			"menu_category": {
				"category": "construction"
			}
        },
        "components": {
            "minecraft:material_instances": {
                "*": {
                    "texture": "eagle_nest_feathered",
                    "render_method": "alpha_test"
                }
            },
            "minecraft:collision_box": {
                "origin": [ -8, 0, -8 ],
                "size": [ 16, 2, 16 ]
            },
            "minecraft:selection_box": {
                "origin": [ -8, 0, -8 ],
                "size": [ 16, 4, 16 ]
            },
            "minecraft:random_ticking": {
                "on_tick": {
                  "event": "minecraft:chick_born",
                  "target": "self"
                }
            },
			"tag:ybrothershoeshovels": {},
            "minecraft:loot": "loot_tables/blocks/nest_stick.json",
            "minecraft:geometry": "geometry.eagle_nest_egg_stick",
            "minecraft:destructible_by_mining": {
		      "seconds_to_destroy": 0
	        },
	        "minecraft:destructible_by_explosion": {
		      "explosion_resistance": 0
	        },
            "minecraft:map_color": "#8B7355"
        },

        "events": {

            "minecraft:chick_born": {
                "randomize": [
                    {
                    "weight": 24,
                    "run_command": {
                        "command": [
                            "playsound fall.egg @a[r=8] ~ ~ ~ 8.0 1.0",
                            "particle minecraft:crop_growth_emitter ~ ~ ~"
                            ]
                        }
                    },
                    {
                    "weight": 1,
                    "run_command": {
                        "command": [
                            "playsound block.turtle_egg.crack @a[r=8] ~ ~ ~ 2.0 1.0",
                            "particle minecraft:crop_growth_emitter ~ ~ ~",
							"summon ycreatures_savanna:savanna_avestruz ~ ~ ~ facing ~ ~ ~ minecraft:entity_born",
                            "setblock ~ ~ ~ ycreatures_savanna:empty_nest"
                            ]
                        }
                    }
                ]
            }
        } 
    }
}