{
    "format_version": "1.20.0",
    "minecraft:block": {
        "description": {
            "identifier": "ycreatures_savanna:empty_nest",
			"menu_category": {
				"category": "construction"
			}
        },
        "components": {
            "minecraft:material_instances": {
                "*": {
                    "texture": "eagle_nest",
                    "render_method": "alpha_test"
                }
            },
            "minecraft:collision_box": {
                "origin": [ -8, 0, -8 ],
                "size": [ 16, 2, 16 ]
            },
            "minecraft:selection_box": {
                "origin": [ -8, 0, -8 ],
                "size": [ 16, 4, 16 ]
            },
			"minecraft:on_interact": {
              "event": "minecraft:put_optional_egg",
              "condition": "query.get_equipped_item_name('main_hand') =='avestruz_ovo' || query.get_equipped_item_name('main_hand') =='marabu_ovo' || query.get_equipped_item_name('main_hand') =='secretary_ovo'",
              "target": "self"
            },
			"tag:ybrothershoeshovels": {},
            "minecraft:loot": "loot_tables/blocks/nest_stick.json",
            "minecraft:geometry": "geometry.eagle_nest",
            "minecraft:destructible_by_mining": {
		      "seconds_to_destroy": 0
	        },
	        "minecraft:destructible_by_explosion": {
		      "explosion_resistance": 0
	        },
            "minecraft:map_color": "#8B7355"
        },
	    "events": {
		  "minecraft:put_optional_egg": {
		    "sequence": [
			{
			  "decrement_stack": {},
			  "run_command": {
		        "command":  [
				  "playsound block.composter.fill @a[r=12] ~ ~ ~ 6.0 1.0",
				  "particle minecraft:crop_growth_emitter ~ ~ ~"
				]
			  },
			  "condition": "query.get_equipped_item_name('main_hand') =='avestruz_ovo'",
              "set_block_at_pos": {
                "block_type": "ycreatures_savanna:avestruz_nest",
                "block_offset": [0, 0, 0]
                    }
                },
			{
			  "decrement_stack": {},
			  "run_command": {
		        "command":  [
				  "playsound block.composter.fill @a[r=12] ~ ~ ~ 6.0 1.0",
				  "particle minecraft:crop_growth_emitter ~ ~ ~"
				]
			  },
			  "condition": "query.get_equipped_item_name('main_hand') =='secretary_ovo'",
              "set_block_at_pos": {
                "block_type": "ycreatures_savanna:secretary_nest",
                "block_offset": [0, 0, 0]
                    }
                },
			{
			  "decrement_stack": {},
			  "condition": "query.get_equipped_item_name('main_hand') =='marabu_ovo'",
              "set_block_at_pos": {
                "block_type": "ycreatures_savanna:marabu_nest",
                "block_offset": [0, 0, 0]
            },
			  "run_command": {
			 	 "command": [
						"playsound block.composter.fill @a[r=12] ~ ~ ~ 6.0 0.4",
				        "particle minecraft:crop_growth_emitter ~ ~ ~"
				            ]
			            }
                    }
                ]
		    }
        }
    }
}