{
    "format_version": "1.20.0",
    "minecraft:block": {
        "description": {
            "identifier": "ycreatures_savanna:spawn_nomad"
        },
        "components": {
            "minecraft:loot": "loot_tables/empty_loot.json",
            "minecraft:unit_cube": {},
			"tag:ybrotherstones": {},
            "minecraft:destructible_by_mining": false,
			"minecraft:destructible_by_explosion": false,
            "minecraft:map_color": "#BEBEBE",
			"minecraft:random_ticking": {
			  "on_tick": {
			    "event": "minecraft:spawning",
			    "target": "self"
		        }
	        }
        },
	    "events": {
		  "minecraft:spawning": {
			"randomize": [
			{
			  "weight": 4,
              "run_command": {
			 	 "command": [
							"summon ycreatures_savanna:savanna_nomad ~ ~1 ~ facing ~ ~ ~ minecraft:entity_spawned",
							"setblock ~ ~ ~ ycreatures_savanna:strata_carved"
				            ]
			            }
		 	        },
			{
			  "weight": 6,
              "run_command": {
			 	 "command": [
							"summon ycreatures_savanna:savanna_nomad ~ ~1 ~ facing ~ ~ ~ minecraft:entity_spawned",
							"summon ycreatures_savanna:savanna_nomad ~ ~1 ~ facing ~ ~ ~ minecraft:entity_spawned",
							"setblock ~ ~ ~ ycreatures_savanna:strata_carved"
				            ]
			            }
		 	        },
			{
			  "weight": 6,
              "run_command": {
			 	 "command": [
							"summon ycreatures_savanna:savanna_nomad ~ ~1 ~ facing ~ ~ ~ minecraft:entity_spawned",
							"summon ycreatures_savanna:savanna_nomad ~ ~1 ~ facing ~ ~ ~ minecraft:entity_spawned",
							"summon ycreatures_savanna:savanna_nomad ~ ~1 ~ facing ~ ~ ~ minecraft:entity_spawned",
							"setblock ~ ~ ~ ycreatures_savanna:strata_carved"
				            ]
			            }
		 	        },
			{
			  "weight": 1,
              "run_command": {
			 	 "command": [
							"summon ycreatures_savanna:savanna_rinoceronte ~ ~1 ~ facing ~ ~ ~ minecraft:entity_spawned_nomad",
							"summon ycreatures_savanna:savanna_nomad ~ ~1 ~ facing ~ ~ ~ minecraft:entity_spawned",
							"setblock ~ ~ ~ ycreatures_savanna:strata_carved"
				            ]
			            }
		 	        }
				]
			}
		}
    }
}