{
    "format_version": "1.20.0",
    "minecraft:block": {
        "description": {
            "identifier": "ycreatures_savanna:strata_polished",
			"menu_category": {
				"category": "construction"
			}
        },
        "components": {
            "minecraft:loot": "loot_tables/empty_loot.json",
            "minecraft:unit_cube": {},
            "minecraft:destructible_by_mining": {
				"seconds_to_destroy": 3.0
			},
			"minecraft:destructible_by_explosion": {
				"explosion_resistance": 4
			},
            "minecraft:map_color": "#b49268",
			"tag:ybrothersstones": {},
			"minecraft:on_player_destroyed": {
				"event": "minecraft:pick_block",
				"condition": "query.equipped_item_any_tag('slot.weapon.mainhand', 'minecraft:is_pickaxe')",
				"target": "self"
			}
        },
	    "events": {
		"minecraft:pick_block": {
			"spawn_loot": {
				"table": "loot_tables/blocks/strata_polished.json"
			    }
		    }
        }
    }
}