{
    "format_version": "1.20.0",
    "minecraft:block": {
        "description": {
            "identifier": "ycreatures_savanna:termite_nest_sawdusted",
			"menu_category": {
				"category": "construction"
			}
        },
        "components": {
            "minecraft:loot": "loot_tables/empty_loot.json",
			"minecraft:on_interact": {
                "event": "event:collect_sawdust",
                "target": "self"
            },
			"minecraft:on_player_destroyed": {
				"event": "minecraft:pick_block",
				"condition": "query.equipped_item_any_tag('slot.weapon.mainhand', 'minecraft:is_shovel') || query.equipped_item_any_tag('slot.weapon.mainhand', 'minecraft:is_hoe')",
				"target": "self"
			},
			"tag:ybrothershoeshovels": {},
            "minecraft:unit_cube": {},
            "minecraft:destructible_by_mining": {
		      "seconds_to_destroy": 2
	        },
	        "minecraft:destructible_by_explosion": {
		      "explosion_resistance": 0
	        },
            "minecraft:map_color": "#947c4f",
			"minecraft:on_fall_on": {
              "event": "minecraft:optional_bother_termites",
			  "condition": "!query.is_sneaking && query.has_any_family('player')",
			  "min_fall_distance": 1.0,
              "target": "self"
            }
        },
		"events": {
		"minecraft:pick_block": {
			"spawn_loot": {
				"table": "loot_tables/blocks/termite_nest_disocupate.json"
			    },
			"run_command": {
				"target": "self",
				"command": [
					"summon ycreatures_savanna:savanna_cupim ~ ~ ~ facing ~ ~ ~ minecraft:termite_from_wood"
					]
				}
		    },
		"event:collect_sawdust": {
			"spawn_loot": {
				"table": "loot_tables/blocks/sawdust_for_nest.json"
			},
			"run_command": {
				"target": "self",
				"command": [
					   "setblock ~ ~ ~ ycreatures_savanna:termite_nest",
					   "playsound use.grass @a[r=12] ~ ~ ~ 8.0 1.0",
					   "playsound mob.chicken.plop @a[r=12] ~ ~ ~ 0.5 1.0"
					]
				}
		    },
		"minecraft:optional_bother_termites": {
		  "randomize": [
		    {
			  "weight": 3
		 	},
			{
			  "weight": 1,
                "run_command": {
				"target": "self",
				"command": [
					"summon ycreatures_savanna:savanna_cupim ~ ~ ~ facing ~ ~ ~ minecraft:termite_from_wood",
					"playsound block.beehive.exit @a[r=16] ~ ~ ~ 8.0 1.0",
					"setblock ~ ~ ~ ycreatures_savanna:termite_nest_disocupate"
					        ]
				        },
				"spawn_loot": {
				    "table": "loot_tables/blocks/sawdust_for_nest.json"
			            }
		 	        }
		        ]
		    }
		}
    }
}