{
	"format_version": "1.8.0",
	"animations": {
		"animation.weezing.quiet": {
			"loop": true,
			"animation_length": 1.6,
			"bones": {
				"weezing": {
					"position": {
						"0.0": [0, 1, -1],
						"0.4": [0, 0, 0],
						"0.8": [0, 1, 1],
						"1.2": [0, 0, 0],
						"1.6": [0, 1, -1]
					}
				}
			}
		},
		"animation.weezing.walk": {
			"loop": true,
			"animation_length": 0.8,
			"bones": {
				"weezing": {
					"position": {
						"0.0": [0, 2, 0],
						"0.2": [-1, 1.5, 0],
						"0.4": [0, 1, 0],
						"0.6": [1, 1.5, 0],
						"0.8": [0, 2, 0]
					}
				}
			}
		},
		"animation.weezing.sitting": {
			"loop": true,
			"bones": {
				"weezing": {
					"rotation": [25, -5, -15],
					"position": [1, 1, 2]
				}
			}
		},
		"animation.weezing.attack": {
			"loop": true,
			"bones": {
				"weezing": {
					"scale": [1.3, 1, 1.3]
				}
			}
		},
		"animation.weezing.direction": {
			"loop": true,
			"bones": {
				"weezing": {
					"rotation": [ "query.vertical_speed * -3.0", 0, "-math.max(-20,math.min(20,query.yaw_speed))"]
				}
			}
		},
        "animation.weezing.health_bar":{
            "loop":true,
            "bones":{
                "health_hover":{
    "rotation":["q.camera_rotation(0)","q.camera_rotation(1)-q.body_y_rotation",0],
	"position": [0,23,0],
    "scale":"query.is_in_ui?0:1.5"
                },
				"bar_green": {
					"scale": ["query.health/query.max_health*1", 1, 1]
				},
				"bar_black": {
					"scale": ["(1)+(query.health/query.max_health*-1)", 1, 1]
				}
			}
        }
	}
}