{
	"format_version": "1.10.0",
	"render_controllers": {
		"controller.render.formidibomb": {
			"part_visibility": [
				{
					"*": "query.is_sheared"
				}
			],
			"geometry": "geometry.ignite",
			"materials": [
				{
					"*": "material.ignite"
				}
			],
			"textures": [
				"texture.ignite"
			],
			"light_color_multiplier": 1.25,
			"ignore_lighting": true,
			"is_hurt_color": {
				"r": 0,
				"g": 0,
				"b": 0,
				"a": 0
			},
			"on_fire_color": {
				"r": 0,
				"g": 0,
				"b": 0,
				"a": 0
			}
		},
		"controller.render.formidibomb_particle": {
			"geometry": "geometry.default",
			"materials": [
				{
					"*": "material.default"
				}
			],
			"textures": [
				"texture.default"
			],
			"light_color_multiplier": 1.5,
			"ignore_lighting": true,
			"is_hurt_color": {
				"r": 0,
				"g": 0,
				"b": 0,
				"a": 0
			},
			"on_fire_color": {
				"r": 0,
				"g": 0,
				"b": 0,
				"a": 0
			}
		},
		"controller.render.super_tnt_side": {
			"arrays": {
				"textures": {
					"Array.ignition": [
						"Texture.default",
						"Texture.ignite",
						"Texture.default"
					]
				}
			},
			"geometry": "geometry.default",
			"materials": [
				{
					"*": "material.default"
				}
			],
			"textures": [
				"array.ignition[query.variant]"
			],
			"is_hurt_color": {
				"r": 0,
				"g": 0,
				"b": 0,
				"a": 0
			},
			"on_fire_color": {
				"r": 0,
				"g": 0,
				"b": 0,
				"a": 0
			}
		},
		"controller.render.super_tnt_top": {
			"arrays": {
				"textures": {
					"Array.ignition": [
						"Texture.top",
						"Texture.ignite",
						"Texture.top"
					]
				}
			},
			"geometry": "geometry.top",
			"materials": [
				{
					"*": "material.default"
				}
			],
			"textures": [
				"array.ignition[query.variant]"
			],
			"is_hurt_color": {
				"r": 0,
				"g": 0,
				"b": 0,
				"a": 0
			},
			"on_fire_color": {
				"r": 0,
				"g": 0,
				"b": 0,
				"a": 0
			}
		},
		"controller.render.super_tnt_bottom": {
			"arrays": {
				"textures": {
					"Array.ignition": [
						"Texture.bottom",
						"Texture.ignite",
						"Texture.bottom"
					]
				}
			},
			"geometry": "geometry.bottom",
			"materials": [
				{
					"*": "material.default"
				}
			],
			"textures": [
				"array.ignition[query.variant]"
			],
			"is_hurt_color": {
				"r": 0,
				"g": 0,
				"b": 0,
				"a": 0
			},
			"on_fire_color": {
				"r": 0,
				"g": 0,
				"b": 0,
				"a": 0
			}
		}
	}
}