{
	"format_version": "1.8.0",
	"render_controllers": {
		"controller.render.command_block_crack": {
			"arrays": {
				"textures": {
					"Array.cracks": [
						"Texture.crack4",
						"Texture.crack3",
						"Texture.crack2",
						"Texture.crack1",
						"Texture.command_block"
					]
				}
			},
			"is_hurt_color": {
				"r": 0,
				"g": 0,
				"b": 0,
				"a": 0
			},
			"geometry": "geometry.command_block",
			"materials": [
				{
					"*": "material.crack"
				}
			],
			"textures": [
				"array.cracks[math.clamp(query.health/14,0,4)]"
			]
		}
	}
}