{
	"format_version": "1.10.0",
	"render_controllers": {
		"controller.render.sick": {
			"part_visibility": [
				{
					"*": "query.is_shaking"
				}
			],
			"geometry": "geometry.sick",
			"materials": [
				{
					"*": "material.sick"
				}
			],
			"textures": [
				"texture.sick"
			]
		},
		"controller.render.sick2": {
			"part_visibility": [
				{
					"*": "query.is_shaking&&query.is_sheared"
				}
			],
			"geometry": "geometry.sick",
			"materials": [
				{
					"*": "material.sick"
				}
			],
			"textures": [
				"texture.sick"
			]
		}
	}
}