{
	"format_version": "1.10.0",
	"render_controllers": {
		"controller.render.commanded_wither": {
			"arrays": {
				"textures": {
					"Array.wither_state": [
						"Texture.invulnerable",
						"Texture.default"
					]
				}
			},
			"part_visibility": [
				{
					"head1": "query.mark_variant<=3"
				},
				{
					"ws_head": "query.mark_variant>=4"
				},
				{
					"jaw": "query.mark_variant>=4"
				},
				{
					"1_1": "query.mark_variant>=6"
				},
				{
					"1_2": "query.mark_variant>=6"
				},
				{
					"1_3": "query.mark_variant>=6"
				},
				{
					"1_4": "query.mark_variant>=6"
				},
				{
					"1_5": "query.mark_variant>=6"
				},
				{
					"1_6": "query.mark_variant>=6"
				},
				{
					"2_1": "query.mark_variant>=6"
				},
				{
					"2_2": "query.mark_variant>=6"
				},
				{
					"2_3": "query.mark_variant>=6"
				},
				{
					"2_4": "query.mark_variant>=6"
				},
				{
					"2_5": "query.mark_variant>=6"
				},
				{
					"2_6": "query.mark_variant>=6"
				},
				{
					"3_1": "query.mark_variant>=6"
				},
				{
					"3_2": "query.mark_variant>=6"
				},
				{
					"3_3": "query.mark_variant>=6"
				},
				{
					"3_4": "query.mark_variant>=6"
				},
				{
					"3_5": "query.mark_variant>=6"
				},
				{
					"3_6": "query.mark_variant>=6"
				},
				{
					"upperBodyPart2": "query.mark_variant<=5"
				},
				{
					"upperBodyPart3": "query.mark_variant<=2"
				},
				{
					"command_block": "query.mark_variant<=5"
				}
			],
			"geometry": "geometry.default",
			"materials": [
				{
					"*": "material.default"
				}
			],
			"textures": [
				"array.wither_state[variable.display_normal_skin]"
			],
			"overlay_color": {
				"r": "variable.is_invulnerable?1:this",
				"g": "variable.is_invulnerable?1:this",
				"b": "variable.is_invulnerable?1:this",
				"a": "variable.is_invulnerable?query.overlay_alpha:this"
			}
		},
		"controller.render.flaming_wither_skull": {
			"geometry": "geometry.fire",
			"materials": [
				{
					"*": "material.default"
				}
			],
			"textures": [
				"texture.fire"
			],
			"uv_anim": {
				"offset": [
					0,
					"math.mod(math.floor(query.life_time*22),32)/32"
				],
				"scale": [
					1,
					"0.03125"
				]
			},
			"on_fire_color": {
				"r": 0,
				"g": 0,
				"b": 0,
				"a": 0
			},
			"light_color_multiplier": 1,
			"ignore_lighting": true
		},
		"controller.render.wither_storm_pulse1": {
			"geometry": "geometry.pulse1",
			"materials": [
				{
					"*": "material.pulse"
				}
			],
			"textures": [
				"texture.pulse1"
			],
			"uv_anim": {
				"offset": [
					0,
					"math.mod(math.floor(query.life_time*8),20)/20"
				],
				"scale": [
					1,
					"0.05"
				]
			},
			"light_color_multiplier": 1.5,
			"ignore_lighting": true,
			"is_hurt_color": {
				"r": 0,
				"g": 0,
				"b": 0,
				"a": 0
			}
		},
		"controller.render.wither_storm_pulse2": {
			"geometry": "geometry.pulse2",
			"materials": [
				{
					"*": "material.pulse"
				}
			],
			"textures": [
				"texture.pulse2"
			],
			"uv_anim": {
				"offset": [
					0,
					"math.mod(math.floor(query.life_time*8),20)/20"
				],
				"scale": [
					1,
					"0.05"
				]
			},
			"light_color_multiplier": 1.5,
			"ignore_lighting": true,
			"is_hurt_color": {
				"r": 0,
				"g": 0,
				"b": 0,
				"a": 0
			}
		},
		"controller.render.wither_storm_pulse3": {
			"geometry": "geometry.pulse3",
			"materials": [
				{
					"*": "material.pulse"
				}
			],
			"textures": [
				"texture.pulse3"
			],
			"uv_anim": {
				"offset": [
					0,
					"math.mod(math.floor(query.life_time*8),30)/30"
				],
				"scale": [
					1,
					"0.03333333333333333"
				]
			},
			"light_color_multiplier": 1.5,
			"ignore_lighting": true,
			"is_hurt_color": {
				"r": 0,
				"g": 0,
				"b": 0,
				"a": 0
			}
		},
		"controller.render.glow": {
			"geometry": "geometry.glow",
			"materials": [
				{
					"*": "material.death_material"
				}
			],
			"textures": [
				"texture.glow"
			],
			"part_visibility": [
				{
					"*": "query.is_alive&&(query.time_of_day <= 0.24 || query.time_of_day >= 0.76)"
				}
			],
			"is_hurt_color": {
				"r": 0,
				"g": 0,
				"b": 0,
				"a": 0
			},
			"light_color_multiplier": 1.25,
			"ignore_lighting": true
		},
		"controller.render.commanded_wither.beam": {
			"geometry": "geometry.beam",
			"part_visibility": [
				{
					"*": "!query.is_sheared&&query.skin_id==1"
				}
			],
			"materials": [
				{
					"*": "material.beam"
				}
			],
			"textures": [
				"texture.beam"
			],
			"light_color_multiplier": 0.7,
			"ignore_lighting": true,
			"on_fire_color": {
				"r": 0,
				"g": 0,
				"b": 0,
				"a": 0
			},
			"is_hurt_color": {
				"r": 0,
				"g": 0,
				"b": 0,
				"a": 0
			}
		},
		"controller.render.wither_storm_fragment": {
			"geometry": "geometry.fragments",
			"materials": [
				{
					"*": "material.fragments"
				}
			],
			"textures": [
				"texture.fragments"
			],
			"ignore_lighting": true,
			"is_hurt_color": {
				"r": 0,
				"g": 0,
				"b": 0,
				"a": 0
			}
		},
		"controller.render.soon": {
			"geometry": "geometry.soon",
			"materials": [
				{
					"*": "material.fragments"
				}
			],
			"textures": [
				"texture.soon"
			],
			"part_visibility": [
				{
					"*": "query.is_alive&&query.mark_variant==8"
				}
			],
			"ignore_lighting": true,
			"is_hurt_color": {
				"r": 0,
				"g": 0,
				"b": 0,
				"a": 0
			}
		},
		"controller.render.wither_storm_stages": {
			"arrays": {
				"geometries": {
					"Array.stages": [
						"Geometry.storm",
						"Geometry.destroyer_subphase",
						"Geometry.redstonia",
						"Geometry.redstonia_subphase",
						"Geometry.devour",
						"Geometry.devour_severed",
						"Geometry.devour_severed2",
						"Geometry.devour_final",
						"Geometry.devour_final2"
					]
				}
			},
			"geometry": "array.stages[query.mark_variant]",
			"materials": [
				{
					"*": "material.default"
				}
			],
			"textures": [
				"texture.storm"
			],
			"light_color_multiplier": 1.5,
			"ignore_lighting": true,
			"filter_lighting": true
		},
		"controller.render.wither_storm_severeddead": {
			"arrays": {
				"geometries": {
					"Array.variant": [
						"Geometry.default",
						"Geometry.def2"
					]
				}
			},
			"geometry": "array.variant[query.mark_variant]",
			"materials": [
				{
					"*": "material.default"
				}
			],
			"textures": [
				"texture.default"
			],
			"ignore_lighting": true
		},
		"controller.render.wither_storm_play_death": {
			"geometry": "geometry.default",
			"materials": [
				{
					"*": "material.default"
				}
			],
			"textures": [
				"texture.default"
			],
			"ignore_lighting": true
		},
		"controller.render.wither_storm_death_pre_pass": {
			"arrays": {
				"geometries": {
					"Array.stages": [
						"Geometry.storm",
						"Geometry.destroyer_subphase",
						"Geometry.redstonia",
						"Geometry.redstonia_subphase",
						"Geometry.devour",
						"Geometry.devour_severed",
						"Geometry.devour_severed2",
						"Geometry.devour_final",
						"Geometry.devour_final2"
					]
				}
			},
			"geometry": "array.stages[query.mark_variant]",
			"materials": [
				{
					"*": "material.dissolve_0"
				}
			],
			"textures": [
				"texture.exploding2"
			],
			"part_visibility": [
				{
					"*": "query.death_ticks > 1.0"
				}
			],
			"is_hurt_color": {
				"r": "this",
				"g": "this",
				"b": "this",
				"a": "query.death_ticks>1?variable.death_alpha:this"
			},
			"light_color_multiplier": 1.5,
			"ignore_lighting": true
		},
		"controller.render.wither_storm_death_main_pass": {
			"arrays": {
				"geometries": {
					"Array.stages": [
						"Geometry.storm",
						"Geometry.destroyer_subphase",
						"Geometry.redstonia",
						"Geometry.redstonia_subphase",
						"Geometry.devour",
						"Geometry.devour_severed",
						"Geometry.devour_severed2",
						"Geometry.devour_final",
						"Geometry.devour_final2"
					]
				}
			},
			"geometry": "array.stages[query.mark_variant]",
			"materials": [
				{
					"*": "material.dissolve_1"
				}
			],
			"textures": [
				"texture.storm"
			],
			"light_color_multiplier": 1.5,
			"ignore_lighting": true
		},
		"controller.render.wither_storm_block_fragment": {
			"geometry": "geometry.block_fragments",
			"materials": [
				{
					"*": "material.default"
				}
			],
			"textures": [
				"texture.storm"
			],
			"ignore_lighting": true,
			"is_hurt_color": {
				"r": 0,
				"g": 0,
				"b": 0,
				"a": 0
			}
		},
		"controller.render.commanded_wither.hunchback": {
			"geometry": "geometry.hunchback",
			"part_visibility": [
				{
					"hunchback1": "query.mark_variant==1"
				},
				{
					"hunchback2": "query.mark_variant==2"
				},
				{
					"hunchback3": "query.mark_variant==3"
				},
				{
					"hunchback4": "query.mark_variant==4"
				},
				{
					"hunchback5": "query.mark_variant==5"
				},
				{
					"hunchback6": "query.mark_variant==6"
				},
				{
					"hunchback7": "query.mark_variant==7"
				},
				{
					"hunchback8": "query.mark_variant==8"
				},
				{
					"frag1_1": "query.mark_variant>=6"
				},
				{
					"frag1_2": "query.mark_variant>=6"
				},
				{
					"frag1_3": "query.mark_variant>=6"
				},
				{
					"frag1_4": "query.mark_variant>=6"
				},
				{
					"frag1_5": "query.mark_variant>=6"
				},
				{
					"frag1_6": "query.mark_variant>=6"
				},
				{
					"frag2_1": "query.mark_variant>=6"
				},
				{
					"frag2_2": "query.mark_variant>=6"
				},
				{
					"frag2_3": "query.mark_variant>=6"
				},
				{
					"frag2_4": "query.mark_variant>=6"
				},
				{
					"frag2_5": "query.mark_variant>=6"
				},
				{
					"frag2_6": "query.mark_variant>=6"
				},
				{
					"frag2_7": "query.mark_variant>=6"
				},
				{
					"frag3_1": "query.mark_variant>=6"
				},
				{
					"frag3_2": "query.mark_variant>=6"
				},
				{
					"frag4_1": "query.mark_variant>=6"
				},
				{
					"frag5_1": "query.mark_variant>=6"
				}
			],
			"materials": [
				{
					"*": "material.default"
				}
			],
			"textures": [
				"texture.default"
			],
			"filter_lighting": true,
			"light_color_multiplier": 1.5,
			"ignore_lighting": true,
			"is_hurt_color": {
				"r": 0,
				"g": 0,
				"b": 0,
				"a": 0
			},
			"on_fire_color": {
				"r": 0,
				"g": 0,
				"b": 0,
				"a": 0
			}
		},
		"controller.render.wither_storm": {
			"geometry": "geometry.default",
			"materials": [
				{
					"*": "material.default"
				}
			],
			"textures": [
				"texture.default"
			],
			"light_color_multiplier": 1,
			"ignore_lighting": true
		},
		"controller.render.wither_storm_beam": {
			"geometry": "geometry.beam",
			"part_visibility": [
				{
					"*": "!query.is_sheared"
				}
			],
			"materials": [
				{
					"*": "material.beam"
				}
			],
			"textures": [
				"texture.beam"
			],
			"is_hurt_color": {
				"r": 0,
				"g": 0,
				"b": 0,
				"a": 0
			},
			"light_color_multiplier": 0.7,
			"ignore_lighting": true
		},
		"controller.render.wither_storm_emissive": {
			"arrays": {
				"textures": {
					"Array.hurt": [
						"Texture.emissive",
						"Texture.emissive_hurt"
					]
				}
			},
			"geometry": "geometry.default",
			"materials": [
				{
					"*": "material.emissive"
				}
			],
			"is_hurt_color": {
				"r": 0,
				"g": 0,
				"b": 0,
				"a": 0
			},
			"textures": [
				"array.hurt[query.is_sheared]"
			],
			"light_color_multiplier": 1.5,
			"ignore_lighting": true
		},
		"controller.render.commanded_wither.emissive": {
			"arrays": {
				"textures": {
					"Array.hurt": [
						"Texture.emissive",
						"Texture.emissive_hurt"
					]
				}
			},
			"part_visibility": [
				{
					"ws_head": "query.mark_variant>=4"
				},
				{
					"jaw": "query.mark_variant>=4"
				}
			],
			"geometry": "geometry.default",
			"materials": [
				{
					"*": "material.emissive"
				}
			],
			"textures": [
				"array.hurt[query.is_sheared]"
			],
			"on_fire_color": {
				"r": 0,
				"g": 0,
				"b": 0,
				"a": 0
			},
			"light_color_multiplier": 1.5,
			"ignore_lighting": true,
			"overlay_color": {
				"r": "variable.is_invulnerable?1:this",
				"g": "variable.is_invulnerable?1:this",
				"b": "variable.is_invulnerable?1:this",
				"a": "variable.is_invulnerable?query.overlay_alpha:this"
			}
		}
	}
}