{
	"format_version": "1.10.0",
	"render_controllers": {
		"controller.render.withered_symbiont": {
			"geometry": "geometry.emissive",
			"materials": [
				{
					"*": "material.emissive"
				}
			],
			"textures": [
				"texture.emissive"
			],
			"light_color_multiplier": 1.25,
			"ignore_lighting": true
		},
		"controller.render.withered_symbiont_stun": {
			"part_visibility": [
				{
					"*": "query.is_stunned"
				}
			],
			"geometry": "geometry.emissive",
			"materials": [
				{
					"*": "material.emissive"
				}
			],
			"textures": [
				"texture.stun"
			],
			"light_color_multiplier": 1.25,
			"ignore_lighting": true
		},
		"controller.render.symbiont_arrow": {
			"geometry": "geometry.arrow",
			"materials": [
				{
					"*": "material.default"
				}
			],
			"textures": [
				"texture.arrow"
			]
		},
		"controller.render.symbiont_bullet": {
			"geometry": "geometry.bullet",
			"materials": [
				{
					"*": "material.default"
				}
			],
			"textures": [
				"texture.bullet"
			]
		},
		"controller.render.symbiont_fireball": {
			"geometry": "geometry.fireball",
			"materials": [
				{
					"*": "material.default"
				}
			],
			"textures": [
				"texture.fireball"
			]
		}
	}
}