{
	"format_version": "1.8.0",
	"animations": {
		"animation.umbreon.quiet": {
			"loop": true,
			"animation_length": 1.6,
			"bones": {
				"umbreon": {
					"position": {
						"0.0": [0, 0, 0],
						"0.8": [0, 0, -1],
						"1.6": [0, 0, 0]
					}
				},
				"head": {
					"rotation": {
						"0.0": [0, 0, 0],
						"1.0": [5, 0, 0],
						"1.6": [0, 0, 0]
					}
				},
				"tail_root": {
					"rotation": {
						"0.0": [40, 0, 0],
						"1.0": [60, 0, 0],
						"1.6": [40, 0, 0]
					}
				},
				"tail_mid": {
					"rotation": {
						"0.0": [30, 0, 0],
						"0.8": [40, 0, 0],
						"1.6": [30, 0, 0]
					}
				},
				"front_legs": {
					"rotation": {
						"0.0": [0, 0, 0],
						"0.8": [10, 0, 0],
						"1.6": [0, 0, 0]
					}
				},
				"right_front_leg": {
					"rotation": [-15, 0, -0]
				},
				"left_front_leg": {
					"rotation": [15, 0, 0]
				},
				"back_legs": {
					"rotation": {
						"0.0": [0, 0, 0],
						"0.8": [10, 0, 0],
						"1.6": [0, 0, 0]
					}
				}
			}
		},
		"animation.umbreon.walk": {
			"loop": true,
			"animation_length": 0.6,
			"bones": {
				"umbreon": {
					"rotation": {
						"0.0": [-5, 0, 0],
						"0.2": [5, 0, 0],
						"0.6": [-5, 0, 0]
					},
					"position": {
						"0.0": [0, 1, 0],
						"0.1": [0, 1, 0],
						"0.4": [0, 0, 0],
						"0.6": [0, 1, 0]
					}
				},
				"head": {
					"position": {
						"0.0": [0, 0, 0],
						"0.3": [0, -1, -0.5],
						"0.6": [0, 0, 0]
					}
				},
				"tail_root": {
					"rotation": {
						"0.0": [-15, 0, 0],
						"0.3": [35, 0, 0],
						"0.6": [-15, 0, 0]
					}
				},
				"front_legs": {
					"rotation": {
						"0.0": [-60, 0, 0],
						"0.2": [40, 0, 0],
						"0.6": [-60, 0, 0]
					},
					"position": {
						"0.0": [0, 1, -1],
						"0.2": [0, 0, 0],
						"0.6": [0, 1, -1]
					}
				},
				"back_legs": {
					"rotation": {
						"0.0": [45, 0, 0],
						"0.4": [-45, 0, 0],
						"0.6": [45, 0, 0]
					},
					"position": {
						"0.0": [0, 0, 0],
						"0.4": [0, 0, -1],
						"0.6": [0, 0, 0]
					}
				}
			}
		},
		"animation.umbreon.sitting": {
			"loop": true,
			"bones": {
				"head": {
					"position": [0, 2, 2]
				},
				"body": {
					"rotation": [-45, 0, 0]
				},
				"tail_root": {
					"rotation": [70, 0, 0]
				},
				"tail_mid": {
					"rotation": [35, 0, 0]
				},
				"front_legs": {
					"position": [0, 1, 1],
					"scale": [1, 1.2, 1]
				},
				"back_legs": {
					"position": [0, -3, -1]
				},
				"right_back_paw": {
					"position": [0, 3, -4]
				},
				"left_back_paw": {
					"position": [0, 3, -4]
				}
			}
		},
		"animation.umbreon.jump": {
			"loop": true,
			"bones": {
				"umbreon": {
					"rotation": [-15, 0, 0],
					"position": [0, 0, -2]
				},
				"head": {
					"rotation": [15, 0, 0],
					"position": [0, -1, -1]
				},
				"tail_mid": {
					"rotation": [20, 0, 0]
				},
				"front_legs": {
					"rotation": [-60, 0, 0],
					"position": [0, 1, -1]
				},
				"back_legs": {
					"rotation": [50, 0, 0]
				}
			}
		},
		"animation.umbreon.attack": {
			"loop": true,
			"bones": {
				"head": {
					"position": [0, -2, -1]
				},
				"body": {
					"rotation": [15, 0, 0],
					"position": [0, -1, 0]
				},
				"tail_root": {
					"rotation": [50, 35, 35],
					"position": [1, 0, 0]
				},
				"front_legs": {
					"rotation": [-40, 0, 0],
					"position": [0, -1, -1]
				}
			}
		},
		"animation.umbreon.swimming": {
			"loop": true,
			"animation_length": 0.8,
			"bones": {
				"umbreon": {
					"position": {
						"0.0": [0, 1, 0],
						"0.2": [0, 0, 0],
						"0.8": [0, 1, 0]
					}
				},
				"head": {
					"position": [0, 1, 1]
				},
				"body": {
					"rotation": {
						"0.0": [-15, 0, 0],
						"0.6": [-10, 0, 0],
						"0.8": [-15, 0, 0]
					}
				},
				"tail_root": {
					"rotation": {
						"0.0": [-15, 0, 0],
						"0.4": [-25, 0, 0],
						"0.8": [-15, 0, 0]
					}
				},
				"tail_mid": {
					"rotation": {
						"0.0": [-15, 0, 0],
						"0.52": [-25, 0, 0],
						"0.8": [-15, 0, 0]
					}
				},
				"tail_top": {
					"rotation": {
						"0.0": [-15, 0, 0],
						"0.6": [-25, 0, 0],
						"0.8": [-15, 0, 0]
					}
				},
				"right_front_leg": {
					"rotation": {
						"0.0": [25, 0, 0],
						"0.2": [-25, 0, 0],
						"0.4": [25, 0, 0],
						"0.6": [-25, 0, 0],
						"0.8": [25, 0, 0]
					}
				},
				"left_front_leg": {
					"rotation": {
						"0.0": [-25, 0, 0],
						"0.2": [25, 0, 0],
						"0.4": [-25, 0, 0],
						"0.6": [25, 0, 0],
						"0.8": [-25, 0, 0]
					}
				},
				"right_back_leg": {
					"rotation": {
						"0.0": [15, 0, 0],
						"0.2": [-15, 0, 0],
						"0.4": [15, 0, 0],
						"0.6": [-15, 0, 0],
						"0.8": [15, 0, 0]
					}
				},
				"left_back_leg": {
					"rotation": {
						"0.0": [-15, 0, 0],
						"0.2": [15, 0, 0],
						"0.4": [-15, 0, 0],
						"0.6": [15, 0, 0],
						"0.8": [-15, 0, 0]
					}
				}
			}
		},
        "animation.umbreon.health_bar":{
            "loop":true,
            "bones":{
                "health_hover":{
    "rotation":["q.camera_rotation(0)","q.camera_rotation(1)-q.body_y_rotation",0],
	"position": [0,27,0],
    "scale":"query.is_in_ui?0:1.5"
                },
				"bar_green": {
					"scale": ["query.health/query.max_health*1", 1, 1]
				},
				"bar_black": {
					"scale": ["(1)+(query.health/query.max_health*-1)", 1, 1]
				}
			}
        }
	}
}