{
	"format_version": "1.8.0",
	"animations": {
		"animation.ledyba.quiet": {
			"loop": true,
			"animation_length": 1.6,
			"bones": {
				"body_root": {
					"rotation": {
						"0.0": [0, 0, 0],
						"0.8": [-5, 0, 0],
						"1.6": [0, 0, 0]
					}
				},
				"head": {
					"position": {
						"0.0": [0, -1, 0],
						"0.8": [0, 0, 0],
						"1.6": [0, -1, 0]
					}
				}
			}
		},
		"animation.ledyba.walk": {
			"loop": true,
			"animation_length": 0.6,
			"bones": {
				"ledyba": {
					"rotation": [-30, 0, 0],
					"position": {
						"0.0": [0, 3, -2],
						"0.3": [0, 2, -2],
						"0.6": [0, 3, -2]
					}
				},
				"head": {
					"rotation": [30, 0, 0],
					"position": {
						"0.0": [0, -1, 0],
						"0.4": [0, -1.5, 0],
						"0.6": [0, -1, 0]
					}
				},
				"top_wing_right": {
					"rotation": [90, 0, -45],
					"position": [1, -3, 0]
				},
				"top_wing_left": {
					"rotation": [90, 0, 45],
					"position": [-1, -3, 0]
				},
				"flying_wings": {
					"rotation": {
						"0.0": [45, 0, 0],
						"0.1": [15, 0, 0],
						"0.2": [45, 0, 0],
						"0.3": [15, 0, 0],
						"0.4": [45, 0, 0],
						"0.5": [15, 0, 0],
						"0.6": [45, 0, 0]
					},
					"position": [0, 0, 0],
					"scale": [1.2, 1, 1.2]
				},
				"flying_wing_right": {
					"rotation": [0, -15, 0],
					"position": [1, 0, 0]
				},
				"flying_wing_left": {
					"rotation": [0, 20, 0],
					"position": [-1, 0, 0]
				},
				"leg1": {
					"rotation": {
						"0.0": [10, 0, 0],
						"0.2": [0, 0, 0],
						"0.6": [10, 0, 0]
					}
				},
				"leg4": {
					"rotation": {
						"0.0": [10, 0, 0],
						"0.2": [0, 0, 0],
						"0.6": [10, 0, 0]
					}
				},
				"leg2": {
					"rotation": {
						"0.0": [0, 0, -25],
						"0.2": [0, 0, -15],
						"0.6": [0, 0, -25]
					}
				},
				"leg5": {
					"rotation": {
						"0.0": [0, 0, 25],
						"0.2": [0, 0, 15],
						"0.6": [0, 0, 25]
					}
				},
				"leg3": {
					"rotation": {
						"0.0": [20, 0, -25],
						"0.2": [20, 0, -15],
						"0.6": [20, 0, -25]
					}
				},
				"leg6": {
					"rotation": {
						"0.0": [20, 0, 25],
						"0.2": [20, 0, 15],
						"0.6": [20, 0, 25]
					}
				}
			}
		},
		"animation.ledyba.sitting": {
			"loop": "hold_on_last_frame",
			"animation_length": 0.41667,
			"bones": {
				"ledyba": {
					"rotation": {
						"0.0": [0, 0, 0],
						"0.2083": [-130, 0, 0],
						"0.4167": [-55, 0, 0]
					},
					"position": {
						"0.0": [0, 0, 0],
						"0.2083": [0, 9, 4],
						"0.4167": [0, 1, -2]
					}
				},
				"head": {
					"rotation": {
						"0.0": [0, 0, 0],
						"0.2083": [70, 0, 0],
						"0.4167": [55, 0, 0]
					},
					"position": [0, -2, 1]
				},
				"leg1": {
					"rotation": {
						"0.0": [0, 0, 0],
						"0.2083": [-40, 0, 0],
						"0.4167": [20, 0, -50]
					}
				},
				"leg4": {
					"rotation": {
						"0.0": [0, 0, 0],
						"0.2083": [-40, 0, 0],
						"0.4167": [20, 0, 50]
					}
				},
				"leg2": {
					"rotation": {
						"0.0": [0, 0, 0],
						"0.4167": [-15, 0, -15]
					}
				},
				"leg5": {
					"rotation": {
						"0.0": [0, 0, 0],
						"0.4167": [-15, 0, 15]
					}
				},
				"leg3": {
					"rotation": {
						"0.0": [0, 0, 0],
						"0.4167": [-35, 0, 0]
					}
				},
				"leg6": {
					"rotation": {
						"0.0": [0, 0, 0],
						"0.4167": [-35, 0, 0]
					}
				}
			}
		},
		"animation.ledyba.attack": {
			"loop": true,
			"bones": {
				"ledyba": {
					"rotation": [-30, 0, 0],
					"position": [0, 2, -3]
				},
				"head": {
					"rotation": [30, 0, 0]
				},
				"leg1": {
					"rotation": [-50, 0, 0]
				},
				"leg4": {
					"rotation": [-50, 0, 0]
				},
				"leg2": {
					"rotation": [-35, 0, 0]
				},
				"leg5": {
					"rotation": [-35, 0, 0]
				}
			}
		},
		"animation.ledyba.direction": {
			"loop": true,
			"bones": {
				"ledyba": {
					"rotation": [ "query.vertical_speed * -3.0", 0, "-math.max(-20,math.min(20,query.yaw_speed))"]
				}
			}
		},
        "animation.ledyba.health_bar":{
            "loop":true,
            "bones":{
                "health_hover":{
    "rotation":["q.camera_rotation(0)","q.camera_rotation(1)-q.body_y_rotation",0],
	"position": [0,23,0],
    "scale":"query.is_in_ui?0:1.5"
                },
				"bar_green": {
					"scale": ["query.health/query.max_health*1", 1, 1]
				},
				"bar_black": {
					"scale": ["(1)+(query.health/query.max_health*-1)", 1, 1]
				}
			}
        }
	}
}