{
  "pools": [
    {
      "rolls": 1,
      "entries": [
        {
          "type": "item",
          "name": "ycreatures_savanna:raw_big_meat",
          "functions": [
            {
              "function": "set_count",
              "count": {
                "min": 2,
                "max": 3
              }
            },
			{
              "function": "furnace_smelt",
               "conditions": [
                {
                "condition": "entity_properties",
                "entity": "this",
                "properties": {
                "on_fire": true
                        }
                    }
                ]
            },
            {
              "function": "looting_enchant",
               "count": {
                "min": 2,
                "max": 4
              }
            }
          ]
        }
      ]
    },
    {
      "rolls": 1,
      "entries": [
        {
          "type": "item",
          "name": "minecraft:leather",
          "functions": [
            {
              "function": "set_count",
              "count": {
                "min": 1,
                "max": 3
              }
            }
          ]
        }
      ]
    },
    {
      "rolls": 1,
        "entries": [
		  {
            "type": "item",
            "name": "ycreatures_savanna:lion_tooth",
            "weight": 1,
              "functions": [
                {
                "function": "set_count",
                "count": {
                  "min": 1,
                  "max": 2
                  }
                },
                {
                "function": "looting_enchant",
                "count": {
                  "min": 2,
                  "max": 4
                  }
                }
              ]
           }
        ],
        "conditions": [
        {
          "condition": "killed_by_player"
        }
      ]
    }
  ]
}