{
	"format_version": "1.8.0",
	"animations": {
		"animation.slowking.quiet": {
			"loop": true,
			"animation_length": 1.2,
			"bones": {
				"body_root": {
					"rotation": {
						"0.0": [0, 0, 5],
						"0.6": [0, 0, -5],
						"1.2": [0, 0, 5]
					}
				},
				"tail": {
					"rotation": {
						"0.0": [0, -45, 0],
						"0.4": [0, -60, 0],
						"1.2": [0, -45, 0]
					},
					"position": [-2, 0, -1]
				},
				"arms": {
					"rotation": [100, 0, 0],
					"position": [0, 0, 2]
				}
			}
		},
		"animation.slowking.walk": {
			"loop": true,
			"animation_length": 0.8,
			"bones": {
				"slowking": {
					"rotation": {
						"0.0": [0, 0, 5],
						"0.4": [0, 0, -5],
						"0.8": [0, 0, 5]
					},
					"position": {
						"0.0": [0, 2, 0],
						"0.2": [0, 0, 0],
						"0.4": [0, 2, 0],
						"0.6": [0, 0, 0],
						"0.8": [0, 2, 0]
					}
				},
				"body_root": {
					"rotation": {
						"0.0": [-5, 0, 0],
						"0.2": [5, 0, 0],
						"0.4": [-5, 0, 0],
						"0.6": [5, 0, 0],
						"0.8": [-5, 0, 0]
					}
				},
				"tail": {
					"rotation": {
						"0.0": [0, -40, 0],
						"0.4": [0, 40, 0],
						"0.8": [0, -40, 0]
					}
				},
				"arms": {
					"rotation": [50, 0, 0],
					"position": [0, 0, 1]
				},
				"right_arm": {
					"rotation": {
						"0.0": [-42.5, 0, 70],
						"0.4": [47.5, 0, 70],
						"0.8": [-42.5, 0, 70]
					},
					"position": [1, 0, 0]
				},
				"left_arm": {
					"rotation": {
						"0.0": [45, 0, -70],
						"0.4": [-45, 0, -70],
						"0.8": [45, 0, -70]
					},
					"position": [-1, 0, 0]
				},
				"right_leg": {
					"rotation": {
						"0.0": [45, 0, 0],
						"0.4": [-45, 0, 0],
						"0.8": [45, 0, 0]
					}
				},
				"left_leg": {
					"rotation": {
						"0.0": [-45, 0, 0],
						"0.4": [45, 0, 0],
						"0.8": [-45, 0, 0]
					}
				}
			}
		},
		"animation.slowking.sitting": {
			"loop": true,
			"bones": {
				"slowking": {
					"position": [0, -2, 0]
				},
				"tail": {
					"rotation": [90, 0, -90]
				},
				"right_arm": {
					"rotation": [0, -65, 0]
				},
				"left_arm": {
					"rotation": [0, 65, 0]
				},
				"legs": {
					"rotation": [-75, 0, 0],
					"position": [0, 0, -2]
				},
				"right_leg": {
					"rotation": [0, 0, 20]
				},
				"left_leg": {
					"rotation": [0, 0, -20]
				}
			}
		},
		"animation.slowking.jump": {
			"loop": true,
			"bones": {
				"slowking": {
					"position": [0, 3, 0]
				},
				"tail": {
					"rotation": [-45, 0, 0],
					"position": [0, 0, -1]
				},
				"arms": {
					"rotation": [75, 0, 0],
					"position": [0, 0, 1]
				},
				"right_arm": {
					"rotation": [0, 0, 55],
					"position": [1, 0, 0]
				},
				"left_arm": {
					"rotation": [0, 0, -55],
					"position": [-1, 0, 0]
				},
				"legs": {
					"rotation": [35, 0, 0]
				}
			}
		},
		"animation.slowking.attack": {
			"loop": true,
			"bones": {
				"head": {
					"position": [-1, -3, -6]
				},
				"body": {
					"rotation": [22.5, 25, 0],
					"position": [2, 0, 0]
				},
				"tail": {
					"rotation": [0, 50, 0],
					"position": [2, 0, -1]
				},
				"right_arm": {
					"rotation": [105, -45, -10],
					"position": [1, -1, 2]
				},
				"left_arm": {
					"rotation": [-15, 35, -20],
					"position": [0, -4, 0]
				},
				"right_leg": {
					"rotation": [0, 50, 0]
				},
				"left_leg": {
					"position": [0, 0, -4]
				}
			}
		},
		"animation.slowking.swimming": {
			"loop": true,
			"animation_length": 0.6,
			"bones": {
				"slowking": {
					"position": {
						"0.0": [0, -2, 0],
						"0.3": [0, -1, 0],
						"0.6": [0, -2, 0]
					}
				},
				"head": {
					"position": [0, -1, -5]
				},
				"body": {
					"rotation": [20, 0, 0],
					"position": [0, 2, 1]
				},
				"tail": {
					"rotation": {
						"0.0": [-50, 0, 0],
						"0.3": [-40, 0, 0],
						"0.6": [-50, 0, 0]
					},
					"position": [0, -1, -2]
				},
				"arms": {
					"rotation": {
						"0.0": [-15, 0, 0],
						"0.4": [15, 0, 0],
						"0.6": [-15, 0, 0]
					}
				},
				"right_arm": {
					"rotation": [0, 0, 15]
				},
				"left_arm": {
					"rotation": [0, 0, -15]
				},
				"legs": {
					"rotation": {
						"0.0": [-20, 0, 0],
						"0.2": [25, 0, 0],
						"0.6": [-20, 0, 0]
					}
				}
			}
		},
		"animation.slowking.sink": {
			"loop": true,
			"animation_length": 0.8,
			"bones": {
				"head": {
					"position": [0, -19, -10.5]
				},
				"body": {
					"rotation": [90, 0, 0],
					"position": [0, 0, 3]
				},
				"tail": {
					"rotation": {
						"0.0": [-55, 5, -30],
						"0.4": [-55, -5, 30],
						"0.8": [-55, 5, -30]
					},
					"position": {
						"0.0": [1, -2, -2],
						"0.4": [-1, -2, -2],
						"0.8": [1, -2, -2]
					}
				},
				"arms": {
					"rotation": [140, 0, 0],
					"position": [0, -12, -1]
				},
				"right_arm": {
					"rotation": {
						"0.0": [0, 0, 145],
						"0.3": [0, 0, 55],
						"0.8": [0, 0, 145]
					},
					"position": [1, 0, 0]
				},
				"left_arm": {
					"rotation": {
						"0.0": [0, 0, -145],
						"0.3": [0, 0, -55],
						"0.8": [0, 0, -145]
					},
					"position": [-1, 0, 0]
				},
				"legs": {
					"rotation": [90, 0, 0],
					"position": [0, -4, 5]
				},
				"right_leg": {
					"rotation": {
						"0.0": [45, 0, 0],
						"0.4": [-45, 0, 0],
						"0.8": [45, 0, 0]
					},
					"position": {
						"0.0": [0, 0, 2],
						"0.4": [0, 0, -1],
						"0.8": [0, 0, 2]
					}
				},
				"left_leg": {
					"rotation": {
						"0.0": [-45, 0, 0],
						"0.4": [45, 0, 0],
						"0.8": [-45, 0, 0]
					},
					"position": {
						"0.0": [0, 0, -1],
						"0.4": [0, 0, 2],
						"0.8": [0, 0, -1]
					}
				}
			}
		},
		"animation.slowking.direction": {
			"loop": true,
			"bones": {
				"slowking": {
					"rotation": [ "query.target_x_rotation - this", "query.target_y_rotation - this", "-math.max(-20,math.min(20,query.yaw_speed))"]
				},
				"tail": {
					"rotation": [0, 0, "math.max(-35,math.min(35,query.yaw_speed))"]
				}
			}
		},
        "animation.slowking.health_bar":{
            "loop":true,
            "bones":{
                "health_hover":{
    "rotation":["q.camera_rotation(0)","q.camera_rotation(1)-q.body_y_rotation",0],
	"position": [0,38,0],
    "scale":"query.is_in_ui?0:1.5"
                },
				"bar_green": {
					"scale": ["query.health/query.max_health*1", 1, 1]
				},
				"bar_black": {
					"scale": ["(1)+(query.health/query.max_health*-1)", 1, 1]
				}
			}
        }
	}
}