{
    "format_version": "1.20.80",
    "minecraft:item": {
        "description": {
            "identifier": "yes:ability_damage_book2",
            "menu_category": {
                "category": "items",
                "group": "itemGroup.name.enchantedBook"
            }
        },
        "components": {
            "minecraft:enchantable": {
                "value": 20,
                "slot": "all"
            },
            "minecraft:icon": "book_enchanted",
            "minecraft:display_name": {
                "value": "\u00a7eEnchanted Book \n\u00a77Ability Damage II\n\ue116\u00a7l\ue05b\u00a7r\ue115\n\ue05c"
            },
            "minecraft:glint": true,
            "minecraft:max_stack_size": 1
        }
    }
}