{
  "format_version": "1.13.0",
  "minecraft:entity": {
    "description": {
      "identifier": "minecraftstorymode:wither_storm_head_left",
      "is_spawnable": false,
      "is_summonable": true,
      "is_experimental": false,
      "runtime_identifier": "minecraft:pLayer",
                    	      "scripts": {
        "animate": [
        	{
          "beam_sound":"query.has_target && query.is_powered"
        	},
          "eat",
          "absorb",
          "tag",
          {
"beam":"query.is_powered"
},
{
"spawn":"query.variant==0"
},
{
"spawn1":"query.variant==1"
},
{
    "breaked":"query.health<=80"
},
"flaming_wither_skull"

        ]
	     },
	        	  "animations": {
	    "flaming_wither_skull": "animation.flaming_wither_skull.start",
   	    "beam_sound": "animation.wither_storm_head.beam_sound",
   	    "eat":"animation.wither_storm_head.eat",
   	    "breaked":"animation.wither_storm_head.breaked",
   	       	    "beam":"animation.wither_storm_head.beam",
   	       	    "spawn":"animation.wither_storm_head.spawn",
   	       	    "spawn1":"animation.wither_storm_head.spawn1",
   	       	    "absorb": "controller.animation.wither_storm_head.absorb",
                "tag": "controller.animation.wither_storm_head.tag"
      }
    },
    "component_groups": {
        "full":{
            "minecraft:mark_variant":{
                "value":0
            }
        },
        "breaked":{
            "minecraft:mark_variant":{
                "value":1
            }
        },
        "anim":{
        "minecraft:variant":{
            "value":0
        }
    },
    "respawned_life":{
        "minecraft:variant":{
            "value":1
        }
    },
        "beam":{
    "minecraft:is_charged":{
    
    }
        },
    	"main":{
    	},
"death":{
          "minecraft:explode": {
     "fuseLength": 0.15,
        "fuseLit": true,
        "power": 0,
        "causesFire": false
          }
    },
      "wither_skull": {
        "minecraft:attack_cooldown": {
          "attack_cooldown_time": 1.0,
            "attack_cooldown_complete_event": {
              "event": "flaming_wither_skull",
              "target": "self"
            }
          },
           "minecraft:shooter": {
        "type": "wither_skull",
        "def": "minecraftstorymode:wither_storm_skull"
        }
       },
      "shoot_mode": {
        "minecraft:behavior.ranged_attack": {
          "attack_interval_min": 2,
          "attack_interval_max": 5,
          "attack_radius": 128
        }
      },
      "bite_mode": {
        "minecraft:behavior.delayed_attack": {
          "reach_multiplier": 4.5,
          "speed_multiplier": 1.0,
          "attack_duration": 1.0,
          "hit_delay_pct": 0.0,
          "track_target": true,
          "sound_event": "attack.strong"
        }
      },
      "flaming_wither_skull": {
        "minecraft:shooter": {
        "type": "wither_skull_dangerous",
        "def": "minecraftstorymode:wither_storm_skull"
      },
            "minecraft:attack_cooldown": {
              "attack_cooldown_time": 1.0,
              "attack_cooldown_complete_event": {
                "event": "wither_skull",
                "target": "self"
          }
        }
      },
      "regenerate": {
      "minecraft:spell_effects": {
          "add_effects": [
            {
              "effect": "regeneration",
              "amplifier": 10,
              "visible": false,
              "ambient": false,
              "duration": 999999999
            }
          ],
          "remove_effects": [
            "fatal_poison",
            "levitation",
            "poison",
            "wither"
          ]
        }
      },
      "shot": {
        "minecraft:is_sheared": {
        },
        "minecraft:timer": {
          "looping": false,
          "time": [20, 40],
            "time_down_event": {
              "event": "regenerate_beam"
          }
        }
      }
    },
    "components": {
      "minecraft:behavior.find_mount": {
        "priority": 2,
        "within_radius": 300
      },
      "minecraft:attack": {
        "damage": 1,
        "effect_name": "nausea",
        "effect_duration": 20
      },
      
      "minecraft:environment_sensor": {
        "on_environment": {
          "event": "minecraft:effect"
        }
      },
      "minecraft:tick_world":{
        "never_despawn": true,
        "radius": 2
      },
      "minecraft:damage_sensor": {
        "triggers": [
          {
            "cause": "fall",
            "deals_damage": false
          },
          {
            "on_damage": {
              "filters": {
                "all_of": [
                  { "test": "has_component", "subject": "self", "operator": "!=", "value": "minecraft:is_sheared" },
                  { "test": "is_family", "subject": "other", "operator": "!=", "value": "wither_storm" },
                  { "test": "has_damage", "value": "projectile" }
              ]
            },
              "event": "shot"
            },
            "deals_damage": true
          },
          {
            "on_damage": {
             "filters": {
                "all_of": [
                  { "test": "has_component", "subject": "self", "operator": "!=", "value": "minecraft:is_sheared" },
                  { "test": "is_family", "subject": "other", "value": "player" }
              ]
            },
              "event": "shot"
            },
            "deals_damage": true
          },
          {
            "on_damage": {
             "filters": {
               "test": "has_damage",
             "value": "entity_explosion"
              }
            },
            "deals_damage": false
          }
        ]
      },
      "minecraft:knockback_resistance": {
        "value": 1.0
      },
      "minecraft:breathable": {
        "total_supply": 15,
        "suffocate_time": 0
      },
      "minecraft:health": {
        "value": 100,
        "max": 100
      },
      "minecraft:custom_hit_test": {
        "hitboxes": [
        {
          "width": 6.0,
          "height": 4.0,
          "pivot": [ 0, 1.65, 0 ]
        }
      ]
    },
    "minecraft:movement.glide": {
    "speed_when_turning": 0.0001
    },
      "minecraft:collision_box": {
        "width": 3,
        "height": 3
      },
      "minecraft:nameable": {
      },
      "minecraft:movement": {
        "value": 0.0
      },
      "minecraft:fire_immune": true,
      "minecraft:navigation.walk": {
        "can_float": true
      },
        "minecraft:variant":{
            "value":0
        },
      "minecraft:fall_damage": {
        "value": 0.0
      },
      "minecraft:jump.static": {},
      "minecraft:can_climb": {},
      "minecraft:behavior.hurt_by_target": {
        "priority": 2,
        "entity_types": {
          "filters": {
            "test": "is_family",
            "subject": "other",
            "operator": "!=",
            "value": "wither_storm"
          }
        }
      },
      "minecraft:behavior.nearest_attackable_target": {
        "priority": 7,
        "entity_types": [
          {
            "filters": {
               "all_of": [
                {
                  "test": "is_family",
                  "subject": "other",
                  "value": "player"
                },
                                {
                  "test": "is_family",
                  "subject": "other",
                  "value": "f_tnt"
                }
              ]
            },
            "max_dist": 64
          },
          {
            "filters": {
               "all_of": [
                {
                  "test": "is_family",
                  "subject": "other",
                  "operator": "!=",
                  "value": "wither_storm"
                },

                {
                  "test": "is_family",
                  "subject": "other",
                  "operator": "!=",
                  "value": "inanimate"
                }
              ]
            },
            "max_dist": 64
          }
        ],
        "must_see": true
      },
      "minecraft:target_nearby_sensor": {
        "inside_range": 4.0,
        "outside_range": 6.0,
        "must_see": true,
        "on_inside_range": {
          "event": "bite_mode",
          "target": "self"
        },
        "on_outside_range": {
          "event": "shoot_mode",
          "target": "self"
        }
      },
      "minecraft:follow_range": {
        "value": 128,
        "max": 128
      },
      "minecraft:behavior.look_at_player": {
        "priority": 8,
        "reselect_targets": true,
        "entity_types": [
          {
            "filters": {
              "all_of": [
                {
                  "test": "is_family",
                  "subject": "other",
                  "operator": "!=",
                  "value": "wither_storm"
                },
                {
                  "test": "is_visible",
                  "subject": "other",
                  "operator": "==",
                  "value": true
                }
              ]
            },
            "max_dist": 64,
            "must_see": true
          }
        ]
      }, 
      "minecraft:behavior.look_at_entity":{
       "priority": 9,
      "angle_of_view_horizontal":70,
      "angle_of_view_vertical":180,
       "look_distance": 556,
       "look_time": [19,25],
       "probability": 0.75,
    "filters":{
        "test": "is_family", "subject": "other", "value": "mob"
    }
      },
      "minecraft:behavior.random_look_around": {
        "priority": 1
      },
      "minecraft:type_family": {
        "family": ["wither_storm", "wither_storm_head"]
      },
      "minecraft:persistent": {
      },
      "minecraft:physics":{
        "has_collision": true,
        "has_gravity": false
      },
      "minecraft:pushable": {
        "is_pushable": false,
        "is_pushable_by_piston": false
      }
    },
    "events": {
      "main_animation": {
        "add": {
          "component_groups": [
            "main",
            "anim",
            "full"
          ]
        }
      },
      "severed_animation": {
        "add": {
          "component_groups": [
            "severed","anim",
            "full"
          ]
        }
      },
      "severed_unanimation": {
        "add": {
          "component_groups": [
            "severed","beam","respawned_life",
            "full"
          ]
        }
      },
      "beam": {
        "add": {
          "component_groups": [
            "beam",
            "full"
          ]
        }
      },
      "breaked": {
        "remove": {
          "component_groups": [
            "beam",
            "full"
          ]
        },
        "add": {
          "component_groups": [
            "breaked"
          ]
        }
      },
      "main_unanimation": {
        "add": {
          "component_groups": [
            "respawned_life",
            "beam",
            "main",
            "full"
          ]
        }
      },
      "death": {
        "add": {
          "component_groups": [
            "death"
          ]
        }
      },
      "bite_mode": {
        "add": {
          "component_groups": [
            "bite_mode"
          ]
        },
        "remove": {
          "component_groups": [
            "shoot_mode"
          ]
        }
      },
      "shoot_mode": {
        "add": {
          "component_groups": [
            "shoot_mode"
          ]
        },
        "remove": {
          "component_groups": [
            "bite_mode"
          ]
        }
      },
      "wither_skull": {
        "add": {
          "component_groups": [
            "wither_skull"
          ]
        },
        "remove": {
          "component_groups": [
            "flaming_wither_skull"
          ]
        }
      },
      "minecraft:entity_spawned": {
				"run_command": {
					"command": [
						"camerashake add @a 0.05 5 positional"
          ]
			  }
     },
      "flaming_wither_skull": {
        "add": {
          "component_groups": [
            "flaming_wither_skull"
          ]
        },
        "remove": {
          "component_groups": [
            "wither_skull"
            ]
        }
    },  
      "minecraft:effect": {
        "add": {
          "component_groups": [
            "regenerate"
          ]
        }
      },
      "shot": {
        "add": {
          "component_groups": [
            "shot"
            ]
        },
        "run_command": {
          "command": [
              "function break_eye",
              "tag @e[r=2] remove hd1",
              "tag @e[r=2] remove hd2",
              "tag @e[r=2] remove hd3"
          ]
        }
      },
      "regenerate_beam": {
        "remove": {
          "component_groups": [
            "shot"
            ]
        },
        "run_command": {
          "command": [
              "tag @e[r=3,name=hd1] add hd1",
              "tag @e[r=3,name=hd2] add hd2",
              "tag @e[r=3,name=hd3] add hd3"
          ]
        }
      }
    }
  }
}