{
	"format_version": "1.8.0",
	"animations": {
		"animation.dragon.attack": {
			"animation_length": 1.04,
			"bones": {
				"head": {
					"scale": {
						"0.0": [0, 0, 0],
						"0.28": [1, 1, 0.5],
						"0.52": [1, 1.5, 1],
						"0.8": [1.5, 1.5, 1.5],
						"1.04": [1, 1, 1]
					}
				},
				"jaw": {
					"rotation": {
						"0.0": [0, 0, 0],
						"0.52": [25, 0, 0],
						"0.8": [30, 0, 0],
						"1.04": [0, 0, 0]
					},
					"position": {
						"0.0": [0, 0, 0],
						"0.52": [0, 0, 0],
						"0.8": [0, 0, 0],
						"1.04": [0, 0, 0]
					},
					"scale": {
						"0.0": [1, 1, 1],
						"0.52": [1, 1, 1],
						"0.8": [1, 1, 1],
						"1.04": [1, 1, 1]
					}
				}
			}
		}
	}
}