{
	"format_version": "1.8.0",
	"animations": {
		"animation.rmcreeper.look_at_target": {
			"loop": true,
			"bones": {
				"head": {
					"rotation": ["query.target_x_rotation - this", "query.target_y_rotation - this", 0],
					"position": [0, 0, 0]
				},
				"body": {
					"rotation": ["0 + math.clamp(query.target_x_rotation, -3, 3)", "0 + math.clamp(query.target_y_rotation, -5, 5)", 0]
				},
				"body2": {
					"rotation": ["0 + math.clamp(query.target_x_rotation, -5, 5)", "0 + math.clamp(query.target_y_rotation, -25, 25)", 0]
				},
				"body3": {
					"rotation": ["0 + math.clamp(query.target_x_rotation, -8, 8)", "0 + math.clamp(query.target_y_rotation, -5, 5)", 0]
				}
			}
		},
		"animation.mutant_creeper.attack": {
			"animation_length": 0.76,
			"bones": {
				"body": {
					"rotation": {
						"0.0": [0, 0, 0],
						"0.2": [0, 0, 0],
						"0.32": [0, 0, 0],
						"0.76": [0, 0, 0]
					}
				},
				"body2": {
					"rotation": {
						"0.0": [0, 0, 0],
						"0.2": [-15, 0, 0],
						"0.32": [62.5, 0, 0],
						"0.76": [0, 0, 0]
					}
				},
				"body3": {
					"rotation": {
						"0.0": [0, 0, 0],
						"0.2": [-27.5, 0, 0],
						"0.32": [-17.5, 0, 0],
						"0.76": [0, 0, 0]
					}
				},
				"topbody": {
					"rotation": {
						"0.0": [0, 0, 0],
						"0.2": [-10, 0, 0],
						"0.32": [50, 0, 0],
						"0.76": [0, 0, 0]
					}
				},
				"neck": {
					"rotation": {
						"0.0": [0, 0, 0],
						"0.2": [-20, 0, 0],
						"0.32": [-5, 0, 0],
						"0.76": [0, 0, 0]
					}
				}
			}
		},
		"animation.mutant_creeper.roar": {
			"animation_length": 5.04,
			"bones": {
				"body": {
					"rotation": {
						"0.0": [0, 0, 0],
						"0.52": [100, 0, 0],
						"1.04": [95, 0, 0],
						"1.52": [100, 0, 0],
						"2.04": [95, 0, 0],
						"2.52": [100, 0, 0],
						"3.04": [95, 0, 0],
						"3.52": [100, 0, 0],
						"4.04": [95, 0, 0],
						"4.52": [100, 0, 0],
						"5.04": [0, 0, 0]
					},
					"position": {
						"0.0": [0, 0, 0],
						"0.52": [0, 0, 4],
						"4.52": [0, 0, 4],
						"5.04": [0, 0, 0]
					}
				},
				"body2": {
					"rotation": {
						"0.0": [0, 0, 0],
						"0.52": [-30, 0, 0],
						"4.52": [-30, 0, 0],
						"5.04": [0, 0, 0]
					}
				},
				"body3": {
					"rotation": {
						"0.0": [0, 0, 0],
						"0.52": [-17.5, 0, 0],
						"4.52": [-17.5, 0, 0],
						"5.04": [0, 0, 0]
					}
				},
				"Leg": {
					"rotation": {
						"0.0": [0, 0, 0],
						"0.52": [25, 0, 0],
						"4.52": [25, 0, 0],
						"5.04": [0, 0, 0]
					}
				},
				"Leg2": {
					"rotation": {
						"0.0": [0, 0, 0],
						"0.52": [-45, 0, -40],
						"4.52": [-45, 0, -40],
						"5.04": [0, 0, 0]
					}
				},
				"Leg3": {
					"rotation": {
						"0.0": [0, 0, 0],
						"0.52": [25, 0, 0],
						"4.52": [25, 0, 0],
						"5.04": [0, 0, 0]
					}
				},
				"Leg4": {
					"rotation": {
						"0.0": [0, 0, 0],
						"0.52": [-45, 0, 40],
						"4.52": [-45, 0, 40],
						"5.04": [0, 0, 0]
					}
				},
				"Leg5": {
					"rotation": {
						"0.0": [0, 0, 0],
						"0.52": [-25, 0, 0],
						"4.52": [-25, 0, 0],
						"5.04": [0, 0, 0]
					}
				},
				"Leg6": {
					"rotation": {
						"0.0": [0, 0, 0],
						"0.52": [45, 0, -40],
						"4.52": [45, 0, -40],
						"5.04": [0, 0, 0]
					}
				},
				"Leg7": {
					"rotation": {
						"0.0": [0, 0, 0],
						"0.52": [-25, 0, 0],
						"4.52": [-25, 0, 0],
						"5.04": [0, 0, 0]
					}
				},
				"Leg8": {
					"rotation": {
						"0.0": [0, 0, 0],
						"0.52": [45, 0, 40],
						"4.52": [45, 0, 40],
						"5.04": [0, 0, 0]
					}
				},
				"All": {
					"position": {
						"0.0": [0, 0, 0],
						"0.52": [0, -5, 0],
						"4.52": [0, -5, 0],
						"5.04": [0, 0, 0]
					}
				},
				"topbody": {
					"rotation": {
						"0.0": [0, 0, 0],
						"0.52": [-25, 0, 0],
						"4.52": [-10.38, 0, 0],
						"5.04": [0, 0, 0]
					}
				},
				"neck": {
					"rotation": {
						"0.0": [0, 0, 0],
						"0.52": [-30, 0, 0],
						"4.52": [-48.45, 0, 0],
						"5.04": [0, 0, 0]
					}
				}
			}
		},
		"animation.mutant_creeper.explode": {
			"animation_length": 2.08,
			"bones": {
				"All": {
					"rotation": {
						"0.0": [0, 0, 0],
						"0.28": [0, 0, 0],
						"0.52": [0, 0, 0],
						"0.8": [0, 0, 0],
						"1.04": [-30, 0, 0],
						"1.16": [0, 0, 0],
						"1.56": [0, 0, 0],
						"2.04": [0, 0, 0]
					},
					"position": {
						"0.0": [0, 0, 0],
						"0.28": [0, 79.03, 0],
						"0.52": [0, 141, 0],
						"0.8": [0, 184, 0],
						"1.04": [0, 234, 0],
						"1.16": [0, 182, 0],
						"1.28": [0, 144.1, 0],
						"1.4": [0, 130.2, 0],
						"1.56": [0, 58, 0],
						"1.68": [0, 34.16, 0],
						"1.8": [0, 23.38, 0],
						"1.92": [0, 5.69, 0],
						"2.04": [0, 0, 0]
					}
				},
				"Leg7": {
					"rotation": {
						"0.0": [0, 0, 0],
						"0.52": [0, 0, 0],
						"0.8": [0, 0, 0],
						"1.04": [0, 0, 0],
						"1.16": [0, 0, 0],
						"1.56": [0, 0, 0],
						"2.08": [0, 0, 0]
					}
				},
				"Leg8": {
					"rotation": {
						"0.0": [0, 0, 0],
						"0.52": [30, 0, 0],
						"0.8": [30, 0, 0],
						"1.04": [30, 0, 0],
						"1.16": [30, 0, 0],
						"1.56": [30, 0, 0],
						"2.08": [0, 0, 0]
					}
				},
				"Leg5": {
					"rotation": {
						"0.0": [0, 0, 0],
						"0.52": [0, 0, 0],
						"0.8": [0, 0, 0],
						"1.04": [0, 0, 0],
						"1.16": [0, 0, 0],
						"1.56": [0, 0, 0],
						"2.08": [0, 0, 0]
					}
				},
				"Leg6": {
					"rotation": {
						"0.0": [0, 0, 0],
						"0.52": [30, 0, 0],
						"0.8": [30, 0, 0],
						"1.04": [30, 0, 0],
						"1.16": [30, 0, 0],
						"1.56": [30, 0, 0],
						"2.08": [0, 0, 0]
					}
				},
				"Leg3": {
					"rotation": {
						"0.0": [0, 0, 0],
						"0.52": [0, 0, 0],
						"0.8": [-15, 0, 0],
						"1.04": [-20, 0, 0],
						"1.16": [0, 0, 0],
						"1.56": [0, 0, 0],
						"2.08": [0, 0, 0]
					}
				},
				"Leg4": {
					"rotation": {
						"0.0": [0, 0, 0],
						"0.52": [-30, 0, 0],
						"0.8": [-40, 0, 0],
						"1.04": [-50, 0, 0],
						"1.16": [-30, 0, 0],
						"1.56": [-30, 0, 0],
						"2.08": [0, 0, 0]
					}
				},
				"Leg": {
					"rotation": {
						"0.0": [0, 0, 0],
						"0.52": [0, 0, 0],
						"0.8": [-15, 0, 0],
						"1.04": [-20, 0, 0],
						"1.16": [0, 0, 0],
						"1.56": [0, 0, 0],
						"2.08": [0, 0, 0]
					}
				},
				"Leg2": {
					"rotation": {
						"0.0": [0, 0, 0],
						"0.52": [-30, 0, 0],
						"0.8": [-40, 0, 0],
						"1.04": [-50, 0, 0],
						"1.16": [-30, 0, 0],
						"1.56": [-30, 0, 0],
						"2.08": [0, 0, 0]
					}
				},
				"body2": {
					"rotation": {
						"0.0": [0, 0, 0],
						"0.52": [0, 0, 0],
						"0.8": [-15, 0, 0],
						"1.04": [-15, 0, 0],
						"1.16": [0, 0, 0],
						"1.56": [0, 0, 0],
						"2.08": [0, 0, 0]
					}
				},
				"body3": {
					"rotation": {
						"0.0": [0, 0, 0],
						"0.52": [-60, 0, 0],
						"0.8": [-40, 0, 0],
						"1.04": [-50, 0, 0],
						"1.16": [-60, 0, 0],
						"1.56": [-60, 0, 0],
						"2.08": [0, 0, 0]
					}
				},
				"root": {
					"position": {
						"0.0": [0, 0, 0],
						"0.52": [0, 55, 0],
						"0.76": [0, 99, 0],
						"1.04": [0, 160, 0],
						"1.16": [0, 86, 0],
						"1.56": [0, 27, 0],
						"1.84": [0, 7.46, 0],
						"2.08": [0, 0, 0]
					}
				}
			}
		},
		"animation.mutant_creeper.move": {
			"loop": true,
			"animation_length": 0.72,
			"bones": {
				"topbody": {
					"rotation": {
						"0.0": [-3, 0, 0],
						"0.12": [1, 0, 0],
						"0.24": [3, 0, 0],
						"0.36": [2, 0, 0],
						"0.48": [2, 0, 0],
						"0.6": [-1, 0, 0],
						"0.72": [-3, 0, 0]
					}
				},
				"right_leg_front": {
					"rotation": {
						"0.0": [0, 15, 10],
						"0.08": [0, 0, 20],
						"0.2": [5, -20, 20],
						"0.32": [25, -20, 20],
						"0.48": [20, -10, 20],
						"0.64": [10, 5, 20],
						"0.72": [0, 15, 10]
					},
					"position": {
						"0.0": [-1.25, 0, 0],
						"0.08": [-0.75, 0, 0],
						"0.24": [-0.25, 0, 0],
						"0.36": [0.5, 0, 0],
						"0.48": [0, 0, 0],
						"0.6": [-0.75, 0, 0],
						"0.72": [-1.25, 0, 0]
					}
				},
				"right_leg_front_2": {
					"rotation": {
						"0.0": [10, 0, -15],
						"0.08": [10, 0, 0],
						"0.2": [-10, 0, 0],
						"0.32": [-15, 0, 0],
						"0.48": [-10, 0, -5],
						"0.64": [0, 0, -10],
						"0.72": [10, 0, -15]
					}
				},
				"left_leg_front": {
					"rotation": {
						"0.0": [25, 20, -20],
						"0.12": [20, 10, -20],
						"0.24": [10, -5, -20],
						"0.36": [0, -15, -10],
						"0.48": [0, 0, -20],
						"0.6": [5, 20, -20],
						"0.72": [25, 20, -20]
					},
					"position": {
						"0.0": [-0.5, 0, 0],
						"0.12": [0, 0, 0],
						"0.24": [0.75, 0, 0],
						"0.36": [1.25, 0, 0],
						"0.48": [0.75, 0, 0],
						"0.6": [0.25, 0, 0],
						"0.72": [-0.5, 0, 0]
					}
				},
				"left_leg_front_2": {
					"rotation": {
						"0.0": [-15, 0, -15],
						"0.12": [-10, 0, -15],
						"0.24": [0, 0, -15],
						"0.36": [10, 0, -15],
						"0.48": [10, 0, -15],
						"0.6": [-10, 0, -15],
						"0.72": [-15, 0, -15]
					}
				},
				"right_leg_back": {
					"rotation": {
						"0.0": [-5, -5, 0],
						"0.12": [-5, 0, 0],
						"0.24": [5, 0, 0],
						"0.36": [10, -15, 0],
						"0.48": [0, -25, 0],
						"0.6": [-20, -20, 0],
						"0.72": [-5, -5, 0]
					},
					"position": {
						"0.0": [1.4, 0, 0.3],
						"0.12": [0.6, 0, 1.3],
						"0.24": [0.3, 0, 0.3],
						"0.36": [-0.2, 0, -0.3],
						"0.48": [-0.6, 0, -0.6],
						"0.6": [0, 0, 0.1],
						"0.72": [1.4, 0, 0.3]
					}
				},
				"right_leg_back_2": {
					"rotation": {
						"0.0": [5, 0, 0],
						"0.12": [10, 0, 0],
						"0.24": [-5, 0, 0],
						"0.36": [-20, 0, 0],
						"0.48": [-5, 0, 0],
						"0.6": [15, 0, 0],
						"0.72": [5, 0, 0]
					}
				},
				"left_leg_back": {
					"rotation": {
						"0.0": [10, 0, 0],
						"0.12": [5, 15, 0],
						"0.24": [-5, 25, 0],
						"0.36": [-15, 20, 0],
						"0.48": [-5, 5, 0],
						"0.6": [-5, 0, 0],
						"0.72": [10, 0, 0]
					},
					"position": {
						"0.0": [0, 0, 0.7],
						"0.12": [-0.1, 0, -0.3],
						"0.24": [0.8, 0, -0.3],
						"0.36": [0.8, 0, 0.3],
						"0.48": [-0.3, 0, 1.6],
						"0.6": [-0.8, 0, 2],
						"0.72": [0, 0, 0.7]
					}
				},
				"left_leg_back_2": {
					"rotation": {
						"0.0": [-10, 0, 0],
						"0.12": [-15, 0, 0],
						"0.24": [-5, 0, 0],
						"0.36": [15, 0, 0],
						"0.48": [10, 0, 0],
						"0.6": [0, 0, 0],
						"0.72": [-10, 0, 0]
					}
				},
				"root": {
					"rotation": {
						"0.0": [0, 0, -2],
						"0.12": [0, 0, 0],
						"0.24": [0, 0, 2],
						"0.36": [0, 0, 1],
						"0.48": [0, 0, 0],
						"0.6": [0, 0, -2],
						"0.72": [0, 0, -2]
					},
					"position": {
						"0.0": [0, -0.3, 0],
						"0.12": [0, 0.1, 0],
						"0.24": [0, 0.3, 0],
						"0.36": [0, 1, 0],
						"0.48": [0, 0.6, 0],
						"0.6": [0, 0.3, 0],
						"0.72": [0, -0.3, 0]
					}
				},
				"creeper_body": {
					"rotation": {
						"0.0": [0, 0, 0],
						"0.12": [2.5, 0, 0],
						"0.24": [-0.5, 0, 0],
						"0.36": [2.13, 0, 0],
						"0.48": [0, 0, 0],
						"0.6": [-2.5, 0, 0],
						"0.72": [0, 0, 0]
					}
				},
				"creeper_body2": {
					"rotation": {
						"0.0": [0, 0, 0],
						"0.12": [0, 2.5, 0],
						"0.24": [0, 0, 0],
						"0.36": [0, 0, 0],
						"0.48": [0, 0, 0],
						"0.6": [5, 2.5, 0],
						"0.72": [0, 0, 0]
					}
				}
			}
		},
		"animation.creeper_minion.big_head": {
			"loop": true,
			"bones": {
				"head": {
					"position": [0, 0, 0],
					"scale": 1.2
				}
			}
		},
		"animation.Creeper_mutant.move": {
			"loop": true,
			"animation_length": 0.72,
			"bones": {
				"topbody": {
					"rotation": {
						"0.0": [-3, 0, 0],
						"0.12": [1, 0, 0],
						"0.24": [3, 0, 0],
						"0.36": [2, 0, 0],
						"0.48": [2, 0, 0],
						"0.6": [-1, 0, 0],
						"0.72": [-3, 0, 0]
					}
				},
				"right_leg_front": {
					"rotation": {
						"0.0": [0, 15, 10],
						"0.08": [0, 0, 20],
						"0.2": [5, -20, 20],
						"0.32": [25, -20, 20],
						"0.48": [20, -10, 20],
						"0.64": [10, 5, 20],
						"0.72": [0, 15, 10]
					},
					"position": {
						"0.0": [-1.25, 0, 0],
						"0.08": [-0.75, 0, 0],
						"0.24": [-0.25, 0, 0],
						"0.36": [0.5, 0, 0],
						"0.48": [0, 0, 0],
						"0.6": [-0.75, 0, 0],
						"0.72": [-1.25, 0, 0]
					}
				},
				"right_leg_front_2": {
					"rotation": {
						"0.0": [10, 0, -15],
						"0.08": [10, 0, 0],
						"0.2": [-10, 0, 0],
						"0.32": [-15, 0, 0],
						"0.48": [-10, 0, -5],
						"0.64": [0, 0, -10],
						"0.72": [10, 0, -15]
					}
				},
				"left_leg_front": {
					"rotation": {
						"0.0": [25, 20, -20],
						"0.12": [20, 10, -20],
						"0.24": [10, -5, -20],
						"0.36": [0, -15, -10],
						"0.48": [0, 0, -20],
						"0.6": [5, 20, -20],
						"0.72": [25, 20, -20]
					},
					"position": {
						"0.0": [-0.5, 0, 0],
						"0.12": [0, 0, 0],
						"0.24": [0.75, 0, 0],
						"0.36": [1.25, 0, 0],
						"0.48": [0.75, 0, 0],
						"0.6": [0.25, 0, 0],
						"0.72": [-0.5, 0, 0]
					}
				},
				"left_leg_front_2": {
					"rotation": {
						"0.0": [-15, 0, -15],
						"0.12": [-10, 0, -15],
						"0.24": [0, 0, -15],
						"0.36": [10, 0, -15],
						"0.48": [10, 0, -15],
						"0.6": [-10, 0, -15],
						"0.72": [-15, 0, -15]
					}
				},
				"right_leg_back": {
					"rotation": {
						"0.0": [-5, -5, 0],
						"0.12": [-5, 0, 0],
						"0.24": [5, 0, 0],
						"0.36": [10, -15, 0],
						"0.48": [0, -25, 0],
						"0.6": [-20, -20, 0],
						"0.72": [-5, -5, 0]
					},
					"position": {
						"0.0": [1.4, 0, 0.3],
						"0.12": [0.6, 0, 1.3],
						"0.24": [0.3, 0, 0.3],
						"0.36": [-0.2, 0, -0.3],
						"0.48": [-0.6, 0, -0.6],
						"0.6": [0, 0, 0.1],
						"0.72": [1.4, 0, 0.3]
					}
				},
				"right_leg_back_2": {
					"rotation": {
						"0.0": [5, 0, 0],
						"0.12": [10, 0, 0],
						"0.24": [-5, 0, 0],
						"0.36": [-20, 0, 0],
						"0.48": [-5, 0, 0],
						"0.6": [15, 0, 0],
						"0.72": [5, 0, 0]
					}
				},
				"left_leg_back": {
					"rotation": {
						"0.0": [10, 0, 0],
						"0.12": [5, 15, 0],
						"0.24": [-5, 25, 0],
						"0.36": [-15, 20, 0],
						"0.48": [-5, 5, 0],
						"0.6": [-5, 0, 0],
						"0.72": [10, 0, 0]
					},
					"position": {
						"0.0": [0, 0, 0.7],
						"0.12": [-0.1, 0, -0.3],
						"0.24": [0.8, 0, -0.3],
						"0.36": [0.8, 0, 0.3],
						"0.48": [-0.3, 0, 1.6],
						"0.6": [-0.8, 0, 2],
						"0.72": [0, 0, 0.7]
					}
				},
				"left_leg_back_2": {
					"rotation": {
						"0.0": [-10, 0, 0],
						"0.12": [-15, 0, 0],
						"0.24": [-5, 0, 0],
						"0.36": [15, 0, 0],
						"0.48": [10, 0, 0],
						"0.6": [0, 0, 0],
						"0.72": [-10, 0, 0]
					}
				},
				"root": {
					"rotation": {
						"0.0": [0, 0, -2],
						"0.12": [0, 0, 0],
						"0.24": [0, 0, 2],
						"0.36": [0, 0, 1],
						"0.48": [0, 0, 0],
						"0.6": [0, 0, -2],
						"0.72": [0, 0, -2]
					},
					"position": {
						"0.0": [0, -0.3, 0],
						"0.12": [0, 0.1, 0],
						"0.24": [0, 0.3, 0],
						"0.36": [0, 1, 0],
						"0.48": [0, 0.6, 0],
						"0.6": [0, 0.3, 0],
						"0.72": [0, -0.3, 0]
					}
				}
			}
		},
		"animation.mutant_creeper.death": {
			"loop": true,
			"bones": {
				"leg5": {
					"rotation": ["Math.cos(query.anim_time * 300 + 20) *-25.0", 1, 1],
					"position": ["Math.sin(query.life_time * 50) * 0.5", "Math.sin(query.life_time * 50) * 0.75", 0]
				},
				"leg7": {
					"rotation": ["Math.cos(query.anim_time * 300 + 20) *25.0", -1, -1],
					"position": ["Math.sin(query.life_time * 50) * 0.5", "Math.sin(query.life_time * 50) * 0.75", 0]
				},
				"leg8": {
					"rotation": ["Math.cos(query.anim_time * 300 + 50) *55.0", 0, 0]
				},
				"leg6": {
					"rotation": ["Math.cos(query.anim_time * 300 + 50) *-70.0", 0, 0]
				},
				"leg": {
					"rotation": ["Math.cos(query.anim_time * 300 + 20) *-25.0", -1, -1],
					"position": ["Math.sin(query.life_time * 50) * 0.5", "Math.sin(query.life_time * 50) * 0.75", 0]
				},
				"leg3": {
					"rotation": ["Math.cos(query.anim_time * 300 + 20) *25.0", 1, 1],
					"position": ["Math.sin(query.life_time * 50) * 0.5", "Math.sin(query.life_time * 50) * 0.75", 0]
				},
				"leg4": {
					"rotation": ["Math.cos(query.anim_time * 300 + 50) *80.0", 0, 0]
				},
				"leg2": {
					"rotation": ["Math.cos(query.anim_time * 300 + 50) *-65.0", 0, 0]
				},
				"body": {
					"rotation": ["Math.cos(query.life_time * 210) * -16", 0, "Math.cos(query.life_time * 235) * 20"]
				},
				"body3": {
					"rotation": ["Math.cos(query.life_time * 108) * -14", 0, "Math.cos(query.life_time * 95) * -16"]
				},
				"head": {
					"rotation": [75, "Math.cos(query.life_time * 116) * 25", "Math.cos(query.life_time * 102) * 35"]
				},
				"body2": {
					"rotation": ["Math.cos(query.life_time * 135) * -14", 0, "Math.cos(query.life_time * 99) * -18"]
				}
			}
		}
	}
}