{
  "format_version": "1.20.20",
  "minecraft:item": {
    "description": {
      "identifier": "pg:portal_gun_blue_beta",
       "category" : "Equipment"
    },

    "components": {
    "minecraft:display_name":{
		"value": "Blue Portal Gun"
	},
	"minecraft:icon":{
		"texture": "pg_blue",
		"frame": 0
	},
	"minecraft:on_use": {
      "on_use": {
          "event": "gravity:shoot",
          "target": "self"
      }
	}
    },
	"events":{
		"gravity:shoot": {
		"sequence":[
		{
		"condition": "(!query.is_sneaking && query.target_x_rotation>=-85) && query.target_x_rotation<=85",
        "shoot": {
            "projectile": "pg:bullet_b",
            "launch_power": 2,
            "angle_offset": 20
        }
		},
		{
		"condition": "(!query.is_sneaking && query.target_x_rotation>=-85) && query.target_x_rotation<=85",
        "run_command":{
			"command": ["replaceitem entity @s slot.weapon.mainhand 0 pg:portal_gun_orange_beta 1 0","playsound gun.shoot @s ~ ~ ~"]
		}
		},
		{
		"condition": "query.target_x_rotation<=-85",
		"run_command":{
				"command": ["replaceitem entity @s slot.weapon.mainhand 0 pg:portal_gun_blackhole_beta 1 0","playsound gun.activate @s ~ ~ ~"]
		}
		},
		{
		"condition": "query.target_x_rotation>=85",
		"run_command":{
				"command": ["replaceitem entity @s slot.weapon.mainhand 0 pg:portal_gun_levitation_beta 1 0","playsound gun.activate @s ~ ~ ~"]
		}
		},
		{
		"condition": "query.is_sneaking",
		"run_command":{
				"command": ["replaceitem entity @s slot.weapon.mainhand 0 pg:portal_gun_orange_beta 1 0","playsound gun.activate @s ~ ~ ~"]
		}
		}
		]
		}
	}
  }
}