
{
	"format_version": 1.17,
	"0": "textures/blocks/glowmushroom",
	"1": "textures/entity/blackchest",
	"2": "textures/entity/blazebasalto",
	"3": "textures/entity/blazecarmesi",
	"4": "textures/entity/blazeretorcido",
	"5": "textures/entity/blazesould",
	"6": "textures/entity/bloodymeat",
	"7": "textures/entity/chest/crismonpatitas",
	"8": "textures/entity/chest/twistedpatitas",
	"9": "textures/entity/crimsoncreeper",
	"10": "textures/entity/ghast/cthulu",
	"11": "textures/entity/ghast/ghast1",
	"12": "textures/entity/ghast/ghast_shooting1",
	"13": "textures/entity/golem/carmesi_golem",
	"14": "textures/entity/golem/carmesi_golem2",
	"15": "textures/entity/golem/twister_golem",
	"16": "textures/entity/golem/twister_golem2",
	"17": "textures/entity/golemblack",
	"18": "textures/entity/hongo/carmesi",
	"19": "textures/entity/hongo/carmesi_black",
	"20": "textures/entity/hongo/hongo",
	"21": "textures/entity/hongo/hongo_black",
	"22": "textures/entity/pig.v1.7",
	"23": "textures/entity/pig_nethercandy",
	"24": "textures/entity/pig_nethercandy2",
	"25": "textures/entity/pig_nethercandy3",
	"26": "textures/entity/pig_nethercandy4",
	"27": "textures/entity/twistedcreeper",
	"28": "textures/items/basal_rod",
	"29": "textures/items/carmesi_rod",
	"30": "textures/items/infernalgolem1",
	"31": "textures/items/sould_rod",
	"32": "textures/items/torcido_rod",
	"33": "textures/entity/creepycreeper",
	"34": "textures/items/glarespawn",
	"35": "textures/items/fulgor",
	"36": "textures/blocks/brain_bottle"
}