{
  "format_version": "1.10.0",
  "animation_controllers": {
    "controller.animation.minecraftstorymode_wither_sickness_3": {
      "states": {
        "default": {
          "transitions": [
            {
              "walking": "(1.0)"
            }
          ],
          "on_entry": [
            "/function minecraftstorymode_wither_sickness_3"
          ]
        },
        "walking": {
          "transitions": [
            {
              "default": "query.get_equipped_item_name=='wither_sickness_3' && query.is_using_item"
            }
          ],
          "on_entry": [
            "/function minecraftstorymode_wither_sickness_3"
          ]
        }
      }
    }
  }
}