{
  "format_version": "1.10.0",
  "animation_controllers": {
    "controller.animation.pa_crossbow_crossbow": {
      "initial_state": "preshoot",
      "states": {
        "preshoot": {
          "transitions": [
            {
              "shoot": "q.get_equipped_item_name(0) == 'crossbow_crossbow' && q.is_using_item"
            }
          ]
        },
        "shooting": {
          "on_entry": [
            "v.delaytime = q.life_time;"
          ],
          "transitions": [
            {
              "preshoot": "q.get_equipped_item_name(0) != 'crossbow_crossbow' || !q.is_using_item"
            },
            {
              "shoot": "(q.life_time - v.delaytime) >= 4.0"
            }
          ]
        },
        "shoot": {
          "on_entry": [
            "@s pa:crossbow_crossbow_fire",
            "/playsound pa_crossbow_crossbow_shot"
          ],
          "transitions": [
            {
              "shooting": "1.0"
            }
          ],
          "on_exit": [
            "v.delaytime = q.life_time;",
            "/clear @s pa:crossbow_crossbow 0 1"
          ]
        }
      }
    }
  }
}