{
  "format_version": "1.13.0",
  "animation_controllers": {
    "controller.animation.wither_storm.absorb": {
      "states": {
        "default": {
          "transitions": [
            {
              "absorb": "query.mark_variant==2||query.mark_variant==3&&!query.is_sheared&&query.has_target&&1.0"
            },
            {
              "removetag": "!query.has_target&&1.0"
            }
          ],
          "on_entry": [
            "/damage @e[r=4,type=player] 5 entity_attack entity @e[type=witherstormmod:witherboss_commandblock,c=1]",
            "/tag @e[r=44,type=!wtherstormmod:sickened_spider,family=!block,tag=!cbb,tag=!amulet,type=!witherstormmod:sickened_zombie,type=!witherstormmod:sickened_creeper,type=!witherstormmod:sickened_skeleton,type=!witherstormmod:formidibomb,type=!item,type=!ender_crystal,type=!xp_orb,type=!xp_bottle,type=!eye_of_ender_signal,type=!snowball,type=!ender_pearl,type=!falling_block,type=!wither_skull_dangerous,type=!wither_skull,type=!fireball,type=!dragon_fireball,type=!arrow,type=!small_fireball,type=!lingering_potion,type=!splash_potion,type=!egg,type=!player,family=!wither_storm] add absorb",
            "/tag @e[r=15,type=player,m=spectator] remove absorb",
            "/tag @e[r=15,type=player,m=survival] add absorb",
            "/tag @e[type=witherstormmod:witherboss_commandblock] remove absorb",
            "/tag @e[r=15,type=player,m=adventure] add absorb",
            "/tag @e[r=24,type=player,m=creative] remove absorb",
            "/damage @e[r=4,type=!ender_dragon,type=!ender_crystal,type=!xp_orb,type=!xp_bottle,type=!eye_of_ender_signal,type=!snowball,type=!ender_pearl,type=!falling_block,type=!wither_skull_dangerous,type=!wither_skull,type=!fireball,type=!dragon_fireball,type=!arrow,type=!small_fireball,type=!lingering_potion,type=!splash_potion,type=!egg,type=!player,family=!wither_storm] 300 entity_attack entity @e[type=witherstormmod:witherboss_commandblock,c=1]",
            "/damage @e[r=4,type=ender_dragon,c=1] 300 entity_attack entity @p",
            "/execute as @e[r=128,tag=absorb] at @s run tp ^ ^ ^0.3 facing @e[type=witherstormmod:witherboss_commandblock,c=1] true"
          ]
        },
        "absorb": {
          "transitions": [
            {
              "default": "query.mark_variant==2||query.mark_variant==3&&!query.is_sheared&&query.has_target&&1.0"
            }
          ],
          "on_entry": [
            "/damage @e[r=4,type=player] 5 entity_attack entity @e[type=witherstormmod:witherboss_commandblock,c=1]",
            "/tag @e[r=24,tag=!cbb,tag=!amulet,family=!block,type=!wtherstormmod:sickened_spider,type=!witherstormmod:sickened_zombie,type=!witherstormmod:sickened_creeper,type=!witherstormmod:sickened_skeleton,type=!witherstormmod:formidibomb,type=!item,type=!ender_crystal,type=!xp_orb,type=!xp_bottle,type=!eye_of_ender_signal,type=!snowball,type=!ender_pearl,type=!falling_block,type=!wither_skull_dangerous,type=!wither_skull,type=!fireball,type=!dragon_fireball,type=!arrow,type=!small_fireball,type=!lingering_potion,type=!splash_potion,type=!egg,type=!player,family=!wither_storm] add absorb",
            "/tag @e[r=25,type=player,m=spectator] remove absorb",
            "/tag @e[r=25,type=player,m=survival] add absorb",
            "/tag @e[type=witherstormmod:witherboss_commandblock] remove absorb",
            "/tag @e[r=25,type=player,m=adventure] add absorb",
            "/tag @e[r=25,type=player,m=creative] remove absorb",
            "/damage @e[r=4,type=!ender_dragon,type=!ender_crystal,type=!xp_orb,type=!xp_bottle,type=!eye_of_ender_signal,type=!snowball,type=!ender_pearl,type=!falling_block,type=!wither_skull_dangerous,type=!wither_skull,type=!fireball,type=!dragon_fireball,type=!arrow,type=!small_fireball,type=!lingering_potion,type=!splash_potion,type=!egg,type=!player,family=!wither_storm] 300 entity_attack entity @e[type=witherstormmod:witherboss_commandblock,c=1]",
            "/damage @e[r=4,type=ender_dragon,c=1] 300 entity_attack entity @p",
            "/execute as @e[r=128,tag=absorb] at @s run tp ^ ^ ^0.3 facing @e[type=witherstormmod:witherboss_commandblock,c=1] true"
          ]
        },
        "removetag": {
          "transitions": [
            {
              "default": "query.mark_variant==2||query.mark_variant==3&&!query.is_sheared&&query.has_target&&1.0"
            }
          ],
          "on_entry": [
            "/tag @e remove absorb"
          ]
        }
      }
    },
    "controller.animation.wither_storm_head.tag": {
      "states": {
        "default": {
          "transitions": [
            {
              "tag": "query.is_sheared"
            }
          ],
          "on_entry": [
            "/tag @s add absorbing"
          ]
        },
        "tag": {
          "transitions": [
            {
              "default": "!query.is_sheared"
            }
          ],
          "on_entry": [
            "/tag @s remove absorbing"
          ]
        }
      }
    },
    "controller.animation.bom": {
      "states": {
        "default": {
          "transitions": [
            {
              "bom": "(1.0)"
            }
          ],
          "on_entry": [
            "/replaceitem entity @s slot.weapon.mainhand 0 witherstormmod:formidibomb"
          ]
        },
        "bom": {
          "transitions": [
            {
              "default": "(1.0)"
            }
          ],
          "on_entry": [
            "/replaceitem entity @s slot.weapon.mainhand 0 witherstormmod:formidibomb"
          ]
        }
      }
    },
    "controller.animation.command_block": {
      "states": {
        "default": {
          "transitions": [
            {
              "cb": "(1.0)"
            }
          ],
          "on_entry": [
            "/replaceitem entity @s slot.weapon.mainhand 0 witherstormmod:command_block"
          ]
        },
        "cb": {
          "transitions": [
            {
              "default": "(1.0)"
            }
          ],
          "on_entry": [
            "/replaceitem entity @s slot.weapon.mainhand 0 witherstormmod:command_block"
          ]
        }
      }
    },
    "controller.animation.wither_storm_head.absorb": {
      "states": {
        "default": {
          "transitions": [
            {
              "absorb": "!query.is_sheared&&query.has_target&&1.0"
            },
            {
              "removetag": "!query.has_target&&1.0"
            }
          ],
          "on_entry": [
            "/damage @e[type=player,r=6] 5 entity_attack entity @e[family=wither_storm_head,c=1]",
            "/tag @e[r=64,family=!block,tag=!cbb,tag=!amulet,type=!wtherstormmod:sickened_spider,type=!witherstormmod:sickened_zombie,type=!witherstormmod:sickened_creeper,type=!witherstormmod:sickened_skeleton,type=!witherstormmod:block_cluster,type=!witherstormmod:formidibomb,type=!item,type=!ender_crystal,type=!xp_orb,type=!xp_bottle,type=!eye_of_ender_signal,type=!snowball,type=!ender_pearl,type=!falling_block,type=!wither_skull_dangerous,type=!wither_skull,type=!fireball,type=!dragon_fireball,type=!arrow,type=!small_fireball,type=!lingering_potion,type=!splash_potion,type=!egg,type=!player,family=!wither_storm] add absorb",
            "/tag @e[type=player,m=spectator] remove absorb",
            "/tag @e[r=25,type=player,m=survival] add absorb",
            "/tag @e[family=wither_storm_head] remove absorb",
            "/tag @e[r=25,type=player,m=adventure] add absorb",
            "/tag @e[type=player,m=creative] remove absorb",
            "/damage @e[r=4,type=!ender_dragon,type=!ender_crystal,type=!xp_orb,type=!storm:grass_block5,type=!xp_bottle,type=!eye_of_ender_signal,type=!snowball,type=!ender_pearl,type=!falling_block,type=!wither_skull_dangerous,type=!wither_skull,type=!fireball,type=!dragon_fireball,type=!arrow,type=!small_fireball,type=!lingering_potion,type=!splash_potion,type=!egg,type=!player,family=!wither_storm] 300 entity_attack entity @e[family=wither_storm_head,c=1]",
            "/damage @e[r=4,type=ender_dragon,c=1] 300 entity_attack entity @p",
            "/execute @e[tag=absorb] ~ ~ ~ tp ^ ^ ^0.3 facing @e[family=wither_storm_head,tag=absorbing,c=1] true"
          ]
        },
        "absorb": {
          "transitions": [
            {
              "default": "!query.is_sheared&&query.has_target&&1.0"
            }
          ],
          "on_entry": [
            "/damage @e[type=player,r=6] 5 entity_attack entity @e[family=wither_storm_head,c=1]",
            "/tag @e[r=64,family=!block,tag=!cbb,tag=!amulet,type=!wtherstormmod:sickened_spider,type=!witherstormmod:sickened_zombie,type=!witherstormmod:sickened_creeper,type=!witherstormmod:sickened_skeleton,type=!witherstormmod:formidibomb,type=!witherstormmod:block_cluster,type=!item,type=!ender_crystal,type=!xp_orb,type=!xp_bottle,type=!eye_of_ender_signal,type=!snowball,type=!ender_pearl,type=!falling_block,type=!wither_skull_dangerous,type=!wither_skull,type=!fireball,type=!dragon_fireball,type=!arrow,type=!small_fireball,type=!lingering_potion,type=!splash_potion,type=!egg,type=!player,family=!wither_storm] add absorb",
            "/tag @e[type=player,m=spectator] remove absorb",
            "/tag @e[r=25,type=player,m=survival] add absorb",
            "/tag @e[family=wither_storm_head] remove absorb",
            "/tag @e[r=25,type=player,m=adventure] add absorb",
            "/tag @e[type=player,m=creative] remove absorb",
            "/damage @e[r=4,type=!ender_dragon,type=!ender_crystal,type=!xp_orb,type=!xp_bottle,type=!eye_of_ender_signal,type=!snowball,type=!ender_pearl,type=!falling_block,type=!wither_skull_dangerous,type=!wither_skull,type=!fireball,type=!dragon_fireball,type=!arrow,type=!small_fireball,type=!lingering_potion,type=!splash_potion,type=!egg,type=!player,family=!wither_storm] 300 entity_attack entity @e[family=wither_storm_head,c=1]",
            "/damage @e[r=4,type=ender_dragon,c=1] 300 entity_attack entity @p",
            "/execute as @e[tag=absorb] ~ ~ ~tp ^ ^ ^0.3 facing @e[family=wither_storm_head,tag=absorbing,c=1] true"
          ]
        },
        "removetag": {
          "transitions": [
            {
              "default": "!query.is_sheared&&query.has_target&&1.0"
            }
          ],
          "on_entry": [
            "/tag @e remove absorb"
          ]
        }
      }
    },
    "controller.animation.wither_storm.absorb_item": {
      "states": {
        "default": {
          "transitions": [
            {
              "absorb_item": "(1.0)"
            }
          ],
          "on_entry": [
            "/execute as @e[type=item,r=65] at @s run tp ^ ^ ^0.35 facing @e[type=witherstormmod:wither_storm] true",
            "/execute as @e[type=item,r=65] at @s run tp ^ ^ ^0.35 facing @e[type=witherstormmod:witherboss_commandblock,c=1] true",
            "/execute as @e[type=item,r=65] at @s run tp ^ ^ ^0.35 facing @e[family=wither_storm_body,c=1] true",
            "/kill @e[r=2,type=item]"
          ]
        },
        "absorb_item": {
          "transitions": [
            {
              "default": "(1.0)"
            }
          ],
          "on_entry": [
            "/execute as @e[type=item,r=65] at @s run tp ^ ^ ^0.35 facing @e[type=witherstormmod:wither_storm] true",
            "/execute as @e[type=item,r=65] at @s run tp ^ ^ ^0.35 facing @e[type=witherstormmod:witherboss_commandblock] true",
            "/execute as @e[type=item,r=65] at @s run tp ^ ^ ^0.35 facing @e[family=wither_storm_body,c=1] true",
            "/kill @e[r=2,type=item]"
          ]
        }
      }
    }
  }
}