{
	"format_version": "1.10.0",
	"animation_controllers": {
		"controller.animation.parachute": {
			"initial_state" : "default",
			"states": {
                                                                                                               
				"default": {
					"transitions": [
						{
							"parachute_off": "query.get_equipped_item_name == 'parachute' && query.is_on_ground"
						},
						{
							"parachute_on": "query.get_equipped_item_name == 'parachute'"
						}
					],
					"on_entry": [
						"@s mm"
					]
				},
				"parachute_on": {
					"transitions": [
						{
							"default": "(1.0)"
						}
					],
					"on_entry": [
	"/effect @s slow_falling 10 10 true"
					]
				},
				"parachute_off": {
					"transitions": [
						{
							"default": "(1.0)"
						}
					],
					"on_entry": [
	"/effect @s slow_falling 0 2 true"
                    ]
				}
			}
		}
	}
}