{
	"format_version": "1.10.0",
	"animation_controllers": {
		"controller.animation.reguns": {
			"initial_state" : "default",
			"states": {
				"default": {
					"transitions": [
						{
							"vector": "query.get_equipped_item_name=='xm1055'"
						},
						{
							"famas": "query.get_equipped_item_name=='xm1054'"
						},
						{
							"qbz": "query.get_equipped_item_name=='xm1053'"
						},
						{
							"m500": "query.get_equipped_item_name=='xm1052'"
						},
						{
							"kolibri": "query.get_equipped_item_name=='xm1051'"
						},
						{
							"balloon": "query.get_equipped_item_name=='xm1050'"
						},
						{
							"truncheon": "query.get_equipped_item_name=='xm1049'"
						},
						{
							"shovel": "query.get_equipped_item_name=='xm1048'"
						},
						{
							"nunchaku": "query.get_equipped_item_name=='xm1047'"
						},
						{
							"shantou": "query.get_equipped_item_name=='xm1046'"
						},
						{
							"long_stick": "query.get_equipped_item_name=='xm1045'"
						},
						{
							"knife": "query.get_equipped_item_name=='xm1044'"
						},
						{
							"katana": "query.get_equipped_item_name=='xm1043'"
						},
						{
							"chopper": "query.get_equipped_item_name=='xm1042'"
						},
						{
							"hammer": "query.get_equipped_item_name=='xm1041'"
						},
						{
							"golf_club": "query.get_equipped_item_name=='xm1040'"
						},
						{
							"sickle": "query.get_equipped_item_name=='xm1039'"
						},
						{
							"fork": "query.get_equipped_item_name=='xm1038'"
						},
						{
							"crowbar": "query.get_equipped_item_name=='xm1037'"
						},
						{
							"baseball_bat": "query.get_equipped_item_name=='xm1036'"
						},
						{
							"li": "query.get_equipped_item_name=='xm1035'"
						},
						{
							"parachute": "query.get_equipped_item_name=='xm1034'"
						},
						{
							"ammo1": "query.get_equipped_item_name=='xm1001'"
						},
						{
							"ammo2": "query.get_equipped_item_name=='xm1002'"
						},
						{
							"ammo3": "query.get_equipped_item_name=='xm1003'"
						},
						{
							"ammo4": "query.get_equipped_item_name=='xm1004'"
						},
						{
							"ammo5": "query.get_equipped_item_name=='xm1005'"
						},
						{
							"ammo6": "query.get_equipped_item_name=='xm1006'"
						},
						{
							"ammo7": "query.get_equipped_item_name=='xm1007'"
						},
						{
							"3armor": "query.get_equipped_item_name=='xm1008'"
						},
						{
							"2armor": "query.get_equipped_item_name=='xm1009'"
						},
						{
							"1armor": "query.get_equipped_item_name=='xm1010'"
						},
						{
							"pumpkin": "query.get_equipped_item_name=='xm1011'"
						},
						{
							"mooncake": "query.get_equipped_item_name=='xm1013'"
						},
						{
							"peace": "query.get_equipped_item_name=='xm1012'"
						},
						{
							"coin": "query.get_equipped_item_name=='xm1014'"
						},
						{
							"rpg": "query.get_equipped_item_name=='xm1015'"
						},
						{
							"flame": "query.get_equipped_item_name=='xm1021'"
						},
						{
							"dsword": "query.get_equipped_item_name=='xm1016'"
						},
						{
							"bubble": "query.get_equipped_item_name=='xm1017'"
						},
						{
							"bat": "query.get_equipped_item_name=='xm1018'"
						},
						{
							"laser": "query.get_equipped_item_name=='xm1019'"
						},
						{
							"taser": "query.get_equipped_item_name=='xm1020'"
						},
						{
							"deagle": "query.get_equipped_item_name=='xm1022'"
						},
						{
							"p90": "query.get_equipped_item_name=='xm1023'"
						},
						{
							"s686": "query.get_equipped_item_name=='xm1024'"
						},
						{
							"m1897": "query.get_equipped_item_name=='xm1025'"
						},
						{
							"m249": "query.get_equipped_item_name=='xm1026'"
						},
						{
							"kar98k": "query.get_equipped_item_name=='xm1027'"
						},
						{
							"awm": "query.get_equipped_item_name=='xm1028'"
						},
						{
							"uzi": "query.get_equipped_item_name=='xm1029'"
						},
						{
							"aug": "query.get_equipped_item_name=='xm1030'"
						},
						{
							"m16a4": "query.get_equipped_item_name=='xm1031'"
						},
						{
							"scar": "query.get_equipped_item_name=='xm1032'"
						},
						{
							"ak47": "query.get_equipped_item_name=='xm1033'"
						}
					],
					"on_entry": [
						"@s mm"
					]
				},
				"vector": {
					"transitions": [
						{
							"default": "(1.0)"
						}
					],
					"on_entry": [
                        "/playsound xm.li @s ~ ~ ~ 1",
                        "/replaceitem entity @s slot.weapon.mainhand 0 gun:vector 1 19"
					]
				},
				"famas": {
					"transitions": [
						{
							"default": "(1.0)"
						}
					],
					"on_entry": [
                        "/playsound xm.li @s ~ ~ ~ 1",
                        "/replaceitem entity @s slot.weapon.mainhand 0 gun:famas 1 30"
					]
				},
				"qbz": {
					"transitions": [
						{
							"default": "(1.0)"
						}
					],
					"on_entry": [
                        "/playsound xm.li @s ~ ~ ~ 1",
                        "/replaceitem entity @s slot.weapon.mainhand 0 gun:qbz 1 30"
					]
				},
				"m500": {
					"transitions": [
						{
							"default": "(1.0)"
						}
					],
					"on_entry": [
                        "/playsound xm.li @s ~ ~ ~ 1",
                        "/replaceitem entity @s slot.weapon.mainhand 0 gun:m500 1 5"
					]
				},
				"kolibri": {
					"transitions": [
						{
							"default": "(1.0)"
						}
					],
					"on_entry": [
                        "/playsound xm.li @s ~ ~ ~ 1",
                        "/replaceitem entity @s slot.weapon.mainhand 0 gun:kolibri 1 8"
					]
				},
				"balloon": {
					"transitions": [
						{
							"default": "(1.0)"
						}
					],
					"on_entry": [
                        "/playsound xm.li @s ~ ~ ~ 1",
                        "/replaceitem entity @s slot.weapon.mainhand 0 gun:water_balloon"
					]
				},
				"knife": {
					"transitions": [
						{
							"default": "(1.0)"
						}
					],
					"on_entry": [
                        "/playsound xm.li @s ~ ~ ~ 1",
                        "/replaceitem entity @s slot.weapon.mainhand 0 weapons:knife"
					]
				},
				"katana": {
					"transitions": [
						{
							"default": "(1.0)"
						}
					],
					"on_entry": [
                        "/playsound xm.li @s ~ ~ ~ 1",
                        "/replaceitem entity @s slot.weapon.mainhand 0 weapons:katana"
					]
				},
				"truncheon": {
					"transitions": [
						{
							"default": "(1.0)"
						}
					],
					"on_entry": [
                        "/playsound xm.li @s ~ ~ ~ 1",
                        "/replaceitem entity @s slot.weapon.mainhand 0 weapons:truncheon"
					]
				},
				"shovel": {
					"transitions": [
						{
							"default": "(1.0)"
						}
					],
					"on_entry": [
                        "/playsound xm.li @s ~ ~ ~ 1",
                        "/replaceitem entity @s slot.weapon.mainhand 0 weapons:shovel"
					]
				},
				"nunchaku": {
					"transitions": [
						{
							"default": "(1.0)"
						}
					],
					"on_entry": [
                        "/playsound xm.li @s ~ ~ ~ 1",
                        "/replaceitem entity @s slot.weapon.mainhand 0 weapons:nunchaku"
					]
				},
				"shantou": {
					"transitions": [
						{
							"default": "(1.0)"
						}
					],
					"on_entry": [
                        "/playsound xm.li @s ~ ~ ~ 1",
                        "/replaceitem entity @s slot.weapon.mainhand 0 weapons:shantou"
					]
				},
				"long_stick": {
					"transitions": [
						{
							"default": "(1.0)"
						}
					],
					"on_entry": [
                        "/playsound xm.li @s ~ ~ ~ 1",
                        "/replaceitem entity @s slot.weapon.mainhand 0 weapons:long_stick"
					]
				},
				"chopper": {
					"transitions": [
						{
							"default": "(1.0)"
						}
					],
					"on_entry": [
                        "/playsound xm.li @s ~ ~ ~ 1",
                        "/replaceitem entity @s slot.weapon.mainhand 0 weapons:chopper"
					]
				},
				"hammer": {
					"transitions": [
						{
							"default": "(1.0)"
						}
					],
					"on_entry": [
                        "/playsound xm.li @s ~ ~ ~ 1",
                        "/replaceitem entity @s slot.weapon.mainhand 0 weapons:hammer"
					]
				},
				"golf_club": {
					"transitions": [
						{
							"default": "(1.0)"
						}
					],
					"on_entry": [
                        "/playsound xm.li @s ~ ~ ~ 1",
                        "/replaceitem entity @s slot.weapon.mainhand 0 weapons:golf_club"
					]
				},
				"sickle": {
					"transitions": [
						{
							"default": "(1.0)"
						}
					],
					"on_entry": [
                        "/playsound xm.li @s ~ ~ ~ 1",
                        "/replaceitem entity @s slot.weapon.mainhand 0 weapons:sickle"
					]
				},
				"fork": {
					"transitions": [
						{
							"default": "(1.0)"
						}
					],
					"on_entry": [
                        "/playsound xm.li @s ~ ~ ~ 1",
                        "/replaceitem entity @s slot.weapon.mainhand 0 weapons:fork"
					]
				},
				"crowbar": {
					"transitions": [
						{
							"default": "(1.0)"
						}
					],
					"on_entry": [
                        "/playsound xm.li @s ~ ~ ~ 1",
                        "/replaceitem entity @s slot.weapon.mainhand 0 weapons:crowbar"
					]
				},
				"baseball_bat": {
					"transitions": [
						{
							"default": "(1.0)"
						}
					],
					"on_entry": [
                        "/playsound xm.li @s ~ ~ ~ 1",
                        "/replaceitem entity @s slot.weapon.mainhand 0 weapons:baseball_bat"
					]
				},
				"li": {
					"transitions": [
						{
							"default": "(1.0)"
						}
					],
					"on_entry": [
                        "/playsound xm.li @s ~ ~ ~ 1",
                        "/replaceitem entity @s slot.weapon.mainhand 0 xm:li"
					]
				},
				"parachute": {
					"transitions": [
						{
							"default": "(1.0)"
						}
					],
					"on_entry": [
                        "/playsound xm.li @s ~ ~ ~ 1",
                        "/replaceitem entity @s slot.weapon.mainhand 0 xm:parachute"
					]
				},
				"ammo1": {
					"transitions": [
						{
							"default": "(1.0)"
						}
					],
					"on_entry": [
                        "/playsound xm.li @s ~ ~ ~ 1",
                        "/replaceitem entity @s slot.weapon.mainhand 0 ammo:machine 64"
					]
				},
				"ammo2": {
					"transitions": [
						{
							"default": "(1.0)"
						}
					],
					"on_entry": [
                        "/playsound xm.li @s ~ ~ ~ 1",
                        "/replaceitem entity @s slot.weapon.mainhand 0 ammo:pistol 64"
					]
				},
				"ammo3": {
					"transitions": [
						{
							"default": "(1.0)"
						}
					],
					"on_entry": [
                        "/playsound xm.li @s ~ ~ ~ 1",
                        "/replaceitem entity @s slot.weapon.mainhand 0 ammo:rifle 64"
					]
				},
				"ammo4": {
					"transitions": [
						{
							"default": "(1.0)"
						}
					],
					"on_entry": [
                        "/playsound xm.li @s ~ ~ ~ 1",
                        "/replaceitem entity @s slot.weapon.mainhand 0 ammo:shotgun 64"
					]
				},
				"ammo5": {
					"transitions": [
						{
							"default": "(1.0)"
						}
					],
					"on_entry": [
                        "/playsound xm.li @s ~ ~ ~ 1",
                        "/replaceitem entity @s slot.weapon.mainhand 0 ammo:smg 64"
					]
				},
				"ammo6": {
					"transitions": [
						{
							"default": "(1.0)"
						}
					],
					"on_entry": [
                        "/playsound xm.li @s ~ ~ ~ 1",
                        "/replaceitem entity @s slot.weapon.mainhand 0 ammo:sniper 64"
					]
				},
				"ammo7": {
					"transitions": [
						{
							"default": "(1.0)"
						}
					],
					"on_entry": [
                        "/playsound xm.li @s ~ ~ ~ 1",
                        "/replaceitem entity @s slot.weapon.mainhand 0 ammo:rpg 64"
					]
				},
				"3armor": {
					"transitions": [
						{
							"default": "(1.0)"
						}
					],
					"on_entry": [
                        "/playsound xm.li @s ~ ~ ~ 1",
                        "/replaceitem entity @s slot.weapon.mainhand 0 pubg:3armor 1"
					]
				},
				"2armor": {
					"transitions": [
						{
							"default": "(1.0)"
						}
					],
					"on_entry": [
                        "/playsound xm.li @s ~ ~ ~ 1",
                        "/replaceitem entity @s slot.weapon.mainhand 0 pubg:2armor 1"
					]
				},
				"1armor": {
					"transitions": [
						{
							"default": "(1.0)"
						}
					],
					"on_entry": [
                        "/playsound xm.li @s ~ ~ ~ 1",
                        "/replaceitem entity @s slot.weapon.mainhand 0 pubg:1armor 1"
					]
				},
				"pumpkin": {
					"transitions": [
						{
							"default": "(1.0)"
						}
					],
					"on_entry": [
                        "/playsound xm.li @s ~ ~ ~ 1",
                        "/replaceitem entity @s slot.weapon.mainhand 0 bomb:nangua 1"
					]
				},
				"peace": {
					"transitions": [
						{
							"default": "(1.0)"
						}
					],
					"on_entry": [
                        "/playsound xm.li @s ~ ~ ~ 1",
                        "/replaceitem entity @s slot.weapon.mainhand 0 bomb:peace 1"
					]
				},
				"mooncake": {
					"transitions": [
						{
							"default": "(1.0)"
						}
					],
					"on_entry": [
                        "/playsound xm.li @s ~ ~ ~ 1",
                        "/replaceitem entity @s slot.weapon.mainhand 0 bomb:moon_cake 1"
					]
				},
				"coin": {
					"transitions": [
						{
							"default": "(1.0)"
						}
					],
					"on_entry": [
                        "/playsound xm.li @s ~ ~ ~ 1",
                        "/replaceitem entity @s slot.weapon.mainhand 0 bomb:coin 1"
					]
				},
				"rpg": {
					"transitions": [
						{
							"default": "(1.0)"
						}
					],
					"on_entry": [
                        "/playsound xm.li @s ~ ~ ~ 1",
                        "/replaceitem entity @s slot.weapon.mainhand 0 bomb:rpg 1 1"
					]
				},
				"flame": {
					"transitions": [
						{
							"default": "(1.0)"
						}
					],
					"on_entry": [
                        "/playsound xm.li @s ~ ~ ~ 1",
                        "/replaceitem entity @s slot.weapon.mainhand 0 gun:flame 1"
					]
				},
				"dsword": {
					"transitions": [
						{
							"default": "(1.0)"
						}
					],
					"on_entry": [
                        "/playsound xm.li @s ~ ~ ~ 1",
                        "/replaceitem entity @s slot.weapon.mainhand 0 gun:dsword 1"
					]
				},
				"bubble": {
					"transitions": [
						{
							"default": "(1.0)"
						}
					],
					"on_entry": [
                        "/playsound xm.li @s ~ ~ ~ 1",
                        "/replaceitem entity @s slot.weapon.mainhand 0 gun:bubble 1"
					]
				},
				"bat": {
					"transitions": [
						{
							"default": "(1.0)"
						}
					],
					"on_entry": [
                        "/playsound xm.li @s ~ ~ ~ 1",
                        "/replaceitem entity @s slot.weapon.mainhand 0 gun:bat 1"
					]
				},
				"laser": {
					"transitions": [
						{
							"default": "(1.0)"
						}
					],
					"on_entry": [
                        "/playsound xm.li @s ~ ~ ~ 1",
                        "/replaceitem entity @s slot.weapon.mainhand 0 gun:laser 1"
					]
				},
				"taser": {
					"transitions": [
						{
							"default": "(1.0)"
						}
					],
					"on_entry": [
                        "/playsound xm.li @s ~ ~ ~ 1",
                        "/replaceitem entity @s slot.weapon.mainhand 0 gun:taser 1"
					]
				},
				"deagle": {
					"transitions": [
						{
							"default": "(1.0)"
						}
					],
					"on_entry": [
                        "/playsound xm.li @s ~ ~ ~ 1",
                        "/replaceitem entity @s slot.weapon.mainhand 0 gun:deagle 1 7"
					]
				},
				"p90": {
					"transitions": [
						{
							"default": "(1.0)"
						}
					],
					"on_entry": [
                        "/playsound xm.li @s ~ ~ ~ 1",
                        "/replaceitem entity @s slot.weapon.mainhand 0 gun:p90 1 50"
					]
				},
				"s686": {
					"transitions": [
						{
							"default": "(1.0)"
						}
					],
					"on_entry": [
                        "/playsound xm.li @s ~ ~ ~ 1",
                        "/replaceitem entity @s slot.weapon.mainhand 0 gun:s686 1 2"
					]
				},
				"m1897": {
					"transitions": [
						{
							"default": "(1.0)"
						}
					],
					"on_entry": [
                        "/playsound xm.li @s ~ ~ ~ 1",
                        "/replaceitem entity @s slot.weapon.mainhand 0 gun:m1897 1 8"
					]
				},
				"m249": {
					"transitions": [
						{
							"default": "(1.0)"
						}
					],
					"on_entry": [
                        "/playsound xm.li @s ~ ~ ~ 1",
                        "/replaceitem entity @s slot.weapon.mainhand 0 gun:m249 1 100"
					]
				},
				"kar98k": {
					"transitions": [
						{
							"default": "(1.0)"
						}
					],
					"on_entry": [
                        "/playsound xm.li @s ~ ~ ~ 1",
                        "/replaceitem entity @s slot.weapon.mainhand 0 gun:kar98k 1 7"
					]
				},
				"awm": {
					"transitions": [
						{
							"default": "(1.0)"
						}
					],
					"on_entry": [
                        "/playsound xm.li @s ~ ~ ~ 1",
                        "/replaceitem entity @s slot.weapon.mainhand 0 gun:awm 1 7"
					]
				},
				"uzi": {
					"transitions": [
						{
							"default": "(1.0)"
						}
					],
					"on_entry": [
                        "/playsound xm.li @s ~ ~ ~ 1",
                        "/replaceitem entity @s slot.weapon.mainhand 0 gun:uzi 1 30"
					]
				},
				"aug": {
					"transitions": [
						{
							"default": "(1.0)"
						}
					],
					"on_entry": [
                        "/playsound xm.li @s ~ ~ ~ 1",
                        "/replaceitem entity @s slot.weapon.mainhand 0 gun:aug 1 30"
					]
				},
				"m16a4": {
					"transitions": [
						{
							"default": "(1.0)"
						}
					],
					"on_entry": [
                        "/playsound xm.li @s ~ ~ ~ 1",
                        "/replaceitem entity @s slot.weapon.mainhand 0 gun:m16a4 1 30"
					]
				},
				"scar": {
					"transitions": [
						{
							"default": "(1.0)"
						}
					],
					"on_entry": [
                        "/playsound xm.li @s ~ ~ ~ 1",
                        "/replaceitem entity @s slot.weapon.mainhand 0 gun:scar 1 30"
					]
				},
				"ak47": {
					"transitions": [
						{
							"default": "(1.0)"
						}
					],
					"on_entry": [
                        "/playsound xm.li @s ~ ~ ~ 1",
                        "/replaceitem entity @s slot.weapon.mainhand 0 gun:ak47 1 30"
					]
				}
			}
		}
	}
}