{
  "format_version": "1.20.10",
  "minecraft:block": {
    "description": {
      "identifier": "minecraftstorymode:tainted_pumpkin",
      "properties": {
        "block:rotation": [
          0,
          1,
          2,
          3,
          4,
          5,
          6
        ]
      },
      "menu_category": {
        "category": "nature"
      }
    },
    "components": {
      "minecraft:loot": "loot_tables/blocks/minecraftstorymode_tainted_pumpkin.json",
      "minecraft:friction": 0.7,
      "minecraft:map_color": "#5B0066",
      "minecraft:on_player_placing": {
        "event": "update_rotation"
      },
      "minecraft:on_placed": {
        "event": "size:block",
        "target": "self"
      },
      "minecraft:material_instances": {
        "*": {
          "texture": "tainted_pumpkin",
          "render_method": "opaque"
        }
      },
      "minecraft:geometry": "geometry.minecraftstorymode_tainted_pumpkin",
      "minecraft:on_player_destroyed": {
        "event": "remove:block",
        "target": "self"
      },
      "minecraft:on_step_on": {
        "event": "step:on",
        "target": "self"
      },
      "minecraft:on_step_off": {
        "event": "step:off",
        "target": "self"
      },
      "minecraft:random_ticking": {
        "on_tick": {
          "event": "random:tick",
          "target": "self"
        }
      },
      "minecraft:on_fall_on": {
        "event": "fall:on",
        "target": "self"
      },
      "tag:wood": {},
      "minecraft:light_dampening": 0,
      "minecraft:light_emission": 0,
      "minecraft:collision_box": {
        "origin": [
          -8.0,
          0.0,
          -8.0
        ],
        "size": [
          16.0,
          16.0,
          16.0
        ]
      },
      "minecraft:selection_box": {
        "origin": [
          -8.0,
          0.0,
          -8.0
        ],
        "size": [
          16.0,
          16.0,
          16.0
        ]
      },
      "minecraft:destructible_by_explosion": {
        "explosion_resistance": 1.0
      },
      "minecraft:destructible_by_mining": {
        "seconds_to_destroy": 0.3
      }
    },
    "permutations": [
      {
        "condition": "query.block_property('block:rotation')==0",
        "components": {
          "minecraft:transformation": {
            "rotation": [
              0,
              90,
              0
            ]
          }
        }
      },
      {
        "condition": "query.block_property('block:rotation')==2",
        "components": {
          "minecraft:transformation": {
            "rotation": [
              0,
              -180,
              0
            ]
          }
        }
      },
      {
        "condition": "query.block_property('block:rotation')==3",
        "components": {
          "minecraft:transformation": {
            "rotation": [
              0,
              0,
              0
            ]
          }
        }
      },
      {
        "condition": "query.block_property('block:rotation')==4",
        "components": {
          "minecraft:transformation": {
            "rotation": [
              0,
              -90,
              0
            ]
          }
        }
      },
      {
        "condition": "query.block_property('block:rotation')==5",
        "components": {
          "minecraft:transformation": {
            "rotation": [
              0,
              90,
              0
            ]
          }
        }
      }
    ],
    "events": {
      "update_rotation": {
        "set_block_property": {
          "block:rotation": "query.cardinal_facing_2d"
        }
      },
      "size:block": {},
      "remove:block": {},
      "step:on": {},
      "step:off": {},
      "random:tick": {},
      "on_tick": {},
      "fall:on": {}
    }
  }
}