{
  "format_version": "1.12",
  "minecraft:recipe_shaped": {
    "description": {
    "identifier": "minecraftstorymode:command_block_shovel"
    },

    
    "tags": [ "crafting_table" ],

    "pattern": [
      "12"
    ],
    "key": {
      "1": {
        "item": "minecraftstorymode:command_block_book",
        "data": 0
      },
      "2": {
        "item": "minecraft:diamond_shovel",
        "data": 0
      }
    },
    "result": {
      "item": "minecraftstorymode:command_block_shovel",
      "count": 1
    }
  }
}
