{
  "format_version": "1.12",
  "minecraft:recipe_shaped": {
    "description": {
      "identifier": "golden_command_block_hoe_59646a08"
    },
    "tags": [
      "crafting_table"
    ],
    "pattern": [
      "AB"
    ],
    "key": {
      "A": {
        "item": "minecraft:golden_hoe",
        "data": 0
      },
      "B": {
        "item": "minecraftstorymode:command_block_book",
        "data": 0
      }
    },
    "result": {
      "item": "minecraftstorymode:golden_command_block_hoe",
      "count": 1
    }
  }
}