{
  "format_version": "1.12",
  "minecraft:recipe_shaped": {
    "description": {
      "identifier": "stone_command_block_hoe_d355a182"
    },
    "tags": [
      "crafting_table"
    ],
    "pattern": [
      "AB"
    ],
    "key": {
      "A": {
        "item": "minecraft:stone_hoe",
        "data": 0
      },
      "B": {
        "item": "minecraftstorymode:command_block_book",
        "data": 0
      }
    },
    "result": {
      "item": "minecraftstorymode:stone_command_block_hoe",
      "count": 1
    }
  }
}