{
  "format_version": "1.12",
  "minecraft:recipe_shaped": {
    "description": {
      "identifier": "wooden_command_block_pickaxe_1d77c9aa"
    },
    "tags": [
      "crafting_table"
    ],
    "pattern": [
      "AB"
    ],
    "key": {
      "A": {
        "item": "minecraft:wooden_pickaxe",
        "data": 0
      },
      "B": {
        "item": "minecraftstorymode:command_block_book",
        "data": 0
      }
    },
    "result": {
      "item": "minecraftstorymode:wooden_command_block_pickaxe",
      "count": 1
    }
  }
}