{
  "format_version": "1.12",
  "minecraft:recipe_shaped": {
    "description": {
      "identifier": "tainted_door_down_19e3a288"
    },
    "tags": [
      "crafting_table"
    ],
    "pattern": [
      " A ",
      "ABA",
      " A "
    ],
    "key": {
      "A": {
        "item": "minecraft:rotten_flesh",
        "data": 0
      },
      "B": {
        "item": "minecraft:wooden_door",
        "data": 0
      }
    },
    "result": {
      "item": "minecraftstorymode:tainted_door_down",
      "count": 1
    }
  }
}