{
  "format_version": "1.12",
  "minecraft:recipe_shaped": {
    "description": {
      "identifier": "jack_o_tainted_pumpkin_97747900"
    },
    "tags": [
      "crafting_table"
    ],
    "pattern": [
      "B",
      "C"
    ],
    "key": {
      "B": {
        "item": "minecraftstorymode:tainted_pumpkin",
        "data": 0
      },
      "C": {
        "item": "minecraft:torch",
        "data": 0
      }
    },
    "result": {
      "item": "minecraftstorymode:jack_o_tainted_pumpkin",
      "count": 1
    }
  }
}