{
  "format_version": "1.12",
  "minecraft:recipe_shaped": {
    "description": {
      "identifier": "amulet_sword_f99a0095"
    },
    "tags": [
      "crafting_table"
    ],
    "pattern": [
      " A ",
      "BCB",
      " D "
    ],
    "key": {
      "A": {
        "item": "minecraftstorymode:command_block_book",
        "data": 0
      },
      "B": {
        "item": "minecraft:iron_ingot",
        "data": 0
      },
      "C": {
        "item": "minecraftstorymode:iron_command_block_sword",
        "data": 0
      },
      "D": {
        "item": "minecraftstorymode:amulet",
        "data": 0
      }
    },
    "result": {
      "item": "minecraftstorymode:amulet_sword",
      "count": 1
    }
  }
}