{
  "format_version": "1.12",
  "minecraft:recipe_shaped": {
    "description": {
      "identifier": "nether_command_block_sword_18189cc0"
    },
    "tags": [
      "crafting_table"
    ],
    "pattern": [
      "AB",
      " C"
    ],
    "key": {
      "A": {
        "item": "minecraft:netherstar",
        "data": 0
      },
      "B": {
        "item": "minecraft:diamond_sword",
        "data": 0
      },
      "C": {
        "item": "minecraft:amethyst_shard",
        "data": 0
      }
    },
    "result": {
      "item": "minecraftstorymode:nether_command_block_sword",
      "count": 1
    }
  }
}