{
  "format_version": "1.12",
  "minecraft:recipe_shaped": {
    "description": {
      "identifier": "super_beacon_glass_eefc57b1"
    },
    "tags": [
      "crafting_table"
    ],
    "pattern": [
      "ABA",
      "CDC",
      "ABA"
    ],
    "key": {
      "A": {
        "item": "minecraft:glass_pane",
        "data": 0
      },
      "B": {
        "item": "minecraft:amethyst_shard",
        "data": 0
      },
      "C": {
        "item": "minecraft:tinted_glass",
        "data": 0
      },
      "D": {
        "item": "minecraft:ghast_tear",
        "data": 0
      }
    },
    "result": {
      "item": "minecraftstorymode:super_beacon_glass",
      "count": 1
    }
  }
}