{
  "format_version": "1.12",
  "minecraft:recipe_shaped": {
    "description": {
      "identifier": "withered_zombie_skull_fd2388d3"
    },
    "tags": [
      "crafting_table"
    ],
    "pattern": [
      "AAA",
      "ABA",
      "AAA"
    ],
    "key": {
      "A": {
        "item": "minecraftstorymode:withered_flesh",
        "data": 0
      },
      "B": {
        "item": "minecraft:skull",
        "data": 2
      }
    },
    "result": {
      "item": "minecraftstorymode:withered_zombie_skull",
      "count": 1
    }
  }
}