{
  "format_version": "1.12",
  "minecraft:recipe_shaped": {
    "description": {
      "identifier": "firework_block_ce8637fa"
    },
    "tags": [
      "crafting_table"
    ],
    "pattern": [
      "ABA",
      "BCB",
      "ABA"
    ],
    "key": {
      "A": {
        "item": "minecraft:blaze_powder",
        "data": 0
      },
      "B": {
        "item": "minecraft:gunpowder",
        "data": 0
      },
      "C": {
        "item": "minecraftstorymode:super_tnt",
        "data": 0
      }
    },
    "result": {
      "item": "minecraftstorymode:formidi_bomb",
      "count": 1
    }
  }
}