{
  "format_version": "1.12",
  "minecraft:recipe_shaped": {
    "description": {
      "identifier": "command_block_sword_c04236bc"
    },
    "tags": [
      "crafting_table"
    ],
    "pattern": [
      "AB"
    ],
    "key": {
      "A": {
        "item": "minecraftstorymode:command_block_book",
        "data": 0
      },
      "B": {
        "item": "minecraft:diamond_sword",
        "data": 0
      }
    },
    "result": {
      "item": "minecraftstorymode:command_block_sword",
      "count": 1
    }
  }
}