{
  "format_version": "1.12",
  "minecraft:recipe_shaped": {
    "description": {
      "identifier": "super_tnt_8cf7cde2"
    },
    "tags": [
      "crafting_table"
    ],
    "pattern": [
      "ABA",
      "BCB",
      "ABA"
    ],
    "key": {
      "A": {
        "item": "minecraft:tnt",
        "data": 0
      },
      "B": {
        "item": "minecraft:gunpowder",
        "data": 0
      },
      "C": {
        "item": "minecraftstorymode:command_block_book",
        "data": 0
      }
    },
    "result": {
      "item": "minecraftstorymode:super_tnt",
      "count": 1
    }
  }
}