{
  "format_version": "1.12",
  "minecraft:recipe_shaped": {
    "description": {
      "identifier": "withered_skeleton_skull_8930cf15"
    },
    "tags": [
      "crafting_table"
    ],
    "pattern": [
      "AAA",
      "ABA",
      "AAA"
    ],
    "key": {
      "A": {
        "item": "minecraftstorymode:withered_bone",
        "data": 0
      },
      "B": {
        "item": "minecraft:skull",
        "data": 0
      }
    },
    "result": {
      "item": "minecraftstorymode:withered_skeleton_skull",
      "count": 1
    }
  }
}