{
  "format_version": "1.12",
  "minecraft:recipe_shaped": {
    "description": {
      "identifier": "iron_command_block_shovel_9f8d1b6c"
    },
    "tags": [
      "crafting_table"
    ],
    "pattern": [
      "AB"
    ],
    "key": {
      "A": {
        "item": "minecraft:iron_shovel",
        "data": 0
      },
      "B": {
        "item": "minecraftstorymode:command_block_book",
        "data": 0
      }
    },
    "result": {
      "item": "minecraftstorymode:iron_command_block_shovel",
      "count": 1
    }
  }
}