{
	"format_version": "1.8.0",
	"animations": {
		"animation.ariados.quiet": {
			"loop": true,
			"animation_length": 1.6,
			"bones": {
				"ariados": {
					"position": {
						"0.0": [-1, 1, 0],
						"0.4": [0, 0, 0],
						"0.8": [1, 1, 0],
						"1.2": [0, 0, 0],
						"1.6": [-1, 1, 0]
					}
				},
				"body": {
					"rotation": {
						"0.0": [0, 0, 10],
						"0.8": [0, 0, -10],
						"1.6": [0, 0, 10]
					}
				},
				"leg1": {
					"rotation": {
						"0.0": [0, 0, -20],
						"0.8": [0, 0, 0],
						"1.6": [0, 0, -20]
					},
					"position": {
						"0.0": [0, 1, 0],
						"0.8": [0, -1, 0],
						"1.6": [0, 1, 0]
					}
				},
				"leg3": {
					"rotation": {
						"0.0": [0, 0, 0],
						"0.8": [0, 0, 20],
						"1.6": [0, 0, 0]
					},
					"position": {
						"0.0": [0, -1, 0],
						"0.8": [0, 1, 0],
						"1.6": [0, -1, 0]
					}
				},
				"leg2": {
					"rotation": {
						"0.0": [0, 0, -20],
						"0.8": [0, 0, 0],
						"1.6": [0, 0, -20]
					},
					"position": {
						"0.0": [0, 1, 0],
						"0.8": [0, -1, 0],
						"1.6": [0, 1, 0]
					}
				},
				"leg4": {
					"rotation": {
						"0.0": [0, 0, 0],
						"0.8": [0, 0, 20],
						"1.6": [0, 0, 0]
					},
					"position": {
						"0.0": [0, -1, 0],
						"0.8": [0, 1, 0],
						"1.6": [0, -1, 0]
					}
				}
			}
		},
		"animation.ariados.walk": {
			"loop": true,
			"animation_length": 0.8,
			"bones": {
				"head": {
					"position": {
						"0.0": [0, -1, 0],
						"0.2": [0, 0, 0],
						"0.4": [0, -1, 0],
						"0.6": [0, 0, 0],
						"0.8": [0, -1, 0]
					}
				},
				"body": {
					"rotation": {
						"0.0": [10, 10, 0],
						"0.2": [0, 0, 0],
						"0.4": [10, -10, 0],
						"0.6": [0, 0, 0],
						"0.8": [10, 10, 0]
					},
					"position": {
						"0.0": [1, 0, 0],
						"0.2": [0, -1, 0],
						"0.4": [-1, 0, 0],
						"0.6": [0, -1, 0],
						"0.8": [1, 0, 0]
					}
				},
				"leg1": {
					"rotation": {
						"0.0": [0, -20, 0],
						"0.4": [0, 20, 0],
						"0.6": [0, 0, 20],
						"0.8": [0, -20, 0]
					},
					"position": {
						"0.0": [1, 0, -1],
						"0.4": [-1, 0, 0],
						"0.8": [1, 0, -1]
					}
				},
				"leg3": {
					"rotation": {
						"0.0": [0, -20, 0],
						"0.2": [0, 0, -20],
						"0.4": [0, 20, 0],
						"0.8": [0, -20, 0]
					},
					"position": {
						"0.0": [1, 0, 0],
						"0.4": [-1, 0, -1],
						"0.8": [1, 0, 0]
					}
				},
				"leg2": {
					"rotation": {
						"0.0": [0, 10, 0],
						"0.2": [0, -15, 20],
						"0.4": [0, -40, 0],
						"0.8": [0, 10, 0]
					},
					"position": {
						"0.0": [1, 0, 2],
						"0.4": [-2, 0, 2],
						"0.8": [1, 0, 2]
					}
				},
				"leg4": {
					"rotation": {
						"0.0": [0, 40, 0],
						"0.4": [0, -10, 0],
						"0.6": [0, 15, -20],
						"0.8": [0, 40, 0]
					},
					"position": {
						"0.0": [2, 0, 2],
						"0.4": [-1, 0, 2],
						"0.8": [2, 0, 2]
					}
				}
			}
		},
		"animation.ariados.sitting": {
			"loop": true,
			"bones": {
				"head": {
					"position": [0, 4, 0]
				},
				"body": {
					"rotation": [-25, 0, 0]
				},
				"leg1": {
					"rotation": [0, -35, 0],
					"position": [0, 1, 0]
				},
				"leg3": {
					"rotation": [0, 35, 0],
					"position": [0, 1, 0]
				},
				"leg2": {
					"rotation": [-70, 0, 0],
					"position": [0, -2, 3]
				},
				"leg4": {
					"rotation": [-70, 0, 0],
					"position": [0, -2, 3]
				}
			}
		},
		"animation.ariados.jump": {
			"loop": true,
			"animation_length": 0.8,
			"bones": {
				"head": {
					"position": {
						"0.0": [0, -1, 0],
						"0.2": [0, 0, 0],
						"0.4": [0, -1, 0],
						"0.6": [0, 0, 0],
						"0.8": [0, -1, 0]
					}
				},
				"body": {
					"rotation": {
						"0.0": [10, 10, 0],
						"0.2": [0, 0, 0],
						"0.4": [10, -10, 0],
						"0.6": [0, 0, 0],
						"0.8": [10, 10, 0]
					},
					"position": {
						"0.0": [1, 0, 0],
						"0.2": [0, -1, 0],
						"0.4": [-1, 0, 0],
						"0.6": [0, -1, 0],
						"0.8": [1, 0, 0]
					}
				},
				"leg1": {
					"rotation": {
						"0.0": [0, -20, 0],
						"0.4": [0, 20, 0],
						"0.6": [0, 0, 20],
						"0.8": [0, -20, 0]
					},
					"position": {
						"0.0": [1, 0, -1],
						"0.4": [-1, 0, 0],
						"0.8": [1, 0, -1]
					}
				},
				"leg3": {
					"rotation": {
						"0.0": [0, -20, 0],
						"0.2": [0, 0, -20],
						"0.4": [0, 20, 0],
						"0.8": [0, -20, 0]
					},
					"position": {
						"0.0": [1, 0, 0],
						"0.4": [-1, 0, -1],
						"0.8": [1, 0, 0]
					}
				},
				"leg2": {
					"rotation": {
						"0.0": [0, 10, 0],
						"0.2": [0, -15, 20],
						"0.4": [0, -40, 0],
						"0.8": [0, 10, 0]
					},
					"position": {
						"0.0": [1, 0, 2],
						"0.4": [-2, 0, 2],
						"0.8": [1, 0, 2]
					}
				},
				"leg4": {
					"rotation": {
						"0.0": [0, 40, 0],
						"0.4": [0, -10, 0],
						"0.6": [0, 15, -20],
						"0.8": [0, 40, 0]
					},
					"position": {
						"0.0": [2, 0, 2],
						"0.4": [-1, 0, 2],
						"0.8": [2, 0, 2]
					}
				},
				"ariados": {
					"rotation": [-60, 0, 0],
					"position": [0, 5, -3]
				}
			}
		},
		"animation.ariados.attack": {
			"loop": true,
			"bones": {
				"head": {
					"position": [0, -3, 1]
				},
				"body": {
					"rotation": [40, 0, 0]
				}
			}
		},
		"animation.ariados.swimming": {
			"loop": true,
			"animation_length": 0.8,
			"bones": {
				"head": {
					"position": {
						"0.0": [0, -1, 0],
						"0.2": [0, 0, 0],
						"0.4": [0, -1, 0],
						"0.6": [0, 0, 0],
						"0.8": [0, -1, 0]
					}
				},
				"body": {
					"rotation": {
						"0.0": [-35, 10, 0],
						"0.2": [-45, 0, 0],
						"0.4": [-35, -10, 0],
						"0.6": [-45, 0, 0],
						"0.8": [-35, 10, 0]
					},
					"position": {
						"0.0": [1, -4, 0],
						"0.2": [0, -4, 0],
						"0.4": [-1, -4, 0],
						"0.6": [0, -4, 0],
						"0.8": [1, -4, 0]
					}
				},
				"leg1": {
					"rotation": {
						"0.0": [0, -20, 0],
						"0.4": [0, 20, 0],
						"0.6": [0, 0, 20],
						"0.8": [0, -20, 0]
					},
					"position": {
						"0.0": [1, -1, -1],
						"0.4": [-1, -1, 0],
						"0.8": [1, -1, -1]
					}
				},
				"leg3": {
					"rotation": {
						"0.0": [0, -20, 0],
						"0.2": [0, 0, -20],
						"0.4": [0, 20, 0],
						"0.8": [0, -20, 0]
					},
					"position": {
						"0.0": [1, -1, 0],
						"0.4": [-1, -1, -1],
						"0.8": [1, -1, 0]
					}
				},
				"leg2": {
					"rotation": {
						"0.0": [0, 10, 0],
						"0.2": [0, -15, 20],
						"0.4": [0, -40, 0],
						"0.8": [0, 10, 0]
					},
					"position": {
						"0.0": [1, -3, 2],
						"0.4": [-2, -3, 2],
						"0.8": [1, -3, 2]
					}
				},
				"leg4": {
					"rotation": {
						"0.0": [0, 40, 0],
						"0.4": [0, -10, 0],
						"0.6": [0, 15, -20],
						"0.8": [0, 40, 0]
					},
					"position": {
						"0.0": [2, -3, 2],
						"0.4": [-1, -3, 2],
						"0.8": [2, -3, 2]
					}
				},
				"ariados": {
					"position": {
						"0.0": [0, 1, 0],
						"0.4": [0, 0, 0],
						"0.8": [0, 1, 0]
					}
				}
			}
		},
        "animation.ariados.health_bar":{
            "loop":true,
            "bones":{
                "health_hover":{
    "rotation":["q.camera_rotation(0)","q.camera_rotation(1)-q.body_y_rotation",0],
	"position": [0,24,0],
    "scale":"query.is_in_ui?0:1.5"
                },
				"bar_green": {
					"scale": ["query.health/query.max_health*1", 1, 1]
				},
				"bar_black": {
					"scale": ["(1)+(query.health/query.max_health*-1)", 1, 1]
				}
			}
        }
	}
}