{
    "format_version": "1.10.0",
    "animation_controllers": {
         "controller.animation.spawn": {
          "initial_state": "default",
            "states": {
            "default": {
                    "transitions": [{
                        "sneaking": "query.is_sheared"
                    }]
                },
                "sneaking": {
                    "on_entry": [
 "/stopsound @a","/playsound commandblockwither @a"
],
                    "transitions": [{
                        "default":  "!query.is_sheared"
                    }]
                }
            }
        },
        "controller.animation.spawn2": {
            "initial_state": "default",
            "states": {
                "default": {
                    "transitions": [{
                        "no_sneaking": "query.is_sheared"
                    }]
                },
                "no_sneaking": {
                    "on_entry": ["/stopsound @a","/playsound spawn @a ~~~ 1000 1.0 500","/playsound wither_storm_spawn @a ~~~ 1000 1.0 500"
],
                    "transitions": [{
                        "default": "!query.is_sheared"
                    }]
                }
            }
        }
    }
}