{
  "format_version": "1.13.0",
  "minecraft:entity": {
    "description": {
      "identifier": "ybh:f_fly",
      "is_spawnable": false,
      "is_summonable": true,
      "is_experimental": false,
      "runtime_identifier": "ybh:f_fly",
        "scripts": {
				"animate": [
				"say"
				]
			},
			"animations": {
				"say": "animation.flowey.fly"
			}
    },
    "component_groups": {
    },

    "components": {
      "minecraft:type_family": {
        "family": [ "omega_flowey", "mob" ]
      },
      "minecraft:breathable": {
        "total_supply": 15,
        "suffocate_time": 0
      },
      "minecraft:collision_box": {
        "width": 0.5,
        "height": 0.9
      },
       "minecraft:attack": {
        "damage": 5555555555
      },
        "minecraft:behavior.melee_attack": {
        "priority": 3,
        "speed_multiplier": 1.5,
        "track_target": false
      },
      "minecraft:damage_sensor": {
        "triggers": {
          "cause": "fall",
          "deals_damage": false
        }
      },
       "minecraft:explode": {
       "fuseLength": 5.0,
       "fuseLit": true,
       "power": 0,
       "causesFire": false,
       "destroyAffectedByGriefing": true
       },
          "minecraft:behavior.nearest_attackable_target": {
          "priority": 3,
             "within_radius": 25,
        "reselect_targets": true,
          "entity_types": [
            {
              "filters": {
                "all_of": [
                  { "test": "is_family", "subject": "other", "operator": "!=", "value": "omega_flowey" },
                  { "test": "is_family", "subject": "other", "operator": "!=", "value": "inanimate" }
                ]
              },
              "max_dist": 90
            },
                   {
              "filters": {
                "any_of": [
                  { "test": "is_family", "subject": "other", "operator": "=", "value": "player" },
                  { "test": "is_family", "subject": "other", "operator": "=", "value": "monster" }
                ]
              },
              "max_dist": 90
            }
          ],
          "must_see": true
        },
      "minecraft:hurt_on_condition": {
        "damage_conditions": [
          {
            "filters": { "test": "in_lava", "subject": "self", "operator": "==", "value": true },
            "cause": "lava",
            "damage_per_tick": 4
          }
        ]
      },
      "minecraft:movement": {
        "value": 0.5
      },
      "minecraft:navigation.float": {	
        "can_path_over_water": true	
      },
      "minecraft:movement.basic": {
      },
      "minecraft:jump.static": {
      },
      "minecraft:behavior.float": {
        "priority": 0
      },
      "minecraft:behavior.float_wander": {
        "xz_dist": 10,
        "y_dist": 7,
        "y_offset": -2.0,
        "random_reselect": true,
        "float_duration": [ 0.1, 0.35 ]
      },
      "minecraft:can_fly": {
      },
      "minecraft:health": {
        "value": 6,
        "max": 6
      },
      "minecraft:nameable": {
      },
      "minecraft:physics": {
      }
    },

    "events": {
    }
  }
}
