{
  "format_version": "1.10.0",
  "minecraft:entity": {
    "description": {
      "identifier": "ybh:f_pyc",
      "is_spawnable": false,
      "is_summonable": false,
      "is_experimental": false,
      "runtime_identifier": "ybh:pyc"
    },

    "components": {
      "minecraft:physics": {
         "has_gravity": false
      },
      "minecraft:type_family": {
        "family": [ "omega_flowey", "pycx" ]
      },
        "minecraft:scale": {
          "value": 2
        },
        "minecraft:behavior.nearest_attackable_target": {
        "priority": 0,
        "entity_types": [
          {
            "filters": {
               "all_of": [
                {
                  "test": "is_family",
                  "subject": "other",
                  "operator": "!=",
                  "value": "omega_flowey"
                },
                {
                  "test": "is_family",
                  "subject": "other",
                  "operator": "!=",
                  "value": "inanimate"
                }
              ]
            },
            "max_dist": 6666
          }
        ],
        "must_see": true
      },
      "minecraft:behavior.summon_entity": {
        "priority": 0,

        "summon_choices": [
             {
            "weight": 2,
            "cooldown_time": 1.0,
            "cast_duration": 1.0,
            "do_casting": true,
            "sequence": [
                 {
                "shape": "line",
                "target": "self",
                "base_delay": 0.06,
                "num_entities_spawned": 30,
                "entity_type": "ybh:f_fly",
                "summon_cap": 10,
                "summon_cap_radius": 20.0,
                "size": 20
              },
                {
                "shape": "circle",
                "target": "target",
                "base_delay": 0.06,
                "num_entities_spawned": 4,
                "entity_type": "ybh:f_fly",
                "summon_cap": 3,
                "summon_cap_radius": 5,
                "size": 2
              },
              {
                "shape": "circle",
                "target": "target",
                "base_delay": 0.06,
                "num_entities_spawned": 3,
                "entity_type": "ybh:f_fly",
                "summon_cap": 3,
                "summon_cap_radius": 5,
                "size": 0
              }
            ]
          }
        ]
      }
    }
  }
}
