{
    "format_version": "1.8.0",

  "minecraft:entity": {
    "description": {
      "identifier": "ybh:f_timer",
      "is_spawnable": false,
      "is_summonable": true,
      "is_experimental": false,
      "runtime_identifier": "minecraft:snowball"
    },
  "component_groups":{
   "health": {
             "minecraft:health": {
        "value": 6666,
        "min": 6666,
        "max": 6666
      }},
"ybh": {
        "minecraft:scale": {
          "value": 4
        },

      "minecraft:projectile": {
        "particle": "explode",
        "onHit": {
          "impact_damage": {
            "damage": 100,
            "knockback": false
          }
        },
        "power": 3.5,
          "catchFire": false,
         "offset": [0, 1.45, 0],
        "gravity": 0.00,
        "uncertaintyBase": 0
      }

}
},
    "components": {
"minecraft:timer": {
          "time": [ 0, 0 ],
          "looping": true,
          "time_down_event": {
            "event": "health",
            "target": "self"
          }
        },
"minecraft:type_family":{
"family":["ybh", "gaster", "inanimate"]
},
       "minecraft:behavior.melee_attack": {
          "priority": 1,
           "attack_interval_min": 0,
          "attack_interval_max": 0,
          "target_dist": 1,
          "speed_multiplier": 0,
          "track_target": true
        },
              "minecraft:attack": {
        "damage": 666666666666666
      },
           "minecraft:behavior.look_at_target": {
        "priority": 1
      },  "minecraft:health": {
        "value": 6666,
        "min": 6666,
        "max": 6666
      },
        "minecraft:scale": {
          "value": 4
        },
        "minecraft:fire_immune": true,
      "minecraft:pushable": {
        "is_pushable": false,
        "is_pushable_by_piston": false
      },
        "minecraft:explode": {
     "fuseLength": 3,
     "fuseLit": true,
     "power": 0,
     "causesFire": true,
     "fireAffectedByGriefing": true,
     "destroyAffectedByGriefing": true
    },
     "minecraft:damage_sensor": {
        "triggers": {
          "on_damage": {
        "event": "health"
          },
          "deals_damage": false
        }
      },
      "minecraft:collision_box": {
        "width": 0.1,
        "height": 0.1
      },
           "minecraft:physics": {
        "has_collision": false
      },
      "minecraft:projectile": {
        "particle": "explode",
        "onHit": {
          "impact_damage": {
            "damage": 23333333333333333333333333,
            "knockback": false
          }
        },
        "power": 3.5,
          "catchFire": true,
         "offset": [0, 1.45, 0],
        "gravity": 0.00,
        "uncertaintyBase": 0
      }
    },
    "event":{
      "health": {"add": {"component_groups": ["health"]}}
    }
  }
}
