{
  "format_version": "1.8.0",
  "minecraft:entity": {
    "description": {
      "identifier": "ybh:flowey",
      "is_spawnable": true,
      "is_summonable": true,
      "is_experimental": false,
    "runtime_identifier": "ybh:flowey",
    "scripts": {
				"animate": [
				"say",
				"a"
				]
			},
			"animations": {
				"say": "animation.flowey.say2",
				"a": "controller.animation.flowey.souls"
			}
    },

    "component_groups": {
    "clean": {
        "minecraft:explode": {
     "fuse_length": 0,
     "fuse_lit": true,
     "power": 0,
     "causes_fire": true,
     "fire_affected_by_griefing": true,
     "destroy_affected_by_griefing": true
   }
   },
     "v": {
    "minecraft:variant": {
    "value": 1
    },
        "minecraft:timer": {
          "time": [ 0.0, 0.0 ],
          "looping": false,
          "time_down_event": {
            "event": "base",
            "target": "self"
          }
        }},
         "base": {
          "minecraft:variant": {
"value": 0
   }
        },
   "into": {
   "minecraft:transformation": {
     "into": "ybh:omega_flowey",
     "delay": 1.5
     }}
    },

    "components": {
      "minecraft:type_family": {
        "family": [ "omega_flowey" ]
      },
                      "minecraft:behavior.nearest_attackable_target": {
          "priority": 3,
             "within_radius": 25,
        "reselect_targets": true,
          "entity_types": [
            {
              "filters": {
                "all_of": [
                  { "test": "is_family", "subject": "other", "operator": "!=", "value": "omega_flowey" },
                  { "test": "is_family", "subject": "other", "operator": "!=", "value": "inanimate" }
                ]
              },
              "max_dist": 90
            },
                   {
              "filters": {
                "any_of": [
                  { "test": "is_family", "subject": "other", "operator": "=", "value": "player" },
                  { "test": "is_family", "subject": "other", "operator": "=", "value": "monster" }
                ]
              },
              "max_dist": 90
            }
          ],
          "must_see": true
        },
           "minecraft:behavior.look_at_target": {
        "priority": 1
      },
      "minecraft:fire_immune": true,
      "minecraft:behavior.summon_entity": {
        "priority": 0,

        "summon_choices": [
          {
            "weight": 2,
            "cooldown_time": 3.0,
            "cast_duration": 3.0,
            "do_casting": true,
            "sequence": [
                 {
                "shape": "circle",
                "target": "self",
                "base_delay": 0.6,
                "num_entities_spawned": 10,
                "entity_type": "ybh:f_s_block_shooter",
                "summon_cap": 8,
                "summon_cap_radius": 9.0,
                "size": 9
              },
                {
                "shape": "circle",
                "target": "self",
                "base_delay": 0.6,
                "num_entities_spawned": 10,
                "entity_type": "ybh:f_s_block_shooter",
                "summon_cap": 8,
                "summon_cap_radius": 8,
                "size": 8
              }
            ]
          },
          
          {
            "weight": 2,
            "cooldown_time": 1.0,
            "cast_duration": 1.0,
            "do_casting": true,
            "sequence": [
                 {
                "shape": "circle",
                "target": "target",
                "base_delay": 0.0,
                "num_entities_spawned": 10,
                "entity_type": "ybh:f_s_block_shooter",
                "summon_cap": 7,
                "summon_cap_radius": 7,
                "size": 7
              },
               {
                "shape": "circle",
                "target": "target",
                "base_delay": 0.0,
                "num_entities_spawned": 10,
                "entity_type": "ybh:f_s_block_shooter",
                "summon_cap": 10,
                "summon_cap_radius": 10,
                "size": 10
              }
            ]
          }
        ]
      },
"minecraft:knockback_resistance":{
"value":1.0
},
            "minecraft:behavior.look_at_player": {
        "priority": 3,
        "look_distance": 3.0,
        "probability": 1.0
      },
          "minecraft:follow_range": {
        "value": 64
      },
           "minecraft:behavior.mount_pathing": {
          "priority": 1,
          "speed_multiplier": 1.5,
          "target_dist": 0.0,
          "track_target": true
        },
            "minecraft:behavior.hurt_by_target": {
        "priority": 3
      },
         "minecraft:health": {
        "value": 999999,
        "min": 999999,
        "max": 999999
      },
       "minecraft:scale": {
          "value": 0.7
        },
        "minecraft:behavior.move_towards_restriction": {
        "priority": 1,
        "speed_multiplier": 1
      },
       "minecraft:environment_sensor": [
        {
        "on_environment": {
        "filters": {
        "all_of": [
        {
        "test": "has_tag",
        "operator": "==",
        "value": "clean"
        }
        ]
        },
        "event": "clean"
        }
        }],
       "minecraft:rideable": {
          "seat_count": 1,
          "pull_in_entities": true, 
          "family_types": [
            "pycx"
          ],
          "seats": {
         "position": [ 0.0, 20.0, 0.0 ],
         "min_rider_count": 1,
         "max_rider_count": 1
          }
        },
      "minecraft:behavior.random_look_around": {
        "priority": 3
      },
       "minecraft:movement.basic": {
      },
         "minecraft:navigation.walk": {
        "is_amphibious": true,
        "can_pass_doors": true,
        "can_break_doors": true,
        "avoid_portals": false
      },
      "minecraft:behavior.random_look_around": {
        "priority": 3
      },
      "minecraft:loot": {
        "table": "loot_tables/empty.json"
      },
      "minecraft:collision_box": {
        "width": 0.3,
        "height": 0.5
      },
      "minecraft:can_climb": {
      },
      "minecraft:movement": {
        "value": 0.18
      },
         "minecraft:interact": [
            {
              "on_interact": {
                "filters": {
                  "all_of": [
                    { "test": "is_family", "subject" : "other", "value" :  "player"},
                    { "test": "has_equipment", "domain": "hand", "subject": "other", "value": "ybh:six_souls"}
                  ]
                },
                "event": "v"
              },
              "use_item": true,
              "interact_text": "吸收"
            }
          ],
      "minecraft:hurt_on_condition": {
        "damage_conditions": [
          {
            "filters": { "test": "in_lava", "subject": "self", "operator": "==", "value": true },
            "cause": "lava",
            "damage_per_tick": 0
          }
        ]
      },
      "minecraft:attack": {
        "damage": 10
      },
      "minecraft:breathable": {
        "total_supply": 15,
        "suffocate_time": -1,
        "inhale_time": 3.75,
        "generates_bubbles": false
      },
      "minecraft:nameable": {
        "always_show": true,
        "allow_name_tag_renaming": true
      },
      "minecraft:physics": {
      },
       "minecraft:jump.static": {
      },
      "minecraft:is_hidden_when_invisible": {
      },
       "minecraft:scaffolding_climber": {},
      "minecraft:pushable": {
        "is_pushable": true,
        "is_pushable_by_piston": true
      }
    },

    "events": {
    "into": { "add": { "component_groups": [ "into"]}},
    "clean": { "add": { "component_groups": [ "clean"]}},
"health": { "add": {"component_groups": ["health"]}},
"v": { "add": {"component_groups": ["v"]}},
"base": {"remove": {"component_groups": ["v"]},"add": {"component_groups": ["base"]}}
    }
  }
}




