{
  "format_version": "1.8.0",
  "minecraft:entity": {
    "description": {
      "identifier": "ybh:omega_flowey_death",
      "is_spawnable": false,
      "is_summonable": false,
      "is_experimental": false,
      "runtime_identifier": "ybh:omega_flowey_death",
        "scripts": {
				"animate": [
				"say",
				"a"
				]
			},
			"animations": {
				"say": "animation.flowey.death",
				"a": "animation.flowey.revive"
			}
    },
"component_groups": {
"revive": {
"minecraft:transformation": {
     "into": "ybh:omega_flowey",
     "delay": 0.0
     }}},
    "components": {
      "minecraft:physics": {
         "has_gravity": false
      },
       "minecraft:health": {
        "value": 999999,
        "min": 999999,
        "max": 999999
      },
        "minecraft:scale": {
          "value": 10
        }
    },
     "events": {
  "revive": {"add": {"component_groups": ["revive"]}}
  }
  }
}
