{
  "format_version": "1.16.100",
  "minecraft:fog_settings": {
      "description": {
        "identifier": "witherstorm:end"
      },
      "distance": {
      "air": {
        "fog_start": 41,
        "fog_end": 49,
        "fog_color": "#",
        "render_distance_type": "fixed"
      }
    }
  }
}


 {
        "fog_start": 1,
        "fog_end": 96,
        "fog_color": "#009ba8",
        "render_distance_type": "fixed"
      },
      "weather": {
        "fog_start": 1,
        "fog_end": 24,
        "fog_color": "#685f70",
        "render_distance_type": "fixed"
      }
    }
  }
}


}
}


