{
	"format_version": "1.8.0",
	"animations": {
	"animation.bgaster.look_at_target" : {
			"loop" : true,
			"bones" : {
			"head": {"relative_to" : {
						"rotation" : "entity"
					},
					"rotation": [ "query.target_x_rotation", "query.target_y_rotation", 0.0]}
			}
		},
		"animation.bgaster.move" : {
			"loop" : true,
			"bones" : {
			"lefthand": {
	     	"position": [ 0.0, "math.sin(query.life_time * -360.0)", 0.0]},
	     	"lefthand1": {
	     	"position": [ 0.0, "math.sin(query.life_time * -360.0)", 0.0]},
	     	"lefthand2": {
	     	"position": [ 0.0, "math.sin(query.life_time * -360.0)", 0.0]},
	     	"righthand": {
	     	"position": [ 0.0, "math.sin(query.life_time * -360.0)", 0.0]},
	     	"righthand1": {
	     	"position": [ 0.0, "math.sin(query.life_time * -360.0)", 0.0]},
	     	"righthand2": {
	     	"position": [ 0.0, "math.sin(query.life_time * -360.0)", 0.0]}
			}
		},
	"animation.bgaster.casting" : {
			"loop" : true,
			"bones" : {
				"leftarm" : {
					"position" : [ "5.0 - this", 0.0, "-this" ],
					"rotation" : [ "math.cos(query.life_time * 763.4) * 14.3239 - this", "-this", "-135.0 - this" ]
				},
				"rightarm" : {
					"position" : [ "-5.0 - this", 0.0, "-this" ],
					"rotation" : [ "math.cos(query.life_time * 763.4) * 14.3239 - this", "-this", "135.0 - this" ]
				}
			}
		},
		"animation.bgaster.gb" : {
			"loop" : true,
			"bones" : {
			"bone": {
			"rotation": [ "query.target_x_rotation", "query.target_y_rotation", 0.0 ]},
			"bone2": {
			"rotation": [ "query.target_x_rotation", "query.target_y_rotation", 0.0 ]},
			"bone3": {
			"rotation": [ "query.target_x_rotation", "query.target_y_rotation", 0.0 ]},
			"bone4": {
			"rotation": [ "query.target_x_rotation", "query.target_y_rotation", 0.0 ]},
			"bone5": {
			"rotation": [ "query.target_x_rotation", "query.target_y_rotation", 0.0 ]},
			"ray": {
			"rotation": [ "query.target_x_rotation", "query.target_y_rotation", 0.0],
			"scale": ["query.anim_time>1.5&&variable.has_target==1?Math.sin(query.life_time * 100):0", "query.anim_time>1.5&&variable.has_target==1?Math.sin(query.life_time * 100):0", "query.anim_time>1.5&&variable.has_target==1?query.life_time/10:0"]
			},
			"eyes": {
			"rotation": [ "query.target_x_rotation", "query.target_y_rotation", 0.0]
			}
			}
		},
		"animation.bgaster.eye" : {
			"loop" : true,
			"bones" : {
			"eye": {
			"rotation": [ "query.target_x_rotation", "query.target_y_rotation", 0.0 ]},
			"ray": {
			"rotation": [ "query.target_x_rotation-this", "query.target_y_rotation-this", 0.0],
			"scale": ["query.anim_time>1.5&&variable.has_target==1?Math.sin(query.life_time * 100):0", "query.anim_time>1.5&&variable.has_target==1?Math.sin(query.life_time * 100):0", "query.anim_time>1.5&&variable.has_target==1?query.life_time/10:0"]
			}
			}
		},
		"animation.bgaster.head" : {
			"loop" : true,
			"bones" : {
			"bone": {
			"rotation": [ "query.target_x_rotation", "query.target_y_rotation", 0.0 ]},
			"hand": {
			"rotation": [ "query.target_x_rotation-this", "query.target_y_rotation-this", 0.0],
			"scale": [ 1.0, 1.0, "variable.ybh_blood" ]
			},
			"bone2": {
			"rotation": [ "query.target_x_rotation-this", "query.target_y_rotation-this", 0.0],
			"scale": [ 1.0, 1.0, "variable.ybh_blood" ]
			},
			"bone3": {
			"rotation": [ "query.target_x_rotation-this", "query.target_y_rotation-this", 0.0],
			"scale": [ 1.0, 1.0, "variable.ybh_blood" ]
			},
			"bone4": {
			"rotation": [ "query.target_x_rotation-this", "query.target_y_rotation-this", 0.0],
			"scale": [ 1.0, 1.0, "variable.ybh_blood" ]
			}
			}
		}
	}
}
