{
	"format_version": "1.8.0",
	"animations": {
		"animation.poliwag.quiet": {
			"loop": true,
			"animation_length": 0.8,
			"bones": {
				"body": {
					"rotation": {
						"0.0": [0, 0, -5],
						"0.4": [0, 0, 5],
						"0.8": [0, 0, -5]
					},
					"position": {
						"0.0": [0, 0.5, 0],
						"0.2": [0, 0, 0],
						"0.4": [0, 0.5, 0],
						"0.6": [0, 0, 0],
						"0.8": [0, 0.5, 0]
					},
					"scale": {
						"0.0": [1, 1, 1],
						"0.2": [1, 0.9, 1],
						"0.4": [1, 1, 1],
						"0.6": [1, 0.9, 1],
						"0.8": [1, 1, 1]
					}
				},
				"tail": {
					"rotation": {
						"0.0": [40, 25, 0],
						"0.4": [40, -25, 0],
						"0.8": [40, 25, 0]
					},
					"position": {
						"0.0": [0, 1, 0],
						"0.2": [0, 0, 0],
						"0.4": [0, 1, 0],
						"0.6": [0, 0, 0],
						"0.8": [0, 1, 0]
					}
				},
				"tail2": {
					"rotation": {
						"0.0": [25, 0, 0],
						"0.2": [-20, 0, 0],
						"0.8": [25, 0, 0]
					}
				},
				"right_leg": {
					"rotation": [0, 15, 0]
				},
				"left_leg": {
					"rotation": [0, -15, 0]
				}
			}
		},
		"animation.poliwag.walk": {
			"loop": true,
			"animation_length": 0.8,
			"bones": {
				"poliwag": {
					"position": {
						"0.0": [0, 2, 0],
						"0.2": [0, 0, 0],
						"0.4": [0, 2, 0],
						"0.6": [0, 0, 0],
						"0.8": [0, 2, 0]
					}
				},
				"body_root": {
					"rotation": {
						"0.0": [0, 0, -10],
						"0.4": [0, 0, 10],
						"0.8": [0, 0, -10]
					}
				},
				"tail": {
					"rotation": {
						"0.0": [40, 20, 0],
						"0.2": [10, 0, 0],
						"0.4": [40, -20, 0],
						"0.6": [10, 0, 0],
						"0.8": [40, 20, 0]
					}
				},
				"tail2": {
					"rotation": {
						"0.0": [20, 0, 0],
						"0.2": [-15, 0, 0],
						"0.4": [20, 0, 0],
						"0.6": [-15, 0, 0],
						"0.8": [20, 0, 0]
					}
				},
				"right_leg": {
					"rotation": {
						"0.0": [45, 0, 0],
						"0.4": [-45, 0, 0],
						"0.8": [45, 0, 0]
					},
					"position": {
						"0.0": [0, 0, 2],
						"0.4": [-1, 0, -2],
						"0.8": [0, 0, 2]
					}
				},
				"left_leg": {
					"rotation": {
						"0.0": [-45, 0, 0],
						"0.4": [45, 0, 0],
						"0.8": [-45, 0, 0]
					},
					"position": {
						"0.0": [1, 0, -2],
						"0.4": [0, 0, 2],
						"0.8": [1, 0, -2]
					}
				}
			}
		},
		"animation.poliwag.sitting": {
			"loop": true,
			"bones": {
				"body": {
					"position": [0, -1, 0]
				},
				"tail": {
					"rotation": [70, 0, 35]
				},
				"tail2": {
					"rotation": [30, 0, 0]
				},
				"legs": {
					"rotation": [-75, 0, 0],
					"position": [0, -1, -4]
				},
				"right_leg": {
					"rotation": [0, 15, 35],
					"position": [-2, 0.5, 0]
				},
				"left_leg": {
					"rotation": [0, -15, -35],
					"position": [2, 0.5, 0]
				}
			}
		},
		"animation.poliwag.jump": {
			"loop": true,
			"bones": {
				"poliwag": {
					"position": [0, 5, -2]
				},
				"body": {
					"rotation": [-10, 0, 0]
				},
				"tail": {
					"rotation": [-45, 0, 0]
				},
				"legs": {
					"rotation": [35, 0, 0]
				}
			}
		},
		"animation.poliwag.attack": {
			"loop": true,
			"bones": {
				"poliwag": {
					"rotation": [0, -30, 0]
				},
				"body": {
					"rotation": [15, 0, 0]
				},
				"tail": {
					"rotation": [70, 0, 30],
					"position": [0, 1, -1]
				},
				"tail2": {
					"rotation": [25, 0, 0]
				},
				"right_leg": {
					"rotation": [0, 30, 0],
					"position": [0, 0, -1]
				},
				"left_leg": {
					"rotation": [0, -30, 0],
					"position": [2, 0, 0]
				}
			}
		},
		"animation.poliwag.swimming": {
			"loop": true,
			"animation_length": 1,
			"bones": {
				"poliwag": {
					"position": {
						"0.0": [0, 1, 0],
						"0.5": [0, 0, 0],
						"1.0": [0, 1, 0]
					}
				},
				"tail": {
					"rotation": {
						"0.0": [-45, 0, 0],
						"0.7": [-25, 0, 0],
						"1.0": [-45, 0, 0]
					}
				},
				"tail2": {
					"rotation": {
						"0.0": [20, 0, 0],
						"0.5": [-20, 0, 0],
						"1.0": [20, 0, 0]
					}
				},
				"legs": {
					"rotation": {
						"0.0": [35, 0, 0],
						"0.5": [25, 0, 0],
						"1.0": [35, 0, 0]
					}
				}
			}
		},
		"animation.poliwag.sink": {
			"loop": true,
			"animation_length": 0.6,
			"bones": {
				"poliwag": {
					"position": [0, 0, -3]
				},
				"tail": {
					"rotation": {
						"0.0": [-105, 0, 0],
						"0.35": [-65, 0, 0],
						"0.6": [-105, 0, 0]
					}
				},
				"tail2": {
					"rotation": {
						"0.0": [-30, 0, 0],
						"0.15": [-30, 0, 0],
						"0.3": [20, 0, 0],
						"0.45": [20, 0, 0],
						"0.6": [-30, 0, 0]
					}
				},
				"legs": {
					"rotation": {
						"0.0": [140, 0, 0],
						"0.4": [170, 0, 0],
						"0.6": [140, 0, 0]
					},
					"position": {
						"0.0": [0, 4, 6],
						"0.2": [0, 4, 6],
						"0.6": [0, 4, 6]
					}
				},
				"body": {
					"rotation": {
						"0.0": [75, 0, 0],
						"0.3": [105, 0, 0],
						"0.6": [75, 0, 0]
					},
					"position": [0, 4, 6]
				}
			}
		},
		"animation.poliwag.direction": {
			"loop": true,
			"bones": {
				"poliwag": {
					"rotation": ["query.target_x_rotation - this", "query.target_y_rotation - this", "-math.max(-20,math.min(20,query.yaw_speed))"]
				},
				"tail": {
					"rotation": [0, 0, "math.max(-35,math.min(35,query.yaw_speed))"]
				}
			}
		},
		"animation.poliwag.health_bar": {
			"loop": true,
			"bones": {
				"health_hover": {
					"rotation": ["q.camera_rotation(0)", "q.camera_rotation(1)-q.body_y_rotation", 0],
					"position": [0, 22, 0],
					"scale": "query.is_in_ui?0:1.5"
				},
				"bar_green": {
					"scale": ["query.health/query.max_health*1", 1, 1]
				},
				"bar_black": {
					"scale": ["(1)+(query.health/query.max_health*-1)", 1, 1]
				}
			}
		}
	}
}