{
	"format_version": "1.8.0",
	"animations": {
		"animation.ponyta.quiet": {
			"loop": true,
			"animation_length": 1.6,
			"bones": {
				"head": {
					"rotation": {
						"0.0": [0, 0, 0],
						"0.7917": [10, 0, 0],
						"1.5833": [0, 0, 0]
					},
					"position": {
						"0.0": [0, 0, 0],
						"0.7917": [0, -1, 0],
						"1.5833": [0, 0, 0]
					}
				},
				"skull": {
					"rotation": {
						"0.0": [0, 0, 0],
						"0.7917": [-10, 0, 0],
						"1.5833": [0, 0, 0]
					}
				},
				"body": {
					"rotation": {
						"0.0": [0, 0, 0],
						"0.7917": [2.5, 0, 0],
						"1.5833": [0, 0, 0]
					}
				},
				"tail": {
					"rotation": [-60, 0, 0]
				}
			}
		},
		"animation.ponyta.walk": {
			"loop": true,
			"animation_length": 0.8,
			"bones": {
				"ponyta": {
					"rotation": {
						"0.0": [-10, 0, 0],
						"0.4167": [10, 0, 0],
						"0.7917": [-10, 0, 0]
					}
				},
				"front_legs": {
					"rotation": {
						"0.0": [-60, 0, 0],
						"0.5": [20, 0, 0],
						"0.7917": [-60, 0, 0]
					}
				},
				"tail": {
					"rotation": {
						"0.0": [25, 0, 0],
						"0.5833": [-25, 0, 0],
						"0.7917": [25, 0, 0]
					}
				},
				"back_legs": {
					"rotation": {
						"0.0": [30, 0, 0],
						"0.2917": [-30, 0, 0],
						"0.7917": [30, 0, 0]
					}
				}
			}
		},
		"animation.ponyta.sitting": {
			"loop": true,
			"bones": {
				"ponyta": {
					"position": [0, -7, 3]
				},
				"front_legs": {
					"rotation": [-90, 0, 0],
					"position": [0, -2, 3]
				},
				"tail": {
					"rotation": [0, 45, 25]
				},
				"back_legs": {
					"rotation": [-90, 0, 0],
					"position": [0, -1, 0]
				},
				"right_leg": {
					"rotation": [0, 0, 0],
					"position": [-1, 0, 0]
				},
				"left_leg": {
					"rotation": [0, 0, -20]
				}
			}
		},
		"animation.ponyta.jump": {
			"loop": true,
			"bones": {
				"ponyta": {
					"rotation": [-15, 0, 0],
					"position": [0, 1, -2]
				},
				"front_legs": {
					"rotation": [-60, 0, 0]
				},
				"back_legs": {
					"rotation": [35, 0, 0]
				}
			}
		},
		"animation.ponyta.attack": {
			"loop": true,
			"bones": {
				"ponyta": {
					"position": [0, 0, -3]
				},
				"body_root": {
					"rotation": [-15, 0, 0]
				},
				"front_legs": {
					"rotation": [-55, 0, 0]
				}
			}
		},
		"animation.ponyta.swimming": {
			"loop": true,
			"animation_length": 0.6,
			"bones": {
				"body_root": {
					"rotation": [-40, 0, 0]
				},
				"front_legs": {
					"rotation": {
						"0.0": [-20, 0, 0],
						"0.2917": [0, 0, 0],
						"0.5833": [-20, 0, 0]
					}
				},
				"right_leg": {
					"rotation": {
						"0.0": [25, 0, 0],
						"0.2917": [-25, 0, 0],
						"0.5833": [25, 0, 0]
					}
				},
				"left_leg": {
					"rotation": {
						"0.0": [-25, 0, 0],
						"0.2917": [25, 0, 0],
						"0.5833": [-25, 0, 0]
					}
				}
			}
		},
        "animation.ponyta.health_bar":{
            "loop":true,
            "bones":{
                "health_hover":{
    "rotation":["q.camera_rotation(0)","q.camera_rotation(1)-q.body_y_rotation",0],
	"position": [0,36,0],
    "scale":"query.is_in_ui?0:1.5"
                },
				"bar_green": {
					"scale": ["query.health/query.max_health*1", 1, 1]
				},
				"bar_black": {
					"scale": ["(1)+(query.health/query.max_health*-1)", 1, 1]
				}
			}
        }
	}
}