{
  "resource_pack_name": "vanilla",
  "texture_name": "atlas.items",
  "texture_data": {
      
	"mutant_zombie": {
      "textures": [
        "textures/items/mutant_spawn_egg/mutant_zombie"
      ]
    },
	"mutant_skeleton": {
      "textures": [
        "textures/items/mutant_spawn_egg/mutant_skeleton"
      ]
    },
	"mutant_creeper": {
      "textures": [
        "textures/items/mutant_spawn_egg/mutant_creeper"
      ]
    },
	"spider_pig": {
      "textures": [
        "textures/items/mutant_spawn_egg/spider_pig"
        ]
	  },
	  	"mutant_snow_golem": {
      "textures": [
        "textures/items/mutant_spawn_egg/mutant_snow_golem"
        ]
	  },
	  	"mutant_enderman": {
      "textures": [
        "textures/items/mutant_spawn_egg/mutant_enderman"
        ]
	  },
	  	  	"mutant_iron_golem": {
      "textures": [
        "textures/items/mutant_spawn_egg/mutant_iron_golem"
        ]
	  },
	  	"xxx": {
      "textures": [
       "textures/items/xxx"
      ]
    },
    	  	"stick": {
      "textures": [
       "textures/items/stick"
      ]
    },
	  	"mutant_zombie_pigman": {
      "textures": [
        "textures/items/mutant_spawn_egg/mutant_zombie_pigman"
           ]
	  	}
    }
}
