{
    "format_version": "1.10.0",
    "minecraft:attachable": {
        "description": {
            "identifier": "ewings:demon_2",
            "materials": {
                "default": "entity_alphatest"
            },
            "textures": {
                "default": "textures/models/armor/wings/demon/2"
            },
            "geometry": {
                "default": "geometry.demon_wings"
            },
            "sound_effects": {
                "flap": "wings.flap"
            },
            "animations": {
                "default_controller": "controller.animation.wings.default",
                "flight_controller": "controller.animation.wings.flight",
                "default": "animation.demon_wings.default",
                "fold": "animation.demon_wings.fold",
                "fall": "animation.demon_wings.fall",
                "hover": "animation.demon_wings.hover",
                "glide": "animation.demon_wings.glide",
                "flap": "animation.demon_wings.flap",
                "idle": "animation.demon_wings.idle"
            },
            "scripts": {
                "initialize": [
                    "v.is_flying = 0.0;",
                    "v.is_hovering = 0.0;",
                    "v.is_starving = 0.0;",
                    "v.sneakCooldown = 0; v.is_sneaking = 0; v.folded = 0;",
                    "v.author = 'Mhafy1016';"
                ],
                "pre_animation": [
                    "v.is_flying = Math.mod(q.armor_damage_slot(1), 10) == 1;",
                    "v.is_hovering = Math.mod(q.armor_damage_slot(1), 10) == 2;",
                    "v.is_starving = Math.floor(q.armor_damage_slot(1) / 10) == 1;",

                    "(q.is_sneaking && !v.is_sneaking && v.sneakCooldown > 0) ? { v.folded = 1; };",
                    "q.is_sneaking ? { v.is_sneaking = 1; v.sneakCooldown = 20; };",
                    "!q.is_sneaking ? { v.is_sneaking = 0; };",

                    "v.sneakCooldown > 0 ? { v.sneakCooldown = v.sneakCooldown - 1; };",

                    "v.author = 'Mhafy1016';"
                ],
                "animate": [
                    "default_controller"
                ]
            },
            "render_controllers": [
                "controller.render.default"
            ]
        }
    }
}