{
  "format_version":"1.10.0",
  "minecraft:client_entity":{
    "description":{
      "identifier":"zombie:jack_in_the_box_zombie",
      "materials":{"default":"serp","door":"entity_alphatest"},
      "textures":{
    "default":"textures/entity/zombies/jack_in_the_box_zombie"
      },
      "geometry":{
    "default":"geometry.serppvzjack_in_the_box_zombie"
      },
      "animations":{
    "idle":"animation.pvzzombiebasic.quiet",
    "idle2":"animation.pvzzombiebasic.quiet",
    "walk":"animation.pvzzombiebasic.walk",
    "walk2":"animation.pvzzombiebasic.walk",
    "punch":"animation.pvzzombiebasic.attack",
    "punch2":"animation.pvzzombiebasic.attack",
    "box":"animation.pvzzombie.protected",
    "music":"animation.pvzbox.music",
    "main_controller":"controller.animation.zombies",
    "look_at_target":"animation.zombie.look_at_target"
      },
      "sound_effects":{
    "music":"mob.pvzzombie.jack-in-the-box"
      },
      "scripts":{
    "scale":"1",
    "animate":[{"box":"q.get_equipped_item_name(0)=='jack_in_the_box'"},"music","look_at_target","main_controller"]
      },
      "render_controllers":[{"controller.render.pvzzombies":"query.is_on_screen"}],
      "spawn_egg":{"texture":"spawn_egg","texture_index":12},
      "enable_attachables":true
    }
  }
}