{
  "format_version":"1.10.0",
  "minecraft:client_entity":{
    "description":{
      "identifier":"zombie:newspaper_zombie",
      "materials":{"default":"serp"},
      "textures":{
    "default":"textures/entity/zombies/newspaper_zombie"
      },
      "geometry":{
    "default":"geometry.serppvznewspaperzombie"
      },
      "animations":{
    "idle":"animation.pvzzombiebasic.quiet",
    "idle2":"animation.pvzzombiebasic.quiet",
    "walk":"animation.pvzzombiebasic.walk",
    "walk2":"animation.pvzzombiebasic.walk",
    "punch":"animation.pvzzombiebasic.attack",
    "punch2":"animation.pvzzombiebasic.attack",
    "newspaper":"animation.pvzzombie.protected",
    "main_controller":"controller.animation.zombies",
    "look_at_target":"animation.zombie.look_at_target"
      },
      "scripts":{
    "scale":"1",
    "animate":[{"newspaper":"q.get_equipped_item_name(0)=='newspaper'"},"look_at_target","main_controller"]
      },
      "render_controllers":[{"controller.render.pvzzombies":"query.is_on_screen"}],
      "spawn_egg":{"texture":"spawn_egg","texture_index":12},
      "enable_attachables":true
    }
  }
}