{
  "format_version": "1.13.0",
  "minecraft:entity": {
    "description": {
      "identifier": "minecraftstorymode:wither_storm_spawn",
      "is_spawnable": false,
      "is_summonable": true,
      "is_experimental": false,
                    	      "scripts": {
        "animate": [
"sky",
"kill_block",
"skin",
"particles",
"spawn_up"
        ]
                    	      },
	        	  "animations": {
   	       	       	       	    "sky":"controller.animation.wither_storm.sky",
   	       	       	       	    "skin":"animation.wither_storm_spawn.skin",
   	       	       	       	       "spawn_block1":"animation.wither_storm.spawn_block1",
   	  "kill_block": "animation.wither_storm.kill_block",   	    "particles":"animation.command_block.particles",
   	       	       	       	       	    	    "spawn_up": "animation.commandblockwither.spawn_up"
   	  }
    },
"component_groups":{
    "invul_skin1":{
      "minecraft:mark_variant": {
        "value": 0
      }
    },
    "invul_skin2":{
      "minecraft:mark_variant": {
        "value": 1
      }
    },
    "into":{
          "minecraft:explode": {
     "fuseLength": 0.1,
        "fuseLit": true,
        "power": 5,
        "causesFire": false
    }
    }
},
    "components": {
      "minecraft:experience_reward": {
        "on_death": "50"
      },
      "minecraft:breathable": {
        "total_supply": 15,
        "suffocate_time": 0
      },
      "minecraft:boss": {
        "should_darken_sky": true,
        "name":"Wither Storm",
        "hud_range": 55
      },
      "minecraft:health": {
        "value": 600,
        "max": 600
      },
      "minecraft:collision_box": {
        "width": 1,
        "height": 3
      },
      "minecraft:variant": {
        "value": 0
      },
      "minecraft:knockback_resistance": {
        "value": 1.0
      },
      "minecraft:fire_immune": true,
      "minecraft:loot": {
        "table": "loot_tables/entities/wither_boss.json"
      },
      "minecraft:nameable": {
      },
      "minecraft:movement": {
        "value": 0.0
      },
      "minecraft:navigation.float": {
    
      },
      "minecraft:movement.basic": {
        "max_turn":  0.0
      },
      "minecraft:jump.static": {
      },
      "minecraft:can_climb": {
      },
      "minecraft:can_fly": {
      },
      "minecraft:behavior.float": {
        "priority": 1
      },
      "minecraft:behavior.float_wander": {
        "priority": 2,
        "must_reach": true
      },
      "minecraft:type_family": {
        "family": [ "wither_storm", "skeleton", "monster", "undead", "mob" ,"wither_command","ws_body"]
      },
      "minecraft:persistent": {
      },
      "minecraft:physics": {
        "has_gravity": true,
        "has_collision": false
      },
      "minecraft:pushable": {
        "is_pushable": false,
        "is_pushable_by_piston": false
      }
    },
            "events": {


                        "skin1": {
                      "add": {
              "component_groups": [
            "invul_skin1"
              ]
            }
      },
                        "skin2": {
                      "add": {
              "component_groups": [
            "invul_skin2"
              ]
            }
      },
                        "into": {
                      "add": {
              "component_groups": [
            "into"
              ]
            }
      }
        }
  }
}
