{
	"format_version": "1.10.0",
	"minecraft:client_entity": {
		"description": {
			"identifier": "minecraft:chicken",
			"min_engine_version": "1.12.0",
			"materials": {
				"default": "entity_alphatest",
				"legs": "entity_alphatest",
				"sick": "entity_alphablend"
			},
			"textures": {
				"default": "textures/entity/chicken",
				"sick": "textures/entity/wither_sickness_layer/wither_sickness_layer_64_32"
			},
			"geometry": {
				"default": "geometry.chicken.v1.12",
				"sick": "geometry.chicken.sick"
			},
			"animations": {
				"move": "animation.chicken.move",
				"general": "animation.chicken.general",
				"look_at_target": "animation.common.look_at_target",
				"baby_transform": "animation.chicken.baby_transform"
			},
			"scripts": {
				"animate": [
					"general",
					{
						"move": "query.modified_move_speed"
					},
					"look_at_target",
					{
						"baby_transform": "query.is_baby"
					}
				]
			},
			"render_controllers": [
				"controller.render.chicken",
				"controller.render.sick"
			],
			"spawn_egg": {
				"texture": "spawn_egg",
				"texture_index": 0
			}
		}
	}
}