{
	"format_version": "1.12.0",
	"minecraft:geometry": [
		{
			"description": {
				"identifier": "geometry.blood_hand_head",
				"texture_width": 512,
				"texture_height": 512,
				"visible_bounds_width": 24,
				"visible_bounds_height": 2,
				"visible_bounds_offset": [0, 1, 0]
			},
			"bones": [
				{
					"name": "bone",
					"pivot": [0, 0, 0],
					"cubes": [
						{
							"name": "bone",
							"origin": [-5, -7, -1],
							"size": [10, 4, 3],
							"uv": [0, 0]
						},
						{
							"name": "bone",
							"origin": [-5, -3, 0],
							"size": [10, 1, 1],
							"uv": [0, 0]
						},
						{
							"name": "bone",
							"origin": [-5, 2, 0],
							"size": [10, 1, 1],
							"uv": [0, 0]
						},
						{
							"name": "bone",
							"origin": [-6, 4, -1],
							"size": [12, 9, 13],
							"uv": [0, 0]
						},
						{
							"name": "bone",
							"origin": [-7, 3, -1],
							"size": [14, 1, 13],
							"uv": [0, 0]
						},
						{
							"name": "bone",
							"origin": [4, -5, 0],
							"size": [2, 2, 7],
							"uv": [0, 0]
						},
						{
							"name": "bone",
							"origin": [4, -3, 6],
							"size": [2, 6, 2],
							"uv": [0, 0]
						},
						{
							"name": "bone",
							"origin": [-6, -3, 6],
							"size": [2, 6, 2],
							"uv": [0, 0]
						},
						{
							"name": "bone",
							"origin": [-6, -5, 0],
							"size": [2, 2, 7],
							"uv": [0, 0]
						}
					]
				},
				{
					"name": "hand",
					"pivot": [0, 0, 0],
					"cubes": [
						{
							"name": "hand",
							"origin": [-2, -2, -195],
							"size": [4, 4, 200],
							"uv": [105, 309]
						},
						{
							"name": "hand",
							"origin": [-4, -2, -198],
							"size": [8, 8, 3],
							"uv": [491, 404]
						}
					]
				},
				{
					"name": "bone2",
					"parent": "hand",
					"pivot": [0, 0, -195],
					"rotation": [45, 0, 0],
					"cubes": [
						{
							"name": "bone2",
							"origin": [-4, 5.29289, -193.05025],
							"size": [2, 5, 2],
							"uv": [505, 506]
						},
						{
							"name": "bone2",
							"origin": [-1, 5.29289, -193.05025],
							"size": [2, 5, 2],
							"uv": [505, 486]
						},
						{
							"name": "bone2",
							"origin": [2, 5.29289, -193.05025],
							"size": [2, 5, 2],
							"uv": [491, 457]
						}
					]
				},
				{
					"name": "bone3",
					"parent": "hand",
					"pivot": [0, 0, -195],
					"rotation": [75, 0, 0],
					"cubes": [
						{
							"name": "bone3",
							"origin": [-4, 8.51884, -188.73826],
							"size": [2, 5, 2],
							"uv": [505, 506]
						},
						{
							"name": "bone3",
							"origin": [-1, 8.51884, -188.73826],
							"size": [2, 5, 2],
							"uv": [505, 348]
						},
						{
							"name": "bone3",
							"origin": [2, 8.51884, -188.73826],
							"size": [2, 5, 2],
							"uv": [505, 219]
						}
					]
				},
				{
					"name": "bone4",
					"parent": "hand",
					"pivot": [0, 0, -195],
					"rotation": [0, -30, 0],
					"cubes": [
						{
							"name": "bone4",
							"origin": [-9, -2, -195],
							"size": [5, 2, 2],
							"uv": [252, 241]
						}
					]
				}
			]
		}
	]
}