{
	"format_version": "1.12.0",
	"minecraft:geometry": [
		{
			"description": {
				"identifier": "geometry.blood_gb_ray1",
				"texture_width": 16,
				"texture_height": 16,
				"visible_bounds_width": 56,
				"visible_bounds_height": 6,
				"visible_bounds_offset": [0, 3, 0]
			},
			"bones": [
				{
					"name": "raya",
					"parent": "ray",
					"pivot": [0, 0, 7],
					"cubes": [
						{
							"origin": [-1, -1, -999],
							"size": [2, 2, 1000],
							"pivot": [0, 0, 0],
							"rotation": [0, 0, 0],
							"uv": [0, 0],
							"inflate": 0.5
						}
					]
				}
			]
		}
	]
}