{
  "format_version": "1.10.0",
  "minecraft:client_entity": {
    "description": {
      "identifier": "minecraft:armadillo",
      "materials": {
        "default": "armadillo",
        "hp": "entity_emissive_alpha"
      },
      "geometry": {
        "default": "geometry.armadillo",
        "hp": "geometry.health_bar",
        "dmg": "geometry.dmg"
      },
      "textures": {
        "default": "textures/entity/armadillo",
        "hp100": "textures/hp/hp100",
        "hp99": "textures/hp/hp99",
        "hp98": "textures/hp/hp98",
        "hp97": "textures/hp/hp97",
        "hp96": "textures/hp/hp96",
        "hp95": "textures/hp/hp95",
        "hp94": "textures/hp/hp94",
        "hp93": "textures/hp/hp93",
        "hp92": "textures/hp/hp92",
        "hp91": "textures/hp/hp91",
        "hp90": "textures/hp/hp90",
        "hp89": "textures/hp/hp89",
        "hp88": "textures/hp/hp88",
        "hp87": "textures/hp/hp87",
        "hp86": "textures/hp/hp86",
        "hp85": "textures/hp/hp85",
        "hp84": "textures/hp/hp84",
        "hp83": "textures/hp/hp83",
        "hp82": "textures/hp/hp82",
        "hp81": "textures/hp/hp81",
        "hp80": "textures/hp/hp80",
        "hp79": "textures/hp/hp79",
        "hp78": "textures/hp/hp78",
        "hp77": "textures/hp/hp77",
        "hp76": "textures/hp/hp76",
        "hp75": "textures/hp/hp75",
        "hp74": "textures/hp/hp74",
        "hp73": "textures/hp/hp73",
        "hp72": "textures/hp/hp72",
        "hp71": "textures/hp/hp71",
        "hp70": "textures/hp/hp70",
        "hp69": "textures/hp/hp69",
        "hp68": "textures/hp/hp68",
        "hp67": "textures/hp/hp67",
        "hp66": "textures/hp/hp66",
        "hp65": "textures/hp/hp65",
        "hp64": "textures/hp/hp64",
        "hp63": "textures/hp/hp63",
        "hp62": "textures/hp/hp62",
        "hp61": "textures/hp/hp61",
        "hp60": "textures/hp/hp60",
        "hp59": "textures/hp/hp59",
        "hp58": "textures/hp/hp58",
        "hp57": "textures/hp/hp57",
        "hp56": "textures/hp/hp56",
        "hp55": "textures/hp/hp55",
        "hp54": "textures/hp/hp54",
        "hp53": "textures/hp/hp53",
        "hp52": "textures/hp/hp52",
        "hp51": "textures/hp/hp51",
        "hp50": "textures/hp/hp50",
        "hp49": "textures/hp/hp49",
        "hp48": "textures/hp/hp48",
        "hp47": "textures/hp/hp47",
        "hp46": "textures/hp/hp46",
        "hp45": "textures/hp/hp45",
        "hp44": "textures/hp/hp44",
        "hp43": "textures/hp/hp43",
        "hp42": "textures/hp/hp42",
        "hp41": "textures/hp/hp41",
        "hp40": "textures/hp/hp40",
        "hp39": "textures/hp/hp39",
        "hp38": "textures/hp/hp38",
        "hp37": "textures/hp/hp37",
        "hp36": "textures/hp/hp36",
        "hp35": "textures/hp/hp35",
        "hp34": "textures/hp/hp34",
        "hp33": "textures/hp/hp33",
        "hp32": "textures/hp/hp32",
        "hp31": "textures/hp/hp31",
        "hp30": "textures/hp/hp30",
        "hp29": "textures/hp/hp29",
        "hp28": "textures/hp/hp28",
        "hp27": "textures/hp/hp27",
        "hp26": "textures/hp/hp26",
        "hp25": "textures/hp/hp25",
        "hp24": "textures/hp/hp24",
        "hp23": "textures/hp/hp23",
        "hp22": "textures/hp/hp22",
        "hp21": "textures/hp/hp21",
        "hp20": "textures/hp/hp20",
        "hp19": "textures/hp/hp19",
        "hp18": "textures/hp/hp18",
        "hp17": "textures/hp/hp17",
        "hp16": "textures/hp/hp16",
        "hp15": "textures/hp/hp15",
        "hp14": "textures/hp/hp14",
        "hp13": "textures/hp/hp13",
        "hp12": "textures/hp/hp12",
        "hp11": "textures/hp/hp11",
        "hp10": "textures/hp/hp10",
        "hp9": "textures/hp/hp9",
        "hp8": "textures/hp/hp8",
        "hp7": "textures/hp/hp7",
        "hp6": "textures/hp/hp6",
        "hp5": "textures/hp/hp5",
        "hp4": "textures/hp/hp4",
        "hp3": "textures/hp/hp3",
        "hp2": "textures/hp/hp2",
        "hp1": "textures/hp/hp1",
        "hp0": "textures/hp/hp1"
      },
      "render_controllers": [
        "controller.render.armadillo",
        "controller.render.hp",
        "controller.render.dmg"
      ],
      "scripts": {
        "pre_animation": [
          "variable.x_head_rotation = math.clamp(query.target_x_rotation, -32.5, 32.5);",
          "variable.y_head_rotation = math.clamp(query.target_y_rotation, -22.5, 25);",
          "variable.is_rolled_up = query.property('minecraft:armadillo_state') != 'unrolled';",
          "variable.rolled_up_time = variable.is_rolled_up ? ((variable.rolled_up_time ?? 0.0) + query.delta_time) : 0.0;",
          "variable.is_peeking = query.property('minecraft:armadillo_state') == 'rolled_up_peeking';",
          "variable.is_unrolling = query.property('minecraft:armadillo_state') == 'rolled_up_unrolling';",
          "variable.unrolling_time = variable.is_unrolling ? ((variable.unrolling_time ?? 0.0) + query.delta_time) : 0.0;",
          "variable.use_rolled_up_model = variable.rolled_up_time >= 0.2083 && (variable.unrolling_time == 0.0 || variable.unrolling_time <= 1.25 );",
          "variable.walking = query.modified_move_speed > 0.01 && !variable.is_rolled_up;",
          "variable.walk_anim_time_update = query.anim_time + math.min(3.0, math.lerp(2.0, 5.0, query.modified_move_speed)) * query.delta_time;",
          "variable.health = math.round(query.health / query.max_health * 100);"
        ],
        "animate": [
          "look_at_target_controller",
          "walk_controller",
          "roll_up_controller",
          "dmg",
          "hp"
        ],
        "should_update_effects_offscreen": "1.0",
        "variables": {
          "variable.hp": "public"
        },
        "initialize": [
          "variable.hp = query.health;"
        ]
      },
      "animations": {
        "look_at_target": "animation.armadillo.look_at_target",
        "look_at_target_controller": "controller.animation.armadillo.look_at_target",
        "walk": "animation.armadillo.walk",
        "walk_controller": "controller.animation.armadillo.walk",
        "roll_up": "animation.armadillo.roll_up",
        "rolled_up": "animation.armadillo.rolled_up",
        "peek": "animation.armadillo.peek",
        "unroll": "animation.armadillo.unroll",
        "unroll_fast": "animation.armadillo.unroll_fast",
        "roll_up_controller": "controller.animation.armadillo.roll_up",
        "dmg": "controller.animation.damage.root",
        "hp": "animation.health_turtle"
      },
      "sound_effects": {
        "roll": "mob.armadillo.roll",
        "land": "mob.armadillo.land",
        "peek": "mob.armadillo.peek",
        "unroll_start": "mob.armadillo.unroll_start",
        "unroll_finish": "mob.armadillo.unroll_finish"
      },
      "particle_effects": {
        "dmg": "particle:damage"
      },
      "spawn_egg": {
        "base_color": "#ad716d",
        "overlay_color": "#824848"
      }
    }
  }
}