{
  "witherstormmod:command_block": {
    "sound": "metal"
  },
  "witherstormmod:super_tnt": {
    "sound": "grass",
    "textures": {
      "down": "super_tnt_bottom",
      "side": "super_tnt_side",
      "up": "super_tnt_top"
    }
  },
  "witherstormmod:tainted_leaves": {
    "sound": "grass"
  },
  "witherstormmod:tainted_jack_o_lantern": {
    "sound": "wood"
  },
  "witherstormmod:tainted_carved_pumpkin": {
    "sound": "wood"
  },
  "witherstormmod:tainted_pumpkin": {
    "sound": "wood",
    "textures": {
      "down": "witherstormmod_tainted_pumpkin_top",
      "side": "witherstormmod_tainted_pumpkin_side",
      "up": "witherstormmod_tainted_pumpkin_top"
    }
  },
  "witherstormmod:firework_bundle": {
    "sound": "grass",
    "textures": {
      "down": "firework_bundle_bottom",
      "side": "firework_bundle_side",
      "up": "firework_bundle_top"
    }
  },
  "witherstormmod:tainted_log": {
    "sound": "wood"
  },
  "witherstormmod:tainted_flesh": {
    "sound": "slime",
    "textures": "tainted_flesh_block"
  },
  "witherstormmod:hardended_flesh": {
    "sound": "slime",
    "textures": "hardended_flesh_block"
  },
  "witherstormmod:infected_flesh": {
    "sound": "slime",
    "textures": "infected_flesh_block"
  },
  "witherstormmod:formidibomb": {
    "sound": "grass",
    "textures": {
      "down": "formidibomb_bottom",
      "east": "formidibomb_side",
      "west": "formidibomb_side",
      "up": "formidibomb_top",
      "south": "formidibomb_front",
      "north": "formidibomb_back"
    }
  },
  "witherstormmod:tainted_planks": {
    "textures": "witherstormmod_tainted_planks",
    "sound": "wood"
  },
  "witherstormmod:tainted_planks_stairs": {
    "sound": "wood"
  },
  "witherstormmod:tainted_planks_slab": {
    "sound": "wood"
  },
  "witherstormmod:tainted_cobblestone": {
    "textures": "witherstormmod_tainted_cobblestone",
    "sound": "stone"
  },
  "witherstormmod:tainted_cobblestone_stairs": {
    "sound": "stone"
  },
  "witherstormmod:tainted_cobblestone_slab": {
    "sound": "stone"
  },
  "witherstormmod:tainted_sand": {
    "textures": "witherstormmod_tainted_sand",
    "sound": "sand"
  },
  "witherstormmod:tainted_stone": {
    "textures": "witherstormmod_tainted_stone",
    "sound": "stone"
  },
  "witherstormmod:tainted_stone_stairs": {
    "sound": "stone"
  },
  "witherstormmod:tainted_stone_slab": {
    "sound": "stone"
  },
  "witherstormmod:tainted_mushroom": {
    "sound": "grass"
  },
  "witherstormmod:tainted_zombie_sitting": {
    "sound": "slime"
  },
  "witherstormmod:tainted_skull": {
    "sound": "stone"
  },
  "witherstormmod:tainted_zombie_lying": {
    "sound": "slime"
  },
  "witherstormmod:tainted_glass": {
    "textures": "witherstormmod_tainted_glass",
    "sound": "glass"
  },
  "witherstormmod:tainted_skeleton_wall": {
    "sound": "stone"
  },
  "witherstormmod:tainted_zombie_wall": {
    "sound": "slime"
  },
  "witherstormmod:tainted_dust_block": {
    "textures": "witherstormmod_tainted_dust_block",
    "sound": "glass"
  },
  "format_version": [
    1,
    1,
    0
  ]
}