{
  "format_version": "1.13.0",
  "minecraft:entity": {
    "description": {
      "identifier": "minecraftstorymode:command_block_final",
      "is_spawnable": false,
      "is_summonable": true,
      "is_experimental": false,
                    	      "scripts": {
        "animate": [
            "spawn",
            "particles",
            {
            "shake":"query.health<64"
                    	      },
            "pulse_loop",
                                    
          "loop",
 
          "mood",
            
                        {
          "hurt":"query.health<64"
            },
                                    {
          "hurt_sound":"query.health<64"
            },
            {
          "damage":"query.health<=50"
            },
                        {
          "damage2":"query.health<=25"
            },
                                    {
          "death":"query.health<=1"
            }
            
        ]
	     },
	        	  "animations": {
	        	         	    "spawn": "animation.command_block_final.spawn",
	        	         	    	        	         	    "loop": "animation.command_block_final.loop",
	        	         	    	        	     	        "mood": "animation.command_block_final.mood",	         	    	        	         	    "pulse_loop": "animation.command_block_final.pulse_loop",
	        	         	    	     	    	        	         	    	        	         	    "shake": "animation.command_block_final.shake",
	        	  "particles":"animation.command_block_final.particle",       	      
	        	  "hurt": "animation.command_block_final.hurt",
      	  "hurt_sound": "animation.command_block_final.hurt_sound",
   	    "damage": "animation.command_block_final.damage",
   	       	    "damage2": "animation.command_block_final.damage2",
   	       	    	        	         	    "death": "animation.command_block_final.death"
   	  }
    },
    "component_groups": {
    	"bossbar":{
    		"minecraft:boss":{
    "name":"command block"
}
    	},
    	    	"health100":{
    		"minecraft:variant":{
    			"value":0
    		}
    	},
    	"health75":{
    		"minecraft:variant":{
    			"value":1
    		}
    	},
    	    	"health50":{
    		"minecraft:variant":{
    			"value":2
    		}
    	},
    	    	"health25":{
    		"minecraft:variant":{
    			"value":3
    		}
    	},
    	    	    	"health0":{
    		"minecraft:variant":{
    			"value":4
    		}
    	},
        "death":{
                                  "minecraft:explode": {
          "fuseLength": 5,
          "fuseLit": true,
          "power": 3,
          "causesFire": true,
          "fireAffectedByGriefing": true,
          "destroyAffectedByGriefing": true
        }
        },
        "summon":{

	"minecraft:behavior.summon_entity": {
        "priority": 0,

        "summon_choices": [
          {
           "min_activation_range": 0.0,
           "max_activation_range": 99,
            "cooldown_time": 15,
            "weight": 1,
            "cast_duration": 2.8,
            "start_sound_event": "cast.spell",
            "sequence": [
              {
                "shape": "circle",
                "target": "target",
                "base_delay": 1.1,
                "num_entities_spawned": 4,
                "entity_type": "minecraftstorymode:sickened_zombie",
                "size": 5
              },
              {
                "shape": "circle",
                "target": "target",
                "base_delay": 0.1,
                "num_entities_spawned": 4,
                "entity_type": "minecraftstorymode:sickened_skeleton",
                "size": 10
              },
              {
                "shape": "circle",
                "target": "target",
                "base_delay": 0,
                "num_entities_spawned": 4,
                "entity_type": "minecraftstorymode:sickened_creeper",
                "size": 15
              },
              {
                "shape": "circle",
                "target": "target",
                "base_delay": 0,
                "num_entities_spawned": 4,
                "entity_type": "minecraftstorymode:sickened_spider",
                "size": 20
              }
            ]
          }
]
        }
        }
    },

    "components": {
      "minecraft:nameable": {
      },

     
      "minecraft:type_family": {
        "family": [ "monster", "mob","wither_storm","command_block","command_block_final" ]
      },
      "minecraft:collision_box": {
        "width": 1,
        "height": 1
      },
      "minecraft:navigation.float": {
        "can_float": true
      },
      "minecraft:behavior.float": {
        "priority": 0
      },
      "minecraft:movement": {
        "value": 0.00
      },
            "minecraft:fire_immune": true,
      "minecraft:health": {
        "value": 64,
        "max": 64,
        "min":1
      },

      "minecraft:rideable": {
        "seat_count": 6,
        "family_types": [
"cb_tentacles_final"
        ],
        "seats": [
          {
            "position": [ -1.7, 0.0, 0.0 ],
            "rotate_rider_by": 90,
            "lock_rider_rotation": 0
          },
          {
            "position": [ 1.7, 0.0, 0.0 ],
            "rotate_rider_by": -90,
            "lock_rider_rotation": 0
          },
          {
            "position": [ -1.7, 0.0, 1.7 ],
            "rotate_rider_by": 45,
            "lock_rider_rotation": 0
          },
          {
            "position": [ 1.7, 0.0, 1.7 ],
            "rotate_rider_by": -45,
            "lock_rider_rotation": 0
          },
          {
            "position": [ -1.7, 0.0, -1.7 ],
            "rotate_rider_by": 135,
            "lock_rider_rotation": 0
          },
          {
            "position": [ 1.7, 0.0, -1.7 ],
            "rotate_rider_by": -135,
            "lock_rider_rotation": 0
          }
        ]
      },
      "minecraft:movement.basic": {
        "max_turn":  0.0
      },
      "minecraft:breathable": {
        "total_supply": 15,
        "suffocate_time": 0,
        "breathes_air": true,
        "breathes_water": true
      },
      "minecraft:attack": {
        "damage": 10
      },

      "minecraft:knockback_resistance": {
        "value": 32767
      },
            "minecraft:follow_range": {
        "value": 0,
        "max": 0
      },


      "minecraft:behavior.hurt_by_target": {
      },
      "minecraft:physics": {
      },
      "minecraft:pushable": {
        "is_pushable": false,
        "is_pushable_by_piston": false
      }
    },

    "events": {
    	              "minecraft:entity_spawned": {
        "add": {
          "component_groups": [
            "health100"
          ]
        }
      },
                    "health75": {
        "add": {
          "component_groups": [
            "health75",
            "bossbar"
          ]
        }
      },
                          "health50": {
        "add": {
          "component_groups": [
            "health50"
          ]
        }
      },
                          "health25": {
        "add": {
          "component_groups": [
            "health25"
          ]
        }
      },
                                "health0": {
        "add": {
          "component_groups": [
            "health0"
          ]
        }
      },
              "death": {
        "add": {
          "component_groups": [
            "death"
          ]
        }
      },
            "summon": {
        "add": {
          "component_groups": [
            "summon"
          ]
        }
      }
    }
  }
}
