{
  "format_version": "1.12.0",
  "minecraft:entity": {
    "description": {
      "identifier": "minecraftstorymode:ws_end",
      "is_spawnable": false,
      "is_summonable": true,
      "is_experimental": true,
                    	      "scripts": {
        "animate": [
          "spawn"

        ]
	     },
	        	  "animations": {
   	    "spawn": "animation.wither_storm.pulse_spawn"

   	  }
    },
        "component_groups": {

            "death": {
          "minecraft:explode": {
     "fuseLength": 5,
        "fuseLit": true,
        "power": 0,
        "causesFire": false
    }

      }
    },
    "components": {
      "minecraft:nameable": {
      },
      "minecraft:collision_box": {
        "width": 0,
        "height": 0
      },
      "minecraft:movement.basic": {
      },
      "minecraft:jump.static": {
      },
      "minecraft:can_climb": {
      },
      "minecraft:movement": {
        "value": 0.0
      },
      "minecraft:navigation.float": {
        "can_float": true
      },

      "minecraft:damage_sensor": {
        "triggers": {
          "cause": "all",
          "deals_damage": false
        }
      },


      "minecraft:fire_immune": true,
      "minecraft:health": {
        "value": 10,
        "max": 10
      },
      "minecraft:breathable": {
        "totalSupply": 15,
        "suffocateTime": 0
      },
      "minecraft:follow_range": {
        "value": 128,
        "max": 128
      },
      "minecraft:behavior.float": {
        "priority": 0
      },

      
      "minecraft:type_family": {
        "family":[ "wither_storm", "block" ]
      },
      "minecraft:knockback_resistance": {
        "value": 1.0
      },
          "minecraft:explode": {
     "fuseLength": 5,
        "fuseLit": true,
        "power": 0.0,
        "causesFire": false,
        "destroyAffectedByGriefing": false
    },
    "minecraft:timer": {
          "time": 5,
          "looping": true,
          "time_down_event": {
            "event": "death",
            "target": "self"
          }
        },
      "minecraft:physics": {
      }
    },
            "events": {


                        "death": {
                      "add": {
              "component_groups": [
            "death"
              ]
            }
      }

        }
  }
}