{
    "format_version": "1.20.80",
    "minecraft:item": {
        "description": {
            "identifier": "yes:waxed_oxidized_copper_hammer",
            "menu_category": {
                "category": "nature",
                "group": "itemGroup.name.monsterStoneEgg"
            }
        },
        "components": {
            "minecraft:tags": {
                "tags": [
                    "ability:hammer",
                    "yes:diamond_tier"
                ]
            },
            "minecraft:custom_components": [
                "yes:mining_durability_damage",
                "yes:on_use",
                "yes:hit_durability_damage"
            ],
            "minecraft:max_stack_size": 1,
            "minecraft:hand_equipped": true,
            "minecraft:allow_off_hand": false,
            "minecraft:durability": {
                "max_durability": 95,
                "damage_chance": {
                    "min": 60,
                    "max": 100
                }
            },
            "minecraft:display_name": {
                "value": "Waxed Oxidized Copper Hammer\n\ue196\u00a7l\ue05b\u00a7r\ue195\n\ue05c\n\n\u00a76Special Attack:\n\u00a7e[\u00a79+6 atk\ue19a\u00a7e]\n\u00a7e[\u00a791.0 secs\ue189\u00a7e]\n\u00a7e[\u00a791.15 secs\ue188\u00a7e]"
            },
            "minecraft:icon": "oxidized_copper_hammer",
            "minecraft:damage": 6,
            "minecraft:use_modifiers": {
                "use_duration": 0.05,
                "movement_modifier": 1
            },
            "minecraft:cooldown": {
                "category": "hammer",
                "duration": 1.15
            },
            "minecraft:repairable": {
                "repair_items": [
                    {
                        "items": [
                            "yes:oxidized_copper_hammer"
                        ],
                        "repair_amount": "context.other->query.remaining_durability+0.12*context.other->query.max_durability"
                    },
                    {
                        "items": [
                            "minecraft:copper_ingot"
                        ],
                        "repair_amount": "query.max_durability*0.33"
                    }
                ]
            },
            "minecraft:can_destroy_in_creative": true,
            "minecraft:enchantable": {
                "value": 10,
                "slot": "sword"
            }
        }
    }
}