{
	"format_version": "1.16.100",
	"minecraft:item": {
		"description": {
			"identifier": "dragonmounts:ice_dragon_sword",
			"category": "equipment"
		},
		"components": {
			"minecraft:max_stack_size": 1,
			"minecraft:damage": 9,
			"minecraft:allow_off_hand": false,
			"minecraft:hand_equipped": true,
			"minecraft:can_destroy_in_creative": false,
			"minecraft:render_offsets": "tools",
			"minecraft:icon": {
				"texture": "ice_dragon_sword"
			},
			"minecraft:durability": {
				"max_durability": 2160
			},
			"minecraft:creative_category": {
				"parent": "itemGroup.name.sword"
			},
			"minecraft:display_name": {
				"value": "item.dragonmounts:ice_dragon_sword.name"
			},
			"minecraft:enchantable": {
				"value": 32,
				"slot": "sword"
			},
			"minecraft:weapon": {
				"on_hurt_entity": {
					"event": "attack",
					"target": "self"
				}
			},
			"minecraft:repairable": {
				"repair_items": [
					{
						"items": [
							"dragonmounts:ice_dragonscales"
						],
						"repair_amount": "query.max_durability * 0.25"
					},
					{
						"items": [
							"dragonmounts:ice_dragon_sword"
						],
						"repair_amount": "context.other->query.remaining_durability + query.max_durability * 0.05"
					}
				]
			},
			"minecraft:digger": {
				"use_efficiency": false,
				"destroy_speeds": [
					{
						"block": "minecraft:web",
						"speed": 20,
						"on_dig": {
							"event": "dig",
							"target": "self"
						}
					},
					{
						"block": "minecraft:bamboo",
						"speed": 15,
						"on_dig": {
							"event": "dig",
							"target": "self"
						}
					}
				]
			}
		},
		"events": {
			"attack": {
				"sequence": [
					// {
					// 	"add_mob_effect": {
					// 		"effect": "",
					// 		"target": "holder",
					// 		"duration": 1,
					// 		"amplifier": 1
					// 	}
					// },
					// {
					// 	"add_mob_effect": {
					// 		"effect": "",
					// 		"target": "other",
					// 		"duration": 1,
					// 		"amplifier": 1
					// 	}
					// },
					{
						"damage": {
							"type": "none",
							"amount": 1
						}
					}
				]
			},
			"dig": {
				"damage": {
					"type": "none",
					"amount": 1
				}
			}
		}
	}
}