{
    "format_version": "1.20.0",
    "minecraft:block": {
        "description": {
            "identifier": "ycreatures_savanna:baobab_log",
			"menu_category": {
				"category": "construction"
			},
			"properties": {
                "log:face_block": [ 0, 1, 2, 3, 4, 5 ]
            }
        },
        "components": {
            "minecraft:destructible_by_mining": {
				"seconds_to_destroy": 1.0
			},
			"minecraft:material_instances": {
               "*": {
                 "texture": "baobab_log",
                 "render_method": "opaque"
               }
            },
			"minecraft:geometry": "geometry.ybrothers_log",
			"minecraft:destructible_by_explosion": {
				"explosion_resistance": 2
			},
			"minecraft:loot": "loot_tables/blocks/baobab_log.json",
			"minecraft:on_player_placing": {
                "event": "minecraft:faced_block"
            },
			"minecraft:map_color": "#382917",
			"minecraft:flammable": {
				"catch_chance_modifier": 5,
				"destroy_chance_modifier": 20
			},
			
			"tag:ybrotherslogs": {}
        },
		
		"permutations": [
            {
                "condition": "query.block_state('log:face_block') == 0",
                "components": {
                  "minecraft:transformation": {
				     "rotation": [0, 0, 0]
				  },
				  "minecraft:on_interact": {
			         "event": "minecraft:log_updown_interactions",
			         "condition": "query.equipped_item_any_tag('slot.weapon.mainhand', 'minecraft:is_axe')",
	   	             "target": "self"
	              }
               }
            },
			{
                "condition": "query.block_state('log:face_block') == 1",
                "components": {
                  "minecraft:transformation": {
				     "rotation": [0, 0, 0]
				  },
				  "minecraft:on_interact": {
			         "event": "minecraft:log_updown_interactions",
			         "condition": "query.equipped_item_any_tag('slot.weapon.mainhand', 'minecraft:is_axe')",
	   	             "target": "self"
	              }
               }
            },
            {
                "condition": "query.block_state('log:face_block') == 2",
                "components": {
                  "minecraft:transformation": {
				     "rotation": [-90, 0, 0]
				  },
				  "minecraft:on_interact": {
			         "event": "minecraft:log_northsouth_interactions",
			         "condition": "query.equipped_item_any_tag('slot.weapon.mainhand', 'minecraft:is_axe')",
	   	             "target": "self"
	              }
               }
            },
            {
                "condition": "query.block_state('log:face_block') == 3",
                "components": {
                  "minecraft:transformation": {
				     "rotation": [-90, 0, 0]
				  },
				  "minecraft:on_interact": {
			         "event": "minecraft:log_northsouth_interactions",
			         "condition": "query.equipped_item_any_tag('slot.weapon.mainhand', 'minecraft:is_axe')",
	   	             "target": "self"
	              }
               }
            },
            {
                "condition": "query.block_state('log:face_block') == 4",
                "components": {
                  "minecraft:transformation": {
				     "rotation": [0, 0, 90]
				  },
				  "minecraft:on_interact": {
			         "event": "minecraft:log_eastwest_interactions",
			         "condition": "query.equipped_item_any_tag('slot.weapon.mainhand', 'minecraft:is_axe')",
	   	             "target": "self"
	              }
               }
            },
			{
                "condition": "query.block_state('log:face_block') == 5",
                "components": {
                  "minecraft:transformation": {
				     "rotation": [0, 0, 90]
				  },
				  "minecraft:on_interact": {
			         "event": "minecraft:log_eastwest_interactions",
			         "condition": "query.equipped_item_any_tag('slot.weapon.mainhand', 'minecraft:is_axe')",
	   	             "target": "self"
	              }
               }
            }
        ],
		
		"events": {
		"minecraft:faced_block": {
            "set_block_state": {
                "log:face_block": "(query.cardinal_player_facing)"
            }
        },
		"minecraft:log_updown_interactions": {
		    "sequence": [
            {
              "condition": "query.equipped_item_any_tag('slot.weapon.mainhand', 'minecraft:is_axe')",
			  "run_command": {
			 	"command": [
				  "structure load baobab_log_v2_rot0 ~ ~ ~ 0_degrees"
				]
			  }
            }
           ]
	    },
		"minecraft:log_northsouth_interactions": {
		    "sequence": [
            {
              "condition": "query.equipped_item_any_tag('slot.weapon.mainhand', 'minecraft:is_axe')",
			  "run_command": {
			 	"command": [
				  "structure load baobab_log_v2_rot2 ~ ~ ~ 0_degrees"
				]
			  }
            }
           ]
	    },
		"minecraft:log_eastwest_interactions": {
		    "sequence": [
            {
              "condition": "query.equipped_item_any_tag('slot.weapon.mainhand', 'minecraft:is_axe')",
			  "run_command": {
			 	"command": [
				  "structure load baobab_log_v2_rot1 ~ ~ ~ 0_degrees"
				]
			  }
            }
           ]
	    }
     }
  }
}