{
    "format_version": "1.20.0",
    "minecraft:block": {
        "description": {
            "identifier": "ycreatures_savanna:baobab_planks",
			"menu_category": {
				"category": "construction"
			}
        },
        "components": {
            "minecraft:loot": "loot_tables/blocks/baobab_planks.json",
            "minecraft:unit_cube": {},
            "minecraft:destructible_by_mining": {
				"seconds_to_destroy": 1.0
			},
			"minecraft:destructible_by_explosion": {
				"explosion_resistance": 2
			},
            "minecraft:map_color": "#6c5942",
			"minecraft:flammable": {
				"catch_chance_modifier": 5,
				"destroy_chance_modifier": 20
			},
			
			"tag:ybrotherswoods": {}
        }
    }
}