{
    "format_version": "1.20.0",
    "minecraft:block": {
        "description": {
            "identifier": "ycreatures_savanna:baobab_wood_infested",
			"menu_category": {
				"category": "construction"
			}
        },
        "components": {
            "minecraft:loot": "loot_tables/empty_loot.json",
            "minecraft:material_instances": {
                "*": {
                    "texture": "baobab_wood_infested",
                    "render_method": "opaque"
                }
            },
			"minecraft:on_player_destroyed": {
				"event": "minecraft:bother_termite",
				"target": "self"
			},
			"minecraft:on_interact": {
               "event": "minecraft:bother_termite",
               "target": "self"
            },
			"minecraft:unit_cube": {},
            "minecraft:destructible_by_mining": {
				"seconds_to_destroy": 1.0
			},
			"minecraft:destructible_by_explosion": {
				"explosion_resistance": 2
			},
            "minecraft:map_color": "#382917",
			"minecraft:flammable": {
				"catch_chance_modifier": 5,
				"destroy_chance_modifier": 20
			},
			
			"tag:ybrotherswoods": {}
        },
		"events": {
			"minecraft:bother_termite": {
			  "randomize": [
			    {
				"weight": 1,
				"spawn_loot": {
				   "table": "loot_tables/blocks/baobab_infested.json"
			    },
				"run_command": {
					"target": "self",
					"command": [
						"summon ycreatures_savanna:savanna_cupim ~ ~ ~ facing ~ ~ ~ minecraft:termite_from_wood",
						"playsound block.beehive.exit @a[r=16] ~ ~ ~ 6.0 1.0",
						"setblock ~ ~ ~ air destroy"
					    ]
				    }
			    },
				{
				"weight": 1,
				"spawn_loot": {
				   "table": "loot_tables/blocks/baobab_infested.json"
			    },
				"run_command": {
					"target": "self",
					"command": [
						"summon ycreatures_savanna:savanna_cupim ~ ~ ~ facing ~ ~ ~ minecraft:termite_from_wood",
						"summon ycreatures_savanna:savanna_cupim ~ ~ ~ facing ~ ~ ~ minecraft:termite_from_wood",
						"playsound block.beehive.exit @a[r=16] ~ ~ ~ 6.0 1.0",
						"setblock ~ ~ ~ air destroy"
					    ]
				    }
			    }
			    ]
			}
        }
    }
}