{
	"format_version": "1.12.0",
	"minecraft:geometry": [
		{
			"description": {
				"identifier": "geometry.ultimate_weapon",
				"texture_width": 16,
				"texture_height": 16,
				"visible_bounds_width": 4,
				"visible_bounds_height": 3,
				"visible_bounds_offset": [0, 1.5, 0]
			},
			"bones": [
				{
					"name": "waist",
					"pivot": [0, 12, 0]
				},
				{
					"name": "body",
					"parent": "waist",
					"pivot": [0, 24, 0]
				},
				{
					"name": "head",
					"parent": "body",
					"pivot": [0, 24, 0]
				},
				{
					"name": "hat",
					"parent": "head",
					"pivot": [0, 24, 0]
				},
				{
					"name": "rightArm",
					"parent": "body",
					"pivot": [-5, 22, 0]
				},
				{
					"name": "rightItem",
					"parent": "rightArm",
					"pivot": [-6, 15, 1]
				},
				{
					"name": "sword",
					"parent": "rightItem",
					"pivot": [-6, 15, 1],
					"rotation": [145, 0, 0],
					"cubes": [
						{
							"origin": [-5, 12, 0],
							"size": [0, 16, 16],
							"pivot": [5, 22, 0],
							"rotation": [-27.5, 0, 0],
							"uv": {
								"north": {"uv": [11, 0], "uv_size": [0, 16]},
								"east": {"uv": [0, 0], "uv_size": [0, 0]},
								"south": {"uv": [5, 0], "uv_size": [0, 16]},
								"west": {"uv": [0, 0], "uv_size": [16, 16]},
								"up": {"uv": [5, 16], "uv_size": [0, -16]},
								"down": {"uv": [5, 16], "uv_size": [0, -16]}
							}
						},
						{
							"origin": [-6, 12, 0],
							"size": [0, 16, 16],
							"pivot": [5, 22, 0],
							"rotation": [-27.5, 0, 0],
							"uv": {
								"north": {"uv": [11, 0], "uv_size": [0, 16]},
								"east": {"uv": [0, 0], "uv_size": [0, 0]},
								"south": {"uv": [5, 0], "uv_size": [0, 16]},
								"west": {"uv": [0, 0], "uv_size": [16, 16]},
								"up": {"uv": [5, 16], "uv_size": [0, -16]},
								"down": {"uv": [5, 16], "uv_size": [0, -16]}
							}
						},
						{
							"origin": [-5.9, 12, 0],
							"size": [0, 16, 16],
							"pivot": [5, 22, 0],
							"rotation": [-27.5, 0, 0],
							"uv": {
								"north": {"uv": [11, 0], "uv_size": [0, 16]},
								"east": {"uv": [0, 0], "uv_size": [0, 0]},
								"south": {"uv": [5, 0], "uv_size": [0, 16]},
								"west": {"uv": [0, 0], "uv_size": [16, 16]},
								"up": {"uv": [5, 16], "uv_size": [0, -16]},
								"down": {"uv": [5, 16], "uv_size": [0, -16]}
							}
						},
						{
							"origin": [-5.8, 12, 0],
							"size": [0, 16, 16],
							"pivot": [5, 22, 0],
							"rotation": [-27.5, 0, 0],
							"uv": {
								"north": {"uv": [11, 0], "uv_size": [0, 16]},
								"east": {"uv": [0, 0], "uv_size": [0, 0]},
								"south": {"uv": [5, 0], "uv_size": [0, 16]},
								"west": {"uv": [0, 0], "uv_size": [16, 16]},
								"up": {"uv": [5, 16], "uv_size": [0, -16]},
								"down": {"uv": [5, 16], "uv_size": [0, -16]}
							}
						},
						{
							"origin": [-5.7, 12, 0],
							"size": [0, 16, 16],
							"pivot": [5, 22, 0],
							"rotation": [-27.5, 0, 0],
							"uv": {
								"north": {"uv": [11, 0], "uv_size": [0, 16]},
								"east": {"uv": [0, 0], "uv_size": [0, 0]},
								"south": {"uv": [5, 0], "uv_size": [0, 16]},
								"west": {"uv": [0, 0], "uv_size": [16, 16]},
								"up": {"uv": [5, 16], "uv_size": [0, -16]},
								"down": {"uv": [5, 16], "uv_size": [0, -16]}
							}
						},
						{
							"origin": [-5.6, 12, 0],
							"size": [0, 16, 16],
							"pivot": [5, 22, 0],
							"rotation": [-27.5, 0, 0],
							"uv": {
								"north": {"uv": [11, 0], "uv_size": [0, 16]},
								"east": {"uv": [0, 0], "uv_size": [0, 0]},
								"south": {"uv": [5, 0], "uv_size": [0, 16]},
								"west": {"uv": [0, 0], "uv_size": [16, 16]},
								"up": {"uv": [5, 16], "uv_size": [0, -16]},
								"down": {"uv": [5, 16], "uv_size": [0, -16]}
							}
						},
						{
							"origin": [-5.5, 12, 0],
							"size": [0, 16, 16],
							"pivot": [5, 22, 0],
							"rotation": [-27.5, 0, 0],
							"uv": {
								"north": {"uv": [11, 0], "uv_size": [0, 16]},
								"east": {"uv": [0, 0], "uv_size": [0, 0]},
								"south": {"uv": [5, 0], "uv_size": [0, 16]},
								"west": {"uv": [0, 0], "uv_size": [16, 16]},
								"up": {"uv": [5, 16], "uv_size": [0, -16]},
								"down": {"uv": [5, 16], "uv_size": [0, -16]}
							}
						},
						{
							"origin": [-5.4, 12, 0],
							"size": [0, 16, 16],
							"pivot": [5, 22, 0],
							"rotation": [-27.5, 0, 0],
							"uv": {
								"north": {"uv": [11, 0], "uv_size": [0, 16]},
								"east": {"uv": [0, 0], "uv_size": [0, 0]},
								"south": {"uv": [5, 0], "uv_size": [0, 16]},
								"west": {"uv": [0, 0], "uv_size": [16, 16]},
								"up": {"uv": [5, 16], "uv_size": [0, -16]},
								"down": {"uv": [5, 16], "uv_size": [0, -16]}
							}
						},
						{
							"origin": [-5.3, 12, 0],
							"size": [0, 16, 16],
							"pivot": [5, 22, 0],
							"rotation": [-27.5, 0, 0],
							"uv": {
								"north": {"uv": [11, 0], "uv_size": [0, 16]},
								"east": {"uv": [0, 0], "uv_size": [0, 0]},
								"south": {"uv": [5, 0], "uv_size": [0, 16]},
								"west": {"uv": [0, 0], "uv_size": [16, 16]},
								"up": {"uv": [5, 16], "uv_size": [0, -16]},
								"down": {"uv": [5, 16], "uv_size": [0, -16]}
							}
						},
						{
							"origin": [-5.2, 12, 0],
							"size": [0, 16, 16],
							"pivot": [5, 22, 0],
							"rotation": [-27.5, 0, 0],
							"uv": {
								"north": {"uv": [11, 0], "uv_size": [0, 16]},
								"east": {"uv": [0, 0], "uv_size": [0, 0]},
								"south": {"uv": [5, 0], "uv_size": [0, 16]},
								"west": {"uv": [0, 0], "uv_size": [16, 16]},
								"up": {"uv": [5, 16], "uv_size": [0, -16]},
								"down": {"uv": [5, 16], "uv_size": [0, -16]}
							}
						},
						{
							"origin": [-5.1, 12, 0],
							"size": [0, 16, 16],
							"pivot": [5, 22, 0],
							"rotation": [-27.5, 0, 0],
							"uv": {
								"north": {"uv": [11, 0], "uv_size": [0, 16]},
								"east": {"uv": [0, 0], "uv_size": [0, 0]},
								"south": {"uv": [5, 0], "uv_size": [0, 16]},
								"west": {"uv": [0, 0], "uv_size": [16, 16]},
								"up": {"uv": [5, 16], "uv_size": [0, -16]},
								"down": {"uv": [5, 16], "uv_size": [0, -16]}
							}
						}
					]
				},
				{
					"name": "leftArm",
					"parent": "body",
					"pivot": [5, 22, 0]
				},
				{
					"name": "rightLeg",
					"parent": "body",
					"pivot": [-1.9, 12, 0]
				},
				{
					"name": "leftLeg",
					"parent": "body",
					"pivot": [1.9, 12, 0]
				}
			]
		}
	]
}