{
  "format_version": "1.8.0",
  "render_controllers": {
    "controller.render.xans.wings": {
      "geometry": "Geometry.wings",
      "materials": [{"*":"Material.wings"}],
      "textures": ["Texture.wings"],
      "overlay_color": {
          "r": "this",
          "g": "this",
          "b": "this",
          "a": "0.0"
      },
      "light_color_multiplier": 1.0,
      "ignore_lighting": true,
       "uv_anim": {
		"offset": [ 0.0, "Math.sin(query.life_time * 77) * 7 + 55" ],
		"scale": [ 1, 1 ]
      }
    },
    "controller.render.xans.xa": {
      "geometry": "Geometry.a",
      "materials": [{"*":"Material.a"}],
      "textures": ["Texture.a"],
      "overlay_color": {
          "r": "this",
          "g": "this",
          "b": "this",
          "a": "0.0"
      },
      "light_color_multiplier": 1.0,
      "ignore_lighting": true
    },
     "controller.render.xans.xb": {
      "geometry": "Geometry.b",
      "materials": [{"*":"Material.b"}],
      "textures": ["Texture.b"],
      "overlay_color": {
          "r": "this",
          "g": "this",
          "b": "this",
          "a": "0.0"
      },
      "light_color_multiplier": 1.0,
      "ignore_lighting": true
    },
     "controller.render.xans.xc": {
      "geometry": "Geometry.c",
      "materials": [{"*":"Material.c"}],
      "textures": ["Texture.c"],
      "overlay_color": {
          "r": "this",
          "g": "this",
          "b": "this",
          "a": "0.0"
      },
      "light_color_multiplier": 1.0,
      "ignore_lighting" : true
    },
    "controller.render.xans.xd": {
      "geometry": "Geometry.d",
      "materials": [{"*":"Material.d"}],
      "textures": ["Texture.d"],
      "overlay_color": {
          "r": "this",
          "g": "this",
          "b": "this",
          "a": "0.0"
      },
      "light_color_multiplier": 1.0,
      "ignore_lighting" : true
    },
     "controller.render.xans.xansx": {
      "geometry": "Geometry.x",
      "materials": [{"*":"Material.x"}],
      "textures": ["Texture.x"],
      "overlay_color": {
          "r": "this",
          "g": "this",
          "b": "this",
          "a": "0.0"
      },
      "light_color_multiplier": 1.0,
      "ignore_lighting": true,
       "uv_anim": {
		"offset": [ "Math.sin(query.life_time) * 50 + 50", 0.0 ],
		"scale": [ 1, 1 ]
      }
    },
    "controller.render.xans.xansx2": {
      "geometry": "Geometry.x",
      "materials": [{"*":"Material.x"}],
      "textures": ["Texture.x"],
      "overlay_color": {
          "r": "this",
          "g": "this",
          "b": "this",
          "a": "0.0"
      },
      "light_color_multiplier": 1.0,
      "ignore_lighting": true,
       "uv_anim": {
		"offset": [ 0.0, "Math.sin(query.life_time * 77) * 7 + 7" ],
		"scale": [ 1, 1 ]
      }
    },
    "controller.render.xans.ybhx": {
      "geometry": "Geometry.default",
      "materials": [{"*":"Material.default"}],
      "textures": ["Texture.default"],
      "overlay_color": {
          "r": "this",
          "g": "this",
          "b": "this",
          "a": "0.0"
      },
      "light_color_multiplier": 1.0,
      "ignore_lighting" : true
    },
    "controller.render.xans.ybh": {
      "geometry": "Geometry.default",
      "materials": [{"*":"Material.default"}],
      "textures": ["Texture.default"]
    },
    "controller.render.xans.ybhxx": {
      "geometry": "Geometry.default",
      "materials": [{"*":"Material.default"}],
      "textures": ["Texture.default"],
      "overlay_color": {
          "r": "this",
          "g": "this",
          "b": "this",
          "a": "0.0"
      },
      "light_color_multiplier": 1.0,
      "ignore_lighting": true,
       "uv_anim": {
		"offset": [ 0.0, "Math.sin(query.life_time) * 60" ],
		"scale": [ 1, 1 ]
      }
    }
  }
}
