{
  "format_version": "1.10.0",
  "minecraft:attachable": {
    "description": {
      "identifier": "pubg:2armor.player",
      "item": { "pubg:2armor": "query.owner_identifier == 'minecraft:player'" },
      "materials": {
        "default": "armor",
        "enchanted": "armor_enchanted"
      },
      "textures": {
        "default": "textures/armors/2armor",
        "enchanted": "textures/misc/enchanted_item_glint"
      },
      "geometry": {
        "default": "geometry.2armor"
      },
      "scripts": {
        "parent_setup": "variable.helmet_layer_visible = 0.0;"
      },
      "render_controllers": [ "controller.render.armor" ]
    }
  }
}
