{
  "format_version": "1.8.0",
  "minecraft:attachable": {
    "description": {
      "identifier": "pubg:2armor",
      "materials": {
        "default": "armor",
        "enchanted": "armor_enchanted"
      },
      "textures": {
        "default": "textures/armors/2armor",
        "enchanted": "textures/misc/enchanted_item_glint"
      },
      "geometry": {
        "default": "geometry.pubg2armor"
      },
      "render_controllers": [ "controller.render.armor" ]
    }
  }
}
