{
  "format_version": "1.12.0",
  "minecraft:entity": {
    "description": {
      "identifier": "pg:portal_o",
      "is_spawnable": false,
      "is_summonable": true,
	  "runtime_identifier": "minecraft:pig",
	  "scripts": {
	   "pre_animation": [
		"variable.portal_type = 1;"
		],
        "animate": [
          "default",
		  "particle_system"
        ]
      },
      "animations": {
        "default": "controller.animation.teleport",
		"particle_system": "controller.animation.particle_system"
      }
    },
	"component_groups":{
		"floor_portal":{
			"minecraft:mark_variant":{
				"value": 1
			},
			"minecraft:collision_box": {
				"width": 0,
				"height": 0.9
			  }
		},
		"despawn":{
			"minecraft:instant_despawn":{}
		}
	},
    "components": {
		
		"minecraft:type_family": {
          "family": [ "pg","portal" ]
        },
	"minecraft:tick_world":{
		"never_despawn": true,
		"radius": 2
	},
	 "minecraft:damage_sensor": {
        "triggers": {
          "cause": "all",
          "deals_damage": false
        }
      },
	"minecraft:persistent":{},
	"minecraft:variant":{
		"value":1
	},
	"minecraft:breathable":{
	  "breathes_solids": true,
	  "breathes_water": true,
	  "breathes_lava": true
	  },
	  "minecraft:fire_immune": true,
	"minecraft:knockback_resistance": {
        "value": 1
      },
      "minecraft:collision_box": {
        "width": 0,
        "height": 1.9
      },       
	    "minecraft:physics": {
		"has_collision": true,
		"has_gravity": false
      },
      "minecraft:pushable": {
        "is_pushable": false,
        "is_pushable_by_piston": false
      }
    },
	"events":{
		"floor_portal":{"add":{"component_groups":["floor_portal"]}},
		"despawn":{
			"add":{"component_groups":["despawn"]}
		}
	}
  }
}
