{
  "format_version": "1.10.0",
  "minecraft:client_entity": {
    "description": {
      "identifier": "mc:block_e7",
      "materials": { "default": "iron_golem" }, 
      "textures": {
        "default": "textures/blocks/7"
      },
      "geometry": {
        "default": "geometry.block2"
      },
      "animations": {
        "walk": "t"
      },
      "scripts": {
        "animate": [
          "setup",
          { "walk": "query.modified_move_speed" },
          { "attack": "query.is_delayed_attacking" },
          "spawn",
          "look_at_target",
          { "baby_transform": "query.is_baby" }
               ],
        "scale": "1"
      },
      "render_controllers": [ "controller.render.iron_golem" ],
    "spawn_egg":{
"base_color":"#acb6886e",
"overlay_color":"#ef293399"
}
}
}
}



}





}
}
}
}



}








,
          "variable.is_invulnerable = query.invulnerable_ticks > 0.0;",
          "variable.display_normal_skin = (query.invulnerable_ticks <= 0) || ((query.invulnerable_ticks <= 80) && (Math.mod(query.invulnerable_ticks / 5, 2) == 1));"
        ],
        "scalex": "variable.scale_xz * variable.base_scale",
        "scaley": "variable.scale_y * variable.base_scale",
        "scalez": "variable.scale_xz * variable.base_scale"
      },
      "animations": {
        "scale": "animation.wither_boss.scale",
        "move": "animation.wither_boss.move",
        "look_at_target": "animation.wither_storm.look_at_target",
        "look_at_target": "animation.wither_storm.look_at_targetv2"
      },
      "animation_controllers": [
        { "move": "controller.animation.wither_boss.move" }
      ],
      "render_controllers": [ "controller.render.wither_boss" ],
    "spawn_egg":{
"base_color":"#000000",
"overlay_color":"#252424"
}
}
}
}


"
}
}
}
}




}
}





}
}


"
}
}
}
}




}
}





oss.move" }
      ],
      "render_controllers": [ "controller.render.wither_boss" ],
    "spawn_egg":{
"base_color":"#000000",
"overlay_color":"#252424"
}
}
}
}


"
}
}
}
}




}
}





}
}


"
}
}
}
}




}
}





