{
  "format_version": "1.8.0",
  "minecraft:client_entity": {
    "description": {
      "identifier": "mc:break",
      "materials": {
        "default": "skeleton"
      },
      "textures": {
        "default": "textures/blocks/destroy_stage_3"
      },
      "geometry": {
        "default": "geometry.cm_break"
      },
      "spawn_egg": {
        "texture": "wither_storm_egg_destroyer",
        "texture_index": 1
      },
      "scripts": {
        "pre_animation": [
          "variable.tcos0 = (Math.cos(query.modified_distance_moved * 3.17) * query.modified_move_speed / variable.gliding_speed_value) * 57.3;"
        ],
        "scale": "1"
      },
      "animations": {
        "look_at_target": "t",
        "move": "e"
      },
      "animation_controllers": [
        { "move": "controller.animation.wither_storm.move" }
      ],
      "render_controllers": [ "controller.render.cow", "controller.render.creeper_armor", "controller.render.wither_storm_beam" ]
    }
  }
}
orm_beam" ]
    }
  }
}

    }
  }
}
rm_beam" ]
    }
  }
}


}

}

 ]
    }
  }
}


}

}

