{
  "format_version": "1.10.0",
  "minecraft:client_entity": {
    "description": {
      "identifier": "minecraft:player",
      "materials": {
        "default": "entity_alphatest",
        "transparent": "entity_alphablend",
        "cape": "entity_alphatest",
        "animated": "player_animated"
      },
      "textures": {
        "default": "textures/entity/steve",
        "cape": "textures/entity/cape_invisible",
        "awp": "textures/firearm/sniper/awp/awp",
        "p90": "textures/firearm/smg/p90/p90",
        "barrett": "textures/firearm/sniper/barrett/barrett",
        "chaingrenade": "textures/firearm/throwable/chaingrenade",
        "nightvision": "textures/night_vision",
        "taurus": "textures/firearm/pistol/taurus/taurus",
        "taurus_mag": "textures/firearm/pistol/taurus/taurus.mag",
        "svi": "textures/firearm/pistol/svi/svi",
        "svi_mag": "textures/firearm/pistol/svi/svi",
        "usp": "textures/firearm/pistol/usp/usp",
        "usp_mag": "textures/firearm/pistol/usp/usp",
        "m3": "textures/firearm/shotgun/m3/m3",
        "m3_shells": "textures/firearm/ammo/m3",
        "akm": "textures/firearm/ar/akm/akm",
        "mp5": "textures/firearm/smg/mp5/mp5",
        "m249": "textures/firearm/lmg/m249/m249",
        "mk18": "textures/firearm/ar/mk18/mk18",
        "mk18_mag": "textures/firearm/ar/mk18/mk18.mag"
      },
      "geometry": {
        "default": "geometry.humanoid.custom",
        "cape": "geometry.cape",
        "custom": "geometry.humanoid.custom_player",
        "awp": "geometry.awp",
        "p90": "geometry.fn_p90",
        "barrett": "geometry.barrett",
        "chaingrenade": "geometry.chaingrenade",
        "nightvision": "geometry.nightvision",
        "taurus": "geometry.taurus",
        "svi": "geometry.svi",
        "usp": "geometry.usp",
        "m3": "geometry.m3",
        "akm": "geometry.akm",
        "mp5": "geometry.mp5",
        "m249": "geometry.m249",
        "m249_10": "geometry.m249.bullet_10",
        "m249_9": "geometry.m249.bullet_9",
        "m249_8": "geometry.m249.bullet_8",
        "m249_7": "geometry.m249.bullet_7",
        "m249_6": "geometry.m249.bullet_6",
        "m249_5": "geometry.m249.bullet_5",
        "m249_4": "geometry.m249.bullet_4",
        "m249_3": "geometry.m249.bullet_3",
        "m249_2": "geometry.m249.bullet_2",
        "m249_1": "geometry.m249.bullet_1",
        "m249_0": "geometry.m249.bullet_0",
        "mk18": "geometry.mk18",

        // Mags
        "awp_mag": "geometry.awp.mag",
        "p90_mag": "geometry.fn_p90.mag",
        "barrett_mag": "geometry.barrett.mag",
        "taurus_mag": "geometry.taurus.mag",
        "svi_mag": "geometry.svi.mag",
        "usp_mag": "geometry.usp.mag",
        "m3_shells": "geometry.m3.shells",
        "akm_mag": "geometry.akm.mag",
        "mp5_mag": "geometry.mp5.mag",
        "m249_mag": "geometry.m249.mag",
        "mk18_mag": "geometry.mk18.mag"
      },
      "scripts": {
        "scale": "0.9375",
        "initialize": [
          "v.is_holding_right = 0.0;",
          "v.is_blinking = 0.0;",
          "v.last_blink_time = 0.0;",
          "v.hand_bob = 0.0;"
        ],
        "pre_animation": [
          "v.helmet_layer_visible = 1.0;",
          "v.is_third_person = (!v.is_first_person && !v.map_face_icon && !v.is_paperdoll);",
          "v.leg_layer_visible = 1.0;",
          "v.boot_layer_visible = 1.0;",
          "v.chest_layer_visible = 1.0;",
          "v.attack_body_rot_y = Math.sin(360*Math.sqrt(v.attack_time)) * 5.0;",
          "v.tcos0 = (math.cos(q.modified_distance_moved * 38.17) * q.modified_move_speed / v.gliding_speed_value) * 57.3;",
          "v.first_person_rotation_factor = math.sin((1 - v.attack_time) * 180.0);",
          "v.hand_bob = q.life_time < 0.01 ? 0.0 : v.hand_bob + ((q.is_on_ground && q.is_alive ? math.clamp(math.sqrt(math.pow(q.position_delta(0), 2.0) + math.pow(q.position_delta(2), 2.0)), 0.0, 0.1) : 0.0) - v.hand_bob) * 0.02;",

          "v.map_angle = math.clamp(1 - v.player_x_rotation / 45.1, 0.0, 1.0);",
          "v.item_use_normalized = q.main_hand_item_use_duration / q.main_hand_item_max_duration;",
          "v.u = q.item_remaining_use_duration > 0.0;",
          "v.s = q.is_sneaking;",
          "v.t = q.life_time;",
          "v.m = q.is_sprinting;",
          "v.r = q.is_powered;",
          "v.r2 = q.is_ignited;",
          // AWP
          "v.is_holding_awp = q.get_equipped_item_name(0) == 'awp';",
          "v.is_holding_awpempty = q.get_equipped_item_name(0) == 'awp_empty';",
          "v.is_holding_awpmag = q.get_equipped_item_name(0) == 'awp_mag';",
          "v.awp = (v.is_holding_awp || v.is_holding_awpempty);",
          // P90
          "v.is_holding_p90 = q.get_equipped_item_name(0) == 'p90';",
          "v.is_holding_p90empty = q.get_equipped_item_name(0) == 'p90_empty';",
          "v.is_holding_p90mag = q.get_equipped_item_name(0) == 'p90_mag';",
          "v.p90 = (v.is_holding_p90 || v.is_holding_p90empty);",
          // Barrett
          "v.is_holding_barrett = q.get_equipped_item_name(0) == 'barrett';",
          "v.is_holding_barrettempty = q.get_equipped_item_name(0) == 'barrett_empty';",
          "v.is_holding_barrettmag = q.get_equipped_item_name(0) == 'barrett_mag';",
          "v.barrett = (v.is_holding_barrett || v.is_holding_barrettempty);",
          // Chain Grenade
          "v.is_holding_chaingrenade = q.get_equipped_item_name(0) == 'chaingrenade';",
          "v.is_using_grenade = v.is_holding_chaingrenade && v.u;",
          // Night Vision
          "v.is_holding_nightvision = q.get_equipped_item_name(0) == 'night_vision';",
          // Taurus
          "v.is_holding_taurus = q.get_equipped_item_name(0) == 'taurus';",
          "v.is_holding_taurusempty = q.get_equipped_item_name(0) == 'taurus_empty';",
          "v.is_holding_taurusmag = q.get_equipped_item_name(0) == 'taurus_mag';",
          "v.taurus = (v.is_holding_taurus || v.is_holding_taurusempty);",
                    // USP
                    "v.is_holding_usp = q.get_equipped_item_name(0) == 'usp';",
                    "v.is_holding_uspempty = q.get_equipped_item_name(0) == 'usp_empty';",
                    "v.is_holding_uspmag = q.get_equipped_item_name(0) == 'usp_mag';",
                    "v.usp = (v.is_holding_usp || v.is_holding_uspempty);",
                    // SVI
                    "v.is_holding_svi = q.get_equipped_item_name(0) == 'svi';",
                    "v.is_holding_sviempty = q.get_equipped_item_name(0) == 'svi_empty';",
                    "v.is_holding_svimag = q.get_equipped_item_name(0) == 'svi_mag';",
                    "v.svi = (v.is_holding_svi || v.is_holding_sviempty);",
          // m3
          "v.is_holding_m3 = q.get_equipped_item_name(0) == 'm3';",
          "v.is_holding_m3empty = q.get_equipped_item_name(0) == 'm3_empty';",
          "v.is_holding_m3ammo = q.get_equipped_item_name(0) == 'm3_ammo';",
          "v.m3 = (v.is_holding_m3 || v.is_holding_m3empty);",
          // AKM
          "v.is_holding_akm = q.get_equipped_item_name(0) == 'akm';",
          "v.is_holding_akmempty = q.get_equipped_item_name(0) == 'akm_empty';",
          "v.is_holding_akmmag = q.get_equipped_item_name(0) == 'akm_mag';",
          "v.akm = (v.is_holding_akm || v.is_holding_akmempty);",
          // MP5
          "v.is_holding_mp5 = q.get_equipped_item_name(0) == 'mp5';",
          "v.is_holding_mp5empty = q.get_equipped_item_name(0) == 'mp5_empty';",
          "v.is_holding_mp5mag = q.get_equipped_item_name(0) == 'mp5_mag';",
          "v.mp5 = (v.is_holding_mp5 || v.is_holding_mp5empty);",
          // M249
          "v.is_holding_m249 = q.get_equipped_item_name(0) == 'm249';",
          "v.is_holding_m249empty = q.get_equipped_item_name(0) == 'm249_empty';",
          "v.is_holding_m249mag = q.get_equipped_item_name(0) == 'm249_mag';",
          "v.m249 = (v.is_holding_m249 || v.is_holding_m249empty);",
          // mk18
          "v.is_holding_mk18 = q.get_equipped_item_name(0) == 'mk18';",
          "v.is_holding_mk18empty = q.get_equipped_item_name(0) == 'mk18_empty';",
          "v.is_holding_mk18mag = q.get_equipped_item_name(0) == 'mk18_mag';",
          "v.mk18 = (v.is_holding_mk18 || v.is_holding_mk18empty);",
          // Misc
          "v.is_holding_mag = (v.is_holding_mk18mag || v.is_holding_m249mag || v.is_holding_akmmag || v.is_holding_mp5mag || v.is_holding_m3ammo || v.is_holding_uspmag || v.is_holding_svimag || v.is_holding_taurusmag || v.is_holding_barrettmag || v.is_holding_awpmag || v.is_holding_p90mag);",
          "v.holding_any_firearm = (v.mk18 || v.m249 || v.akm || v.mp5 || v.m3 || v.usp || v.svi || v.taurus || v.is_holding_nightvision || v.is_holding_chaingrenade || v.is_holding_mag || v.barrett || v.awp || v.p90);"

        ],
        "animate": [
          {"ride_weapons":"query.is_riding && v.holding_any_firearm"
        },
          "firearm_setup",
          { "setup": "!v.holding_any_firearm" },
          { "firearm_sync": "(v.holding_any_firearm && (v.is_holding_usp && v.is_holding_uspempty) && (v.is_holding_svi && v.is_holding_sviempty) && (v.is_holding_taurus && v.is_holding_taurusempty) && !v.is_holding_mag && !v.is_holding_nightvision && !v.is_holding_chaingrenade) && v.is_third_person" },
          { "root": "v.is_third_person || !v.holding_any_firearm" },
          { "chaingrenade.first_person": "v.is_first_person && (v.is_holding_chaingrenade)" },
          { "chaingrenade.third_person": "v.is_third_person && (v.is_holding_chaingrenade)" },
          { "nightvision.first_person": "v.is_first_person && (v.is_holding_nightvision)" },
          { "nightvision.third_person": "v.is_third_person && (v.is_holding_nightvision)" }
        ]
      },
      "animations": {
        "ride_weapons":"animation.player.ride",
        "root": "controller.animation.player.root",
        "base_controller": "controller.animation.player.base",
        "hudplayer": "controller.animation.player.hudplayer",
        "humanoid_base_pose": "animation.humanoid.base_pose",
        "look_at_target": "controller.animation.humanoid.look_at_target",
        "look_at_target_ui": "animation.player.look_at_target.ui",
        "look_at_target_default": "animation.humanoid.look_at_target.default",
        "look_at_target_gliding": "animation.humanoid.look_at_target.gliding",
        "look_at_target_swimming": "animation.humanoid.look_at_target.swimming",
        "look_at_target_inverted": "animation.player.look_at_target.inverted",
        "cape": "animation.player.cape",
        "move.arms": "animation.player.move.arms",
        "move.legs": "animation.player.move.legs",
        "swimming": "animation.player.swim",
        "swimming.legs": "animation.player.swim.legs",
        "riding.arms": "animation.player.riding.arms",
        "riding.legs": "animation.player.riding.legs",
        "holding": "animation.player.holding",
        "brandish_spear": "animation.humanoid.brandish_spear",
        "charging": "animation.humanoid.charging",
        "attack.positions": "animation.player.attack.positions",
        "attack.rotations": "animation.player.attack.rotations",
        "sneaking": "animation.player.sneaking",
        "bob": "animation.player.bob",
        "damage_nearby_mobs": "animation.humanoid.damage_nearby_mobs",
        "bow_and_arrow": "animation.humanoid.bow_and_arrow",
        "fishing_rod": "animation.humanoid.fishing_rod",
        "use_item_progress": "animation.humanoid.use_item_progress",
        "skeleton_attack": "animation.skeleton.attack",
        "sleeping": "animation.player.sleeping",
        "look_at_target_custom": "controller.animation.humanoid.look_at_target",
        "first_person_base_pose": "animation.player.first_person.base_pose",
        "first_person_empty_hand": "animation.player.first_person.empty_hand",
        "first_person_swap_item": "animation.player.first_person.swap_item",
        "first_person_attack_controller": "controller.animation.player.first_person_attack",
        "first_person_attack_rotation": "animation.player.first_person.attack_rotation",
        "first_person_vr_attack_rotation": "animation.player.first_person.vr_attack_rotation",
        "first_person_walk": "animation.player.first_person.walk",
        "first_person_map_controller": "controller.animation.player.first_person_map",
        "first_person_map_hold": "animation.player.first_person.map_hold",
        "first_person_map_hold_attack": "animation.player.first_person.map_hold_attack",
        "first_person_map_hold_off_hand": "animation.player.first_person.map_hold_off_hand",
        "first_person_map_hold_main_hand": "animation.player.first_person.map_hold_main_hand",
        "first_person_crossbow_equipped": "animation.player.first_person.crossbow_equipped",
        "third_person_crossbow_equipped": "animation.player.crossbow_equipped",
        "third_person_bow_equipped": "animation.player.bow_equipped",
        "crossbow_hold": "animation.player.crossbow_hold",
        "crossbow_controller": "controller.animation.player.crossbow",
        "shield_block_main_hand": "animation.player.shield_block_main_hand",
        "shield_block_off_hand": "animation.player.shield_block_off_hand",
        "blink": "controller.animation.persona.blink",

        // AWP (Sniper)
        "awp.first_person": "controller.animation.awp.first_person",
        "awp.third_person": "controller.animation.awp.third_person",

        "awp.first_person.holding": "animation.awp.first_person.holding",
        "awp.first_person.mag": "animation.awp.first_person.mag",
        "awp.first_person.sprinting": "animation.awp.first_person.sprinting",
        "awp.first_person.draw": "animation.awp.first_person.draw",
        "awp.first_person.reload": "animation.awp.first_person.reload",
        "awp.first_person.fire": "animation.awp.first_person.fire",
        "awp.first_person.aim": "animation.awp.first_person.aim",
        "awp.first_person.aim_fire": "animation.awp.first_person.aim_fire",

        "awp.third_person.holding": "animation.awp.third_person.holding",
        "awp.third_person.mag": "animation.awp.third_person.mag",
        "awp.third_person.sprinting": "animation.awp.third_person.sprinting",
        "awp.third_person.draw": "animation.awp.third_person.draw",
        "awp.third_person.reload": "animation.awp.third_person.reload",
        "awp.third_person.fire": "animation.awp.third_person.fire",
        "awp.third_person.aim": "animation.awp.third_person.aim",
        "awp.third_person.aim_fire": "animation.awp.third_person.aim_fire",
        // AWP (Sniper)

        // P90 (SMG)
        "p90.first_person": "controller.animation.p90.first_person",
        "p90.third_person": "controller.animation.p90.third_person",

        "p90.first_person.holding": "animation.p90.first_person.holding",
        "p90.first_person.mag": "animation.p90.first_person.mag",
        "p90.first_person.draw": "animation.p90.first_person.draw",
        "p90.first_person.sprinting": "animation.p90.first_person.sprinting",
        "p90.first_person.reload": "animation.p90.first_person.reload",
        "p90.first_person.fire": "animation.p90.first_person.fire",
        "p90.first_person.aim": "animation.p90.first_person.aim",
        "p90.first_person.aim_fire": "animation.p90.first_person.aim_fire",

        "p90.third_person.holding": "animation.p90.third_person.holding",
        "p90.third_person.mag": "animation.p90.third_person.mag",
        "p90.third_person.draw": "animation.p90.third_person.draw",
        "p90.third_person.sprinting": "animation.p90.third_person.sprinting",
        "p90.third_person.reload": "animation.p90.third_person.reload",
        "p90.third_person.fire": "animation.p90.third_person.fire",
        "p90.third_person.aim": "animation.p90.third_person.aim",
        "p90.third_person.aim_fire": "animation.p90.third_person.aim_fire",
        // P90 (SMG)

        // BARRETT (Sniper)
        "barrett.first_person": "controller.animation.barrett.first_person",
        "barrett.third_person": "controller.animation.barrett.third_person",

        "barrett.first_person.holding": "animation.barrett.first_person.holding",
        "barrett.first_person.mag": "animation.barrett.first_person.mag",
        "barrett.first_person.draw": "animation.barrett.first_person.draw",
        "barrett.first_person.sprinting": "animation.barrett.first_person.sprinting",
        "barrett.first_person.reload": "animation.barrett.first_person.reload",
        "barrett.first_person.fire1": "animation.barrett.first_person.fire1",
        "barrett.first_person.fire2": "animation.barrett.first_person.fire2",
        "barrett.first_person.fire3": "animation.barrett.first_person.fire3",
        "barrett.first_person.aim": "animation.barrett.first_person.aim",
        "barrett.first_person.aim_in": "animation.barrett.first_person.aim_in",
        "barrett.first_person.sprinting_in": "animation.barrett.first_person.sprinting_in",
        "barrett.first_person.sprinting_out": "animation.barrett.first_person.sprinting_out",
        "barrett.first_person.aim_out": "animation.barrett.first_person.aim_out",
        "barrett.first_person.aim_fire1": "animation.barrett.first_person.aim_fire1",
        "barrett.first_person.aim_fire2": "animation.barrett.first_person.aim_fire2",
        "barrett.first_person.aim_fire3": "animation.barrett.first_person.aim_fire3",

        "barrett.third_person.holding": "animation.barrett.third_person.holding",
        "barrett.third_person.mag": "animation.barrett.third_person.mag",
        "barrett.third_person.sprinting": "animation.barrett.third_person.sprinting",
        "barrett.third_person.sprinting_out": "animation.barrett.third_person.sprinting_out",
        "barrett.third_person.sprinting_in": "animation.barrett.third_person.sprinting_in",
        "barrett.third_person.walking": "animation.barrett.third_person.walking",
        "barrett.third_person.draw": "animation.barrett.third_person.draw",
        "barrett.third_person.reload": "animation.barrett.third_person.reload",
        "barrett.third_person.fire1": "animation.barrett.third_person.fire1",
        "barrett.third_person.fire2": "animation.barrett.third_person.fire2",
        "barrett.third_person.fire3": "animation.barrett.third_person.fire3",
        "barrett.third_person.aim": "animation.barrett.third_person.aim",
        "barrett.third_person.aim_fire1": "animation.barrett.third_person.aim_fire1",
        "barrett.third_person.aim_fire2": "animation.barrett.third_person.aim_fire2",
        "barrett.third_person.aim_fire3": "animation.barrett.third_person.aim_fire3",
        // BARRETT (Sniper)

        // TAURUS (Pistol)
        "taurus.first_person": "controller.animation.taurus.first_person",
        "taurus.third_person": "controller.animation.taurus.third_person",

        "taurus.first_person.holding": "animation.taurus.first_person.holding",
        "taurus.first_person.mag": "animation.taurus.first_person.mag",
        "taurus.first_person.draw": "animation.taurus.first_person.draw",
        "taurus.first_person.sprinting": "animation.taurus.first_person.sprinting",
        "taurus.first_person.reload": "animation.taurus.first_person.reload",
        "taurus.first_person.fire": "animation.taurus.first_person.fire",
        "taurus.first_person.aim": "animation.taurus.first_person.aim",
        "taurus.first_person.empty": "animation.taurus.first_person.empty",
        "taurus.first_person.draw_empty": "animation.taurus.first_person.draw_empty",
        "taurus.first_person.aim_fire": "animation.taurus.first_person.aim_fire",

        "taurus.third_person.holding": "animation.taurus.third_person.holding",
        "taurus.third_person.mag": "animation.taurus.third_person.mag",
        "taurus.third_person.draw": "animation.taurus.third_person.draw",
        "taurus.third_person.reload": "animation.taurus.third_person.reload",
        "taurus.third_person.fire": "animation.taurus.third_person.fire",
        "taurus.third_person.aim": "animation.taurus.third_person.aim",
        "taurus.third_person.empty": "animation.taurus.third_person.empty",
        "taurus.third_person.draw_empty": "animation.taurus.third_person.draw_empty",
        "taurus.third_person.aim_fire": "animation.taurus.third_person.aim_fire",
        // TAURUS (Pistol)

                // USP (Pistol)
                "usp.first_person": "controller.animation.usp.first_person",
                "usp.third_person": "controller.animation.usp.third_person",
        
                "usp.first_person.holding": "animation.usp.first_person.holding",
                "usp.first_person.mag": "animation.usp.first_person.mag",
                "usp.first_person.draw": "animation.usp.first_person.draw",
                "usp.first_person.sprinting": "animation.usp.first_person.sprinting",
                "usp.first_person.reload": "animation.usp.first_person.reload",
                "usp.first_person.fire": "animation.usp.first_person.fire",
                "usp.first_person.aim": "animation.usp.first_person.aim",
                "usp.first_person.empty": "animation.usp.first_person.empty",
                "usp.first_person.draw_empty": "animation.usp.first_person.draw_empty",
                "usp.first_person.aim_fire": "animation.usp.first_person.aim_fire",
        
                "usp.third_person.holding": "animation.usp.third_person.holding",
                "usp.third_person.mag": "animation.usp.third_person.mag",
                "usp.third_person.draw": "animation.usp.third_person.draw",
                "usp.third_person.reload": "animation.usp.third_person.reload",
                "usp.third_person.fire": "animation.usp.third_person.fire",
                "usp.third_person.aim": "animation.usp.third_person.aim",
        "usp.third_person.sprinting": "animation.usp.third_person.sprinting",
                "usp.third_person.empty": "animation.usp.third_person.empty",
                "usp.third_person.draw_empty": "animation.usp.third_person.draw_empty",
                "usp.third_person.aim_fire": "animation.usp.third_person.aim_fire",

                // USP (Pistol)

                // SVI (Pistol)
                "svi.first_person": "controller.animation.svi.first_person",
                "svi.third_person": "controller.animation.svi.third_person",
        
                "svi.first_person.holding": "animation.svi.first_person.holding",
                "svi.first_person.mag": "animation.svi.first_person.mag",
                "svi.first_person.draw": "animation.svi.first_person.draw",
                "svi.first_person.sprinting": "animation.svi.first_person.sprinting",
                "svi.first_person.reload": "animation.svi.first_person.reload",
                "svi.first_person.fire": "animation.svi.first_person.fire",
                "svi.first_person.aim": "animation.svi.first_person.aim",
                "svi.first_person.empty": "animation.svi.first_person.empty",
                "svi.first_person.draw_empty": "animation.svi.first_person.draw_empty",
                "svi.first_person.aim_fire": "animation.svi.first_person.aim_fire",
        
                "svi.third_person.holding": "animation.svi.third_person.holding",
                "svi.third_person.mag": "animation.svi.third_person.mag",
                "svi.third_person.draw": "animation.svi.third_person.draw",
                "svi.third_person.reload": "animation.svi.third_person.reload",
                "svi.third_person.fire": "animation.svi.third_person.fire",
                "svi.third_person.aim": "animation.svi.third_person.aim",
        "svi.third_person.sprinting": "animation.svi.third_person.sprinting",
                "svi.third_person.empty": "animation.svi.third_person.empty",
                "svi.third_person.draw_empty": "animation.svi.third_person.draw_empty",
                "svi.third_person.aim_fire": "animation.svi.third_person.aim_fire",

                // SVI (Pistol)

        // CHAIN GRENADE (Throwable)
        "chaingrenade.first_person": "controller.animation.chaingrenade.first_person",
        "chaingrenade.third_person": "controller.animation.chaingrenade.third_person",
        "chaingrenade.first_person.holding": "animation.chaingrenade.first_person.holding",
        "chaingrenade.first_person.on_use": "animation.chaingrenade.first_person.on_use",
        "chaingrenade.third_person.holding": "animation.chaingrenade.third_person.holding",
        "chaingrenade.third_person.on_use": "animation.chaingrenade.third_person.on_use",
        // CHAIN GRENADE (Throwable)

        // NIGHT VISION (Equipment)

        "nightvision.first_person": "animation.nightvision.first_person",
        "nightvision.third_person": "animation.nightvision.third_person",
        // NIGHT VISION (Equipment)

        // M3 (Shotgun)
        "m3.first_person": "controller.animation.m3.first_person",
        "m3.third_person": "controller.animation.m3.third_person",

        "m3.first_person.holding": "animation.m3.first_person.holding",
        "m3.first_person.ammo": "animation.m3.first_person.ammo",
        "m3.first_person.sprinting": "animation.m3.first_person.sprinting",
        "m3.first_person.draw": "animation.m3.first_person.draw",
        "m3.first_person.reload": "animation.m3.first_person.reload",
        "m3.first_person.fire": "animation.m3.first_person.fire",
        "m3.first_person.aim": "animation.m3.first_person.aim",
        "m3.first_person.aim_fire": "animation.m3.first_person.aim_fire",

        "m3.third_person.holding": "animation.m3.third_person.holding",
        "m3.third_person.ammo": "animation.m3.third_person.ammo",
        "m3.third_person.sprinting": "animation.m3.third_person.sprinting",
        "m3.third_person.draw": "animation.m3.third_person.draw",
        "m3.third_person.reload": "animation.m3.third_person.reload",
        "m3.third_person.fire": "animation.m3.third_person.fire",
        "m3.third_person.aim": "animation.m3.third_person.aim",
        "m3.third_person.aim_fire": "animation.m3.third_person.aim_fire",
        // M3 (Shotgun)

        // MP5 (SMG)
        "mp5.first_person": "controller.animation.mp5.first_person",
        "mp5.third_person": "controller.animation.mp5.third_person",

        "mp5.first_person.holding": "animation.mp5.first_person.holding",
        "mp5.first_person.mag": "animation.mp5.first_person.mag",
        "mp5.first_person.sprinting": "animation.mp5.first_person.sprinting",
        "mp5.first_person.draw": "animation.mp5.first_person.draw",
        "mp5.first_person.reload": "animation.mp5.first_person.reload",
        "mp5.first_person.fire": "animation.mp5.first_person.fire",
        "mp5.first_person.aim": "animation.mp5.first_person.aim",
        "mp5.first_person.aim_fire": "animation.mp5.first_person.aim_fire",

        "mp5.third_person.holding": "animation.mp5.third_person.holding",
        "mp5.third_person.mag": "animation.mp5.third_person.mag",
        "mp5.third_person.sprinting": "animation.mp5.third_person.sprinting",
        "mp5.third_person.draw": "animation.mp5.third_person.draw",
        "mp5.third_person.reload": "animation.mp5.third_person.reload",
        "mp5.third_person.fire": "animation.mp5.third_person.fire",
        "mp5.third_person.aim": "animation.mp5.third_person.aim",
        "mp5.third_person.aim_fire": "animation.mp5.third_person.aim_fire",
        // MP5 (SMG)

        // AKM (AR)
        "akm.first_person": "controller.animation.akm.first_person",
        "akm.third_person": "controller.animation.akm.third_person",

        "akm.first_person.holding": "animation.akm.first_person.holding",
        "akm.first_person.mag": "animation.akm.first_person.mag",
        "akm.first_person.sprinting": "animation.akm.first_person.sprinting",
        "akm.first_person.draw": "animation.akm.first_person.draw",
        "akm.first_person.reload": "animation.akm.first_person.reload",
        "akm.first_person.fire": "animation.akm.first_person.fire",
        "akm.first_person.aim": "animation.akm.first_person.aim",
        "akm.first_person.aim_fire": "animation.akm.first_person.aim_fire",

        "akm.third_person.holding": "animation.akm.third_person.holding",
        "akm.third_person.mag": "animation.akm.third_person.mag",
        "akm.third_person.sprinting": "animation.akm.third_person.sprinting",
        "akm.third_person.draw": "animation.akm.third_person.draw",
        "akm.third_person.reload": "animation.akm.third_person.reload",
        "akm.third_person.fire": "animation.akm.third_person.fire",
        "akm.third_person.aim": "animation.akm.third_person.aim",
        "akm.third_person.aim_fire": "animation.akm.third_person.aim_fire",
        // AKM (AR)

        // M249 (LMG)
        "m249.first_person": "controller.animation.m249.first_person",
        "m249.third_person": "controller.animation.m249.third_person",
        "m249.setup": "animation.m249.setup",

        "m249.first_person.holding": "animation.m249.first_person.holding",
        "m249.first_person.mag": "animation.m249.first_person.mag",
        "m249.first_person.sprinting": "animation.m249.first_person.sprinting",
        "m249.first_person.draw": "animation.m249.first_person.draw",
        "m249.first_person.reload_remaining": "animation.m249.first_person.reload_remaining",
        "m249.first_person.reload_empty": "animation.m249.first_person.reload_empty",
        "m249.first_person.fire": "animation.m249.first_person.fire",
        "m249.first_person.aim": "animation.m249.first_person.aim",
        "m249.first_person.aim_fire": "animation.m249.first_person.aim_fire",

        "m249.third_person.holding": "animation.m249.third_person.holding",
        "m249.third_person.walking": "animation.m249.third_person.walking",
        "m249.third_person.mag": "animation.m249.third_person.mag",
        "m249.third_person.sprinting": "animation.m249.third_person.sprinting",
        "m249.third_person.draw": "animation.m249.third_person.draw",
        "m249.third_person.reload_empty": "animation.m249.third_person.reload_empty",
        "m249.third_person.reload_remaining": "animation.m249.third_person.reload_remaining",
        "m249.third_person.fire": "animation.m249.third_person.fire",
        "m249.third_person.aim": "animation.m249.third_person.aim",
        "m249.third_person.aim_fire": "animation.m249.third_person.aim_fire",
        // M249 (LMG)

        // mk18 (AR)
        "mk18.first_person": "controller.animation.mk18.first_person",
        "mk18.third_person": "controller.animation.mk18.third_person",

        "mk18.first_person.holding": "animation.mk18.first_person.holding",
        "mk18.first_person.mag": "animation.mk18.first_person.mag",
        "mk18.first_person.sprinting": "animation.mk18.first_person.sprinting",
        "mk18.first_person.draw": "animation.mk18.first_person.draw",
        "mk18.first_person.reload": "animation.mk18.first_person.reload",
        "mk18.first_person.fire": "animation.mk18.first_person.fire",
        "mk18.first_person.aim": "animation.mk18.first_person.aim",
        "mk18.first_person.aim_fire": "animation.mk18.first_person.aim_fire",

        "mk18.third_person.holding": "animation.mk18.third_person.holding",
        "mk18.third_person.mag": "animation.mk18.third_person.mag",
        "mk18.third_person.sprinting": "animation.mk18.third_person.sprinting",
        "mk18.third_person.draw": "animation.mk18.third_person.draw",
        "mk18.third_person.reload": "animation.mk18.third_person.reload",
        "mk18.third_person.fire": "animation.mk18.third_person.fire",
        "mk18.third_person.aim": "animation.mk18.third_person.aim",
        "mk18.third_person.aim_fire": "animation.mk18.third_person.aim_fire",
        // mk18 (AR)
        "firearm_setup": "controller.animation.player.holding_any_firearm",
        "firearm_sync": "animation.firearm_setup.root",
        "setup": "animation.player.setup"
      },
      "render_controllers": [
        { "controller.render.player.first_person.awp": "v.is_first_person && (v.is_holding_awp || v.is_holding_awpempty)" },
        { "controller.render.player.first_person.awp_mag": "v.is_first_person && v.is_holding_awpmag" },
        { "controller.render.player.third_person.awp": "v.is_third_person && (v.is_holding_awp || v.is_holding_awpempty)" },
        { "controller.render.player.third_person.awp_mag": "v.is_third_person && v.is_holding_awpmag"},

        { "controller.render.player.first_person.p90": "v.is_first_person && (v.is_holding_p90 || v.is_holding_p90empty)" },
        { "controller.render.player.first_person.p90_mag": "v.is_first_person && v.is_holding_p90mag" },
        { "controller.render.player.third_person.p90": "v.is_third_person && (v.is_holding_p90 || v.is_holding_p90empty)" },
        { "controller.render.player.third_person.p90_mag": "v.is_third_person && v.is_holding_p90mag"},

        { "controller.render.player.first_person.barrett": "v.is_first_person && (v.is_holding_barrett || v.is_holding_barrettempty)" },
        { "controller.render.player.first_person.barrett_mag": "v.is_first_person && v.is_holding_barrettmag" },
        { "controller.render.player.third_person.barrett": "v.is_third_person && (v.is_holding_barrett || v.is_holding_barrettempty)" },
        { "controller.render.player.third_person.barrett_mag": "v.is_third_person && v.is_holding_barrettmag"},

        { "controller.render.player.first_person.usp": "v.is_first_person && (v.is_holding_usp || v.is_holding_uspempty)" },
        { "controller.render.player.first_person.usp_mag": "v.is_first_person && v.is_holding_uspmag" },
        { "controller.render.player.third_person.usp": "v.is_third_person && (v.is_holding_usp || v.is_holding_uspempty)" },
        { "controller.render.player.third_person.usp_mag": "v.is_third_person && v.is_holding_uspmag"},

        { "controller.render.player.first_person.svi": "v.is_first_person && (v.is_holding_svi || v.is_holding_sviempty)" },
        { "controller.render.player.first_person.svi_mag": "v.is_first_person && v.is_holding_svimag" },
        { "controller.render.player.third_person.svi": "v.is_third_person && (v.is_holding_svi || v.is_holding_sviempty)" },
        { "controller.render.player.third_person.svi_mag": "v.is_third_person && v.is_holding_svimag"},

        { "controller.render.player.first_person.taurus": "v.is_first_person && (v.is_holding_taurus || v.is_holding_taurusempty)" },
        { "controller.render.player.first_person.taurus_mag": "v.is_first_person && v.is_holding_taurusmag" },
        { "controller.render.player.third_person.taurus": "v.is_third_person && (v.is_holding_taurus || v.is_holding_taurusempty)" },
        { "controller.render.player.third_person.taurus_mag": "v.is_third_person && v.is_holding_taurusmag"},

        { "controller.render.player.first_person.chaingrenade": "v.is_first_person && (v.is_holding_chaingrenade)" },
        { "controller.render.player.third_person.chaingrenade": "v.is_third_person && (v.is_holding_chaingrenade)" },

        { "controller.render.player.first_person.nightvision": "v.is_first_person && (v.is_holding_nightvision)" },
        { "controller.render.player.third_person.nightvision": "v.is_third_person && (v.is_holding_nightvision)" },

        { "controller.render.player.first_person.m3": "v.is_first_person && (v.is_holding_m3 || v.is_holding_m3empty)" },
        { "controller.render.player.first_person.m3_ammo": "v.is_first_person && v.is_holding_m3ammo" },
        { "controller.render.player.third_person.m3": "v.is_third_person && (v.is_holding_m3 || v.is_holding_m3empty)" },
        { "controller.render.player.third_person.m3_ammo": "v.is_third_person && v.is_holding_m3ammo"},

        { "controller.render.player.first_person.akm": "v.is_first_person && (v.is_holding_akm || v.is_holding_akmempty)" },
        { "controller.render.player.first_person.akm_mag": "v.is_first_person && v.is_holding_akmmag" },
        { "controller.render.player.third_person.akm": "v.is_third_person && (v.is_holding_akm || v.is_holding_akmempty)" },
        { "controller.render.player.third_person.akm_mag": "v.is_third_person && v.is_holding_akmmag"},

        { "controller.render.player.first_person.mp5": "v.is_first_person && (v.is_holding_mp5 || v.is_holding_mp5empty)" },
        { "controller.render.player.first_person.mp5_mag": "v.is_first_person && v.is_holding_mp5mag" },
        { "controller.render.player.third_person.mp5": "v.is_third_person && (v.is_holding_mp5 || v.is_holding_mp5empty)" },
        { "controller.render.player.third_person.mp5_mag": "v.is_third_person && v.is_holding_mp5mag"},

        { "controller.render.player.first_person.m249": "v.is_first_person && (v.is_holding_m249 || v.is_holding_m249empty)" },
        { "controller.render.player.first_person.m249_mag": "v.is_first_person && v.is_holding_m249mag" },
        { "controller.render.player.third_person.m249": "v.is_third_person && (v.is_holding_m249 || v.is_holding_m249empty)" },
        { "controller.render.player.third_person.m249_mag": "v.is_third_person && v.is_holding_m249mag"},

        { "controller.render.player.first_person.mk18": "v.is_first_person && (v.is_holding_mk18 || v.is_holding_mk18empty)" },
        { "controller.render.player.first_person.mk18_mag": "v.is_first_person && v.is_holding_mk18mag" },
        { "controller.render.player.third_person.mk18": "v.is_third_person && (v.is_holding_mk18 || v.is_holding_mk18empty)" },
        { "controller.render.player.third_person.mk18_mag": "v.is_third_person && v.is_holding_mk18mag"},

        // MISC
        { "controller.render.player.overlay.third_person": "v.is_third_person && v.holding_any_firearm" },
        { "controller.render.player.overlay.first_person": "v.is_first_person && v.holding_any_firearm" },

        { "controller.render.player.first_person": "v.is_first_person" },
        { "controller.render.player.third_person": "!v.is_first_person && !v.map_face_icon" },
        { "controller.render.player.map": "v.map_face_icon" }
      ],
      "sound_effects": {


        "p90.fire": "pixelpoly.p90_fire",
        "p90.boltback": "pixelpoly.p90_boltback",
        "p90.boltforward": "pixelpoly.p90_boltforward",
        "p90.clipin": "pixelpoly.p90_clipin",
        "p90.clipout": "pixelpoly.p90_clipout",

        "barrett.fire": "pixelpoly.barrett_fire",
        "barrett.magin": "pixelpoly.barrett_magin",
        "barrett.magout": "pixelpoly.barrett_magout",
        "barrett.pullback": "pixelpoly.barrett_pullback",
        "barrett.pullforward": "pixelpoly.barrett_pullforward",

        "taurus.fire": "pixelpoly.taurus_fire",
        "taurus.slide": "pixelpoly.taurus_slide",
        "taurus.clipin": "pixelpoly.taurus_clipin",
        "taurus.clipout": "pixelpoly.taurus_clipout",

        "m3.fire": "pixelpoly.m3_fire",
        "m3.pump": "pixelpoly.m3_pump",
        "m3.insertshell": "pixelpoly.m3_insertshell",

        "akm.fire": "pixelpoly.akm_fire",
        "akm.magin": "pixelpoly.akm_magin",
        "akm.magout": "pixelpoly.akm_magout",
        "akm.boltpull": "pixelpoly.akm_boltpull",

        "m249.fire": "pixelpoly.m249_fire",
        "m249.chain": "pixelpoly.m249_chain",
        "m249.boxin": "pixelpoly.m249_boxin",
        "m249.boxout": "pixelpoly.m249_boxout",
        "m249.coverup": "pixelpoly.m249_coverup",
        "m249.coverdown": "pixelpoly.m249_coverdown",
        "m249.pump": "pixelpoly.m249_pump"
      },
      "particle_effects": {
        "smoke": "xc:muzzle_flash_smoke",
        "smoke_barrett": "xc:muzzle_flash_smoke_barrett",
        "fire": "xc:muzzle_flash",
        "fire_barrett": "xc:muzzle_flash_barrett",
        "fire_m249": "xc:muzzle_flash_m249"
      },
      "enable_attachables": true
    }
  }
}
