{
  "format_version": "1.8.0",
  "render_controllers": {
   "controller.render.portal": {
      "geometry": "Geometry.default",
      "materials": [ { "*": "Material.default" } ],
      "textures": [ "Texture.default" ],
	  "ignore_lighting": true
    },
   "controller.render.pg": {
      "geometry": "Geometry.default",
      "materials": [ { "*": "Material.default" } ],
      "textures": [ "Texture.default" ],
	  "part_visibility": [
        { "pg_3rd": true}
      ]
    },
	"controller.render.RnM": {
      "geometry": "Geometry.RnM",
      "materials": [ { "*": "Material.pg" } ],
      "textures": [ "Texture.RnM" ],
	   "part_visibility": [
        { "pg_1st": "variable.is_first_person" },
		{ "pg_3rd": "!variable.is_first_person"}
      ]
    },
	"controller.render.pg_glados": {
      "geometry": "Geometry.pg_glados",
      "materials": [ { "*": "Material.pg" } ],
      "textures": [ "query.get_equipped_item_name=='portal_gun_blue_glados' ? Texture.pg_glados_blue : Texture.pg_glados_orange" ],
	  "part_visibility": [
        { "pg_1st": "variable.is_first_person" },
		{ "pg_3rd": "!variable.is_first_person"}
      ]
  },
   "controller.render.pg_blackhole": {
      "geometry": "Geometry.portal_gun",
      "materials": [ { "*": "Material.pg" } ],
      "textures": [ "Texture.pg_blackhole" ],
	  "part_visibility": [
        { "pg_1st": "variable.is_first_person" },
		{ "pg_3rd": "!variable.is_first_person"}
      ]
    },
	"controller.render.pgbook": {
      "geometry": "Geometry.pg_book",
      "materials": [ { "*": "Material.default" } ],
      "textures": [ "Texture.pg_book" ],
	  "part_visibility": [
        { "*": true }
      ]
    }
  }
}
