{
  "format_version": "1.12.0",
  "minecraft:geometry": [
    {
      "description": {
        "identifier": "geometry.minecraftstorymode_tainted_door_up_open",
        "texture_width": 32,
        "texture_height": 32,
        "visible_bounds_width": 2,
        "visible_bounds_height": 2.5,
        "visible_bounds_offset": [
          0,
          0.75,
          0
        ]
      },
      "bones": [
        {
          "name": "door",
          "pivot": [
            -6,
            16,
            -8
          ],
          "cubes": [
            {
              "origin": [
                -8,
                0,
                6
              ],
              "size": [
                16,
                16,
                2
              ],
              "pivot": [
                0,
                0,
                0
              ],
              "rotation": [
                0,
                -90,
                0
              ],
              "uv": {
                "north": {
                  "uv": [
                    0,
                    0
                  ],
                  "uv_size": [
                    32,
                    32
                  ],
                  "material_instance": "blend"
                },
                "east": {
                  "uv": [
                    0,
                    0
                  ],
                  "uv_size": [
                    2,
                    32
                  ],
                  "material_instance": "blend"
                },
                "south": {
                  "uv": [
                    32,
                    0
                  ],
                  "uv_size": [
                    -32,
                    32
                  ],
                  "material_instance": "blend"
                },
                "west": {
                  "uv": [
                    30,
                    0
                  ],
                  "uv_size": [
                    2,
                    32
                  ],
                  "material_instance": "blend"
                },
                "up": {
                  "uv": [
                    32,
                    2
                  ],
                  "uv_size": [
                    -32,
                    -2
                  ],
                  "material_instance": "blend"
                }
              }
            }
          ]
        }
      ]
    }
  ]
}