{
  "format_version": "1.13.0",
  "minecraft:entity": {

    "description": {
      "identifier": "ybh:x_blue_bone",
      "is_spawnable": false,
      "is_summonable": true,
      "is_experimental": false,
      "runtime_identifier": "minecraft:snowball"
    },

    "component_groups": {
 "health": {
             "minecraft:health": {
        "value": 6666,
        "min": 6666,
        "max": 6666
      },
       "minecraft:timer": {
          "time": [ 0, 0 ],
          "looping": true,
          "time_down_event": {
            "event": "health",
            "target": "self"
          }
        }}
    },

    "components": {
      "minecraft:type_family": {
        "family": [ "ybh", "gaster", "xans", "inanimate" ]
      },
      "minecraft:timer": {
          "time": [ 0, 0 ],
          "looping": true,
          "time_down_event": {
            "event": "health",
            "target": "self"
          }
        },
          "minecraft:projectile": {
        "particle": "explode",
        "onHit": {
         "mob_effect": {
          "effect": "weakness",
          "durationeasy": 100,
          "durationnormal": 100,
          "durationhard": 100,
          "amplifier": 100
        },
          "impact_damage": {
            "damage": 999999999999999999999999999999999999999999999999999999,
            "knockback": false
          }
        },
        "power": 3.5,
          "catchFire": false,
         "offset": [0, 1.45, 0],
        "gravity": 0.00,
        "uncertaintyBase": 0
      },
      "minecraft:health": {
        "value": 20,
        "max": 20
      },
      "minecraft:fire_immune": true,
     "minecraft:explode": {
     "fuseLength": 3,
     "fuseLit": true,
     "power": 0,
     "causesFire": true,
     "fireAffectedByGriefing": true,
     "destroyAffectedByGriefing": true
    },
              "minecraft:scale": {
          "value": 2
        },
      "minecraft:physics": {},
      "minecraft:pushable": {
        "is_pushable": false,
        "is_pushable_by_piston": false
      },
       "minecraft:behavior.melee_attack": {
          "priority": 1,
           "attack_interval_min": 0,
          "attack_interval_max": 0,
          "target_dist": 1,
          "speed_multiplier": 0,
          "track_target": true
        },
      "minecraft:attack": {
        "damage": 999999999999999999
      },
      "minecraft:breathable": {
        "total_supply": 15,
        "suffocate_time": 0,
        "breathes_air": true,
        "breathes_water": false
      },
      "minecraft:collision_box": {
        "width": 0.1,
        "height": 1.0
      },
      "minecraft:movement": {
        "value": 1.8
      },
       "minecraft:movement.basic": {
      },
       "minecraft:behavior.move_towards_restriction": {
        "priority": 1,
        "speed_multiplier": 1
      },
            "minecraft:behavior.random_stroll": {
        "priority": 1,
        "speed_multiplier": 1.8
      },
             "minecraft:shooter": {
      "def": "ybh:virus_bone"
},
  "minecraft:behavior.ranged_attack":{
          "priority": 2,
          "charge_charged_trigger": 0.1,
          "charge_shoot_trigger": 0.1,
          "attack_radius": 50,
          "burst_shots": 100,          
          "burst_interval": 0.1
          },
           "minecraft:damage_sensor": {
        "triggers": {
          "on_damage": {
        "event": "health"
          },
          "deals_damage": false
        }
      },
      "minecraft:follow_range": {
        "value": 64,
        "max": 64
      },
      "minecraft:behavior.nearest_attackable_target": {
        "priority": 1,
        "within_radius": 64,
        "reselect_targets": true,
        "entity_types": [
          {
            "filters": {
              "test": "is_family",
              "subject": "other",
               "operator": "!=",
              "value": "xans"
            },
            "max_dist": 666
          },
          {
            "filters": {
              "test": "is_family",
              "subject": "other",
               "operator": "!=",
              "value": "inanimate"
            },
            "max_dist": 666
          }
        ],
        "must_see": true,
        "scan_interval": 20,
        "target_search_height": 30.0
      }
    },
    "event": {
      "health": {"add": {"component_groups": ["health"]}}
    }
  }
}