{
  "format_version": "1.13.0",
  "minecraft:entity": {

    "description": {
      "identifier": "ybh:xans_bone_ex2",
      "is_spawnable": false,
      "is_summonable": true,
      "is_experimental": false,
      "runtime_identifier": "minecraft:snowball"
    },

    "component_groups": {
 "health": {
             "minecraft:health": {
        "value": 6666,
        "min": 6666,
        "max": 6666
      },
       "minecraft:timer": {
          "time": [ 0, 0 ],
          "looping": true,
          "time_down_event": {
            "event": "health",
            "target": "self"
          }
        }}
    },

    "components": {
      "minecraft:type_family": {
        "family": [ "ybh", "gaster", "xans", "inanimate" ]
      },
      "minecraft:timer": {
          "time": [ 0, 0 ],
          "looping": true,
          "time_down_event": {
            "event": "health",
            "target": "self"
          }
        },
      "minecraft:health": {
        "value": 20,
        "max": 20
      },
        "minecraft:projectile": {
        "particle": "explode",
        "onHit": {
          "impact_damage": {
            "damage": 999999999,
            "knockback": false
          }
        },
        "power": 3.5,
          "catchFire": false,
         "offset": [0, 1.45, 0],
        "gravity": 0.00,
        "uncertaintyBase": 0
      },
      "minecraft:behavior.summon_entity": {
"priority": 1,

"summon_choices": [
{
"weight":3,
"cooldown_time":1.0,
"cast_duration":1,
"sequence": [
        {
     "shape": "line",
     "target": "self",
     "delay_per_summon": 0.0,
     "num_entities_spawned": 20,
     "entity_type": "ybh:xans_bone2",
     "size": 40,
     "entity_lifespan": 1.1
      },
  {
     "shape": "circle",
     "target": "target",
     "delay_per_summon": 0.1,
     "num_entities_spawned": 9,
     "entity_type": "ybh:xans_bone2",
     "size": 2,
     "entity_lifespan": 1.1
       }
]
}
   ]
 },
     "minecraft:explode": {
     "fuseLength": 3,
     "fuseLit": true,
     "power": 0,
     "causesFire": true,
     "fireAffectedByGriefing": true,
     "destroyAffectedByGriefing": true
    },
    "minecraft:fire_immune": true,
              "minecraft:scale": {
          "value": 1
        },
      "minecraft:physics": {"has_collision": false},
      "minecraft:pushable": {
        "is_pushable": false,
        "is_pushable_by_piston": true
      },
       "minecraft:behavior.melee_attack": {
          "priority": 1,
           "attack_interval_min": 1,
          "attack_interval_max": 3,
          "target_dist": 3,
          "speed_multiplier": 0.3,
          "track_target": true
        },
      "minecraft:attack": {
        "damage": 999999999999999999999999999999999999999999999999999999
      },
      "minecraft:breathable": {
        "total_supply": 15,
        "suffocate_time": 0,
        "breathes_air": true,
        "breathes_water": false
      },
      "minecraft:collision_box": {
        "width": 0.2,
        "height": 1.0
      },
      "minecraft:movement": {
        "value": 1.8
      },
           "minecraft:damage_sensor": {
        "triggers": {
          "on_damage": {
        "event": "health"
          },
          "deals_damage": false
        }
      },
      "minecraft:follow_range": {
        "value": 64,
        "max": 64
      },
      "minecraft:behavior.nearest_attackable_target": {
        "priority": 1,
        "within_radius": 64,
        "reselect_targets": true,
        "entity_types": [
          {
            "filters": {
              "test": "is_family",
              "subject": "other",
               "operator": "!=",
              "value": "xans"
            },
            "max_dist": 666
          },
          {
            "filters": {
              "test": "is_family",
              "subject": "other",
               "operator": "!=",
              "value": "inanimate"
            },
            "max_dist": 666
          }
        ],
        "must_see": false,
        "scan_interval": 20,
        "target_search_height": 30.0
      }
    },
    "event": {
      "health": {"add": {"component_groups": ["health"]}}
    }
  }
}