{
	"format_version": "1.20.30",
	"minecraft:block": {
		"description": {
			"identifier": "tt:bricks_black_netherrack",
			"menu_category": {
				"category": "nature"
			}
		},
		"components": {
			"minecraft:light_dampening": 0,
			"minecraft:light_emission": 1,
			"minecraft:map_color": [210, 200, 190],
			"minecraft:destructible_by_mining": {
				"seconds_to_destroy": 3
			  },	
			"minecraft:geometry": "geometry.block_of",
			"minecraft:material_instances": {
				"*": {
					"texture": "bricks_black_netherrack",
					"render_method": "opaque"
				}
			}
		},
		"events": {}
	}
}