{
	"format_version": "1.8.0",
	"animations": {
		"animation.taurus.first_person.mag": {
			"loop": true,
			"bones": {
				"root": {
					"rotation": ["(math.cos(query.life_time * 100.0) * 0.200) + 0.200", 180, 0],
					"position": [1, -1, -3]
				},
				"rightArmA": {
					"rotation": [0, -10, 0],
					"position": [0, 0, 2]
				},
				"rightArm": {
					"rotation": [-90, 0, 10],
					"position": [0, 0, -5]
				},
				"main": {
					"rotation": [77.5, 0, 0],
					"position": [-5, 13, 3],
					"scale": 0.2
				}
			}
		},
		"animation.taurus.third_person.mag": {
			"loop": true,
			"bones": {
				"main": {
					"rotation": [92.5, 0, 0],
					"position": [-5, 13, 0],
					"scale": 0.1
				}
			}
		}
	}
}