{
	"format_version": "1.8.0",
	"animations": {
		"animation.stormblock.absorb": {
			"animation_length": 2,
			"bones": {
				"root": {
					"rotation": {
						"0.0": [
							0,
							0,
							0
						],
						"0.2": [
							"math.cos(query.life_time*3000)*10",
							"math.sin(query.life_time*3000)*10",
							"math.cos(query.life_time*3000)*10"
						],
						"0.3": [
							0,
							0,
							0
						]
					}
				}
			},
			"sound_effects": {
				"0.0": {
					"effect": "cluster"
				}
			}
		},
		"animation.block.spin": {
			"loop": true,
			"bones": {
				"root": {
					"rotation": [
						"math.round(query.anim_time*50)*0.3",
						"math.round(query.anim_time*50)*0.3",
						"math.round(query.anim_time*50)*0.3"
					]
				}
			}
		},
		"animation.stormblock.move": {
			"loop": "hold_on_last_frame",
			"animation_length": 30.0833,
			"bones": {
				"root": {
					"rotation": [
						0,
						"90-query.body_y_rotation+0",
						0
					],
					"scale": {
						"0.0": [
							1,
							1,
							1
						],
						"10.4167": [
							0.6,
							0.6,
							0.6
						],
						"30.0833": [
							0,
							0,
							0
						]
					}
				}
			}
		}
	}
}