{
	"format_version": "1.8.0",
	"animations": {
		"animation.command_blockbowels.hit": {
			"animation_length": 1,
			"bones": {
				"4": {
					"rotation": {
						"0.0": {
							"post": [
								-5,
								0,
								0
							],
							"lerp_mode": "catmullrom"
						},
						"0.1667": {
							"post": [
								22.5,
								0,
								0
							],
							"lerp_mode": "catmullrom"
						},
						"0.3333": {
							"post": [
								-22.5,
								0,
								0
							],
							"lerp_mode": "catmullrom"
						},
						"0.5417": {
							"post": [
								12.5,
								0,
								0
							],
							"lerp_mode": "catmullrom"
						},
						"0.6667": {
							"post": [
								-22.5,
								0,
								0
							],
							"lerp_mode": "catmullrom"
						},
						"0.7917": {
							"post": [
								12.5,
								0,
								0
							],
							"lerp_mode": "catmullrom"
						},
						"1.0": {
							"post": [
								-5,
								0,
								0
							],
							"lerp_mode": "catmullrom"
						}
					}
				},
				"5": {
					"rotation": {
						"0.0": {
							"post": [
								2.5,
								0,
								0
							],
							"lerp_mode": "catmullrom"
						},
						"0.1667": {
							"post": [
								-5.28025,
								3.40487,
								-9.40804
							],
							"lerp_mode": "catmullrom"
						},
						"0.375": {
							"post": [
								4.92701,
								-1.35924,
								2.15367
							],
							"lerp_mode": "catmullrom"
						},
						"0.5417": {
							"post": [
								4.74035,
								-3.26027,
								6.78215
							],
							"lerp_mode": "catmullrom"
						},
						"0.7083": {
							"post": [
								4.57258,
								4.21194,
								-11.3989
							],
							"lerp_mode": "catmullrom"
						},
						"0.875": {
							"post": [
								4.3554,
								-5.26821,
								11.76143
							],
							"lerp_mode": "catmullrom"
						},
						"1.0": {
							"post": [
								2.5,
								0,
								0
							],
							"lerp_mode": "catmullrom"
						}
					}
				},
				"7": {
					"rotation": {
						"0.0": {
							"post": [
								0,
								0,
								0
							],
							"lerp_mode": "catmullrom"
						},
						"0.1667": {
							"post": [
								-32.5,
								0,
								0
							],
							"lerp_mode": "catmullrom"
						},
						"0.5": {
							"post": [
								12.5,
								0,
								0
							],
							"lerp_mode": "catmullrom"
						},
						"0.6667": {
							"post": [
								-20,
								0,
								0
							],
							"lerp_mode": "catmullrom"
						},
						"1.0": {
							"post": [
								0,
								0,
								0
							],
							"lerp_mode": "catmullrom"
						}
					}
				},
				"8": {
					"rotation": {
						"0.0": {
							"post": [
								0,
								0,
								0
							],
							"lerp_mode": "catmullrom"
						},
						"0.1667": {
							"post": [
								7.5,
								0,
								0
							],
							"lerp_mode": "catmullrom"
						},
						"0.3333": {
							"post": [
								12.5,
								0,
								0
							],
							"lerp_mode": "catmullrom"
						},
						"0.5417": {
							"post": [
								11.90842,
								6.21271,
								-10.86815
							],
							"lerp_mode": "catmullrom"
						},
						"0.7083": {
							"post": [
								-5.59158,
								6.21271,
								-10.86815
							],
							"lerp_mode": "catmullrom"
						},
						"1.0": {
							"post": [
								0,
								0,
								0
							],
							"lerp_mode": "catmullrom"
						}
					}
				},
				"9": {
					"rotation": {
						"0.0": {
							"post": [
								0,
								0,
								0
							],
							"lerp_mode": "catmullrom"
						},
						"0.1667": {
							"post": [
								30,
								0,
								0
							],
							"lerp_mode": "catmullrom"
						},
						"0.3333": {
							"post": [
								30,
								0,
								0
							],
							"lerp_mode": "catmullrom"
						},
						"0.5417": {
							"post": [
								29.78638,
								6.49053,
								-3.76613
							],
							"lerp_mode": "catmullrom"
						},
						"0.7083": {
							"post": [
								9.78638,
								6.49053,
								-3.76613
							],
							"lerp_mode": "catmullrom"
						},
						"1.0": {
							"post": [
								0,
								0,
								0
							],
							"lerp_mode": "catmullrom"
						}
					}
				},
				"10": {
					"rotation": {
						"0.0": {
							"post": [
								0,
								0,
								0
							],
							"lerp_mode": "catmullrom"
						},
						"0.2083": {
							"post": [
								30,
								0,
								0
							],
							"lerp_mode": "catmullrom"
						},
						"0.3333": {
							"post": [
								-27.0279,
								8.49531,
								24.94018
							],
							"lerp_mode": "catmullrom"
						},
						"0.5417": {
							"post": [
								-33.95841,
								3.4192,
								-11.32153
							],
							"lerp_mode": "catmullrom"
						},
						"0.7083": {
							"post": [
								-61.45841,
								3.4192,
								-11.32153
							],
							"lerp_mode": "catmullrom"
						},
						"1.0": {
							"post": [
								0,
								0,
								0
							],
							"lerp_mode": "catmullrom"
						}
					}
				},
				"11": {
					"rotation": {
						"0.0": {
							"post": [
								0,
								0,
								0
							],
							"lerp_mode": "catmullrom"
						},
						"0.1667": {
							"post": [
								0,
								0,
								-7.5
							],
							"lerp_mode": "catmullrom"
						},
						"0.3333": {
							"post": [
								0,
								0,
								20
							],
							"lerp_mode": "catmullrom"
						},
						"0.5417": {
							"post": [
								-2.5,
								0,
								20
							],
							"lerp_mode": "catmullrom"
						},
						"0.75": {
							"post": [
								5.92482,
								-4.75113,
								-2.01816
							],
							"lerp_mode": "catmullrom"
						},
						"0.875": {
							"post": [
								5.01152,
								-0.54094,
								17.55919
							],
							"lerp_mode": "catmullrom"
						},
						"1.0": {
							"post": [
								0,
								0,
								0
							],
							"lerp_mode": "catmullrom"
						}
					}
				},
				"12": {
					"rotation": {
						"0.0": {
							"post": [
								0,
								0,
								0
							],
							"lerp_mode": "catmullrom"
						},
						"0.25": {
							"post": [
								17.5,
								0,
								-7.5
							],
							"lerp_mode": "catmullrom"
						},
						"0.5833": {
							"post": [
								7.5,
								0,
								-7.5
							],
							"lerp_mode": "catmullrom"
						},
						"0.75": {
							"post": [
								18.41208,
								-2.54982,
								-19.74123
							],
							"lerp_mode": "catmullrom"
						},
						"0.875": {
							"post": [
								18.83542,
								4.03124,
								12.10583
							],
							"lerp_mode": "catmullrom"
						},
						"1.0": {
							"post": [
								0,
								0,
								0
							],
							"lerp_mode": "catmullrom"
						}
					}
				},
				"13": {
					"rotation": {
						"0.0": {
							"post": [
								0,
								0,
								0
							],
							"lerp_mode": "catmullrom"
						},
						"0.1667": {
							"post": [
								33.7133,
								-9.18638,
								-9.5098
							],
							"lerp_mode": "catmullrom"
						},
						"0.5417": {
							"post": [
								41.2133,
								-9.18638,
								-9.5098
							],
							"lerp_mode": "catmullrom"
						},
						"0.75": {
							"post": [
								71.25784,
								-9.68705,
								-9.66946
							],
							"lerp_mode": "catmullrom"
						},
						"0.875": {
							"post": [
								67.83346,
								-4.72842,
								25.25674
							],
							"lerp_mode": "catmullrom"
						},
						"1.0": {
							"post": [
								0,
								0,
								0
							],
							"lerp_mode": "catmullrom"
						}
					}
				},
				"14": {
					"rotation": {
						"0.0": {
							"post": [
								0,
								0,
								0
							],
							"lerp_mode": "catmullrom"
						},
						"0.1667": {
							"post": [
								7.5,
								0,
								-12.5
							],
							"lerp_mode": "catmullrom"
						},
						"0.3333": {
							"post": [
								20,
								0,
								2.5
							],
							"lerp_mode": "catmullrom"
						},
						"0.4583": {
							"post": [
								27.5,
								0,
								12.5
							],
							"lerp_mode": "catmullrom"
						},
						"0.625": {
							"post": [
								7.5,
								0,
								-10
							],
							"lerp_mode": "catmullrom"
						},
						"0.7917": {
							"post": [
								0,
								0,
								0
							],
							"lerp_mode": "catmullrom"
						},
						"1.0": {
							"post": [
								0,
								0,
								0
							],
							"lerp_mode": "catmullrom"
						}
					}
				},
				"15": {
					"rotation": {
						"0.0": {
							"post": [
								0,
								0,
								0
							],
							"lerp_mode": "catmullrom"
						},
						"0.1667": {
							"post": [
								2.5,
								0,
								-17.5
							],
							"lerp_mode": "catmullrom"
						},
						"0.375": {
							"post": [
								0,
								0,
								-5
							],
							"lerp_mode": "catmullrom"
						},
						"0.5417": {
							"post": [
								0,
								0,
								2.5
							],
							"lerp_mode": "catmullrom"
						},
						"0.6667": {
							"post": [
								0,
								0,
								-22.5
							],
							"lerp_mode": "catmullrom"
						},
						"0.7917": {
							"post": [
								0,
								0,
								5
							],
							"lerp_mode": "catmullrom"
						},
						"1.0": {
							"post": [
								0,
								0,
								0
							],
							"lerp_mode": "catmullrom"
						}
					}
				},
				"16": {
					"rotation": {
						"0.0": {
							"post": [
								0,
								0,
								0
							],
							"lerp_mode": "catmullrom"
						},
						"0.125": {
							"post": [
								0,
								-20,
								0
							],
							"lerp_mode": "catmullrom"
						},
						"0.3333": {
							"post": [
								32.20247,
								-2.56167,
								1.5033
							],
							"lerp_mode": "catmullrom"
						},
						"0.5417": {
							"post": [
								42.20247,
								-2.56167,
								1.5033
							],
							"lerp_mode": "catmullrom"
						},
						"0.7083": {
							"post": [
								45.89736,
								-10.28007,
								-9.09614
							],
							"lerp_mode": "catmullrom"
						},
						"0.8333": {
							"post": [
								45.34663,
								7.36901,
								12.08448
							],
							"lerp_mode": "catmullrom"
						},
						"1.0": {
							"post": [
								0,
								0,
								0
							],
							"lerp_mode": "catmullrom"
						}
					}
				},
				"17": {
					"rotation": {
						"0.0": {
							"post": [
								0,
								0,
								0
							],
							"lerp_mode": "catmullrom"
						},
						"0.125": {
							"post": [
								7.5,
								0,
								0
							],
							"lerp_mode": "catmullrom"
						},
						"0.2917": {
							"post": [
								-0.42854,
								4.71525,
								14.25578
							],
							"lerp_mode": "catmullrom"
						},
						"0.375": {
							"post": [
								-5,
								0,
								0
							],
							"lerp_mode": "catmullrom"
						},
						"0.5833": {
							"post": [
								-4.82648,
								-2.86313,
								-6.93488
							],
							"lerp_mode": "catmullrom"
						},
						"0.7917": {
							"post": [
								15.17352,
								-2.86313,
								-6.93488
							],
							"lerp_mode": "catmullrom"
						},
						"1.0": {
							"post": [
								0,
								0,
								0
							],
							"lerp_mode": "catmullrom"
						}
					}
				},
				"18": {
					"rotation": {
						"0.0": {
							"post": [
								0,
								0,
								0
							],
							"lerp_mode": "catmullrom"
						},
						"0.125": {
							"post": [
								12.5,
								0,
								0
							],
							"lerp_mode": "catmullrom"
						},
						"0.25": {
							"post": [
								-4.82178,
								7.21489,
								10.23479
							],
							"lerp_mode": "catmullrom"
						},
						"0.375": {
							"post": [
								-25,
								0,
								0
							],
							"lerp_mode": "catmullrom"
						},
						"0.5833": {
							"post": [
								-24.76837,
								-6.13784,
								-4.31837
							],
							"lerp_mode": "catmullrom"
						},
						"1.0": {
							"post": [
								0,
								0,
								0
							],
							"lerp_mode": "catmullrom"
						}
					}
				},
				"19": {
					"rotation": {
						"0.0": {
							"post": [
								0,
								0,
								0
							],
							"lerp_mode": "catmullrom"
						},
						"0.1667": {
							"post": [
								15,
								0,
								0
							],
							"lerp_mode": "catmullrom"
						},
						"0.2917": {
							"post": [
								-4.89731,
								8.68052,
								29.02869
							],
							"lerp_mode": "catmullrom"
						},
						"0.4167": {
							"post": [
								-30,
								0,
								0
							],
							"lerp_mode": "catmullrom"
						},
						"0.5833": {
							"post": [
								20.68528,
								-9.18229,
								-8.51814
							],
							"lerp_mode": "catmullrom"
						},
						"0.7917": {
							"post": [
								-11.81472,
								-9.18229,
								-8.51814
							],
							"lerp_mode": "catmullrom"
						},
						"1.0": {
							"post": [
								0,
								0,
								0
							],
							"lerp_mode": "catmullrom"
						}
					}
				},
				"rib_6": {
					"rotation": {
						"0.0": {
							"post": [
								0,
								0,
								0
							],
							"lerp_mode": "catmullrom"
						},
						"0.1667": {
							"post": [
								27.5,
								0,
								-7.5
							],
							"lerp_mode": "catmullrom"
						},
						"0.3333": {
							"post": [
								26.5724,
								8.53726,
								-19.87961
							],
							"lerp_mode": "catmullrom"
						},
						"0.5": {
							"post": [
								44.38653,
								-5.24296,
								-9.0621
							],
							"lerp_mode": "catmullrom"
						},
						"0.6667": {
							"post": [
								42.00425,
								-18.82946,
								2.24668
							],
							"lerp_mode": "catmullrom"
						},
						"0.8333": {
							"post": [
								3.83333,
								20.55128,
								11.06722
							],
							"lerp_mode": "catmullrom"
						},
						"1.0": {
							"post": [
								0,
								0,
								0
							],
							"lerp_mode": "catmullrom"
						}
					}
				},
				"rib_1": {
					"rotation": {
						"0.0": {
							"post": [
								0,
								0,
								0
							],
							"lerp_mode": "catmullrom"
						},
						"0.1667": {
							"post": [
								-15,
								0,
								0
							],
							"lerp_mode": "catmullrom"
						},
						"0.375": {
							"post": [
								-11.20221,
								5.35162,
								14.52083
							],
							"lerp_mode": "catmullrom"
						},
						"0.5833": {
							"post": [
								-1.32841,
								-2.97568,
								-7.01203
							],
							"lerp_mode": "catmullrom"
						},
						"0.75": {
							"post": [
								-0.47486,
								-2.22911,
								-1.99495
							],
							"lerp_mode": "catmullrom"
						},
						"0.875": {
							"post": [
								2.36949,
								-27.85856,
								15.68821
							],
							"lerp_mode": "catmullrom"
						},
						"1.0": {
							"post": [
								0,
								0,
								0
							],
							"lerp_mode": "catmullrom"
						}
					}
				},
				"rib_4": {
					"rotation": {
						"0.0": {
							"post": [
								0,
								0,
								0
							],
							"lerp_mode": "catmullrom"
						},
						"0.1667": {
							"post": [
								0,
								0,
								12.5
							],
							"lerp_mode": "catmullrom"
						},
						"0.3333": {
							"post": [
								0,
								0,
								-7.5
							],
							"lerp_mode": "catmullrom"
						},
						"0.5": {
							"post": [
								16.80465,
								-4.43552,
								2.01608
							],
							"lerp_mode": "catmullrom"
						},
						"0.6667": {
							"post": [
								4.30465,
								-4.43552,
								2.01608
							],
							"lerp_mode": "catmullrom"
						},
						"0.8333": {
							"post": [
								-6.56452,
								-7.42525,
								29.08055
							],
							"lerp_mode": "catmullrom"
						},
						"1.0": {
							"post": [
								0,
								0,
								0
							],
							"lerp_mode": "catmullrom"
						}
					}
				},
				"rib_2": {
					"rotation": {
						"0.0": {
							"post": [
								0,
								0,
								0
							],
							"lerp_mode": "catmullrom"
						},
						"0.1667": {
							"post": [
								0,
								0,
								12.5
							],
							"lerp_mode": "catmullrom"
						},
						"0.3333": {
							"post": [
								10.13608,
								2.84707,
								2.62639
							],
							"lerp_mode": "catmullrom"
						},
						"0.4583": {
							"post": [
								-4.38128,
								6.89471,
								-12.50642
							],
							"lerp_mode": "catmullrom"
						},
						"0.625": {
							"post": [
								-1.19747,
								-1.43059,
								-2.86852
							],
							"lerp_mode": "catmullrom"
						},
						"0.8333": {
							"post": [
								1.02557,
								-3.08928,
								9.71846
							],
							"lerp_mode": "catmullrom"
						},
						"1.0": {
							"post": [
								0,
								0,
								0
							],
							"lerp_mode": "catmullrom"
						}
					}
				},
				"rib_5": {
					"rotation": {
						"0.0": {
							"post": [
								0,
								0,
								0
							],
							"lerp_mode": "catmullrom"
						},
						"0.1667": {
							"post": [
								0,
								0,
								12.5
							],
							"lerp_mode": "catmullrom"
						},
						"0.3333": {
							"post": [
								10.13608,
								2.84707,
								2.62639
							],
							"lerp_mode": "catmullrom"
						},
						"0.4583": {
							"post": [
								-4.38128,
								6.89471,
								-12.50642
							],
							"lerp_mode": "catmullrom"
						},
						"0.625": {
							"post": [
								-1.19747,
								-1.43059,
								-2.86852
							],
							"lerp_mode": "catmullrom"
						},
						"0.8333": {
							"post": [
								1.02557,
								-3.08928,
								9.71846
							],
							"lerp_mode": "catmullrom"
						},
						"1.0": {
							"post": [
								0,
								0,
								0
							],
							"lerp_mode": "catmullrom"
						}
					}
				},
				"rib_3": {
					"rotation": {
						"0.0": {
							"post": [
								0,
								0,
								0
							],
							"lerp_mode": "catmullrom"
						},
						"0.1667": {
							"post": [
								15,
								0,
								0
							],
							"lerp_mode": "catmullrom"
						},
						"0.375": {
							"post": [
								4.17977,
								3.72786,
								-22.57828
							],
							"lerp_mode": "catmullrom"
						},
						"0.5417": {
							"post": [
								-12.59293,
								10.42805,
								-3.64082
							],
							"lerp_mode": "catmullrom"
						},
						"0.7083": {
							"post": [
								2.71557,
								16.48904,
								12.78663
							],
							"lerp_mode": "catmullrom"
						},
						"1.0": {
							"post": [
								0,
								0,
								0
							],
							"lerp_mode": "catmullrom"
						}
					}
				}
			}
		}
	}
}