{
	"format_version": "1.8.0",
	"animations": {
		"animation.formidibomb.ignite": {
			"loop": "hold_on_last_frame",
			"animation_length": 60,
			"bones": {
				"3d_particle": {
					"rotation": {
						"0.0": [
							0,
							"-query.body_y_rotation+0",
							0
						]
					},
					"scale": {
						"0.0": {
							"post": [
								0,
								0,
								0
							],
							"lerp_mode": "catmullrom"
						},
						"50.0": {
							"post": [
								0,
								0,
								0
							],
							"lerp_mode": "catmullrom"
						},
						"53.0": {
							"post": [
								0.2,
								0.2,
								0.2
							],
							"lerp_mode": "catmullrom"
						},
						"54.5417": {
							"post": [
								0.4,
								0.4,
								0.4
							],
							"lerp_mode": "catmullrom"
						},
						"55.7083": {
							"post": [
								0.6,
								0.6,
								0.6
							],
							"lerp_mode": "catmullrom"
						},
						"57.3333": {
							"post": [
								1.2,
								1.2,
								1.2
							],
							"lerp_mode": "catmullrom"
						},
						"58.75": {
							"post": [
								3.5,
								3.5,
								3.5
							],
							"lerp_mode": "catmullrom"
						},
						"60.0": {
							"post": [
								15,
								15,
								15
							],
							"lerp_mode": "catmullrom"
						}
					}
				},
				"particle_group1": {
					"rotation": {
						"50.0": [
							0,
							0,
							0
						],
						"60.0": [
							200,
							200,
							200
						]
					}
				},
				"particle_group2": {
					"rotation": {
						"50.0": [
							0,
							0,
							0
						],
						"60.0": [
							-200,
							-200,
							-200
						]
					}
				},
				"root": {
					"scale": {
						"59.0": [
							1,
							1,
							1
						],
						"59.999": [
							10,
							10,
							10
						],
						"60.0": [
							0,
							0,
							0
						]
					}
				}
			}
		},
		"animation.supertnt.ignite": {
			"loop": "hold_on_last_frame",
			"animation_length": 15,
			"bones": {
				"root": {
					"scale": {
						"14.0": {
							"post": [
								1.05,
								1.05,
								1.05
							],
							"lerp_mode": "catmullrom"
						},
						"14.4167": {
							"post": [
								2,
								2,
								2
							],
							"lerp_mode": "catmullrom"
						},
						"14.999": {
							"post": [
								7,
								7,
								7
							],
							"lerp_mode": "catmullrom"
						},
						"15.0": {
							"post": [
								0,
								0,
								0
							],
							"lerp_mode": "catmullrom"
						}
					}
				}
			}
		}
	}
}