{
	"format_version": "1.8.0",
	"animations": {
		"animation.glow": {
			"loop": true,
			"bones": {
				"glow": {
					"rotation": [
						0,
						"query.rotation_to_camera(1)-query.body_y_rotation+0",
						0
					],
					"position": [
						0,
						90,
						0
					],
					"scale": 30
				}
			}
		},
		"animation.glow.devour": {
			"loop": true,
			"bones": {
				"glow": {
					"rotation": [
						0,
						"query.rotation_to_camera(1)-query.body_y_rotation+0",
						0
					],
					"position": [
						0,
						120,
						0
					],
					"scale": [
						80,
						55,
						80
					]
				}
			}
		}
	}
}