{
	"format_version": "1.8.0",
	"animations": {
		"animation.withered_symbiont.bob": {
			"loop": true,
			"bones": {
				"tantacle": {
					"rotation": [
						"math.cos(query.life_time*55)*-10",
						"math.cos(query.life_time*60)*10",
						0
					]
				},
				"tentacle2": {
					"rotation": [
						0,
						"math.cos(query.life_time*50)*10",
						0
					]
				},
				"tentacle3": {
					"rotation": [
						"math.sin(query.life_time*40)*20",
						0,
						0
					]
				},
				"tentacle7": {
					"rotation": [
						"math.cos(query.life_time*50)*10",
						0,
						"math.cos(query.life_time*54)*10"
					]
				},
				"tentacle8": {
					"rotation": [
						"math.cos(query.life_time*56)*10",
						"math.sin(query.life_time*53)*10",
						0
					]
				},
				"tentacle9": {
					"rotation": [
						"math.sin(query.life_time*60)*12",
						0,
						0
					]
				},
				"tentacle4": {
					"rotation": [
						"math.sin(query.life_time*50)*-10",
						"math.cos(query.life_time*50)*10",
						0
					]
				},
				"tentacle5": {
					"rotation": [
						0,
						0,
						"math.sin(query.life_time*50)*10"
					]
				},
				"tentacle6": {
					"rotation": [
						"math.cos(query.life_time*50)*15",
						0,
						0
					]
				}
			}
		},
		"animation.withered_symbiont.misc.spawn": {
			"animation_length": 0.1,
			"sound_effects": {
				"0.0": {
					"effect": "spawn"
				}
			}
		},
		"animation.withered_symbiont.walk": {
			"loop": true,
			"anim_time_update": "query.modified_distance_moved/variable.symbiont_walk_divisor",
			"bones": {
				"rightLeg": {
					"rotation": [
						"math.cos(query.life_time*250)*-40",
						0,
						0
					]
				},
				"leftLeg": {
					"rotation": [
						"math.cos(query.life_time*250)*40",
						0,
						0
					]
				},
				"body": {
					"rotation": [
						0,
						0,
						"math.cos(query.life_time*250)*10"
					]
				},
				"tantacle": {
					"rotation": [
						"math.cos(query.life_time*230)*10",
						0,
						"math.cos(query.life_time*230)*15"
					]
				},
				"tentacle2": {
					"rotation": [
						"math.cos(query.life_time*230)*20",
						"math.cos(query.life_time*230)*10",
						0
					]
				},
				"tentacle3": {
					"rotation": [
						0,
						"math.cos(query.life_time*230)*10",
						0
					]
				},
				"tentacle7": {
					"rotation": [
						"math.sin(query.life_time*230)*15",
						"math.cos(query.life_time*240)*-20",
						0
					]
				},
				"tentacle8": {
					"rotation": [
						"math.cos(query.life_time*230)*30",
						0,
						0
					]
				},
				"tentacle9": {
					"rotation": [
						0,
						"math.cos(query.life_time*230)*10",
						0
					]
				},
				"tentacle4": {
					"rotation": [
						"math.cos(query.life_time*250)*25",
						"math.sin(query.life_time*247)*-15",
						0
					]
				},
				"tentacle5": {
					"rotation": [
						"math.cos(query.life_time*250)*40",
						0,
						"math.sin(query.life_time*220)*-15"
					]
				},
				"tentacle6": {
					"rotation": [
						0,
						0,
						"math.cos(query.life_time*230)*15"
					]
				}
			}
		},
		"animation.withered_symbiont.look_at_target": {
			"loop": true,
			"bones": {
				"head": {
					"relative_to": {
						"rotation": "entity"
					},
					"rotation": [
						"query.target_x_rotation-this",
						"query.target_y_rotation-this",
						"-this"
					]
				}
			}
		},
		"animation.withered_symbiont.stop": {
			"animation_length": 15.8,
			"bones": {
				"body": {
					"rotation": {
						"13.9": [
							57.5,
							0,
							0
						],
						"14.4": [
							57.5,
							0,
							0
						],
						"14.9": [
							0,
							0,
							0
						]
					},
					"position": {
						"0.0": [
							0,
							6,
							11
						],
						"14.4": [
							0,
							5.63,
							10.15
						],
						"14.9": [
							0,
							0,
							0
						]
					}
				},
				"rightLeg": {
					"rotation": {
						"0.0": [
							-57.5,
							0,
							0
						],
						"13.9": [
							-57.5,
							0,
							0
						],
						"14.4": [
							-57.5,
							0,
							0
						],
						"14.9": [
							0.18254,
							-0.93562,
							0.08587
						]
					}
				},
				"leftLeg": {
					"rotation": {
						"0.0": [
							-57.5,
							0,
							0
						],
						"13.9": [
							-57.5,
							0,
							0
						],
						"14.4": [
							-57.5,
							0,
							0
						],
						"14.9": [
							0,
							0,
							0
						]
					}
				},
				"tantacle": {
					"rotation": {
						"0.0": [
							-1.22887,
							0.89574,
							35.18522
						],
						"13.9": [
							-1.22887,
							0.89574,
							35.18522
						],
						"14.1": [
							17.5,
							0,
							0
						],
						"14.3": [
							12.18,
							0,
							0
						],
						"14.7": [
							31.98,
							0,
							0
						],
						"15.1": [
							0,
							0,
							0
						]
					}
				},
				"tentacle7": {
					"rotation": {
						"0.0": [
							15,
							0,
							15
						],
						"13.9": [
							15,
							0,
							15
						],
						"14.0": [
							0,
							0,
							15
						],
						"14.4": [
							0.2101,
							0,
							7.562
						],
						"14.8": [
							-22.51413,
							0,
							7.55941
						],
						"15.2": [
							0,
							0,
							0
						]
					}
				},
				"tentacle4": {
					"rotation": {
						"0.0": [
							59.2,
							0,
							0
						],
						"13.9": [
							59.2,
							0,
							0
						],
						"14.0": [
							36.7,
							0,
							0
						],
						"14.2": [
							39.92,
							0,
							0
						],
						"14.5": [
							-5.58,
							0,
							0
						],
						"14.7": [
							5.51,
							0,
							0
						],
						"14.8": [
							-7.08,
							0,
							0
						],
						"15.1": [
							10,
							0,
							0
						]
					}
				},
				"rightArm": {
					"rotation": {
						"0.0": [
							32.5,
							0,
							0
						],
						"13.9": [
							32.5,
							0,
							0
						],
						"14.2": [
							-32.46,
							0,
							0
						],
						"15.0": [
							-1.06,
							0,
							0
						],
						"15.8": [
							0,
							0,
							0
						]
					}
				},
				"leftArm": {
					"rotation": {
						"0.0": [
							25,
							0,
							0
						],
						"13.9": [
							25,
							0,
							0
						],
						"14.2": [
							-32.95,
							0,
							0
						],
						"15.0": [
							0,
							0,
							0
						],
						"15.8": [
							0,
							0,
							0
						]
					}
				}
			}
		},
		"animation.withered_symbiont.casting": {
			"loop": true,
			"bones": {
				"rightArm": {
					"rotation": [
						"-45+math.cos(query.life_time*500)*20",
						"math.cos(query.life_time*500)*-20",
						0
					]
				},
				"leftArm": {
					"rotation": [
						"-45+math.cos(query.life_time*500)*20",
						"math.cos(query.life_time*500)*20",
						0
					]
				}
			}
		},
		"animation.withered_symbiont.death": {
			"loop": true,
			"bones": {
				"head": {
					"rotation": [
						-45,
						0,
						0
					]
				},
				"rightArm": {
					"rotation": [
						"-45+math.cos(query.life_time*500)*20",
						"math.cos(query.life_time*500)*-20",
						0
					]
				},
				"leftArm": {
					"rotation": [
						"-45+math.cos(query.life_time*500)*20",
						"math.cos(query.life_time*500)*20",
						0
					]
				}
			}
		},
		"animation.withered_symbiont.general": {
			"loop": true,
			"bones": {
				"attack_models": {
					"scale": 0
				}
			}
		},
		"animation.withered_symbiont.heartbeat": {
			"loop": true,
			"animation_length": 2.1,
			"sound_effects": {
				"0.0": {
					"effect": "heartbeat"
				}
			}
		},
		"animation.withered_symbiont.casting.arrow": {
			"loop": "hold_on_last_frame",
			"animation_length": 1.5,
			"bones": {
				"arrow": {
					"rotation": [
						0,
						0,
						-90
					],
					"position": [
						0,
						12,
						0
					],
					"scale": 0.5
				},
				"fireball": {
					"scale": 0
				},
				"bullet": {
					"scale": 0
				},
				"arrow1": {
					"position": {
						"0.0": [
							0,
							0,
							0
						],
						"1.5": [
							79,
							0,
							-14
						]
					},
					"scale": 0.75
				},
				"arrow2": {
					"rotation": {
						"0.0": [
							0,
							0,
							0
						],
						"1.5": [
							0,
							7.5,
							10
						]
					},
					"position": {
						"0.0": [
							0,
							0,
							0
						],
						"1.5": [
							64,
							-17,
							-18
						]
					},
					"scale": 0.75
				},
				"arrow3": {
					"rotation": {
						"0.0": [
							0,
							0,
							0
						],
						"1.5": [
							-2.66399,
							-14.76689,
							10.34527
						]
					},
					"position": {
						"0.0": [
							0,
							0,
							0
						],
						"1.5": [
							71,
							-28,
							0
						]
					},
					"scale": 0.75
				},
				"arrow4": {
					"rotation": {
						"0.0": [
							0,
							0,
							0
						],
						"1.5": [
							0,
							12.5,
							-12.5
						]
					},
					"position": {
						"0.0": [
							0,
							0,
							0
						],
						"1.5": [
							39,
							37,
							-3
						]
					},
					"scale": 0.75
				},
				"arrow5": {
					"rotation": {
						"0.0": [
							0,
							0,
							0
						],
						"1.5": [
							-2.35666,
							17.34551,
							-7.85952
						]
					},
					"position": {
						"0.0": [
							0,
							0,
							0
						],
						"1.5": [
							40,
							5,
							-30
						]
					},
					"scale": 0.75
				},
				"arrow6": {
					"rotation": {
						"0.0": [
							0,
							0,
							0
						],
						"1.5": [
							-1.6575,
							12.39135,
							-7.67995
						]
					},
					"position": {
						"0.0": [
							0,
							0,
							0
						],
						"1.5": [
							81,
							18,
							-6
						]
					},
					"scale": 0.75
				},
				"arrow7": {
					"rotation": {
						"0.0": [
							0,
							0,
							0
						],
						"1.5": [
							0,
							10,
							10
						]
					},
					"position": {
						"0.0": [
							0,
							0,
							0
						],
						"1.5": [
							47,
							-23,
							-14
						]
					},
					"scale": 0.75
				},
				"arrow8": {
					"rotation": {
						"0.0": [
							0,
							0,
							0
						],
						"1.5": [
							1.10693,
							12.45167,
							5.12076
						]
					},
					"position": {
						"0.0": [
							0,
							0,
							0
						],
						"1.5": [
							32,
							20,
							-32
						]
					},
					"scale": 0.75
				},
				"arrow9": {
					"rotation": {
						"0.0": [
							0,
							0,
							0
						],
						"1.5": [
							-0.67472,
							14.97079,
							-5.13174
						]
					},
					"position": {
						"0.0": [
							0,
							0,
							0
						],
						"1.5": [
							66,
							18,
							-14
						]
					},
					"scale": 0.75
				},
				"arrow10": {
					"rotation": {
						"0.0": [
							0,
							0,
							0
						],
						"1.5": [
							-7.09999,
							21.40584,
							-18.84359
						]
					},
					"position": {
						"0.0": [
							0,
							0,
							0
						],
						"1.5": [
							68,
							45,
							-14
						]
					},
					"scale": 0.75
				},
				"arrow11": {
					"rotation": {
						"0.0": [
							0,
							0,
							0
						],
						"1.5": [
							-25.8425,
							12.39135,
							7.67995
						]
					},
					"position": {
						"0.0": [
							0,
							0,
							0
						],
						"1.5": [
							71,
							-7,
							-5
						]
					},
					"scale": 0.75
				},
				"arrow12": {
					"rotation": {
						"0.0": [
							0,
							0,
							0
						],
						"1.5": [
							-15.82821,
							30.28036,
							5.92757
						]
					},
					"position": {
						"0.0": [
							0,
							0,
							0
						],
						"1.5": [
							49,
							-16,
							-37
						]
					},
					"scale": 0.75
				},
				"arrow13": {
					"rotation": {
						"0.0": [
							0,
							0,
							0
						],
						"1.5": [
							-47.5,
							7.5,
							-17.5
						]
					},
					"position": {
						"0.0": [
							0,
							0,
							0
						],
						"1.5": [
							57,
							24,
							-22
						]
					},
					"scale": 0.75
				},
				"arrow14": {
					"rotation": {
						"0.0": [
							0,
							0,
							0
						],
						"1.5": [
							-39.23801,
							26.55548,
							8.2288
						]
					},
					"position": {
						"0.0": [
							0,
							0,
							0
						],
						"1.5": [
							24,
							-20,
							-28
						]
					},
					"scale": 0.75
				},
				"arrow15": {
					"rotation": {
						"0.0": [
							0,
							0,
							0
						],
						"1.5": [
							-205.80059,
							9.38371,
							-11.38914
						]
					},
					"position": {
						"0.0": [
							0,
							0,
							0
						],
						"1.5": [
							40,
							48,
							-18
						]
					},
					"scale": 0.75
				}
			},
			"sound_effects": {
				"0.0": {
					"effect": "arrow"
				},
				"0.1": {
					"effect": "arrow"
				},
				"0.16": {
					"effect": "arrow"
				},
				"0.22": {
					"effect": "arrow"
				},
				"0.3": {
					"effect": "arrow"
				},
				"0.37": {
					"effect": "arrow"
				},
				"0.4": {
					"effect": "arrow"
				},
				"0.5": {
					"effect": "arrow"
				},
				"0.54": {
					"effect": "arrow"
				},
				"0.6": {
					"effect": "arrow"
				},
				"0.66": {
					"effect": "arrow"
				},
				"0.7": {
					"effect": "arrow"
				},
				"0.74": {
					"effect": "arrow"
				},
				"0.79": {
					"effect": "arrow"
				},
				"0.84": {
					"effect": "arrow"
				},
				"0.9": {
					"effect": "arrow"
				},
				"1.0": {
					"effect": "arrow"
				},
				"1.13": {
					"effect": "arrow"
				},
				"1.21": {
					"effect": "arrow"
				},
				"1.3": {
					"effect": "arrow"
				},
				"1.42": {
					"effect": "arrow"
				},
				"1.5": {
					"effect": "arrow"
				}
			}
		},
		"animation.withered_symbiont.casting.fireball": {
			"loop": true,
			"bones": {
				"attack_models": {
					"rotation": [
						0,
						"-query.body_y_rotation+0",
						0
					]
				},
				"arrow": {
					"scale": 0
				},
				"fireball": {
					"rotation": [
						0,
						"math.round(query.life_time*600)*0.1",
						0
					],
					"position": [
						6,
						42,
						0
					]
				},
				"bullet": {
					"scale": 0
				},
				"fireball1": {
					"rotation": [
						"query.camera_rotation(0)",
						"math.round(query.life_time*-600)*0.1+query.camera_rotation(1)",
						0
					],
					"position": [
						0,
						0,
						55
					]
				},
				"fireball2": {
					"rotation": [
						"query.camera_rotation(0)",
						"math.round(query.life_time*-600)*0.1+query.camera_rotation(1)",
						0
					],
					"position": [
						0,
						0,
						-55
					]
				},
				"fireball3": {
					"rotation": [
						"query.camera_rotation(0)",
						"math.round(query.life_time*-600)*0.1+query.camera_rotation(1)",
						0
					],
					"position": [
						55,
						0,
						0
					]
				},
				"fireball4": {
					"rotation": [
						"query.camera_rotation(0)",
						"math.round(query.life_time*-600)*0.1+query.camera_rotation(1)",
						0
					],
					"position": [
						-55,
						0,
						0
					]
				},
				"fireball5": {
					"rotation": [
						"query.camera_rotation(0)",
						"math.round(query.life_time*-600)*0.1+query.camera_rotation(1)",
						0
					],
					"position": [
						-40,
						0,
						40
					]
				},
				"fireball6": {
					"rotation": [
						"query.camera_rotation(0)",
						"math.round(query.life_time*-600)*0.1+query.camera_rotation(1)",
						0
					],
					"position": [
						40,
						0,
						40
					]
				},
				"fireball7": {
					"rotation": [
						"query.camera_rotation(0)",
						"math.round(query.life_time*-600)*0.1+query.camera_rotation(1)",
						0
					],
					"position": [
						-40,
						0,
						-40
					]
				},
				"fireball8": {
					"rotation": [
						"query.camera_rotation(0)",
						"math.round(query.life_time*-600)*0.1+query.camera_rotation(1)",
						0
					],
					"position": [
						40,
						0,
						-40
					]
				}
			}
		},
		"animation.withered_symbiont.casting.bullet": {
			"loop": true,
			"bones": {
				"attack_models": {
					"rotation": [
						0,
						"-query.body_y_rotation+0",
						0
					]
				},
				"arrow": {
					"scale": 0
				},
				"fireball": {
					"scale": 0
				},
				"bullet": {
					"rotation": [
						0,
						"math.round(query.life_time*500)*0.1",
						0
					],
					"position": [
						4,
						33,
						-1
					]
				},
				"bullet1": {
					"rotation": [
						"math.round(query.life_time*1000)*0.5",
						0,
						"math.round(query.life_time*1000)*0.5"
					],
					"position": [
						12,
						0,
						54
					]
				},
				"bullet2": {
					"rotation": [
						"math.round(query.life_time*1000)*0.5",
						0,
						"math.round(query.life_time*1000)*0.5"
					],
					"position": [
						-41,
						0,
						33
					]
				},
				"bullet3": {
					"rotation": [
						"math.round(query.life_time*1000)*0.5",
						0,
						"math.round(query.life_time*1000)*0.5"
					],
					"position": [
						-50,
						0,
						-37
					]
				},
				"bullet4": {
					"rotation": [
						"math.round(query.life_time*1000)*0.5",
						0,
						"math.round(query.life_time*1000)*0.5"
					],
					"position": [
						21,
						0,
						-55
					]
				},
				"bullet5": {
					"rotation": [
						"math.round(query.life_time*1000)*0.5",
						0,
						"math.round(query.life_time*1000)*0.5"
					],
					"position": [
						54,
						0,
						0
					]
				}
			}
		}
	}
}