{
	"format_version": "1.8.0",
	"animations": {
		"animation.death.severed": {
			"loop": true,
			"bones": {
				"ws_head3": {
					"rotation": [
						90,
						0,
						0
					]
				},
				"ws_head4": {
					"rotation": [
						90,
						0,
						0
					]
				}
			},
			"sound_effects": {
				"0.0": {
					"effect": "thump"
				}
			}
		},
		"animation.death.sound": {
			"loop": true,
			"animation_length": 9,
			"sound_effects": {
				"0.0": {
					"effect": "tremble"
				}
			}
		},
		"animation.death": {
			"loop": "hold_on_last_frame",
			"animation_length": 5,
			"bones": {
				"upperBodyPart1": {
					"rotation": {
						"1.5": [
							0,
							0,
							0
						],
						"3.125": [
							-17.5,
							0,
							0
						],
						"5.0": [
							-69,
							0,
							0
						]
					}
				},
				"ws_head1": {
					"rotation": [
						92.5,
						0,
						0
					],
					"position": [
						0,
						0,
						-2
					]
				},
				"jaw": {
					"rotation": [
						-12.15514,
						9.74365,
						28.34652
					]
				}
			},
			"sound_effects": {
				"0.0": {
					"effect": "thump"
				},
				"5.0": {
					"effect": "thump"
				}
			}
		}
	}
}