{
	"format_version": "1.8.0",
	"animations": {
		"animation.wither_storm_head.beam": {
			"loop": true,
			"animation_length": 233.6,
			"bones": {
				"beam": {
					"rotation": [
						-90,
						0,
						0
					],
					"position": [
						0,
						-1,
						21
					],
					"scale": [
						15,
						150,
						15
					]
				}
			}
		},
		"animation.wither_storm.look_at_target": {
			"loop": true,
			"bones": {
				"ws_head": {
					"rotation": [
						"query.target_x_rotation-this",
						"query.target_y_rotation-this",
						"-this"
					]
				},
				"jaw": {
					"rotation": [
						0,
						0,
						0
					]
				}
			}
		},
		"animation.wither_storm.look_down": {
			"loop": true,
			"bones": {
				"ws_head": {
					"relative_to": {
						"rotation": "entity"
					},
					"rotation": [
						45,
						0,
						0
					]
				}
			}
		},
		"animation.wither_storm_head.bob": {
			"loop": true,
			"animation_length": 10000,
			"bones": {
				"jaw": {
					"rotation": [
						"12.5+math.cos(query.life_time*90)*3",
						0,
						0
					]
				}
			}
		},
		"animation.wither_storm_head.roar": {
			"animation_length": 2.6,
			"bones": {
				"jaw": {
					"rotation": {
						"0.0": {
							"post": [
								0,
								0,
								0
							],
							"lerp_mode": "catmullrom"
						},
						"0.1667": {
							"post": [
								40,
								0,
								0
							],
							"lerp_mode": "catmullrom"
						},
						"2.35": {
							"post": [
								40,
								0,
								0
							],
							"lerp_mode": "catmullrom"
						},
						"2.5833": {
							"post": [
								0,
								0,
								0
							],
							"lerp_mode": "catmullrom"
						}
					}
				}
			},
			"sound_effects": {
				"0.0": {
					"effect": "shoot"
				},
				"0.05": {
					"effect": "roar"
				}
			}
		},
		"animation.wither_storm_head.shake": {
			"loop": true,
			"animation_length": 5,
			"bones": {
				"ws_head": {
					"rotation": {
						"0.0": [
							0,
							0,
							0
						],
						"0.8333": [
							0,
							"math.sin(query.life_time*2000)*-10",
							"math.sin(query.life_time*2000)*-10"
						],
						"1.3333": [
							0,
							0,
							0
						]
					}
				},
				"bone3": {
					"position": [
						0,
						-4863,
						0
					]
				},
				"bone": {
					"position": [
						0,
						-2598,
						0
					]
				}
			}
		},
		"animation.wither_storm_head.bite": {
			"animation_length": 1.25,
			"bones": {
				"jaw": {
					"rotation": {
						"0.0": {
							"post": [
								0,
								0,
								0
							],
							"lerp_mode": "catmullrom"
						},
						"0.25": {
							"post": [
								45,
								0,
								0
							],
							"lerp_mode": "catmullrom"
						},
						"0.7917": {
							"post": [
								45,
								0,
								0
							],
							"lerp_mode": "catmullrom"
						},
						"0.9583": {
							"post": [
								0,
								0,
								0
							],
							"lerp_mode": "catmullrom"
						},
						"1.25": {
							"post": [
								0,
								0,
								0
							],
							"lerp_mode": "catmullrom"
						}
					}
				}
			},
			"sound_effects": {
				"0.9583": {
					"effect": "bite"
				}
			}
		},
		"animation.witherboss_commandblock.pre_animation": {
			"loop": true,
			"bones": {
				"command_block": {
					"position": [
						-0.5,
						4,
						-3
					],
					"scale": 0.5
				}
			}
		},
		"animation.witherboss_commandblock.beam": {
			"loop": true,
			"bones": {
				"beam": {
					"rotation": [
						-90,
						0,
						0
					],
					"position": [
						0,
						20.6,
						21
					],
					"scale": [
						15,
						150,
						15
					]
				}
			}
		},
		"animation.witherboss_commandblock.look_at_target": {
			"loop": true,
			"bones": {
				"head1": {
					"relative_to": {
						"rotation": "entity"
					},
					"rotation": [
						"query.head_x_rotation(0)-this",
						"query.target_y_rotation(2)-this",
						"-this"
					]
				},
				"head2": {
					"relative_to": {
						"rotation": "entity"
					},
					"rotation": [
						"query.head_x_rotation(1)-this",
						"query.head_y_rotation(1)-this",
						"-this"
					]
				},
				"head3": {
					"relative_to": {
						"rotation": "entity"
					},
					"rotation": [
						"query.head_x_rotation(2)-this",
						"query.head_y_rotation(2)-this",
						"-this"
					]
				}
			}
		},
		"animation.witherboss_commandblock.sound": {
			"loop": true,
			"animation_length": 10,
			"sound_effects": {
				"0.0": {
					"effect": "sound"
				}
			}
		},
		"animation.witherboss_commandblock.fragments": {
			"loop": true,
			"bones": {
				"block_fragments": {
					"rotation": [
						0,
						"-query.body_y_rotation+0",
						0
					]
				},
				"frag1": {
					"rotation": [
						0,
						"math.round(query.life_time*50)*1",
						0
					]
				},
				"frag1_1": {
					"rotation": [
						"math.round(query.life_time*100)*1",
						0,
						0
					]
				},
				"frag1_2": {
					"rotation": [
						0,
						0,
						"math.round(query.life_time*150)*1"
					]
				},
				"frag1_3": {
					"rotation": [
						"math.round(query.life_time*-100)*1",
						0,
						0
					]
				},
				"frag1_4": {
					"rotation": [
						"math.round(query.life_time*200)*1",
						0,
						0
					]
				},
				"frag1_5": {
					"rotation": [
						"math.round(query.life_time*150)*1",
						"math.round(query.life_time*-50)*1",
						0
					]
				},
				"frag1_6": {
					"rotation": [
						0,
						0,
						"math.round(query.life_time*-200)*1"
					]
				},
				"frag2": {
					"rotation": [
						0,
						"math.round(query.life_time*25)*1",
						0
					]
				},
				"frag2_1": {
					"rotation": [
						"math.round(query.life_time*140)*1",
						0,
						0
					]
				},
				"frag2_2": {
					"rotation": [
						0,
						0,
						"math.round(query.life_time*-150)*1"
					]
				},
				"frag2_3": {
					"rotation": [
						"math.round(query.life_time*200)*1",
						0,
						0
					]
				},
				"frag2_4": {
					"rotation": [
						"math.round(query.life_time*-100)*1",
						0,
						0
					]
				},
				"frag2_5": {
					"rotation": [
						0,
						0,
						"math.round(query.life_time*-90)*1"
					]
				},
				"frag2_6": {
					"rotation": [
						"math.round(query.life_time*150)*1",
						0,
						0
					]
				},
				"frag2_7": {
					"rotation": [
						0,
						0,
						"math.round(query.life_time*100)*1"
					]
				},
				"frag3": {
					"rotation": [
						0,
						"math.round(query.life_time*-15)*0.5",
						0
					]
				},
				"frag3_1": {
					"rotation": [
						0,
						0,
						"math.round(query.life_time*100)*1"
					]
				},
				"frag3_2": {
					"rotation": [
						0,
						0,
						"math.round(query.life_time*-125)*1"
					]
				},
				"frag4": {
					"rotation": [
						0,
						"math.round(query.life_time*-30)*1",
						0
					]
				},
				"frag4_1": {
					"rotation": [
						"math.round(query.life_time*200)*1",
						0,
						0
					]
				},
				"frag5": {
					"rotation": [
						0,
						"math.round(query.life_time*15)*0.5",
						0
					]
				},
				"frag5_1": {
					"rotation": [
						0,
						0,
						"math.round(query.life_time*-100)*1"
					]
				}
			}
		},
		"animation.witherboss_commandblock.particle": {
			"loop": true,
			"animation_length": 2,
			"particle_effects": {
				"0.0": {
					"effect": "command_block",
					"locator": "command_block"
				},
				"0.5": {
					"effect": "command_block_1",
					"locator": "command_block"
				},
				"1.0": {
					"effect": "command_block_2",
					"locator": "command_block"
				},
				"1.5": {
					"effect": "command_block_3",
					"locator": "command_block"
				}
			}
		},
		"animation.witherboss_commandblock.head_and_tentacle": {
			"loop": true,
			"bones": {
				"ws_head": {
					"position": [
						0,
						1,
						0
					],
					"scale": 0.76
				},
				"jaw": {
					"rotation": [
						"12.5+math.cos(query.life_time*70)*5",
						0,
						0
					]
				},
				"4_1": {
					"rotation": [
						0,
						0,
						"math.sin(query.anim_time*75)*-5"
					]
				},
				"4_2": {
					"rotation": [
						0,
						0,
						"math.sin(query.anim_time*75)*5"
					]
				},
				"4_3": {
					"rotation": [
						0,
						0,
						"math.sin(query.anim_time*75)*5"
					]
				},
				"4_4": {
					"rotation": [
						0,
						0,
						"math.sin(query.anim_time*75)*5"
					]
				},
				"4_5": {
					"rotation": [
						"math.sin(query.anim_time*75)*5",
						0,
						0
					]
				},
				"4_6": {
					"rotation": [
						"math.sin(query.anim_time*75)*5",
						0,
						0
					]
				},
				"5_1": {
					"rotation": [
						0,
						0,
						"math.sin(query.anim_time*85)*5"
					]
				},
				"5_2": {
					"rotation": [
						0,
						0,
						"math.cos(query.anim_time*85)*-5"
					]
				},
				"5_3": {
					"rotation": [
						0,
						0,
						"math.sin(query.anim_time*85)*-5"
					]
				},
				"5_4": {
					"rotation": [
						0,
						0,
						"math.cos(query.anim_time*85)*-5"
					]
				},
				"5_5": {
					"rotation": [
						0,
						0,
						"math.sin(query.anim_time*85)*-5"
					]
				},
				"5_6": {
					"rotation": [
						0,
						0,
						"math.cos(query.anim_time*85)*-5"
					]
				},
				"1_1": {
					"rotation": [
						"math.cos(query.anim_time*50)*5",
						"math.cos(query.anim_time*10)*-10",
						0
					]
				},
				"1_2": {
					"rotation": [
						"math.cos(query.anim_time*50)*-5",
						0,
						0
					]
				},
				"1_3": {
					"rotation": [
						"math.cos(query.anim_time*50)*-5",
						0,
						0
					]
				},
				"1_4": {
					"rotation": [
						"math.cos(query.anim_time*50)*-5",
						0,
						0
					]
				},
				"1_5": {
					"rotation": [
						"math.cos(query.anim_time*50)*-5",
						0,
						0
					]
				},
				"1_6": {
					"rotation": [
						"math.cos(query.anim_time*50)*-5",
						0,
						0
					]
				},
				"2_1": {
					"rotation": [
						"math.sin(query.anim_time*50)*-5",
						"math.cos(query.anim_time*50)*5",
						"math.sin(query.anim_time*50)*5"
					]
				},
				"2_2": {
					"rotation": [
						"math.sin(query.anim_time*50)*5",
						0,
						0
					]
				},
				"2_3": {
					"rotation": [
						"math.sin(query.anim_time*50)*5",
						0,
						0
					]
				},
				"2_4": {
					"rotation": [
						"math.sin(query.anim_time*50)*5",
						0,
						0
					]
				},
				"2_5": {
					"rotation": [
						"math.sin(query.anim_time*50)*5",
						0,
						0
					]
				},
				"2_6": {
					"rotation": [
						"math.sin(query.anim_time*50)*5",
						0,
						0
					]
				},
				"3_1": {
					"rotation": [
						"math.cos(query.anim_time*50)*5",
						"math.cos(query.anim_time*50)*5",
						"math.cos(query.anim_time*20)*5"
					]
				},
				"3_2": {
					"rotation": [
						0,
						0,
						"math.cos(query.anim_time*45)*-5"
					]
				},
				"3_3": {
					"rotation": [
						0,
						0,
						"math.cos(query.anim_time*45)*-5"
					]
				},
				"3_4": {
					"rotation": [
						0,
						0,
						"math.cos(query.anim_time*45)*-5"
					]
				},
				"3_5": {
					"rotation": [
						"math.cos(query.anim_time*45)*-5",
						0,
						0
					]
				},
				"3_6": {
					"rotation": [
						"math.cos(query.anim_time*45)*-5",
						0,
						0
					]
				}
			}
		},
		"animation.wither_storm_head.hurt": {
			"animation_length": 1.6,
			"bones": {
				"jaw": {
					"rotation": {
						"0.0": {
							"post": [
								0,
								0,
								0
							],
							"lerp_mode": "catmullrom"
						},
						"0.2917": {
							"post": [
								47.5,
								0,
								0
							],
							"lerp_mode": "catmullrom"
						},
						"1.4583": {
							"post": [
								62.5,
								0,
								0
							],
							"lerp_mode": "catmullrom"
						},
						"1.625": {
							"post": [
								0,
								0,
								0
							],
							"lerp_mode": "catmullrom"
						}
					}
				}
			}
		},
		"animation.wither_storm.death": {
			"loop": true,
			"bones": {
				"upperBodyPart1": {
					"position": [
						0,
						"math.round(query.anim_time*40)*-0.1",
						0
					]
				},
				"ws_head": {
					"position": [
						0,
						"math.round(query.anim_time*40)*-0.1",
						0
					]
				}
			}
		},
		"animation.wither_storm_head.death": {
			"loop": "hold_on_last_frame",
			"animation_length": 8,
			"bones": {
				"ws_head": {
					"rotation": {
						"0.0": [
							40,
							0,
							0
						],
						"0.0417": [
							45,
							0,
							0
						],
						"8.0": [
							-45,
							0,
							0
						]
					}
				},
				"jaw": {
					"rotation": {
						"0.0": [
							25,
							0,
							0
						],
						"0.0417": [
							10,
							0,
							0
						],
						"8.0": [
							45,
							0,
							0
						]
					}
				}
			}
		},
		"animation.witherstorm_redstonia.tentacle": {
			"loop": true,
			"anim_time_update": "0.5*query.delta_time+query.anim_time",
			"bones": {
				"1_1": {
					"rotation": [
						"math.sin(query.anim_time*80)*-5",
						"math.sin(query.anim_time*40)*5",
						0
					]
				},
				"1_2": {
					"rotation": [
						"math.sin(query.anim_time*80)*5",
						"math.sin(query.anim_time*40)*5",
						0
					]
				},
				"1_3": {
					"rotation": [
						"math.sin(query.anim_time*80)*5",
						"math.sin(query.anim_time*40)*5",
						0
					]
				},
				"1_4": {
					"rotation": [
						"math.sin(query.anim_time*80)*5",
						"math.sin(query.anim_time*40)*5",
						0
					]
				},
				"1_5": {
					"rotation": [
						"math.sin(query.anim_time*80)*5",
						"math.sin(query.anim_time*40)*5",
						0
					]
				},
				"1_6": {
					"rotation": [
						"math.sin(query.anim_time*80)*5",
						"math.sin(query.anim_time*40)*5",
						0
					]
				},
				"8_1": {
					"rotation": [
						0,
						"math.cos(query.anim_time*30)*5",
						"math.cos(query.anim_time*60)*7.5"
					],
					"scale": 0.9
				},
				"8_2": {
					"rotation": [
						0,
						"math.cos(query.anim_time*30)*5",
						"math.sin(query.anim_time*60)*-10"
					]
				},
				"8_3": {
					"rotation": [
						0,
						"math.cos(query.anim_time*30)*5",
						"math.cos(query.anim_time*60)*-10"
					]
				},
				"8_4": {
					"rotation": [
						0,
						"math.cos(query.anim_time*30)*5",
						"math.sin(query.anim_time*60)*-10"
					]
				},
				"8_5": {
					"rotation": [
						0,
						"math.cos(query.anim_time*30)*5",
						"math.cos(query.anim_time*60)*-10"
					]
				},
				"8_6": {
					"rotation": [
						0,
						"math.cos(query.anim_time*30)*5",
						"math.sin(query.anim_time*60)*-10"
					]
				},
				"9_1": {
					"rotation": [
						0,
						"math.sin(query.anim_time*30)*5",
						"math.sin(query.anim_time*70)*7.5"
					]
				},
				"9_2": {
					"rotation": [
						0,
						"math.sin(query.anim_time*30)*5",
						"math.cos(query.anim_time*70)*-10"
					]
				},
				"9_3": {
					"rotation": [
						0,
						"math.sin(query.anim_time*30)*5",
						"math.sin(query.anim_time*70)*-10"
					]
				},
				"9_4": {
					"rotation": [
						0,
						"math.sin(query.anim_time*30)*5",
						"math.cos(query.anim_time*70)*-10"
					]
				},
				"9_5": {
					"rotation": [
						0,
						"math.sin(query.anim_time*30)*5",
						"math.sin(query.anim_time*70)*-10"
					]
				},
				"9_6": {
					"rotation": [
						0,
						"math.sin(query.anim_time*30)*5",
						"math.cos(query.anim_time*70)*-10"
					]
				},
				"2_1": {
					"rotation": [
						"math.cos(query.anim_time*60)*10",
						"math.cos(query.anim_time*50)*1",
						"math.cos(query.anim_time*80)*5"
					]
				},
				"2_2": {
					"rotation": [
						"math.cos(query.anim_time*80)*5",
						0,
						"math.cos(query.anim_time*80)*-5"
					]
				},
				"2_3": {
					"rotation": [
						"math.cos(query.anim_time*80)*5",
						0,
						"math.cos(query.anim_time*80)*-5"
					]
				},
				"2_4": {
					"rotation": [
						"math.cos(query.anim_time*90)*10",
						0,
						"math.cos(query.anim_time*80)*-5"
					]
				},
				"2_5": {
					"rotation": [
						"math.cos(query.anim_time*80)*10",
						0,
						"math.cos(query.anim_time*80)*-1"
					]
				},
				"2_6": {
					"rotation": [
						"math.cos(query.anim_time*80)*15",
						0,
						"math.cos(query.anim_time*80)*-5"
					]
				},
				"3_1": {
					"rotation": [
						"math.sin(query.anim_time*79)*-5",
						0,
						0
					]
				},
				"3_2": {
					"rotation": [
						"math.cos(query.anim_time*79)*5",
						0,
						0
					]
				},
				"3_3": {
					"rotation": [
						"math.sin(query.anim_time*79)*5",
						0,
						0
					]
				},
				"3_4": {
					"rotation": [
						"math.cos(query.anim_time*79)*5",
						0,
						0
					]
				},
				"3_5": {
					"rotation": [
						"math.sin(query.anim_time*79)*5",
						0,
						0
					]
				},
				"3_6": {
					"rotation": [
						"math.cos(query.anim_time*79)*5",
						0,
						0
					]
				},
				"4_1": {
					"rotation": [
						"math.cos(query.anim_time*75)*5",
						0,
						0
					]
				},
				"4_2": {
					"rotation": [
						"math.cos(query.anim_time*75)*-10",
						0,
						0
					]
				},
				"4_3": {
					"rotation": [
						"math.cos(query.anim_time*75)*-15",
						0,
						0
					]
				},
				"4_4": {
					"rotation": [
						"math.sin(query.anim_time*75)*-15",
						0,
						0
					]
				},
				"4_5": {
					"rotation": [
						"math.sin(query.anim_time*75)*-15",
						0,
						0
					]
				},
				"4_6": {
					"rotation": [
						"math.sin(query.anim_time*75)*-15",
						0,
						0
					]
				},
				"5_1": {
					"rotation": [
						"math.sin(query.anim_time*85)*-5",
						0,
						0
					]
				},
				"5_2": {
					"rotation": [
						"math.sin(query.anim_time*85)*5",
						0,
						0
					]
				},
				"5_3": {
					"rotation": [
						"math.sin(query.anim_time*85)*5",
						0,
						0
					]
				},
				"5_4": {
					"rotation": [
						"math.sin(query.anim_time*85)*5",
						0,
						0
					]
				},
				"5_5": {
					"rotation": [
						"math.sin(query.anim_time*85)*5",
						0,
						0
					]
				},
				"5_6": {
					"rotation": [
						"math.sin(query.anim_time*85)*5",
						0,
						0
					]
				},
				"6_1": {
					"rotation": [
						"math.cos(query.anim_time*85)*5",
						0,
						0
					]
				},
				"6_2": {
					"rotation": [
						"math.cos(query.anim_time*85)*-5",
						0,
						0
					]
				},
				"6_3": {
					"rotation": [
						"math.cos(query.anim_time*85)*-5",
						0,
						0
					]
				},
				"6_4": {
					"rotation": [
						"math.cos(query.anim_time*85)*-5",
						0,
						0
					]
				},
				"6_5": {
					"rotation": [
						"math.cos(query.anim_time*85)*-5",
						0,
						0
					]
				},
				"6_6": {
					"rotation": [
						"math.cos(query.anim_time*85)*-5",
						0,
						0
					]
				},
				"7_1": {
					"rotation": [
						"math.sin(query.anim_time*30)*-15",
						"math.sin(query.anim_time*20)*-15",
						0
					]
				},
				"7_2": {
					"rotation": [
						"math.sin(query.anim_time*75)*10",
						0,
						0
					]
				},
				"7_3": {
					"rotation": [
						"math.sin(query.anim_time*75)*5",
						0,
						0
					]
				},
				"7_4": {
					"rotation": [
						"math.cos(query.anim_time*75)*5",
						0,
						0
					]
				},
				"7_5": {
					"rotation": [
						"math.cos(query.anim_time*75)*5",
						0,
						0
					]
				},
				"7_6": {
					"rotation": [
						"math.cos(query.anim_time*75)*5",
						0,
						0
					]
				},
				"tentacle9": {
					"rotation": [
						0,
						0,
						-7.5
					],
					"scale": 1
				},
				"tentacle8": {
					"rotation": [
						-2.54638,
						-4.8576,
						10.30862
					],
					"scale": 1
				}
			}
		},
		"animation.wither_storm.ring_fragments": {
			"loop": true,
			"bones": {
				"ring_fragments": {
					"rotation": [
						0,
						"math.round(query.life_time*200)*0.1",
						0
					],
					"position": [
						0,
						-42,
						0
					],
					"scale": [
						1.3,
						2,
						1.3
					]
				},
				"ring_fragments2": {
					"rotation": [
						0,
						"math.round(query.life_time*75)*0.1",
						0
					],
					"position": [
						0,
						-152,
						0
					],
					"scale": [
						2,
						4.6,
						2
					]
				},
				"ring_fragments3": {
					"rotation": [
						0,
						"math.round(query.life_time*15)*0.1",
						0
					],
					"position": [
						0,
						-279,
						0
					],
					"scale": [
						4,
						6.5,
						4
					]
				},
				"ring_fragments4": {
					"rotation": [
						0,
						"math.round(query.life_time*-100)*0.1",
						0
					],
					"position": [
						0,
						79,
						0
					],
					"scale": [
						1.5,
						0.5,
						1.5
					]
				},
				"fragments": {
					"rotation": [
						0,
						"-query.body_y_rotation+0",
						0
					],
					"position": [
						0,
						-58,
						0
					],
					"scale": 2.5
				},
				"ring_fragments5": {
					"rotation": [
						0,
						"math.round(query.life_time*75)*-0.1",
						0
					],
					"position": [
						0,
						-212,
						0
					],
					"scale": [
						1.8,
						5.4,
						1.8
					]
				}
			}
		},
		"animation.wither_storm.tentacle": {
			"loop": true,
			"blend_weight": "2",
			"bones": {
				"1_1": {
					"rotation": [
						"math.cos(query.anim_time*80)*5",
						0,
						0
					]
				},
				"1_2": {
					"rotation": [
						"math.cos(query.anim_time*80)*-5",
						0,
						0
					]
				},
				"1_3": {
					"rotation": [
						"math.cos(query.anim_time*80)*-5",
						0,
						0
					]
				},
				"1_4": {
					"rotation": [
						"math.cos(query.anim_time*80)*-5",
						0,
						0
					]
				},
				"1_5": {
					"rotation": [
						"math.cos(query.anim_time*80)*-5",
						0,
						0
					]
				},
				"1_6": {
					"rotation": [
						"math.cos(query.anim_time*80)*-5",
						0,
						0
					]
				},
				"2_1": {
					"rotation": [
						"math.sin(query.anim_time*80)*-5",
						0,
						0
					]
				},
				"2_2": {
					"rotation": [
						"math.sin(query.anim_time*80)*5",
						0,
						0
					]
				},
				"2_3": {
					"rotation": [
						"math.sin(query.anim_time*80)*5",
						0,
						0
					]
				},
				"2_4": {
					"rotation": [
						"math.sin(query.anim_time*80)*5",
						0,
						0
					]
				},
				"2_5": {
					"rotation": [
						"math.sin(query.anim_time*80)*5",
						0,
						0
					]
				},
				"2_6": {
					"rotation": [
						"math.sin(query.anim_time*80)*5",
						0,
						0
					]
				},
				"3_1": {
					"rotation": [
						0,
						0,
						"math.cos(query.anim_time*75)*5"
					]
				},
				"3_2": {
					"rotation": [
						0,
						0,
						"math.cos(query.anim_time*75)*-5"
					]
				},
				"3_3": {
					"rotation": [
						0,
						0,
						"math.cos(query.anim_time*75)*-5"
					]
				},
				"3_4": {
					"rotation": [
						0,
						0,
						"math.cos(query.anim_time*75)*-5"
					]
				},
				"3_5": {
					"rotation": [
						"math.cos(query.anim_time*75)*-5",
						0,
						0
					]
				},
				"3_6": {
					"rotation": [
						"math.cos(query.anim_time*75)*-5",
						0,
						0
					]
				},
				"4_1": {
					"rotation": [
						0,
						0,
						"math.sin(query.anim_time*75)*-5"
					]
				},
				"4_2": {
					"rotation": [
						0,
						0,
						"math.sin(query.anim_time*75)*5"
					]
				},
				"4_3": {
					"rotation": [
						0,
						0,
						"math.sin(query.anim_time*75)*5"
					]
				},
				"4_4": {
					"rotation": [
						0,
						0,
						"math.sin(query.anim_time*75)*5"
					]
				},
				"4_5": {
					"rotation": [
						"math.sin(query.anim_time*75)*5",
						0,
						0
					]
				},
				"4_6": {
					"rotation": [
						"math.sin(query.anim_time*75)*5",
						0,
						0
					]
				},
				"5_1": {
					"rotation": [
						0,
						0,
						"math.sin(query.anim_time*85)*5"
					]
				},
				"5_2": {
					"rotation": [
						0,
						0,
						"math.cos(query.anim_time*85)*-5"
					]
				},
				"5_3": {
					"rotation": [
						0,
						0,
						"math.sin(query.anim_time*85)*-5"
					]
				},
				"5_4": {
					"rotation": [
						0,
						0,
						"math.cos(query.anim_time*85)*-5"
					]
				},
				"5_5": {
					"rotation": [
						0,
						0,
						"math.sin(query.anim_time*85)*-5"
					]
				},
				"5_6": {
					"rotation": [
						0,
						0,
						"math.cos(query.anim_time*85)*-5"
					]
				}
			}
		},
		"animation.wither_storm.fragments": {
			"loop": true,
			"bones": {
				"block_fragment": {
					"rotation": [
						0,
						"-query.body_y_rotation+0",
						0
					],
					"position": [
						0,
						32,
						0
					],
					"scale": 3.5
				},
				"block_fragments": {
					"rotation": [
						"math.round(query.life_time*90)*-0.4",
						"math.round(query.life_time*90)*0.5",
						0
					]
				},
				"bone": {
					"rotation": [
						0,
						"math.round(query.life_time*90)*-0.1",
						0
					]
				},
				"bone2": {
					"rotation": [
						0,
						"math.round(query.life_time*90)*-0.25",
						0
					]
				},
				"block_fragments2": {
					"rotation": [
						0,
						"math.round(query.life_time*90)*0.4",
						"math.round(query.life_time*90)*-0.2"
					]
				},
				"bone3": {
					"rotation": [
						0,
						"math.round(query.life_time*90)*-0.2",
						0
					]
				},
				"block_fragments3": {
					"rotation": [
						0,
						"math.round(query.life_time*90)*-0.5",
						"math.round(query.life_time*90)*-0.5"
					]
				},
				"bone4": {
					"rotation": [
						0,
						"math.round(query.life_time*90)*0.15",
						0
					]
				},
				"block_fragments4": {
					"rotation": [
						"math.round(query.life_time*90)*-0.1",
						"math.round(query.life_time*90)*0.2",
						0
					]
				},
				"bone5": {
					"rotation": [
						0,
						"math.round(query.life_time*90)*-0.1",
						0
					]
				},
				"block_fragments5": {
					"rotation": [
						"math.round(query.life_time*90)*-0.5",
						"math.round(query.life_time*90)*-0.4",
						"math.round(query.life_time*90)*0.3"
					]
				},
				"bone6": {
					"rotation": [
						0,
						"math.round(query.life_time*90)*-0.2",
						0
					]
				},
				"block_fragments6": {
					"rotation": [
						"math.round(query.life_time*90)*-0.5",
						"math.round(query.life_time*90)*0.3",
						0
					]
				},
				"bone7": {
					"rotation": [
						0,
						"math.round(query.life_time*90)*-0.15",
						0
					]
				},
				"block_fragments7": {
					"rotation": [
						"math.round(query.life_time*90)*-0.6",
						0,
						"math.round(query.life_time*90)*0.4"
					]
				},
				"bone8": {
					"rotation": [
						0,
						"math.round(query.life_time*90)*0.1",
						0
					]
				},
				"block_fragments8": {
					"rotation": [
						"math.round(query.life_time*90)*0.6",
						0,
						0
					]
				},
				"bone9": {
					"rotation": [
						0,
						"math.round(query.life_time*90)*-0.1",
						0
					]
				},
				"block_fragments9": {
					"rotation": [
						"math.round(query.life_time*90)*0.4",
						0,
						0
					]
				},
				"bone10": {
					"rotation": [
						0,
						"math.round(query.life_time*90)*0.25",
						0
					]
				},
				"block_fragments10": {
					"rotation": [
						0,
						0,
						"math.round(query.life_time*90)*0.3"
					]
				},
				"bone11": {
					"rotation": [
						0,
						"math.round(query.life_time*90)*-0.1",
						0
					]
				},
				"block_fragment2": {
					"rotation": [
						0,
						"-query.body_y_rotation+0",
						0
					],
					"position": [
						0,
						32,
						0
					],
					"scale": [
						4.5,
						4.5,
						4.5
					]
				},
				"block_fragments11": {
					"rotation": [
						"math.round(query.life_time*90)*-0.4",
						"math.round(query.life_time*90)*0.5",
						0
					]
				},
				"bone12": {
					"rotation": [
						0,
						"math.round(query.life_time*90)*-0.1",
						0
					]
				},
				"block_fragments12": {
					"rotation": [
						0,
						"math.round(query.life_time*90)*0.4",
						"math.round(query.life_time*90)*-0.2"
					]
				},
				"bone13": {
					"rotation": [
						0,
						"math.round(query.life_time*90)*-0.2",
						0
					]
				},
				"block_fragments13": {
					"rotation": [
						0,
						"math.round(query.life_time*90)*0.4",
						"math.round(query.life_time*90)*-0.2"
					]
				},
				"bone14": {
					"rotation": [
						0,
						"math.round(query.life_time*90)*0.15",
						0
					]
				},
				"block_fragments14": {
					"rotation": [
						"math.round(query.life_time*90)*-0.1",
						"math.round(query.life_time*90)*0.2",
						0
					]
				},
				"bone15": {
					"rotation": [
						0,
						"math.round(query.life_time*90)*-0.1",
						0
					]
				},
				"block_fragments15": {
					"rotation": [
						"math.round(query.life_time*90)*-0.5",
						"math.round(query.life_time*90)*-0.4",
						"math.round(query.life_time*90)*0.3"
					]
				},
				"bone16": {
					"rotation": [
						0,
						"math.round(query.life_time*90)*-0.2",
						0
					]
				},
				"block_fragments16": {
					"rotation": [
						"math.round(query.life_time*90)*-0.5",
						"math.round(query.life_time*90)*0.3",
						0
					]
				},
				"bone17": {
					"rotation": [
						0,
						"math.round(query.life_time*90)*-0.15",
						0
					]
				},
				"block_fragments17": {
					"rotation": [
						"math.round(query.life_time*90)*-0.6",
						0,
						"math.round(query.life_time*90)*0.4"
					]
				},
				"bone18": {
					"rotation": [
						0,
						"math.round(query.life_time*90)*0.1",
						0
					]
				},
				"block_fragments18": {
					"rotation": [
						"math.round(query.life_time*90)*0.6",
						0,
						0
					]
				},
				"bone19": {
					"rotation": [
						0,
						"math.round(query.life_time*90)*-0.1",
						0
					]
				},
				"block_fragments19": {
					"rotation": [
						"math.round(query.life_time*90)*0.4",
						0,
						0
					]
				},
				"bone20": {
					"rotation": [
						0,
						"math.round(query.life_time*90)*0.25",
						0
					]
				},
				"block_fragments20": {
					"rotation": [
						0,
						0,
						"math.round(query.life_time*90)*0.3"
					]
				}
			}
		}
	}
}