{
	"format_version": "1.12.0",
	"minecraft:geometry": [
		{
			"description": {
				"identifier": "geometry.barrett.mag",
				"texture_width": 2048,
				"texture_height": 2048,
				"visible_bounds_width": 39,
				"visible_bounds_height": 8,
				"visible_bounds_offset": [0, 0, 0]
			},
			"bones": [
				{
					"name": "root",
					"pivot": [0, 0, 0]
				},
				{
					"name": "waist",
					"parent": "root",
					"pivot": [0, 12, 0]
				},
				{
					"name": "body",
					"parent": "waist",
					"pivot": [0, 24, 0]
				},
				{
					"name": "head",
					"parent": "body",
					"pivot": [0, 24, 0]
				},
				{
					"name": "hat",
					"parent": "head",
					"pivot": [0, 24, 0]
				},
				{
					"name": "jacket",
					"parent": "body",
					"pivot": [0, 24, 0]
				},
				{
					"name": "rightArmA",
					"parent": "body",
					"pivot": [-5, 22, 0]
				},
				{
					"name": "rightArm",
					"parent": "rightArmA",
					"pivot": [-5, 22, 0]
				},
				{
					"name": "rightArmUp",
					"parent": "rightArm",
					"pivot": [-6, 22, 0],
					"cubes": [
						{
							"origin": [-8, 18, -2],
							"size": [4, 6, 4],
							"uv": {
								"north": {"uv": [4, 893], "uv_size": [4, 6]},
								"east": {"uv": [0, 893], "uv_size": [4, 6]},
								"south": {"uv": [12, 893], "uv_size": [4, 6]},
								"west": {"uv": [8, 893], "uv_size": [4, 6]},
								"up": {"uv": [4, 889], "uv_size": [4, 4]},
								"down": {"uv": [8, 893], "uv_size": [4, -4]}
							}
						}
					]
				},
				{
					"name": "rightSleeveUp",
					"parent": "rightArmUp",
					"pivot": [-6, 22, 0],
					"cubes": [
						{
							"origin": [-8, 18, -2],
							"size": [4, 6, 4],
							"inflate": 0.25,
							"uv": {
								"north": {"uv": [4, 893], "uv_size": [4, 6]},
								"east": {"uv": [0, 893], "uv_size": [4, 6]},
								"south": {"uv": [12, 893], "uv_size": [4, 6]},
								"west": {"uv": [8, 893], "uv_size": [4, 6]},
								"up": {"uv": [4, 889], "uv_size": [4, 4]},
								"down": {"uv": [8, 893], "uv_size": [4, -4]}
							}
						}
					]
				},
				{
					"name": "rightArmDown",
					"parent": "rightSleeveUp",
					"pivot": [-6, 18, 2],
					"cubes": [
						{
							"origin": [-8, 12, -2],
							"size": [4, 6, 4],
							"uv": {
								"north": {"uv": [4, 893], "uv_size": [4, 6]},
								"east": {"uv": [0, 893], "uv_size": [4, 6]},
								"south": {"uv": [12, 893], "uv_size": [4, 6]},
								"west": {"uv": [8, 893], "uv_size": [4, 6]},
								"up": {"uv": [4, 889], "uv_size": [4, 4]},
								"down": {"uv": [8, 893], "uv_size": [4, -4]}
							}
						}
					]
				},
				{
					"name": "rightSleeveDown",
					"parent": "rightArmDown",
					"pivot": [-6, 18, 0],
					"cubes": [
						{
							"origin": [-8, 12, -2],
							"size": [4, 6, 4],
							"inflate": 0.25,
							"uv": {
								"north": {"uv": [4, 893], "uv_size": [4, 6]},
								"east": {"uv": [0, 893], "uv_size": [4, 6]},
								"south": {"uv": [12, 893], "uv_size": [4, 6]},
								"west": {"uv": [8, 893], "uv_size": [4, 6]},
								"up": {"uv": [4, 889], "uv_size": [4, 4]},
								"down": {"uv": [8, 893], "uv_size": [4, -4]}
							}
						}
					]
				},
				{
					"name": "rightItem",
					"parent": "rightArmDown",
					"pivot": [-6, 15, 1]
				},
				{
					"name": "main",
					"parent": "rightArm",
					"pivot": [0, 0, 0]
				},
				{
					"name": "bullet_case",
					"parent": "main",
					"pivot": [0, 28, -1]
				},
				{
					"name": "case",
					"parent": "bullet_case",
					"pivot": [0, -5, 101],
					"cubes": [
						{
							"origin": [-4.5, 0, 13],
							"size": [9, 22, 4],
							"inflate": 0.2,
							"uv": {
								"north": {"uv": [59, 60], "uv_size": [9, 22]},
								"east": {"uv": [55, 60], "uv_size": [4, 22]},
								"south": {"uv": [72, 60], "uv_size": [9, 22]},
								"west": {"uv": [68, 60], "uv_size": [4, 22]},
								"up": {"uv": [59, 56], "uv_size": [9, 4]},
								"down": {"uv": [68, 60], "uv_size": [9, -4]}
							}
						},
						{
							"origin": [-4.5, 7, 13],
							"size": [9, 22, 4],
							"inflate": 0.2,
							"uv": {
								"north": {"uv": [59, 60], "uv_size": [9, 22]},
								"east": {"uv": [55, 60], "uv_size": [4, 22]},
								"south": {"uv": [72, 60], "uv_size": [9, 22]},
								"west": {"uv": [68, 60], "uv_size": [4, 22]},
								"up": {"uv": [59, 56], "uv_size": [9, 4]},
								"down": {"uv": [68, 60], "uv_size": [9, -4]}
							}
						}
					]
				},
				{
					"name": "case2",
					"parent": "case",
					"pivot": [0, -5, 97],
					"rotation": [-12, 0, 0],
					"cubes": [
						{
							"origin": [-4.5, -17.57384, -20.20396],
							"size": [9, 7, 34],
							"uv": {
								"north": {"uv": [95, 34], "uv_size": [9, 7]},
								"east": {"uv": [61, 34], "uv_size": [34, 7]},
								"south": {"uv": [138, 34], "uv_size": [9, 7]},
								"west": {"uv": [104, 34], "uv_size": [34, 7]},
								"up": {"uv": [95, 0], "uv_size": [9, 34]},
								"down": {"uv": [104, 34], "uv_size": [9, -34]}
							}
						}
					]
				},
				{
					"name": "case3",
					"parent": "case2",
					"pivot": [0, -5, 63],
					"rotation": [12, 0, 0],
					"cubes": [
						{
							"origin": [-4.5, 0, -21],
							"size": [9, 22, 34],
							"uv": {
								"north": {"uv": [34, 187], "uv_size": [9, 22]},
								"east": {"uv": [0, 187], "uv_size": [34, 22]},
								"south": {"uv": [77, 187], "uv_size": [9, 22]},
								"west": {"uv": [43, 187], "uv_size": [34, 22]},
								"up": {"uv": [34, 153], "uv_size": [9, 34]},
								"down": {"uv": [43, 187], "uv_size": [9, -34]}
							}
						}
					]
				},
				{
					"name": "leftArmA",
					"parent": "body",
					"pivot": [5, 22, 0]
				},
				{
					"name": "leftArm",
					"parent": "leftArmA",
					"pivot": [5, 22, 0]
				},
				{
					"name": "leftArmUp",
					"parent": "leftArm",
					"pivot": [6, 22, 0],
					"cubes": [
						{
							"origin": [4, 18, -2],
							"size": [4, 6, 4],
							"uv": {
								"north": {"uv": [4, 601], "uv_size": [4, 6]},
								"east": {"uv": [0, 601], "uv_size": [4, 6]},
								"south": {"uv": [12, 601], "uv_size": [4, 6]},
								"west": {"uv": [8, 601], "uv_size": [4, 6]},
								"up": {"uv": [4, 597], "uv_size": [4, 4]},
								"down": {"uv": [8, 601], "uv_size": [4, -4]}
							}
						}
					]
				},
				{
					"name": "leftSleeveUp",
					"parent": "leftArmUp",
					"pivot": [6, 22, 0],
					"cubes": [
						{
							"origin": [4, 18, -2],
							"size": [4, 6, 4],
							"inflate": 0.25,
							"uv": {
								"north": {"uv": [4, 601], "uv_size": [4, 6]},
								"east": {"uv": [0, 601], "uv_size": [4, 6]},
								"south": {"uv": [12, 601], "uv_size": [4, 6]},
								"west": {"uv": [8, 601], "uv_size": [4, 6]},
								"up": {"uv": [4, 597], "uv_size": [4, 4]},
								"down": {"uv": [8, 601], "uv_size": [4, -4]}
							}
						}
					]
				},
				{
					"name": "leftArmDown",
					"parent": "leftSleeveUp",
					"pivot": [6, 18, 2],
					"cubes": [
						{
							"origin": [4, 12, -2],
							"size": [4, 6, 4],
							"uv": {
								"north": {"uv": [4, 601], "uv_size": [4, 6]},
								"east": {"uv": [0, 601], "uv_size": [4, 6]},
								"south": {"uv": [12, 601], "uv_size": [4, 6]},
								"west": {"uv": [8, 601], "uv_size": [4, 6]},
								"up": {"uv": [4, 597], "uv_size": [4, 4]},
								"down": {"uv": [8, 601], "uv_size": [4, -4]}
							}
						}
					]
				},
				{
					"name": "leftSleeveDown",
					"parent": "leftArmDown",
					"pivot": [6, 18, 0],
					"cubes": [
						{
							"origin": [4, 12, -2],
							"size": [4, 6, 4],
							"inflate": 0.25,
							"uv": {
								"north": {"uv": [4, 601], "uv_size": [4, 6]},
								"east": {"uv": [0, 601], "uv_size": [4, 6]},
								"south": {"uv": [12, 601], "uv_size": [4, 6]},
								"west": {"uv": [8, 601], "uv_size": [4, 6]},
								"up": {"uv": [4, 597], "uv_size": [4, 4]},
								"down": {"uv": [8, 601], "uv_size": [4, -4]}
							}
						}
					]
				},
				{
					"name": "leftItem",
					"parent": "leftArmDown",
					"pivot": [6, 15, 1]
				},
				{
					"name": "rightLegA",
					"parent": "root",
					"pivot": [0, 0, 0]
				},
				{
					"name": "rightLeg",
					"parent": "rightLegA",
					"pivot": [-1.9, 12, 0]
				},
				{
					"name": "rightLegUp",
					"parent": "rightLeg",
					"pivot": [-1.9, 12, 0]
				},
				{
					"name": "rightPantsUp",
					"parent": "rightLegUp",
					"pivot": [-1.9, 12, 0]
				},
				{
					"name": "rightLegDown",
					"parent": "rightPantsUp",
					"pivot": [-1.9, 6, -2]
				},
				{
					"name": "rightPantsDown",
					"parent": "rightLegDown",
					"pivot": [-1.9, 6, 0]
				},
				{
					"name": "leftLegA",
					"parent": "root",
					"pivot": [0, 0, 0]
				},
				{
					"name": "leftLeg",
					"parent": "leftLegA",
					"pivot": [1.9, 12, 0]
				},
				{
					"name": "leftLegUp",
					"parent": "leftLeg",
					"pivot": [1.9, 12, 0]
				},
				{
					"name": "leftPantsUp",
					"parent": "leftLegUp",
					"pivot": [1.9, 12, 0]
				},
				{
					"name": "leftLegDown",
					"parent": "leftPantsUp",
					"pivot": [1.9, 6, -2]
				},
				{
					"name": "leftPantsDown",
					"parent": "leftLegDown",
					"pivot": [1.9, 6, 0]
				}
			]
		}
	]
}