{
	"format_version": "1.12.0",
	"minecraft:geometry": [
		{
			"description": {
				"identifier": "geometry.m3.shells",
				"texture_width": 512,
				"texture_height": 512,
				"visible_bounds_width": 9,
				"visible_bounds_height": 5,
				"visible_bounds_offset": [0, 0.5, 0]
			},
			"bones": [
				{
					"name": "root",
					"pivot": [0, 0, 0]
				},
				{
					"name": "waist",
					"parent": "root",
					"pivot": [0, 12, 0]
				},
				{
					"name": "body",
					"parent": "waist",
					"pivot": [0, 24, 0]
				},
				{
					"name": "head",
					"parent": "body",
					"pivot": [0, 24, 0]
				},
				{
					"name": "hat",
					"parent": "head",
					"pivot": [0, 24, 0]
				},
				{
					"name": "jacket",
					"parent": "body",
					"pivot": [0, 24, 0]
				},
				{
					"name": "rightArmA",
					"parent": "body",
					"pivot": [-5, 22, 0]
				},
				{
					"name": "rightArm",
					"parent": "rightArmA",
					"pivot": [-5, 22, 0]
				},
				{
					"name": "rightArmUp",
					"parent": "rightArm",
					"pivot": [-6, 22, 0],
					"cubes": [
						{"origin": [-8, 18, -2], "size": [4, 6, 4], "uv": [242, 361]}
					]
				},
				{
					"name": "rightSleeveUp",
					"parent": "rightArmUp",
					"pivot": [-6, 22, 0],
					"cubes": [
						{"origin": [-8, 18, -2], "size": [4, 6, 4], "inflate": 0.25, "uv": [242, 361]}
					]
				},
				{
					"name": "rightArmDown",
					"parent": "rightSleeveUp",
					"pivot": [-6, 18, 2],
					"cubes": [
						{"origin": [-8, 12, -2], "size": [4, 6, 4], "uv": [242, 361]}
					]
				},
				{
					"name": "rightSleeveDown",
					"parent": "rightArmDown",
					"pivot": [-6, 18, 0],
					"cubes": [
						{"origin": [-8, 12, -2], "size": [4, 6, 4], "inflate": 0.25, "uv": [242, 361]}
					]
				},
				{
					"name": "rightItem",
					"parent": "rightArmDown",
					"pivot": [-6, 15, 1]
				},
				{
					"name": "main",
					"parent": "rightArm",
					"pivot": [0, 0, 0]
				},
				{
					"name": "shell1",
					"parent": "main",
					"pivot": [4.275, 0, -6],
					"cubes": [
						{"origin": [3.275, 0, -6], "size": [1, 29, 1], "uv": [20, 300]},
						{"origin": [-7.15505, 0, -6], "size": [11, 29, 1], "uv": [264, 180]},
						{"origin": [3.275, 0, -5], "size": [1, 29, 1], "pivot": [4.275, 0, -5], "rotation": [0, -10, 0], "uv": [16, 300]},
						{"origin": [3.275, 0, -7], "size": [1, 29, 1], "pivot": [4.275, 0, -6], "rotation": [0, 10, 0], "uv": [296, 150]},
						{"origin": [-7.15505, 0, -5], "size": [11, 29, 1], "pivot": [-7.15505, 0, -5], "rotation": [0, 10, 0], "uv": [264, 150]},
						{"origin": [-7.15505, 0, -7], "size": [11, 29, 1], "pivot": [-7.15505, 0, -6], "rotation": [0, -10, 0], "uv": [24, 264]},
						{"origin": [3.10135, 0, -4.01519], "size": [1, 29, 1], "pivot": [4.10135, 0, -4.01519], "rotation": [0, -20, 0], "uv": [12, 300]},
						{"origin": [3.10135, 0, -7.98481], "size": [1, 29, 1], "pivot": [4.10135, 0, -6.98481], "rotation": [0, 20, 0], "uv": [296, 120]},
						{"origin": [-6.9814, 0, -4.01519], "size": [11, 29, 1], "pivot": [-6.9814, 0, -4.01519], "rotation": [0, 20, 0], "uv": [264, 120]},
						{"origin": [-6.9814, 0, -7.98481], "size": [11, 29, 1], "pivot": [-6.9814, 0, -6.98481], "rotation": [0, -20, 0], "uv": [168, 258]},
						{"origin": [2.75933, 0, -3.0755], "size": [1, 29, 1], "pivot": [3.75933, 0, -3.0755], "rotation": [0, -30, 0], "uv": [8, 300]},
						{"origin": [2.75933, 0, -8.9245], "size": [1, 29, 1], "pivot": [3.75933, 0, -7.9245], "rotation": [0, 30, 0], "uv": [296, 90]},
						{"origin": [-6.63938, 0, -3.0755], "size": [11, 29, 1], "pivot": [-6.63938, 0, -3.0755], "rotation": [0, 30, 0], "uv": [264, 90]},
						{"origin": [-6.63938, 0, -8.9245], "size": [11, 29, 1], "pivot": [-6.63938, 0, -7.9245], "rotation": [0, -30, 0], "uv": [48, 258]},
						{"origin": [2.25933, 0, -2.20947], "size": [1, 29, 1], "pivot": [3.25933, 0, -2.20947], "rotation": [0, -40, 0], "uv": [4, 300]},
						{"origin": [2.25933, 0, -9.79053], "size": [1, 29, 1], "pivot": [3.25933, 0, -8.79053], "rotation": [0, 40, 0], "uv": [296, 60]},
						{"origin": [-6.13938, 0, -2.20947], "size": [11, 29, 1], "pivot": [-6.13938, 0, -2.20947], "rotation": [0, 40, 0], "uv": [264, 60]},
						{"origin": [-6.13938, 0, -9.79053], "size": [11, 29, 1], "pivot": [-6.13938, 0, -8.79053], "rotation": [0, -40, 0], "uv": [192, 252]},
						{"origin": [1.61654, 0, -1.44343], "size": [1, 29, 1], "pivot": [2.61654, 0, -1.44343], "rotation": [0, -50, 0], "uv": [0, 300]},
						{"origin": [1.61654, 0, -10.55657], "size": [1, 29, 1], "pivot": [2.61654, 0, -9.55657], "rotation": [0, 50, 0], "uv": [296, 30]},
						{"origin": [-5.4966, 0, -1.44343], "size": [11, 29, 1], "pivot": [-5.4966, 0, -1.44343], "rotation": [0, 50, 0], "uv": [264, 30]},
						{"origin": [-5.4966, 0, -10.55657], "size": [11, 29, 1], "pivot": [-5.4966, 0, -9.55657], "rotation": [0, -50, 0], "uv": [72, 252]},
						{"origin": [0.8505, 0, -0.80064], "size": [1, 29, 1], "pivot": [1.8505, 0, -0.80064], "rotation": [0, -60, 0], "uv": [296, 240]},
						{"origin": [0.8505, 0, -11.19936], "size": [1, 29, 1], "pivot": [1.8505, 0, -10.19936], "rotation": [0, 60, 0], "uv": [296, 0]},
						{"origin": [-4.73055, 0, -0.80064], "size": [11, 29, 1], "pivot": [-4.73055, 0, -0.80064], "rotation": [0, 60, 0], "uv": [264, 0]},
						{"origin": [-4.73055, 0, -11.19936], "size": [11, 29, 1], "pivot": [-4.73055, 0, -10.19936], "rotation": [0, -60, 0], "uv": [216, 246]},
						{"origin": [-0.01553, 0, -0.30064], "size": [1, 29, 1], "pivot": [0.98447, 0, -0.30064], "rotation": [0, -70, 0], "uv": [296, 210]},
						{"origin": [-0.01553, 0, -11.69936], "size": [1, 29, 1], "pivot": [0.98447, 0, -10.69936], "rotation": [0, 70, 0], "uv": [296, 296]},
						{"origin": [-3.86453, 0, -0.30064], "size": [11, 29, 1], "pivot": [-3.86453, 0, -0.30064], "rotation": [0, 70, 0], "uv": [264, 264]},
						{"origin": [-3.86453, 0, -11.69936], "size": [11, 29, 1], "pivot": [-3.86453, 0, -10.69936], "rotation": [0, -70, 0], "uv": [96, 246]},
						{"origin": [-0.95522, 0, 0.04138], "size": [1, 29, 1], "pivot": [0.04478, 0, 0.04138], "rotation": [0, -80, 0], "uv": [296, 180]},
						{"origin": [-0.95522, 0, -12.04138], "size": [1, 29, 1], "pivot": [0.04478, 0, -11.04138], "rotation": [0, 80, 0], "uv": [284, 294]},
						{"origin": [-2.92483, 0, 0.04138], "size": [11, 29, 1], "pivot": [-2.92483, 0, 0.04138], "rotation": [0, 80, 0], "uv": [144, 264]},
						{"origin": [-2.92483, 0, -12.04138], "size": [11, 29, 1], "pivot": [-2.92483, 0, -11.04138], "rotation": [0, -80, 0], "uv": [240, 210]},
						{"origin": [-11.94003, 0, 0.21503], "size": [11, 29, 1], "pivot": [-0.94003, 0, 0.21503], "rotation": [0, -90, 0], "uv": [264, 210]},
						{"origin": [-1.94003, 0, -12.21503], "size": [1, 29, 1], "pivot": [-0.94003, 0, -11.21503], "rotation": [0, 90, 0], "uv": [280, 294]}
					]
				},
				{
					"name": "bone",
					"parent": "shell1",
					"pivot": [1.0322, 2, -5.5],
					"cubes": [
						{"origin": [3.82414, -0.24, -6.06], "size": [1.12, 4.48, 1.12], "uv": [196, 185]},
						{"origin": [3.82414, -0.24, -4.94], "size": [1.12, 4.48, 1.12], "pivot": [4.94414, -0.24, -4.94], "rotation": [0, -10, 0], "uv": [196, 180]},
						{"origin": [3.62965, -0.24, -3.83702], "size": [1.12, 4.48, 1.12], "pivot": [4.74965, -0.24, -3.83702], "rotation": [0, -20, 0], "uv": [192, 185]},
						{"origin": [3.24659, -0.24, -2.78456], "size": [1.12, 4.48, 1.12], "pivot": [4.36659, -0.24, -2.78456], "rotation": [0, -30, 0], "uv": [192, 180]},
						{"origin": [2.68659, -0.24, -1.81461], "size": [1.12, 4.48, 1.12], "pivot": [3.80659, -0.24, -1.81461], "rotation": [0, -40, 0], "uv": [188, 160]},
						{"origin": [1.96667, -0.24, -0.95664], "size": [1.12, 4.48, 1.12], "pivot": [3.08667, -0.24, -0.95664], "rotation": [0, -50, 0], "uv": [188, 155]},
						{"origin": [1.1087, -0.24, -0.23672], "size": [1.12, 4.48, 1.12], "pivot": [2.2287, -0.24, -0.23672], "rotation": [0, -60, 0], "uv": [188, 150]},
						{"origin": [0.13875, -0.24, 0.32328], "size": [1.12, 4.48, 1.12], "pivot": [1.25875, -0.24, 0.32328], "rotation": [0, -70, 0], "uv": [184, 160]},
						{"origin": [-0.91371, -0.24, 0.70634], "size": [1.12, 4.48, 1.12], "pivot": [0.20629, -0.24, 0.70634], "rotation": [0, -80, 0], "uv": [184, 155]},
						{"origin": [-13.21669, -0.24, 0.90083], "size": [12.32, 4.48, 1.12], "pivot": [-0.89669, -0.24, 0.90083], "rotation": [0, -90, 0], "uv": [326, 60]},
						{"origin": [-7.85752, -0.24, -6.06], "size": [12.32, 4.48, 1.12], "uv": [326, 55]},
						{"origin": [-7.85752, -0.24, -4.94], "size": [12.32, 4.48, 1.12], "pivot": [-7.85752, -0.24, -4.94], "rotation": [0, 10, 0], "uv": [326, 50]},
						{"origin": [-7.66304, -0.24, -3.83702], "size": [12.32, 4.48, 1.12], "pivot": [-7.66304, -0.24, -3.83702], "rotation": [0, 20, 0], "uv": [326, 45]},
						{"origin": [-7.27997, -0.24, -2.78456], "size": [12.32, 4.48, 1.12], "pivot": [-7.27997, -0.24, -2.78456], "rotation": [0, 30, 0], "uv": [326, 40]},
						{"origin": [-6.71997, -0.24, -1.81461], "size": [12.32, 4.48, 1.12], "pivot": [-6.71997, -0.24, -1.81461], "rotation": [0, 40, 0], "uv": [326, 35]},
						{"origin": [-6.00005, -0.24, -0.95664], "size": [12.32, 4.48, 1.12], "pivot": [-6.00005, -0.24, -0.95664], "rotation": [0, 50, 0], "uv": [326, 30]},
						{"origin": [-5.14208, -0.24, -0.23672], "size": [12.32, 4.48, 1.12], "pivot": [-5.14208, -0.24, -0.23672], "rotation": [0, 60, 0], "uv": [326, 25]},
						{"origin": [-4.17213, -0.24, 0.32328], "size": [12.32, 4.48, 1.12], "pivot": [-4.17213, -0.24, 0.32328], "rotation": [0, 70, 0], "uv": [326, 20]},
						{"origin": [-3.11968, -0.24, 0.70634], "size": [12.32, 4.48, 1.12], "pivot": [-3.11968, -0.24, 0.70634], "rotation": [0, 80, 0], "uv": [326, 15]},
						{"origin": [3.82414, -0.24, -7.18], "size": [1.12, 4.48, 1.12], "pivot": [4.94414, -0.24, -6.06], "rotation": [0, 10, 0], "uv": [184, 150]},
						{"origin": [3.62965, -0.24, -8.28298], "size": [1.12, 4.48, 1.12], "pivot": [4.74965, -0.24, -7.16298], "rotation": [0, 20, 0], "uv": [180, 160]},
						{"origin": [3.24659, -0.24, -9.33544], "size": [1.12, 4.48, 1.12], "pivot": [4.36659, -0.24, -8.21544], "rotation": [0, 30, 0], "uv": [180, 155]},
						{"origin": [2.68659, -0.24, -10.30539], "size": [1.12, 4.48, 1.12], "pivot": [3.80659, -0.24, -9.18539], "rotation": [0, 40, 0], "uv": [180, 150]},
						{"origin": [1.96667, -0.24, -11.16336], "size": [1.12, 4.48, 1.12], "pivot": [3.08667, -0.24, -10.04336], "rotation": [0, 50, 0], "uv": [176, 160]},
						{"origin": [1.1087, -0.24, -11.88328], "size": [1.12, 4.48, 1.12], "pivot": [2.2287, -0.24, -10.76328], "rotation": [0, 60, 0], "uv": [176, 155]},
						{"origin": [0.13875, -0.24, -12.44328], "size": [1.12, 4.48, 1.12], "pivot": [1.25875, -0.24, -11.32328], "rotation": [0, 70, 0], "uv": [176, 150]},
						{"origin": [-0.91371, -0.24, -12.82634], "size": [1.12, 4.48, 1.12], "pivot": [0.20629, -0.24, -11.70634], "rotation": [0, 80, 0], "uv": [172, 160]},
						{"origin": [-2.01669, -0.24, -13.02083], "size": [1.12, 4.48, 1.12], "pivot": [-0.89669, -0.24, -11.90083], "rotation": [0, 90, 0], "uv": [172, 155]},
						{"origin": [-7.85752, -0.24, -7.18], "size": [12.32, 4.48, 1.12], "pivot": [-7.85752, -0.24, -6.06], "rotation": [0, -10, 0], "uv": [326, 10]},
						{"origin": [-7.66304, -0.24, -8.28298], "size": [12.32, 4.48, 1.12], "pivot": [-7.66304, -0.24, -7.16298], "rotation": [0, -20, 0], "uv": [326, 5]},
						{"origin": [-7.27997, -0.24, -9.33544], "size": [12.32, 4.48, 1.12], "pivot": [-7.27997, -0.24, -8.21544], "rotation": [0, -30, 0], "uv": [326, 0]},
						{"origin": [-6.71997, -0.24, -10.30539], "size": [12.32, 4.48, 1.12], "pivot": [-6.71997, -0.24, -9.18539], "rotation": [0, -40, 0], "uv": [272, 326]},
						{"origin": [-6.00005, -0.24, -11.16336], "size": [12.32, 4.48, 1.12], "pivot": [-6.00005, -0.24, -10.04336], "rotation": [0, -50, 0], "uv": [204, 326]},
						{"origin": [-5.14208, -0.24, -11.88328], "size": [12.32, 4.48, 1.12], "pivot": [-5.14208, -0.24, -10.76328], "rotation": [0, -60, 0], "uv": [178, 326]},
						{"origin": [-4.17213, -0.24, -12.44328], "size": [12.32, 4.48, 1.12], "pivot": [-4.17213, -0.24, -11.32328], "rotation": [0, -70, 0], "uv": [152, 326]},
						{"origin": [-3.11968, -0.24, -12.82634], "size": [12.32, 4.48, 1.12], "pivot": [-3.11968, -0.24, -11.70634], "rotation": [0, -80, 0], "uv": [76, 326]}
					]
				},
				{
					"name": "shell2",
					"parent": "main",
					"pivot": [11.7, 0, 7.2],
					"cubes": [
						{"origin": [10.7, 0, 7.2], "size": [1, 29, 1], "uv": [276, 294]},
						{"origin": [0.26995, 0, 7.2], "size": [11, 29, 1], "uv": [240, 180]},
						{"origin": [10.7, 0, 8.2], "size": [1, 29, 1], "pivot": [11.7, 0, 8.2], "rotation": [0, -10, 0], "uv": [272, 294]},
						{"origin": [10.7, 0, 6.2], "size": [1, 29, 1], "pivot": [11.7, 0, 7.2], "rotation": [0, 10, 0], "uv": [268, 294]},
						{"origin": [0.26995, 0, 8.2], "size": [11, 29, 1], "pivot": [0.26995, 0, 8.2], "rotation": [0, 10, 0], "uv": [240, 150]},
						{"origin": [0.26995, 0, 6.2], "size": [11, 29, 1], "pivot": [0.26995, 0, 7.2], "rotation": [0, -10, 0], "uv": [240, 120]},
						{"origin": [10.52635, 0, 9.18481], "size": [1, 29, 1], "pivot": [11.52635, 0, 9.18481], "rotation": [0, -20, 0], "uv": [264, 294]},
						{"origin": [10.52635, 0, 5.21519], "size": [1, 29, 1], "pivot": [11.52635, 0, 6.21519], "rotation": [0, 20, 0], "uv": [164, 294]},
						{"origin": [0.4436, 0, 9.18481], "size": [11, 29, 1], "pivot": [0.4436, 0, 9.18481], "rotation": [0, 20, 0], "uv": [240, 90]},
						{"origin": [0.4436, 0, 5.21519], "size": [11, 29, 1], "pivot": [0.4436, 0, 6.21519], "rotation": [0, -20, 0], "uv": [240, 60]},
						{"origin": [10.18433, 0, 10.1245], "size": [1, 29, 1], "pivot": [11.18433, 0, 10.1245], "rotation": [0, -30, 0], "uv": [160, 294]},
						{"origin": [10.18433, 0, 4.2755], "size": [1, 29, 1], "pivot": [11.18433, 0, 5.2755], "rotation": [0, 30, 0], "uv": [156, 294]},
						{"origin": [0.78562, 0, 10.1245], "size": [11, 29, 1], "pivot": [0.78562, 0, 10.1245], "rotation": [0, 30, 0], "uv": [240, 30]},
						{"origin": [0.78562, 0, 4.2755], "size": [11, 29, 1], "pivot": [0.78562, 0, 5.2755], "rotation": [0, -30, 0], "uv": [240, 0]},
						{"origin": [9.68433, 0, 10.99053], "size": [1, 29, 1], "pivot": [10.68433, 0, 10.99053], "rotation": [0, -40, 0], "uv": [152, 294]},
						{"origin": [9.68433, 0, 3.40947], "size": [1, 29, 1], "pivot": [10.68433, 0, 4.40947], "rotation": [0, 40, 0], "uv": [148, 294]},
						{"origin": [1.28562, 0, 10.99053], "size": [11, 29, 1], "pivot": [1.28562, 0, 10.99053], "rotation": [0, 40, 0], "uv": [240, 240]},
						{"origin": [1.28562, 0, 3.40947], "size": [11, 29, 1], "pivot": [1.28562, 0, 4.40947], "rotation": [0, -40, 0], "uv": [120, 240]},
						{"origin": [9.04154, 0, 11.75657], "size": [1, 29, 1], "pivot": [10.04154, 0, 11.75657], "rotation": [0, -50, 0], "uv": [144, 294]},
						{"origin": [9.04154, 0, 2.64343], "size": [1, 29, 1], "pivot": [10.04154, 0, 3.64343], "rotation": [0, 50, 0], "uv": [44, 294]},
						{"origin": [1.9284, 0, 11.75657], "size": [11, 29, 1], "pivot": [1.9284, 0, 11.75657], "rotation": [0, 50, 0], "uv": [0, 240]},
						{"origin": [1.9284, 0, 2.64343], "size": [11, 29, 1], "pivot": [1.9284, 0, 3.64343], "rotation": [0, -50, 0], "uv": [144, 234]},
						{"origin": [8.2755, 0, 12.39936], "size": [1, 29, 1], "pivot": [9.2755, 0, 12.39936], "rotation": [0, -60, 0], "uv": [40, 294]},
						{"origin": [8.2755, 0, 2.00064], "size": [1, 29, 1], "pivot": [9.2755, 0, 3.00064], "rotation": [0, 60, 0], "uv": [36, 294]},
						{"origin": [2.69445, 0, 12.39936], "size": [11, 29, 1], "pivot": [2.69445, 0, 12.39936], "rotation": [0, 60, 0], "uv": [24, 234]},
						{"origin": [2.69445, 0, 2.00064], "size": [11, 29, 1], "pivot": [2.69445, 0, 3.00064], "rotation": [0, -60, 0], "uv": [168, 228]},
						{"origin": [7.40947, 0, 12.89936], "size": [1, 29, 1], "pivot": [8.40947, 0, 12.89936], "rotation": [0, -70, 0], "uv": [32, 294]},
						{"origin": [7.40947, 0, 1.50064], "size": [1, 29, 1], "pivot": [8.40947, 0, 2.50064], "rotation": [0, 70, 0], "uv": [28, 294]},
						{"origin": [3.56047, 0, 12.89936], "size": [11, 29, 1], "pivot": [3.56047, 0, 12.89936], "rotation": [0, 70, 0], "uv": [48, 228]},
						{"origin": [3.56047, 0, 1.50064], "size": [11, 29, 1], "pivot": [3.56047, 0, 2.50064], "rotation": [0, -70, 0], "uv": [192, 222]},
						{"origin": [6.46978, 0, 13.24138], "size": [1, 29, 1], "pivot": [7.46978, 0, 13.24138], "rotation": [0, -80, 0], "uv": [24, 294]},
						{"origin": [6.46978, 0, 1.15862], "size": [1, 29, 1], "pivot": [7.46978, 0, 2.15862], "rotation": [0, 80, 0], "uv": [292, 240]},
						{"origin": [4.50017, 0, 13.24138], "size": [11, 29, 1], "pivot": [4.50017, 0, 13.24138], "rotation": [0, 80, 0], "uv": [72, 222]},
						{"origin": [4.50017, 0, 1.15862], "size": [11, 29, 1], "pivot": [4.50017, 0, 2.15862], "rotation": [0, -80, 0], "uv": [216, 180]},
						{"origin": [-4.51503, 0, 13.41503], "size": [11, 29, 1], "pivot": [6.48497, 0, 13.41503], "rotation": [0, -90, 0], "uv": [216, 150]},
						{"origin": [5.48497, 0, 0.98497], "size": [1, 29, 1], "pivot": [6.48497, 0, 1.98497], "rotation": [0, 90, 0], "uv": [292, 210]}
					]
				},
				{
					"name": "bone2",
					"parent": "shell2",
					"pivot": [8.4572, 2, 7.7],
					"cubes": [
						{"origin": [11.24914, -0.24, 7.14], "size": [1.12, 4.48, 1.12], "uv": [172, 150]},
						{"origin": [11.24914, -0.24, 8.26], "size": [1.12, 4.48, 1.12], "pivot": [12.36914, -0.24, 8.26], "rotation": [0, -10, 0], "uv": [168, 160]},
						{"origin": [11.05465, -0.24, 9.36298], "size": [1.12, 4.48, 1.12], "pivot": [12.17465, -0.24, 9.36298], "rotation": [0, -20, 0], "uv": [168, 155]},
						{"origin": [10.67159, -0.24, 10.41544], "size": [1.12, 4.48, 1.12], "pivot": [11.79159, -0.24, 10.41544], "rotation": [0, -30, 0], "uv": [168, 150]},
						{"origin": [10.11159, -0.24, 11.38539], "size": [1.12, 4.48, 1.12], "pivot": [11.23159, -0.24, 11.38539], "rotation": [0, -40, 0], "uv": [164, 125]},
						{"origin": [9.39167, -0.24, 12.24336], "size": [1.12, 4.48, 1.12], "pivot": [10.51167, -0.24, 12.24336], "rotation": [0, -50, 0], "uv": [164, 120]},
						{"origin": [8.5337, -0.24, 12.96328], "size": [1.12, 4.48, 1.12], "pivot": [9.6537, -0.24, 12.96328], "rotation": [0, -60, 0], "uv": [163, 139]},
						{"origin": [7.56375, -0.24, 13.52328], "size": [1.12, 4.48, 1.12], "pivot": [8.68375, -0.24, 13.52328], "rotation": [0, -70, 0], "uv": [162, 130]},
						{"origin": [6.51129, -0.24, 13.90634], "size": [1.12, 4.48, 1.12], "pivot": [7.63129, -0.24, 13.90634], "rotation": [0, -80, 0], "uv": [160, 135]},
						{"origin": [-5.79169, -0.24, 14.10083], "size": [12.32, 4.48, 1.12], "pivot": [6.52831, -0.24, 14.10083], "rotation": [0, -90, 0], "uv": [50, 326]},
						{"origin": [-0.43252, -0.24, 7.14], "size": [12.32, 4.48, 1.12], "uv": [24, 326]},
						{"origin": [-0.43252, -0.24, 8.26], "size": [12.32, 4.48, 1.12], "pivot": [-0.43252, -0.24, 8.26], "rotation": [0, 10, 0], "uv": [325, 325]},
						{"origin": [-0.23804, -0.24, 9.36298], "size": [12.32, 4.48, 1.12], "pivot": [-0.23804, -0.24, 9.36298], "rotation": [0, 20, 0], "uv": [299, 325]},
						{"origin": [0.14503, -0.24, 10.41544], "size": [12.32, 4.48, 1.12], "pivot": [0.14503, -0.24, 10.41544], "rotation": [0, 30, 0], "uv": [246, 324]},
						{"origin": [0.70503, -0.24, 11.38539], "size": [12.32, 4.48, 1.12], "pivot": [0.70503, -0.24, 11.38539], "rotation": [0, 40, 0], "uv": [126, 324]},
						{"origin": [1.42495, -0.24, 12.24336], "size": [12.32, 4.48, 1.12], "pivot": [1.42495, -0.24, 12.24336], "rotation": [0, 50, 0], "uv": [322, 290]},
						{"origin": [2.28292, -0.24, 12.96328], "size": [12.32, 4.48, 1.12], "pivot": [2.28292, -0.24, 12.96328], "rotation": [0, 60, 0], "uv": [220, 321]},
						{"origin": [3.25287, -0.24, 13.52328], "size": [12.32, 4.48, 1.12], "pivot": [3.25287, -0.24, 13.52328], "rotation": [0, 70, 0], "uv": [194, 321]},
						{"origin": [4.30532, -0.24, 13.90634], "size": [12.32, 4.48, 1.12], "pivot": [4.30532, -0.24, 13.90634], "rotation": [0, 80, 0], "uv": [168, 321]},
						{"origin": [11.24914, -0.24, 6.02], "size": [1.12, 4.48, 1.12], "pivot": [12.36914, -0.24, 7.14], "rotation": [0, 10, 0], "uv": [160, 125]},
						{"origin": [11.05465, -0.24, 4.91702], "size": [1.12, 4.48, 1.12], "pivot": [12.17465, -0.24, 6.03702], "rotation": [0, 20, 0], "uv": [160, 120]},
						{"origin": [10.67159, -0.24, 3.86456], "size": [1.12, 4.48, 1.12], "pivot": [11.79159, -0.24, 4.98456], "rotation": [0, 30, 0], "uv": [158, 130]},
						{"origin": [10.11159, -0.24, 2.89461], "size": [1.12, 4.48, 1.12], "pivot": [11.23159, -0.24, 4.01461], "rotation": [0, 40, 0], "uv": [157, 139]},
						{"origin": [9.39167, -0.24, 2.03664], "size": [1.12, 4.48, 1.12], "pivot": [10.51167, -0.24, 3.15664], "rotation": [0, 50, 0], "uv": [156, 125]},
						{"origin": [8.5337, -0.24, 1.31672], "size": [1.12, 4.48, 1.12], "pivot": [9.6537, -0.24, 2.43672], "rotation": [0, 60, 0], "uv": [156, 120]},
						{"origin": [7.56375, -0.24, 0.75672], "size": [1.12, 4.48, 1.12], "pivot": [8.68375, -0.24, 1.87672], "rotation": [0, 70, 0], "uv": [155, 134]},
						{"origin": [6.51129, -0.24, 0.37366], "size": [1.12, 4.48, 1.12], "pivot": [7.63129, -0.24, 1.49366], "rotation": [0, 80, 0], "uv": [153, 139]},
						{"origin": [5.40831, -0.24, 0.17917], "size": [1.12, 4.48, 1.12], "pivot": [6.52831, -0.24, 1.29917], "rotation": [0, 90, 0], "uv": [152, 130]},
						{"origin": [-0.43252, -0.24, 6.02], "size": [12.32, 4.48, 1.12], "pivot": [-0.43252, -0.24, 7.14], "rotation": [0, -10, 0], "uv": [100, 321]},
						{"origin": [-0.23804, -0.24, 4.91702], "size": [12.32, 4.48, 1.12], "pivot": [-0.23804, -0.24, 6.03702], "rotation": [0, -20, 0], "uv": [74, 321]},
						{"origin": [0.14503, -0.24, 3.86456], "size": [12.32, 4.48, 1.12], "pivot": [0.14503, -0.24, 4.98456], "rotation": [0, -30, 0], "uv": [48, 321]},
						{"origin": [0.70503, -0.24, 2.89461], "size": [12.32, 4.48, 1.12], "pivot": [0.70503, -0.24, 4.01461], "rotation": [0, -40, 0], "uv": [300, 320]},
						{"origin": [1.42495, -0.24, 2.03664], "size": [12.32, 4.48, 1.12], "pivot": [1.42495, -0.24, 3.15664], "rotation": [0, -50, 0], "uv": [318, 285]},
						{"origin": [2.28292, -0.24, 1.31672], "size": [12.32, 4.48, 1.12], "pivot": [2.28292, -0.24, 2.43672], "rotation": [0, -60, 0], "uv": [218, 316]},
						{"origin": [3.25287, -0.24, 0.75672], "size": [12.32, 4.48, 1.12], "pivot": [3.25287, -0.24, 1.87672], "rotation": [0, -70, 0], "uv": [192, 316]},
						{"origin": [4.30532, -0.24, 0.37366], "size": [12.32, 4.48, 1.12], "pivot": [4.30532, -0.24, 1.49366], "rotation": [0, -80, 0], "uv": [98, 316]}
					]
				},
				{
					"name": "shell3",
					"parent": "main",
					"pivot": [18.5, 0, -6.3],
					"cubes": [
						{"origin": [17.5, 0, -6.3], "size": [1, 29, 1], "uv": [292, 180]},
						{"origin": [7.06995, 0, -6.3], "size": [11, 29, 1], "uv": [216, 120]},
						{"origin": [17.5, 0, -5.3], "size": [1, 29, 1], "pivot": [18.5, 0, -5.3], "rotation": [0, -10, 0], "uv": [292, 150]},
						{"origin": [17.5, 0, -7.3], "size": [1, 29, 1], "pivot": [18.5, 0, -6.3], "rotation": [0, 10, 0], "uv": [292, 120]},
						{"origin": [7.06995, 0, -5.3], "size": [11, 29, 1], "pivot": [7.06995, 0, -5.3], "rotation": [0, 10, 0], "uv": [216, 90]},
						{"origin": [7.06995, 0, -7.3], "size": [11, 29, 1], "pivot": [7.06995, 0, -6.3], "rotation": [0, -10, 0], "uv": [216, 60]},
						{"origin": [17.32635, 0, -4.31519], "size": [1, 29, 1], "pivot": [18.32635, 0, -4.31519], "rotation": [0, -20, 0], "uv": [292, 90]},
						{"origin": [17.32635, 0, -8.28481], "size": [1, 29, 1], "pivot": [18.32635, 0, -7.28481], "rotation": [0, 20, 0], "uv": [292, 60]},
						{"origin": [7.2436, 0, -4.31519], "size": [11, 29, 1], "pivot": [7.2436, 0, -4.31519], "rotation": [0, 20, 0], "uv": [216, 30]},
						{"origin": [7.2436, 0, -8.28481], "size": [11, 29, 1], "pivot": [7.2436, 0, -7.28481], "rotation": [0, -20, 0], "uv": [216, 0]},
						{"origin": [16.98433, 0, -3.3755], "size": [1, 29, 1], "pivot": [17.98433, 0, -3.3755], "rotation": [0, -30, 0], "uv": [292, 30]},
						{"origin": [16.98433, 0, -9.2245], "size": [1, 29, 1], "pivot": [17.98433, 0, -8.2245], "rotation": [0, 30, 0], "uv": [292, 0]},
						{"origin": [7.58562, 0, -3.3755], "size": [11, 29, 1], "pivot": [7.58562, 0, -3.3755], "rotation": [0, 30, 0], "uv": [216, 216]},
						{"origin": [7.58562, 0, -9.2245], "size": [11, 29, 1], "pivot": [7.58562, 0, -8.2245], "rotation": [0, -30, 0], "uv": [96, 216]},
						{"origin": [16.48433, 0, -2.50947], "size": [1, 29, 1], "pivot": [17.48433, 0, -2.50947], "rotation": [0, -40, 0], "uv": [292, 292]},
						{"origin": [16.48433, 0, -10.09053], "size": [1, 29, 1], "pivot": [17.48433, 0, -9.09053], "rotation": [0, 40, 0], "uv": [288, 240]},
						{"origin": [8.08562, 0, -2.50947], "size": [11, 29, 1], "pivot": [8.08562, 0, -2.50947], "rotation": [0, 40, 0], "uv": [120, 210]},
						{"origin": [8.08562, 0, -10.09053], "size": [11, 29, 1], "pivot": [8.08562, 0, -9.09053], "rotation": [0, -40, 0], "uv": [0, 210]},
						{"origin": [15.84154, 0, -1.74343], "size": [1, 29, 1], "pivot": [16.84154, 0, -1.74343], "rotation": [0, -50, 0], "uv": [288, 210]},
						{"origin": [15.84154, 0, -10.85657], "size": [1, 29, 1], "pivot": [16.84154, 0, -9.85657], "rotation": [0, 50, 0], "uv": [288, 180]},
						{"origin": [8.7284, 0, -1.74343], "size": [11, 29, 1], "pivot": [8.7284, 0, -1.74343], "rotation": [0, 50, 0], "uv": [144, 204]},
						{"origin": [8.7284, 0, -10.85657], "size": [11, 29, 1], "pivot": [8.7284, 0, -9.85657], "rotation": [0, -50, 0], "uv": [24, 204]},
						{"origin": [15.0755, 0, -1.10064], "size": [1, 29, 1], "pivot": [16.0755, 0, -1.10064], "rotation": [0, -60, 0], "uv": [288, 150]},
						{"origin": [15.0755, 0, -11.49936], "size": [1, 29, 1], "pivot": [16.0755, 0, -10.49936], "rotation": [0, 60, 0], "uv": [288, 120]},
						{"origin": [9.49445, 0, -1.10064], "size": [11, 29, 1], "pivot": [9.49445, 0, -1.10064], "rotation": [0, 60, 0], "uv": [168, 198]},
						{"origin": [9.49445, 0, -11.49936], "size": [11, 29, 1], "pivot": [9.49445, 0, -10.49936], "rotation": [0, -60, 0], "uv": [48, 198]},
						{"origin": [14.20947, 0, -0.60064], "size": [1, 29, 1], "pivot": [15.20947, 0, -0.60064], "rotation": [0, -70, 0], "uv": [288, 90]},
						{"origin": [14.20947, 0, -11.99936], "size": [1, 29, 1], "pivot": [15.20947, 0, -10.99936], "rotation": [0, 70, 0], "uv": [288, 60]},
						{"origin": [10.36047, 0, -0.60064], "size": [11, 29, 1], "pivot": [10.36047, 0, -0.60064], "rotation": [0, 70, 0], "uv": [192, 150]},
						{"origin": [10.36047, 0, -11.99936], "size": [11, 29, 1], "pivot": [10.36047, 0, -10.99936], "rotation": [0, -70, 0], "uv": [192, 120]},
						{"origin": [13.26978, 0, -0.25862], "size": [1, 29, 1], "pivot": [14.26978, 0, -0.25862], "rotation": [0, -80, 0], "uv": [288, 30]},
						{"origin": [13.26978, 0, -12.34138], "size": [1, 29, 1], "pivot": [14.26978, 0, -11.34138], "rotation": [0, 80, 0], "uv": [288, 0]},
						{"origin": [11.30017, 0, -0.25862], "size": [11, 29, 1], "pivot": [11.30017, 0, -0.25862], "rotation": [0, 80, 0], "uv": [192, 90]},
						{"origin": [11.30017, 0, -12.34138], "size": [11, 29, 1], "pivot": [11.30017, 0, -11.34138], "rotation": [0, -80, 0], "uv": [192, 60]},
						{"origin": [2.28497, 0, -0.08497], "size": [11, 29, 1], "pivot": [13.28497, 0, -0.08497], "rotation": [0, -90, 0], "uv": [192, 30]},
						{"origin": [12.28497, 0, -12.51503], "size": [1, 29, 1], "pivot": [13.28497, 0, -11.51503], "rotation": [0, 90, 0], "uv": [288, 288]}
					]
				},
				{
					"name": "bone3",
					"parent": "shell3",
					"pivot": [15.2572, 2, -5.8],
					"cubes": [
						{"origin": [18.04914, -0.24, -6.36], "size": [1.12, 4.48, 1.12], "uv": [152, 125]},
						{"origin": [18.04914, -0.24, -5.24], "size": [1.12, 4.48, 1.12], "pivot": [19.16914, -0.24, -5.24], "rotation": [0, -10, 0], "uv": [152, 120]},
						{"origin": [17.85465, -0.24, -4.13702], "size": [1.12, 4.48, 1.12], "pivot": [18.97465, -0.24, -4.13702], "rotation": [0, -20, 0], "uv": [150, 135]},
						{"origin": [17.47159, -0.24, -3.08456], "size": [1.12, 4.48, 1.12], "pivot": [18.59159, -0.24, -3.08456], "rotation": [0, -30, 0], "uv": [148, 130]},
						{"origin": [16.91159, -0.24, -2.11461], "size": [1.12, 4.48, 1.12], "pivot": [18.03159, -0.24, -2.11461], "rotation": [0, -40, 0], "uv": [148, 125]},
						{"origin": [16.19167, -0.24, -1.25664], "size": [1.12, 4.48, 1.12], "pivot": [17.31167, -0.24, -1.25664], "rotation": [0, -50, 0], "uv": [148, 120]},
						{"origin": [15.3337, -0.24, -0.53672], "size": [1.12, 4.48, 1.12], "pivot": [16.4537, -0.24, -0.53672], "rotation": [0, -60, 0], "uv": [147, 139]},
						{"origin": [14.36375, -0.24, 0.02328], "size": [1.12, 4.48, 1.12], "pivot": [15.48375, -0.24, 0.02328], "rotation": [0, -70, 0], "uv": [144, 135]},
						{"origin": [13.31129, -0.24, 0.40634], "size": [1.12, 4.48, 1.12], "pivot": [14.43129, -0.24, 0.40634], "rotation": [0, -80, 0], "uv": [144, 130]},
						{"origin": [1.00831, -0.24, 0.60083], "size": [12.32, 4.48, 1.12], "pivot": [13.32831, -0.24, 0.60083], "rotation": [0, -90, 0], "uv": [72, 316]},
						{"origin": [6.36748, -0.24, -6.36], "size": [12.32, 4.48, 1.12], "uv": [300, 315]},
						{"origin": [6.36748, -0.24, -5.24], "size": [12.32, 4.48, 1.12], "pivot": [6.36748, -0.24, -5.24], "rotation": [0, 10, 0], "uv": [314, 280]},
						{"origin": [6.56196, -0.24, -4.13702], "size": [12.32, 4.48, 1.12], "pivot": [6.56196, -0.24, -4.13702], "rotation": [0, 20, 0], "uv": [314, 275]},
						{"origin": [6.94503, -0.24, -3.08456], "size": [12.32, 4.48, 1.12], "pivot": [6.94503, -0.24, -3.08456], "rotation": [0, 30, 0], "uv": [314, 270]},
						{"origin": [7.50503, -0.24, -2.11461], "size": [12.32, 4.48, 1.12], "pivot": [7.50503, -0.24, -2.11461], "rotation": [0, 40, 0], "uv": [215, 311]},
						{"origin": [8.22495, -0.24, -1.25664], "size": [12.32, 4.48, 1.12], "pivot": [8.22495, -0.24, -1.25664], "rotation": [0, 50, 0], "uv": [95, 311]},
						{"origin": [9.08292, -0.24, -0.53672], "size": [12.32, 4.48, 1.12], "pivot": [9.08292, -0.24, -0.53672], "rotation": [0, 60, 0], "uv": [300, 310]},
						{"origin": [10.05287, -0.24, 0.02328], "size": [12.32, 4.48, 1.12], "pivot": [10.05287, -0.24, 0.02328], "rotation": [0, 70, 0], "uv": [216, 306]},
						{"origin": [11.10532, -0.24, 0.40634], "size": [12.32, 4.48, 1.12], "pivot": [11.10532, -0.24, 0.40634], "rotation": [0, 80, 0], "uv": [96, 306]},
						{"origin": [18.04914, -0.24, -7.48], "size": [1.12, 4.48, 1.12], "pivot": [19.16914, -0.24, -6.36], "rotation": [0, 10, 0], "uv": [144, 125]},
						{"origin": [17.85465, -0.24, -8.58298], "size": [1.12, 4.48, 1.12], "pivot": [18.97465, -0.24, -7.46298], "rotation": [0, 20, 0], "uv": [144, 120]},
						{"origin": [17.47159, -0.24, -9.63544], "size": [1.12, 4.48, 1.12], "pivot": [18.59159, -0.24, -8.51544], "rotation": [0, 30, 0], "uv": [116, 90]},
						{"origin": [16.91159, -0.24, -10.60539], "size": [1.12, 4.48, 1.12], "pivot": [18.03159, -0.24, -9.48539], "rotation": [0, 40, 0], "uv": [112, 90]},
						{"origin": [16.19167, -0.24, -11.46336], "size": [1.12, 4.48, 1.12], "pivot": [17.31167, -0.24, -10.34336], "rotation": [0, 50, 0], "uv": [108, 90]},
						{"origin": [15.3337, -0.24, -12.18328], "size": [1.12, 4.48, 1.12], "pivot": [16.4537, -0.24, -11.06328], "rotation": [0, 60, 0], "uv": [104, 90]},
						{"origin": [14.36375, -0.24, -12.74328], "size": [1.12, 4.48, 1.12], "pivot": [15.48375, -0.24, -11.62328], "rotation": [0, 70, 0], "uv": [100, 90]},
						{"origin": [13.31129, -0.24, -13.12634], "size": [1.12, 4.48, 1.12], "pivot": [14.43129, -0.24, -12.00634], "rotation": [0, 80, 0], "uv": [96, 90]},
						{"origin": [12.20831, -0.24, -13.32083], "size": [1.12, 4.48, 1.12], "pivot": [13.32831, -0.24, -12.20083], "rotation": [0, 90, 0], "uv": [92, 65]},
						{"origin": [6.36748, -0.24, -7.48], "size": [12.32, 4.48, 1.12], "pivot": [6.36748, -0.24, -6.36], "rotation": [0, -10, 0], "uv": [300, 305]},
						{"origin": [6.56196, -0.24, -8.58298], "size": [12.32, 4.48, 1.12], "pivot": [6.56196, -0.24, -7.46298], "rotation": [0, -20, 0], "uv": [300, 295]},
						{"origin": [6.94503, -0.24, -9.63544], "size": [12.32, 4.48, 1.12], "pivot": [6.94503, -0.24, -8.51544], "rotation": [0, -30, 0], "uv": [300, 265]},
						{"origin": [7.50503, -0.24, -10.60539], "size": [12.32, 4.48, 1.12], "pivot": [7.50503, -0.24, -9.48539], "rotation": [0, -40, 0], "uv": [300, 260]},
						{"origin": [8.22495, -0.24, -11.46336], "size": [12.32, 4.48, 1.12], "pivot": [8.22495, -0.24, -10.34336], "rotation": [0, -50, 0], "uv": [300, 255]},
						{"origin": [9.08292, -0.24, -12.18328], "size": [12.32, 4.48, 1.12], "pivot": [9.08292, -0.24, -11.06328], "rotation": [0, -60, 0], "uv": [300, 250]},
						{"origin": [10.05287, -0.24, -12.74328], "size": [12.32, 4.48, 1.12], "pivot": [10.05287, -0.24, -11.62328], "rotation": [0, -70, 0], "uv": [300, 245]},
						{"origin": [11.10532, -0.24, -13.12634], "size": [12.32, 4.48, 1.12], "pivot": [11.10532, -0.24, -12.00634], "rotation": [0, -80, 0], "uv": [300, 240]}
					]
				},
				{
					"name": "shell4",
					"parent": "main",
					"pivot": [26.2, 0, 8.7],
					"cubes": [
						{"origin": [25.2, 0, 8.7], "size": [1, 29, 1], "uv": [188, 288]},
						{"origin": [14.76995, 0, 8.7], "size": [11, 29, 1], "uv": [192, 0]},
						{"origin": [25.2, 0, 9.7], "size": [1, 29, 1], "pivot": [26.2, 0, 9.7], "rotation": [0, -10, 0], "uv": [184, 288]},
						{"origin": [25.2, 0, 7.7], "size": [1, 29, 1], "pivot": [26.2, 0, 8.7], "rotation": [0, 10, 0], "uv": [180, 288]},
						{"origin": [14.76995, 0, 9.7], "size": [11, 29, 1], "pivot": [14.76995, 0, 9.7], "rotation": [0, 10, 0], "uv": [192, 192]},
						{"origin": [14.76995, 0, 7.7], "size": [11, 29, 1], "pivot": [14.76995, 0, 8.7], "rotation": [0, -10, 0], "uv": [72, 192]},
						{"origin": [25.02635, 0, 10.68481], "size": [1, 29, 1], "pivot": [26.02635, 0, 10.68481], "rotation": [0, -20, 0], "uv": [176, 288]},
						{"origin": [25.02635, 0, 6.71519], "size": [1, 29, 1], "pivot": [26.02635, 0, 7.71519], "rotation": [0, 20, 0], "uv": [172, 288]},
						{"origin": [14.9436, 0, 10.68481], "size": [11, 29, 1], "pivot": [14.9436, 0, 10.68481], "rotation": [0, 20, 0], "uv": [96, 186]},
						{"origin": [14.9436, 0, 6.71519], "size": [11, 29, 1], "pivot": [14.9436, 0, 7.71519], "rotation": [0, -20, 0], "uv": [120, 180]},
						{"origin": [24.68433, 0, 11.6245], "size": [1, 29, 1], "pivot": [25.68433, 0, 11.6245], "rotation": [0, -30, 0], "uv": [168, 288]},
						{"origin": [24.68433, 0, 5.7755], "size": [1, 29, 1], "pivot": [25.68433, 0, 6.7755], "rotation": [0, 30, 0], "uv": [68, 288]},
						{"origin": [15.28562, 0, 11.6245], "size": [11, 29, 1], "pivot": [15.28562, 0, 11.6245], "rotation": [0, 30, 0], "uv": [0, 180]},
						{"origin": [15.28562, 0, 5.7755], "size": [11, 29, 1], "pivot": [15.28562, 0, 6.7755], "rotation": [0, -30, 0], "uv": [144, 174]},
						{"origin": [24.18433, 0, 12.49053], "size": [1, 29, 1], "pivot": [25.18433, 0, 12.49053], "rotation": [0, -40, 0], "uv": [64, 288]},
						{"origin": [24.18433, 0, 4.90947], "size": [1, 29, 1], "pivot": [25.18433, 0, 5.90947], "rotation": [0, 40, 0], "uv": [60, 288]},
						{"origin": [15.78562, 0, 12.49053], "size": [11, 29, 1], "pivot": [15.78562, 0, 12.49053], "rotation": [0, 40, 0], "uv": [24, 174]},
						{"origin": [15.78562, 0, 4.90947], "size": [11, 29, 1], "pivot": [15.78562, 0, 5.90947], "rotation": [0, -40, 0], "uv": [168, 120]},
						{"origin": [23.54154, 0, 13.25657], "size": [1, 29, 1], "pivot": [24.54154, 0, 13.25657], "rotation": [0, -50, 0], "uv": [56, 288]},
						{"origin": [23.54154, 0, 4.14343], "size": [1, 29, 1], "pivot": [24.54154, 0, 5.14343], "rotation": [0, 50, 0], "uv": [52, 288]},
						{"origin": [16.4284, 0, 13.25657], "size": [11, 29, 1], "pivot": [16.4284, 0, 13.25657], "rotation": [0, 50, 0], "uv": [168, 90]},
						{"origin": [16.4284, 0, 4.14343], "size": [11, 29, 1], "pivot": [16.4284, 0, 5.14343], "rotation": [0, -50, 0], "uv": [168, 60]},
						{"origin": [22.7755, 0, 13.89936], "size": [1, 29, 1], "pivot": [23.7755, 0, 13.89936], "rotation": [0, -60, 0], "uv": [48, 288]},
						{"origin": [22.7755, 0, 3.50064], "size": [1, 29, 1], "pivot": [23.7755, 0, 4.50064], "rotation": [0, 60, 0], "uv": [212, 282]},
						{"origin": [17.19445, 0, 13.89936], "size": [11, 29, 1], "pivot": [17.19445, 0, 13.89936], "rotation": [0, 60, 0], "uv": [168, 30]},
						{"origin": [17.19445, 0, 3.50064], "size": [11, 29, 1], "pivot": [17.19445, 0, 4.50064], "rotation": [0, -60, 0], "uv": [168, 0]},
						{"origin": [21.90947, 0, 14.39936], "size": [1, 29, 1], "pivot": [22.90947, 0, 14.39936], "rotation": [0, -70, 0], "uv": [208, 282]},
						{"origin": [21.90947, 0, 3.00064], "size": [1, 29, 1], "pivot": [22.90947, 0, 4.00064], "rotation": [0, 70, 0], "uv": [204, 282]},
						{"origin": [18.06047, 0, 14.39936], "size": [11, 29, 1], "pivot": [18.06047, 0, 14.39936], "rotation": [0, 70, 0], "uv": [168, 168]},
						{"origin": [18.06047, 0, 3.00064], "size": [11, 29, 1], "pivot": [18.06047, 0, 4.00064], "rotation": [0, -70, 0], "uv": [48, 168]},
						{"origin": [20.96978, 0, 14.74138], "size": [1, 29, 1], "pivot": [21.96978, 0, 14.74138], "rotation": [0, -80, 0], "uv": [200, 282]},
						{"origin": [20.96978, 0, 2.65862], "size": [1, 29, 1], "pivot": [21.96978, 0, 3.65862], "rotation": [0, 80, 0], "uv": [196, 282]},
						{"origin": [19.00017, 0, 14.74138], "size": [11, 29, 1], "pivot": [19.00017, 0, 14.74138], "rotation": [0, 80, 0], "uv": [72, 162]},
						{"origin": [19.00017, 0, 2.65862], "size": [11, 29, 1], "pivot": [19.00017, 0, 3.65862], "rotation": [0, -80, 0], "uv": [96, 156]},
						{"origin": [9.98497, 0, 14.91503], "size": [11, 29, 1], "pivot": [20.98497, 0, 14.91503], "rotation": [0, -90, 0], "uv": [120, 150]},
						{"origin": [19.98497, 0, 2.48497], "size": [1, 29, 1], "pivot": [20.98497, 0, 3.48497], "rotation": [0, 90, 0], "uv": [192, 282]}
					]
				},
				{
					"name": "bone4",
					"parent": "shell4",
					"pivot": [22.9572, 2, 9.2],
					"cubes": [
						{"origin": [25.74914, -0.24, 8.64], "size": [1.12, 4.48, 1.12], "uv": [92, 60]},
						{"origin": [25.74914, -0.24, 9.76], "size": [1.12, 4.48, 1.12], "pivot": [26.86914, -0.24, 9.76], "rotation": [0, -10, 0], "uv": [88, 65]},
						{"origin": [25.55465, -0.24, 10.86298], "size": [1.12, 4.48, 1.12], "pivot": [26.67465, -0.24, 10.86298], "rotation": [0, -20, 0], "uv": [88, 60]},
						{"origin": [25.17159, -0.24, 11.91544], "size": [1.12, 4.48, 1.12], "pivot": [26.29159, -0.24, 11.91544], "rotation": [0, -30, 0], "uv": [84, 65]},
						{"origin": [24.61159, -0.24, 12.88539], "size": [1.12, 4.48, 1.12], "pivot": [25.73159, -0.24, 12.88539], "rotation": [0, -40, 0], "uv": [84, 60]},
						{"origin": [23.89167, -0.24, 13.74336], "size": [1.12, 4.48, 1.12], "pivot": [25.01167, -0.24, 13.74336], "rotation": [0, -50, 0], "uv": [80, 65]},
						{"origin": [23.0337, -0.24, 14.46328], "size": [1.12, 4.48, 1.12], "pivot": [24.1537, -0.24, 14.46328], "rotation": [0, -60, 0], "uv": [80, 60]},
						{"origin": [22.06375, -0.24, 15.02328], "size": [1.12, 4.48, 1.12], "pivot": [23.18375, -0.24, 15.02328], "rotation": [0, -70, 0], "uv": [76, 65]},
						{"origin": [21.01129, -0.24, 15.40634], "size": [1.12, 4.48, 1.12], "pivot": [22.13129, -0.24, 15.40634], "rotation": [0, -80, 0], "uv": [76, 60]},
						{"origin": [8.70831, -0.24, 15.60083], "size": [12.32, 4.48, 1.12], "pivot": [21.02831, -0.24, 15.60083], "rotation": [0, -90, 0], "uv": [300, 235]},
						{"origin": [14.06748, -0.24, 8.64], "size": [12.32, 4.48, 1.12], "uv": [300, 230]},
						{"origin": [14.06748, -0.24, 9.76], "size": [12.32, 4.48, 1.12], "pivot": [14.06748, -0.24, 9.76], "rotation": [0, 10, 0], "uv": [300, 225]},
						{"origin": [14.26196, -0.24, 10.86298], "size": [12.32, 4.48, 1.12], "pivot": [14.26196, -0.24, 10.86298], "rotation": [0, 20, 0], "uv": [300, 220]},
						{"origin": [14.64503, -0.24, 11.91544], "size": [12.32, 4.48, 1.12], "pivot": [14.64503, -0.24, 11.91544], "rotation": [0, 30, 0], "uv": [300, 215]},
						{"origin": [15.20503, -0.24, 12.88539], "size": [12.32, 4.48, 1.12], "pivot": [15.20503, -0.24, 12.88539], "rotation": [0, 40, 0], "uv": [300, 210]},
						{"origin": [15.92495, -0.24, 13.74336], "size": [12.32, 4.48, 1.12], "pivot": [15.92495, -0.24, 13.74336], "rotation": [0, 50, 0], "uv": [300, 205]},
						{"origin": [16.78292, -0.24, 14.46328], "size": [12.32, 4.48, 1.12], "pivot": [16.78292, -0.24, 14.46328], "rotation": [0, 60, 0], "uv": [300, 200]},
						{"origin": [17.75287, -0.24, 15.02328], "size": [12.32, 4.48, 1.12], "pivot": [17.75287, -0.24, 15.02328], "rotation": [0, 70, 0], "uv": [300, 195]},
						{"origin": [18.80532, -0.24, 15.40634], "size": [12.32, 4.48, 1.12], "pivot": [18.80532, -0.24, 15.40634], "rotation": [0, 80, 0], "uv": [300, 190]},
						{"origin": [25.74914, -0.24, 7.52], "size": [1.12, 4.48, 1.12], "pivot": [26.86914, -0.24, 8.64], "rotation": [0, 10, 0], "uv": [72, 65]},
						{"origin": [25.55465, -0.24, 6.41702], "size": [1.12, 4.48, 1.12], "pivot": [26.67465, -0.24, 7.53702], "rotation": [0, 20, 0], "uv": [72, 60]},
						{"origin": [25.17159, -0.24, 5.36456], "size": [1.12, 4.48, 1.12], "pivot": [26.29159, -0.24, 6.48456], "rotation": [0, 30, 0], "uv": [68, 40]},
						{"origin": [24.61159, -0.24, 4.39461], "size": [1.12, 4.48, 1.12], "pivot": [25.73159, -0.24, 5.51461], "rotation": [0, 40, 0], "uv": [68, 35]},
						{"origin": [23.89167, -0.24, 3.53664], "size": [1.12, 4.48, 1.12], "pivot": [25.01167, -0.24, 4.65664], "rotation": [0, 50, 0], "uv": [68, 30]},
						{"origin": [23.0337, -0.24, 2.81672], "size": [1.12, 4.48, 1.12], "pivot": [24.1537, -0.24, 3.93672], "rotation": [0, 60, 0], "uv": [64, 40]},
						{"origin": [22.06375, -0.24, 2.25672], "size": [1.12, 4.48, 1.12], "pivot": [23.18375, -0.24, 3.37672], "rotation": [0, 70, 0], "uv": [64, 35]},
						{"origin": [21.01129, -0.24, 1.87366], "size": [1.12, 4.48, 1.12], "pivot": [22.13129, -0.24, 2.99366], "rotation": [0, 80, 0], "uv": [64, 30]},
						{"origin": [19.90831, -0.24, 1.67917], "size": [1.12, 4.48, 1.12], "pivot": [21.02831, -0.24, 2.79917], "rotation": [0, 90, 0], "uv": [60, 40]},
						{"origin": [14.06748, -0.24, 7.52], "size": [12.32, 4.48, 1.12], "pivot": [14.06748, -0.24, 8.64], "rotation": [0, -10, 0], "uv": [300, 185]},
						{"origin": [14.26196, -0.24, 6.41702], "size": [12.32, 4.48, 1.12], "pivot": [14.26196, -0.24, 7.53702], "rotation": [0, -20, 0], "uv": [300, 180]},
						{"origin": [14.64503, -0.24, 5.36456], "size": [12.32, 4.48, 1.12], "pivot": [14.64503, -0.24, 6.48456], "rotation": [0, -30, 0], "uv": [300, 175]},
						{"origin": [15.20503, -0.24, 4.39461], "size": [12.32, 4.48, 1.12], "pivot": [15.20503, -0.24, 5.51461], "rotation": [0, -40, 0], "uv": [300, 170]},
						{"origin": [15.92495, -0.24, 3.53664], "size": [12.32, 4.48, 1.12], "pivot": [15.92495, -0.24, 4.65664], "rotation": [0, -50, 0], "uv": [300, 165]},
						{"origin": [16.78292, -0.24, 2.81672], "size": [12.32, 4.48, 1.12], "pivot": [16.78292, -0.24, 3.93672], "rotation": [0, -60, 0], "uv": [300, 160]},
						{"origin": [17.75287, -0.24, 2.25672], "size": [12.32, 4.48, 1.12], "pivot": [17.75287, -0.24, 3.37672], "rotation": [0, -70, 0], "uv": [300, 155]},
						{"origin": [18.80532, -0.24, 1.87366], "size": [12.32, 4.48, 1.12], "pivot": [18.80532, -0.24, 2.99366], "rotation": [0, -80, 0], "uv": [300, 150]}
					]
				},
				{
					"name": "shell5",
					"parent": "main",
					"pivot": [30.35835, 14.10811, -2.72432],
					"rotation": [-7.5, 0, 8.25],
					"cubes": [
						{"origin": [33.6, 0, -3.3], "size": [1, 29, 1], "uv": [92, 282]},
						{"origin": [23.16995, 0, -3.3], "size": [11, 29, 1], "uv": [0, 150]},
						{"origin": [33.6, 0, -2.3], "size": [1, 29, 1], "pivot": [34.6, 0, -2.3], "rotation": [0, -10, 0], "uv": [88, 282]},
						{"origin": [33.6, 0, -4.3], "size": [1, 29, 1], "pivot": [34.6, 0, -3.3], "rotation": [0, 10, 0], "uv": [84, 282]},
						{"origin": [23.16995, 0, -2.3], "size": [11, 29, 1], "pivot": [23.16995, 0, -2.3], "rotation": [0, 10, 0], "uv": [144, 90]},
						{"origin": [23.16995, 0, -4.3], "size": [11, 29, 1], "pivot": [23.16995, 0, -3.3], "rotation": [0, -10, 0], "uv": [144, 60]},
						{"origin": [33.42635, 0, -1.31519], "size": [1, 29, 1], "pivot": [34.42635, 0, -1.31519], "rotation": [0, -20, 0], "uv": [80, 282]},
						{"origin": [33.42635, 0, -5.28481], "size": [1, 29, 1], "pivot": [34.42635, 0, -4.28481], "rotation": [0, 20, 0], "uv": [76, 282]},
						{"origin": [23.3436, 0, -1.31519], "size": [11, 29, 1], "pivot": [23.3436, 0, -1.31519], "rotation": [0, 20, 0], "uv": [144, 30]},
						{"origin": [23.3436, 0, -5.28481], "size": [11, 29, 1], "pivot": [23.3436, 0, -4.28481], "rotation": [0, -20, 0], "uv": [144, 0]},
						{"origin": [33.08433, 0, -0.3755], "size": [1, 29, 1], "pivot": [34.08433, 0, -0.3755], "rotation": [0, -30, 0], "uv": [72, 282]},
						{"origin": [33.08433, 0, -6.2245], "size": [1, 29, 1], "pivot": [34.08433, 0, -5.2245], "rotation": [0, 30, 0], "uv": [236, 276]},
						{"origin": [23.68562, 0, -0.3755], "size": [11, 29, 1], "pivot": [23.68562, 0, -0.3755], "rotation": [0, 30, 0], "uv": [144, 144]},
						{"origin": [23.68562, 0, -6.2245], "size": [11, 29, 1], "pivot": [23.68562, 0, -5.2245], "rotation": [0, -30, 0], "uv": [24, 144]},
						{"origin": [32.58433, 0, 0.49053], "size": [1, 29, 1], "pivot": [33.58433, 0, 0.49053], "rotation": [0, -40, 0], "uv": [232, 276]},
						{"origin": [32.58433, 0, -7.09053], "size": [1, 29, 1], "pivot": [33.58433, 0, -6.09053], "rotation": [0, 40, 0], "uv": [228, 276]},
						{"origin": [24.18562, 0, 0.49053], "size": [11, 29, 1], "pivot": [24.18562, 0, 0.49053], "rotation": [0, 40, 0], "uv": [48, 138]},
						{"origin": [24.18562, 0, -7.09053], "size": [11, 29, 1], "pivot": [24.18562, 0, -6.09053], "rotation": [0, -40, 0], "uv": [72, 132]},
						{"origin": [31.94154, 0, 1.25657], "size": [1, 29, 1], "pivot": [32.94154, 0, 1.25657], "rotation": [0, -50, 0], "uv": [224, 276]},
						{"origin": [31.94154, 0, -7.85657], "size": [1, 29, 1], "pivot": [32.94154, 0, -6.85657], "rotation": [0, 50, 0], "uv": [220, 276]},
						{"origin": [24.8284, 0, 1.25657], "size": [11, 29, 1], "pivot": [24.8284, 0, 1.25657], "rotation": [0, 50, 0], "uv": [96, 126]},
						{"origin": [24.8284, 0, -7.85657], "size": [11, 29, 1], "pivot": [24.8284, 0, -6.85657], "rotation": [0, -50, 0], "uv": [120, 90]},
						{"origin": [31.1755, 0, 1.89936], "size": [1, 29, 1], "pivot": [32.1755, 0, 1.89936], "rotation": [0, -60, 0], "uv": [216, 276]},
						{"origin": [31.1755, 0, -8.49936], "size": [1, 29, 1], "pivot": [32.1755, 0, -7.49936], "rotation": [0, 60, 0], "uv": [116, 276]},
						{"origin": [25.59445, 0, 1.89936], "size": [11, 29, 1], "pivot": [25.59445, 0, 1.89936], "rotation": [0, 60, 0], "uv": [120, 60]},
						{"origin": [25.59445, 0, -8.49936], "size": [11, 29, 1], "pivot": [25.59445, 0, -7.49936], "rotation": [0, -60, 0], "uv": [120, 30]},
						{"origin": [30.30947, 0, 2.39936], "size": [1, 29, 1], "pivot": [31.30947, 0, 2.39936], "rotation": [0, -70, 0], "uv": [112, 276]},
						{"origin": [30.30947, 0, -8.99936], "size": [1, 29, 1], "pivot": [31.30947, 0, -7.99936], "rotation": [0, 70, 0], "uv": [108, 276]},
						{"origin": [26.46047, 0, 2.39936], "size": [11, 29, 1], "pivot": [26.46047, 0, 2.39936], "rotation": [0, 70, 0], "uv": [120, 0]},
						{"origin": [26.46047, 0, -8.99936], "size": [11, 29, 1], "pivot": [26.46047, 0, -7.99936], "rotation": [0, -70, 0], "uv": [120, 120]},
						{"origin": [29.36978, 0, 2.74138], "size": [1, 29, 1], "pivot": [30.36978, 0, 2.74138], "rotation": [0, -80, 0], "uv": [104, 276]},
						{"origin": [29.36978, 0, -9.34138], "size": [1, 29, 1], "pivot": [30.36978, 0, -8.34138], "rotation": [0, 80, 0], "uv": [100, 276]},
						{"origin": [27.40017, 0, 2.74138], "size": [11, 29, 1], "pivot": [27.40017, 0, 2.74138], "rotation": [0, 80, 0], "uv": [0, 120]},
						{"origin": [27.40017, 0, -9.34138], "size": [11, 29, 1], "pivot": [27.40017, 0, -8.34138], "rotation": [0, -80, 0], "uv": [24, 114]},
						{"origin": [18.38497, 0, 2.91503], "size": [11, 29, 1], "pivot": [29.38497, 0, 2.91503], "rotation": [0, -90, 0], "uv": [48, 108]},
						{"origin": [28.38497, 0, -9.51503], "size": [1, 29, 1], "pivot": [29.38497, 0, -8.51503], "rotation": [0, 90, 0], "uv": [96, 276]}
					]
				},
				{
					"name": "bone5",
					"parent": "shell5",
					"pivot": [31.3572, 2, -2.8],
					"cubes": [
						{"origin": [34.14914, -0.24, -3.36], "size": [1.12, 4.48, 1.12], "uv": [60, 35]},
						{"origin": [34.14914, -0.24, -2.24], "size": [1.12, 4.48, 1.12], "pivot": [35.26914, -0.24, -2.24], "rotation": [0, -10, 0], "uv": [60, 30]},
						{"origin": [33.95465, -0.24, -1.13702], "size": [1.12, 4.48, 1.12], "pivot": [35.07465, -0.24, -1.13702], "rotation": [0, -20, 0], "uv": [56, 40]},
						{"origin": [33.57159, -0.24, -0.08456], "size": [1.12, 4.48, 1.12], "pivot": [34.69159, -0.24, -0.08456], "rotation": [0, -30, 0], "uv": [56, 35]},
						{"origin": [33.01159, -0.24, 0.88539], "size": [1.12, 4.48, 1.12], "pivot": [34.13159, -0.24, 0.88539], "rotation": [0, -40, 0], "uv": [56, 30]},
						{"origin": [32.29167, -0.24, 1.74336], "size": [1.12, 4.48, 1.12], "pivot": [33.41167, -0.24, 1.74336], "rotation": [0, -50, 0], "uv": [52, 40]},
						{"origin": [31.4337, -0.24, 2.46328], "size": [1.12, 4.48, 1.12], "pivot": [32.5537, -0.24, 2.46328], "rotation": [0, -60, 0], "uv": [52, 35]},
						{"origin": [30.46375, -0.24, 3.02328], "size": [1.12, 4.48, 1.12], "pivot": [31.58375, -0.24, 3.02328], "rotation": [0, -70, 0], "uv": [52, 30]},
						{"origin": [29.41129, -0.24, 3.40634], "size": [1.12, 4.48, 1.12], "pivot": [30.53129, -0.24, 3.40634], "rotation": [0, -80, 0], "uv": [48, 40]},
						{"origin": [17.10831, -0.24, 3.60083], "size": [12.32, 4.48, 1.12], "pivot": [29.42831, -0.24, 3.60083], "rotation": [0, -90, 0], "uv": [300, 145]},
						{"origin": [22.46748, -0.24, -3.36], "size": [12.32, 4.48, 1.12], "uv": [300, 140]},
						{"origin": [22.46748, -0.24, -2.24], "size": [12.32, 4.48, 1.12], "pivot": [22.46748, -0.24, -2.24], "rotation": [0, 10, 0], "uv": [300, 135]},
						{"origin": [22.66196, -0.24, -1.13702], "size": [12.32, 4.48, 1.12], "pivot": [22.66196, -0.24, -1.13702], "rotation": [0, 20, 0], "uv": [300, 130]},
						{"origin": [23.04503, -0.24, -0.08456], "size": [12.32, 4.48, 1.12], "pivot": [23.04503, -0.24, -0.08456], "rotation": [0, 30, 0], "uv": [300, 125]},
						{"origin": [23.60503, -0.24, 0.88539], "size": [12.32, 4.48, 1.12], "pivot": [23.60503, -0.24, 0.88539], "rotation": [0, 40, 0], "uv": [300, 120]},
						{"origin": [24.32495, -0.24, 1.74336], "size": [12.32, 4.48, 1.12], "pivot": [24.32495, -0.24, 1.74336], "rotation": [0, 50, 0], "uv": [300, 115]},
						{"origin": [25.18292, -0.24, 2.46328], "size": [12.32, 4.48, 1.12], "pivot": [25.18292, -0.24, 2.46328], "rotation": [0, 60, 0], "uv": [300, 110]},
						{"origin": [26.15287, -0.24, 3.02328], "size": [12.32, 4.48, 1.12], "pivot": [26.15287, -0.24, 3.02328], "rotation": [0, 70, 0], "uv": [300, 105]},
						{"origin": [27.20532, -0.24, 3.40634], "size": [12.32, 4.48, 1.12], "pivot": [27.20532, -0.24, 3.40634], "rotation": [0, 80, 0], "uv": [300, 100]},
						{"origin": [34.14914, -0.24, -4.48], "size": [1.12, 4.48, 1.12], "pivot": [35.26914, -0.24, -3.36], "rotation": [0, 10, 0], "uv": [48, 35]},
						{"origin": [33.95465, -0.24, -5.58298], "size": [1.12, 4.48, 1.12], "pivot": [35.07465, -0.24, -4.46298], "rotation": [0, 20, 0], "uv": [48, 30]},
						{"origin": [33.57159, -0.24, -6.63544], "size": [1.12, 4.48, 1.12], "pivot": [34.69159, -0.24, -5.51544], "rotation": [0, 30, 0], "uv": [44, 5]},
						{"origin": [33.01159, -0.24, -7.60539], "size": [1.12, 4.48, 1.12], "pivot": [34.13159, -0.24, -6.48539], "rotation": [0, 40, 0], "uv": [44, 0]},
						{"origin": [32.29167, -0.24, -8.46336], "size": [1.12, 4.48, 1.12], "pivot": [33.41167, -0.24, -7.34336], "rotation": [0, 50, 0], "uv": [43, 19]},
						{"origin": [31.4337, -0.24, -9.18328], "size": [1.12, 4.48, 1.12], "pivot": [32.5537, -0.24, -8.06328], "rotation": [0, 60, 0], "uv": [42, 10]},
						{"origin": [30.46375, -0.24, -9.74328], "size": [1.12, 4.48, 1.12], "pivot": [31.58375, -0.24, -8.62328], "rotation": [0, 70, 0], "uv": [40, 15]},
						{"origin": [29.41129, -0.24, -10.12634], "size": [1.12, 4.48, 1.12], "pivot": [30.53129, -0.24, -9.00634], "rotation": [0, 80, 0], "uv": [40, 5]},
						{"origin": [28.30831, -0.24, -10.32083], "size": [1.12, 4.48, 1.12], "pivot": [29.42831, -0.24, -9.20083], "rotation": [0, 90, 0], "uv": [40, 0]},
						{"origin": [22.46748, -0.24, -4.48], "size": [12.32, 4.48, 1.12], "pivot": [22.46748, -0.24, -3.36], "rotation": [0, -10, 0], "uv": [300, 95]},
						{"origin": [22.66196, -0.24, -5.58298], "size": [12.32, 4.48, 1.12], "pivot": [22.66196, -0.24, -4.46298], "rotation": [0, -20, 0], "uv": [300, 90]},
						{"origin": [23.04503, -0.24, -6.63544], "size": [12.32, 4.48, 1.12], "pivot": [23.04503, -0.24, -5.51544], "rotation": [0, -30, 0], "uv": [300, 85]},
						{"origin": [23.60503, -0.24, -7.60539], "size": [12.32, 4.48, 1.12], "pivot": [23.60503, -0.24, -6.48539], "rotation": [0, -40, 0], "uv": [300, 80]},
						{"origin": [24.32495, -0.24, -8.46336], "size": [12.32, 4.48, 1.12], "pivot": [24.32495, -0.24, -7.34336], "rotation": [0, -50, 0], "uv": [300, 75]},
						{"origin": [25.18292, -0.24, -9.18328], "size": [12.32, 4.48, 1.12], "pivot": [25.18292, -0.24, -8.06328], "rotation": [0, -60, 0], "uv": [300, 70]},
						{"origin": [26.15287, -0.24, -9.74328], "size": [12.32, 4.48, 1.12], "pivot": [26.15287, -0.24, -8.62328], "rotation": [0, -70, 0], "uv": [300, 65]},
						{"origin": [27.20532, -0.24, -10.12634], "size": [12.32, 4.48, 1.12], "pivot": [27.20532, -0.24, -9.00634], "rotation": [0, -80, 0], "uv": [300, 60]}
					]
				},
				{
					"name": "shell6",
					"parent": "main",
					"pivot": [43.45835, 3.80811, 14.42568],
					"rotation": [-30, 0, 90],
					"cubes": [
						{"origin": [46.7, -10.3, 13.85], "size": [1, 29, 1], "uv": [260, 270]},
						{"origin": [36.26995, -10.3, 13.85], "size": [11, 29, 1], "uv": [72, 102]},
						{"origin": [46.7, -10.3, 14.85], "size": [1, 29, 1], "pivot": [47.7, -10.3, 14.85], "rotation": [0, -10, 0], "uv": [256, 270]},
						{"origin": [46.7, -10.3, 12.85], "size": [1, 29, 1], "pivot": [47.7, -10.3, 13.85], "rotation": [0, 10, 0], "uv": [252, 270]},
						{"origin": [36.26995, -10.3, 14.85], "size": [11, 29, 1], "pivot": [36.26995, -10.3, 14.85], "rotation": [0, 10, 0], "uv": [96, 60]},
						{"origin": [36.26995, -10.3, 12.85], "size": [11, 29, 1], "pivot": [36.26995, -10.3, 13.85], "rotation": [0, -10, 0], "uv": [96, 30]},
						{"origin": [46.52635, -10.3, 15.83481], "size": [1, 29, 1], "pivot": [47.52635, -10.3, 15.83481], "rotation": [0, -20, 0], "uv": [248, 270]},
						{"origin": [46.52635, -10.3, 11.86519], "size": [1, 29, 1], "pivot": [47.52635, -10.3, 12.86519], "rotation": [0, 20, 0], "uv": [244, 270]},
						{"origin": [36.4436, -10.3, 15.83481], "size": [11, 29, 1], "pivot": [36.4436, -10.3, 15.83481], "rotation": [0, 20, 0], "uv": [96, 0]},
						{"origin": [36.4436, -10.3, 11.86519], "size": [11, 29, 1], "pivot": [36.4436, -10.3, 12.86519], "rotation": [0, -20, 0], "uv": [96, 96]},
						{"origin": [46.18433, -10.3, 16.7745], "size": [1, 29, 1], "pivot": [47.18433, -10.3, 16.7745], "rotation": [0, -30, 0], "uv": [240, 270]},
						{"origin": [46.18433, -10.3, 10.9255], "size": [1, 29, 1], "pivot": [47.18433, -10.3, 11.9255], "rotation": [0, 30, 0], "uv": [140, 270]},
						{"origin": [36.78562, -10.3, 16.7745], "size": [11, 29, 1], "pivot": [36.78562, -10.3, 16.7745], "rotation": [0, 30, 0], "uv": [0, 90]},
						{"origin": [36.78562, -10.3, 10.9255], "size": [11, 29, 1], "pivot": [36.78562, -10.3, 11.9255], "rotation": [0, -30, 0], "uv": [24, 84]},
						{"origin": [45.68433, -10.3, 17.64053], "size": [1, 29, 1], "pivot": [46.68433, -10.3, 17.64053], "rotation": [0, -40, 0], "uv": [136, 270]},
						{"origin": [45.68433, -10.3, 10.05947], "size": [1, 29, 1], "pivot": [46.68433, -10.3, 11.05947], "rotation": [0, 40, 0], "uv": [132, 270]},
						{"origin": [37.28562, -10.3, 17.64053], "size": [11, 29, 1], "pivot": [37.28562, -10.3, 17.64053], "rotation": [0, 40, 0], "uv": [48, 78]},
						{"origin": [37.28562, -10.3, 10.05947], "size": [11, 29, 1], "pivot": [37.28562, -10.3, 11.05947], "rotation": [0, -40, 0], "uv": [72, 30]},
						{"origin": [45.04154, -10.3, 18.40657], "size": [1, 29, 1], "pivot": [46.04154, -10.3, 18.40657], "rotation": [0, -50, 0], "uv": [128, 270]},
						{"origin": [45.04154, -10.3, 9.29343], "size": [1, 29, 1], "pivot": [46.04154, -10.3, 10.29343], "rotation": [0, 50, 0], "uv": [124, 270]},
						{"origin": [37.9284, -10.3, 18.40657], "size": [11, 29, 1], "pivot": [37.9284, -10.3, 18.40657], "rotation": [0, 50, 0], "uv": [72, 0]},
						{"origin": [37.9284, -10.3, 9.29343], "size": [11, 29, 1], "pivot": [37.9284, -10.3, 10.29343], "rotation": [0, -50, 0], "uv": [72, 72]},
						{"origin": [44.2755, -10.3, 19.04936], "size": [1, 29, 1], "pivot": [45.2755, -10.3, 19.04936], "rotation": [0, -60, 0], "uv": [120, 270]},
						{"origin": [44.2755, -10.3, 8.65064], "size": [1, 29, 1], "pivot": [45.2755, -10.3, 9.65064], "rotation": [0, 60, 0], "uv": [20, 270]},
						{"origin": [38.69445, -10.3, 19.04936], "size": [11, 29, 1], "pivot": [38.69445, -10.3, 19.04936], "rotation": [0, 60, 0], "uv": [0, 60]},
						{"origin": [38.69445, -10.3, 8.65064], "size": [11, 29, 1], "pivot": [38.69445, -10.3, 9.65064], "rotation": [0, -60, 0], "uv": [24, 54]},
						{"origin": [43.40947, -10.3, 19.54936], "size": [1, 29, 1], "pivot": [44.40947, -10.3, 19.54936], "rotation": [0, -70, 0], "uv": [16, 270]},
						{"origin": [43.40947, -10.3, 8.15064], "size": [1, 29, 1], "pivot": [44.40947, -10.3, 9.15064], "rotation": [0, 70, 0], "uv": [12, 270]},
						{"origin": [39.56047, -10.3, 19.54936], "size": [11, 29, 1], "pivot": [39.56047, -10.3, 19.54936], "rotation": [0, 70, 0], "uv": [48, 0]},
						{"origin": [39.56047, -10.3, 8.15064], "size": [11, 29, 1], "pivot": [39.56047, -10.3, 9.15064], "rotation": [0, -70, 0], "uv": [48, 48]},
						{"origin": [42.46978, -10.3, 19.89138], "size": [1, 29, 1], "pivot": [43.46978, -10.3, 19.89138], "rotation": [0, -80, 0], "uv": [8, 270]},
						{"origin": [42.46978, -10.3, 7.80862], "size": [1, 29, 1], "pivot": [43.46978, -10.3, 8.80862], "rotation": [0, 80, 0], "uv": [4, 270]},
						{"origin": [40.50017, -10.3, 19.89138], "size": [11, 29, 1], "pivot": [40.50017, -10.3, 19.89138], "rotation": [0, 80, 0], "uv": [0, 30]},
						{"origin": [40.50017, -10.3, 7.80862], "size": [11, 29, 1], "pivot": [40.50017, -10.3, 8.80862], "rotation": [0, -80, 0], "uv": [24, 24]},
						{"origin": [31.48497, -10.3, 20.06503], "size": [11, 29, 1], "pivot": [42.48497, -10.3, 20.06503], "rotation": [0, -90, 0], "uv": [0, 0]},
						{"origin": [41.48497, -10.3, 7.63497], "size": [1, 29, 1], "pivot": [42.48497, -10.3, 8.63497], "rotation": [0, 90, 0], "uv": [0, 270]}
					]
				},
				{
					"name": "bone6",
					"parent": "shell6",
					"pivot": [44.4572, -8.3, 14.35],
					"cubes": [
						{"origin": [47.24914, -10.54, 13.79], "size": [1.12, 4.48, 1.12], "uv": [38, 10]},
						{"origin": [47.24914, -10.54, 14.91], "size": [1.12, 4.48, 1.12], "pivot": [48.36914, -10.54, 14.91], "rotation": [0, -10, 0], "uv": [37, 19]},
						{"origin": [47.05465, -10.54, 16.01298], "size": [1.12, 4.48, 1.12], "pivot": [48.17465, -10.54, 16.01298], "rotation": [0, -20, 0], "uv": [36, 5]},
						{"origin": [46.67159, -10.54, 17.06544], "size": [1.12, 4.48, 1.12], "pivot": [47.79159, -10.54, 17.06544], "rotation": [0, -30, 0], "uv": [36, 0]},
						{"origin": [46.11159, -10.54, 18.03539], "size": [1.12, 4.48, 1.12], "pivot": [47.23159, -10.54, 18.03539], "rotation": [0, -40, 0], "uv": [35, 14]},
						{"origin": [45.39167, -10.54, 18.89336], "size": [1.12, 4.48, 1.12], "pivot": [46.51167, -10.54, 18.89336], "rotation": [0, -50, 0], "uv": [33, 19]},
						{"origin": [44.5337, -10.54, 19.61328], "size": [1.12, 4.48, 1.12], "pivot": [45.6537, -10.54, 19.61328], "rotation": [0, -60, 0], "uv": [32, 10]},
						{"origin": [43.56375, -10.54, 20.17328], "size": [1.12, 4.48, 1.12], "pivot": [44.68375, -10.54, 20.17328], "rotation": [0, -70, 0], "uv": [32, 5]},
						{"origin": [42.51129, -10.54, 20.55634], "size": [1.12, 4.48, 1.12], "pivot": [43.63129, -10.54, 20.55634], "rotation": [0, -80, 0], "uv": [32, 0]},
						{"origin": [30.20831, -10.54, 20.75083], "size": [12.32, 4.48, 1.12], "pivot": [42.52831, -10.54, 20.75083], "rotation": [0, -90, 0], "uv": [300, 55]},
						{"origin": [35.56748, -10.54, 13.79], "size": [12.32, 4.48, 1.12], "uv": [300, 50]},
						{"origin": [35.56748, -10.54, 14.91], "size": [12.32, 4.48, 1.12], "pivot": [35.56748, -10.54, 14.91], "rotation": [0, 10, 0], "uv": [300, 45]},
						{"origin": [35.76196, -10.54, 16.01298], "size": [12.32, 4.48, 1.12], "pivot": [35.76196, -10.54, 16.01298], "rotation": [0, 20, 0], "uv": [300, 40]},
						{"origin": [36.14503, -10.54, 17.06544], "size": [12.32, 4.48, 1.12], "pivot": [36.14503, -10.54, 17.06544], "rotation": [0, 30, 0], "uv": [300, 35]},
						{"origin": [36.70503, -10.54, 18.03539], "size": [12.32, 4.48, 1.12], "pivot": [36.70503, -10.54, 18.03539], "rotation": [0, 40, 0], "uv": [300, 30]},
						{"origin": [37.42495, -10.54, 18.89336], "size": [12.32, 4.48, 1.12], "pivot": [37.42495, -10.54, 18.89336], "rotation": [0, 50, 0], "uv": [300, 25]},
						{"origin": [38.28292, -10.54, 19.61328], "size": [12.32, 4.48, 1.12], "pivot": [38.28292, -10.54, 19.61328], "rotation": [0, 60, 0], "uv": [300, 20]},
						{"origin": [39.25287, -10.54, 20.17328], "size": [12.32, 4.48, 1.12], "pivot": [39.25287, -10.54, 20.17328], "rotation": [0, 70, 0], "uv": [300, 15]},
						{"origin": [40.30532, -10.54, 20.55634], "size": [12.32, 4.48, 1.12], "pivot": [40.30532, -10.54, 20.55634], "rotation": [0, 80, 0], "uv": [300, 10]},
						{"origin": [47.24914, -10.54, 12.67], "size": [1.12, 4.48, 1.12], "pivot": [48.36914, -10.54, 13.79], "rotation": [0, 10, 0], "uv": [30, 15]},
						{"origin": [47.05465, -10.54, 11.56702], "size": [1.12, 4.48, 1.12], "pivot": [48.17465, -10.54, 12.68702], "rotation": [0, 20, 0], "uv": [28, 10]},
						{"origin": [46.67159, -10.54, 10.51456], "size": [1.12, 4.48, 1.12], "pivot": [47.79159, -10.54, 11.63456], "rotation": [0, 30, 0], "uv": [28, 5]},
						{"origin": [46.11159, -10.54, 9.54461], "size": [1.12, 4.48, 1.12], "pivot": [47.23159, -10.54, 10.66461], "rotation": [0, 40, 0], "uv": [28, 0]},
						{"origin": [45.39167, -10.54, 8.68664], "size": [1.12, 4.48, 1.12], "pivot": [46.51167, -10.54, 9.80664], "rotation": [0, 50, 0], "uv": [27, 19]},
						{"origin": [44.5337, -10.54, 7.96672], "size": [1.12, 4.48, 1.12], "pivot": [45.6537, -10.54, 9.08672], "rotation": [0, 60, 0], "uv": [24, 15]},
						{"origin": [43.56375, -10.54, 7.40672], "size": [1.12, 4.48, 1.12], "pivot": [44.68375, -10.54, 8.52672], "rotation": [0, 70, 0], "uv": [24, 10]},
						{"origin": [42.51129, -10.54, 7.02366], "size": [1.12, 4.48, 1.12], "pivot": [43.63129, -10.54, 8.14366], "rotation": [0, 80, 0], "uv": [24, 5]},
						{"origin": [41.40831, -10.54, 6.82917], "size": [1.12, 4.48, 1.12], "pivot": [42.52831, -10.54, 7.94917], "rotation": [0, 90, 0], "uv": [24, 0]},
						{"origin": [35.56748, -10.54, 12.67], "size": [12.32, 4.48, 1.12], "pivot": [35.56748, -10.54, 13.79], "rotation": [0, -10, 0], "uv": [300, 5]},
						{"origin": [35.76196, -10.54, 11.56702], "size": [12.32, 4.48, 1.12], "pivot": [35.76196, -10.54, 12.68702], "rotation": [0, -20, 0], "uv": [300, 0]},
						{"origin": [36.14503, -10.54, 10.51456], "size": [12.32, 4.48, 1.12], "pivot": [36.14503, -10.54, 11.63456], "rotation": [0, -30, 0], "uv": [300, 300]},
						{"origin": [36.70503, -10.54, 9.54461], "size": [12.32, 4.48, 1.12], "pivot": [36.70503, -10.54, 10.66461], "rotation": [0, -40, 0], "uv": [296, 290]},
						{"origin": [37.42495, -10.54, 8.68664], "size": [12.32, 4.48, 1.12], "pivot": [37.42495, -10.54, 9.80664], "rotation": [0, -50, 0], "uv": [292, 285]},
						{"origin": [38.28292, -10.54, 7.96672], "size": [12.32, 4.48, 1.12], "pivot": [38.28292, -10.54, 9.08672], "rotation": [0, -60, 0], "uv": [288, 280]},
						{"origin": [39.25287, -10.54, 7.40672], "size": [12.32, 4.48, 1.12], "pivot": [39.25287, -10.54, 8.52672], "rotation": [0, -70, 0], "uv": [288, 275]},
						{"origin": [40.30532, -10.54, 7.02366], "size": [12.32, 4.48, 1.12], "pivot": [40.30532, -10.54, 8.14366], "rotation": [0, -80, 0], "uv": [288, 270]}
					]
				},
				{
					"name": "shell7",
					"parent": "main",
					"pivot": [-2.975, 0, 7.2],
					"cubes": [
						{"origin": [-3.975, 0, 7.2], "size": [1, 29, 1], "uv": [276, 294]},
						{"origin": [-14.40505, 0, 7.2], "size": [11, 29, 1], "uv": [240, 180]},
						{"origin": [-3.975, 0, 8.2], "size": [1, 29, 1], "pivot": [-2.975, 0, 8.2], "rotation": [0, -10, 0], "uv": [272, 294]},
						{"origin": [-3.975, 0, 6.2], "size": [1, 29, 1], "pivot": [-2.975, 0, 7.2], "rotation": [0, 10, 0], "uv": [268, 294]},
						{"origin": [-14.40505, 0, 8.2], "size": [11, 29, 1], "pivot": [-14.40505, 0, 8.2], "rotation": [0, 10, 0], "uv": [240, 150]},
						{"origin": [-14.40505, 0, 6.2], "size": [11, 29, 1], "pivot": [-14.40505, 0, 7.2], "rotation": [0, -10, 0], "uv": [240, 120]},
						{"origin": [-4.14865, 0, 9.18481], "size": [1, 29, 1], "pivot": [-3.14865, 0, 9.18481], "rotation": [0, -20, 0], "uv": [264, 294]},
						{"origin": [-4.14865, 0, 5.21519], "size": [1, 29, 1], "pivot": [-3.14865, 0, 6.21519], "rotation": [0, 20, 0], "uv": [164, 294]},
						{"origin": [-14.2314, 0, 9.18481], "size": [11, 29, 1], "pivot": [-14.2314, 0, 9.18481], "rotation": [0, 20, 0], "uv": [240, 90]},
						{"origin": [-14.2314, 0, 5.21519], "size": [11, 29, 1], "pivot": [-14.2314, 0, 6.21519], "rotation": [0, -20, 0], "uv": [240, 60]},
						{"origin": [-4.49067, 0, 10.1245], "size": [1, 29, 1], "pivot": [-3.49067, 0, 10.1245], "rotation": [0, -30, 0], "uv": [160, 294]},
						{"origin": [-4.49067, 0, 4.2755], "size": [1, 29, 1], "pivot": [-3.49067, 0, 5.2755], "rotation": [0, 30, 0], "uv": [156, 294]},
						{"origin": [-13.88938, 0, 10.1245], "size": [11, 29, 1], "pivot": [-13.88938, 0, 10.1245], "rotation": [0, 30, 0], "uv": [240, 30]},
						{"origin": [-13.88938, 0, 4.2755], "size": [11, 29, 1], "pivot": [-13.88938, 0, 5.2755], "rotation": [0, -30, 0], "uv": [240, 0]},
						{"origin": [-4.99067, 0, 10.99053], "size": [1, 29, 1], "pivot": [-3.99067, 0, 10.99053], "rotation": [0, -40, 0], "uv": [152, 294]},
						{"origin": [-4.99067, 0, 3.40947], "size": [1, 29, 1], "pivot": [-3.99067, 0, 4.40947], "rotation": [0, 40, 0], "uv": [148, 294]},
						{"origin": [-13.38938, 0, 10.99053], "size": [11, 29, 1], "pivot": [-13.38938, 0, 10.99053], "rotation": [0, 40, 0], "uv": [240, 240]},
						{"origin": [-13.38938, 0, 3.40947], "size": [11, 29, 1], "pivot": [-13.38938, 0, 4.40947], "rotation": [0, -40, 0], "uv": [120, 240]},
						{"origin": [-5.63346, 0, 11.75657], "size": [1, 29, 1], "pivot": [-4.63346, 0, 11.75657], "rotation": [0, -50, 0], "uv": [144, 294]},
						{"origin": [-5.63346, 0, 2.64343], "size": [1, 29, 1], "pivot": [-4.63346, 0, 3.64343], "rotation": [0, 50, 0], "uv": [44, 294]},
						{"origin": [-12.7466, 0, 11.75657], "size": [11, 29, 1], "pivot": [-12.7466, 0, 11.75657], "rotation": [0, 50, 0], "uv": [0, 240]},
						{"origin": [-12.7466, 0, 2.64343], "size": [11, 29, 1], "pivot": [-12.7466, 0, 3.64343], "rotation": [0, -50, 0], "uv": [144, 234]},
						{"origin": [-6.3995, 0, 12.39936], "size": [1, 29, 1], "pivot": [-5.3995, 0, 12.39936], "rotation": [0, -60, 0], "uv": [40, 294]},
						{"origin": [-6.3995, 0, 2.00064], "size": [1, 29, 1], "pivot": [-5.3995, 0, 3.00064], "rotation": [0, 60, 0], "uv": [36, 294]},
						{"origin": [-11.98055, 0, 12.39936], "size": [11, 29, 1], "pivot": [-11.98055, 0, 12.39936], "rotation": [0, 60, 0], "uv": [24, 234]},
						{"origin": [-11.98055, 0, 2.00064], "size": [11, 29, 1], "pivot": [-11.98055, 0, 3.00064], "rotation": [0, -60, 0], "uv": [168, 228]},
						{"origin": [-7.26553, 0, 12.89936], "size": [1, 29, 1], "pivot": [-6.26553, 0, 12.89936], "rotation": [0, -70, 0], "uv": [32, 294]},
						{"origin": [-7.26553, 0, 1.50064], "size": [1, 29, 1], "pivot": [-6.26553, 0, 2.50064], "rotation": [0, 70, 0], "uv": [28, 294]},
						{"origin": [-11.11453, 0, 12.89936], "size": [11, 29, 1], "pivot": [-11.11453, 0, 12.89936], "rotation": [0, 70, 0], "uv": [48, 228]},
						{"origin": [-11.11453, 0, 1.50064], "size": [11, 29, 1], "pivot": [-11.11453, 0, 2.50064], "rotation": [0, -70, 0], "uv": [192, 222]},
						{"origin": [-8.20522, 0, 13.24138], "size": [1, 29, 1], "pivot": [-7.20522, 0, 13.24138], "rotation": [0, -80, 0], "uv": [24, 294]},
						{"origin": [-8.20522, 0, 1.15862], "size": [1, 29, 1], "pivot": [-7.20522, 0, 2.15862], "rotation": [0, 80, 0], "uv": [292, 240]},
						{"origin": [-10.17483, 0, 13.24138], "size": [11, 29, 1], "pivot": [-10.17483, 0, 13.24138], "rotation": [0, 80, 0], "uv": [72, 222]},
						{"origin": [-10.17483, 0, 1.15862], "size": [11, 29, 1], "pivot": [-10.17483, 0, 2.15862], "rotation": [0, -80, 0], "uv": [216, 180]},
						{"origin": [-19.19003, 0, 13.41503], "size": [11, 29, 1], "pivot": [-8.19003, 0, 13.41503], "rotation": [0, -90, 0], "uv": [216, 150]},
						{"origin": [-9.19003, 0, 0.98497], "size": [1, 29, 1], "pivot": [-8.19003, 0, 1.98497], "rotation": [0, 90, 0], "uv": [292, 210]}
					]
				},
				{
					"name": "bone7",
					"parent": "shell7",
					"pivot": [-6.2178, 2, 7.7],
					"cubes": [
						{"origin": [-3.42586, -0.24, 7.14], "size": [1.12, 4.48, 1.12], "uv": [172, 150]},
						{"origin": [-3.42586, -0.24, 8.26], "size": [1.12, 4.48, 1.12], "pivot": [-2.30586, -0.24, 8.26], "rotation": [0, -10, 0], "uv": [168, 160]},
						{"origin": [-3.62035, -0.24, 9.36298], "size": [1.12, 4.48, 1.12], "pivot": [-2.50035, -0.24, 9.36298], "rotation": [0, -20, 0], "uv": [168, 155]},
						{"origin": [-4.00341, -0.24, 10.41544], "size": [1.12, 4.48, 1.12], "pivot": [-2.88341, -0.24, 10.41544], "rotation": [0, -30, 0], "uv": [168, 150]},
						{"origin": [-4.56341, -0.24, 11.38539], "size": [1.12, 4.48, 1.12], "pivot": [-3.44341, -0.24, 11.38539], "rotation": [0, -40, 0], "uv": [164, 125]},
						{"origin": [-5.28333, -0.24, 12.24336], "size": [1.12, 4.48, 1.12], "pivot": [-4.16333, -0.24, 12.24336], "rotation": [0, -50, 0], "uv": [164, 120]},
						{"origin": [-6.1413, -0.24, 12.96328], "size": [1.12, 4.48, 1.12], "pivot": [-5.0213, -0.24, 12.96328], "rotation": [0, -60, 0], "uv": [163, 139]},
						{"origin": [-7.11125, -0.24, 13.52328], "size": [1.12, 4.48, 1.12], "pivot": [-5.99125, -0.24, 13.52328], "rotation": [0, -70, 0], "uv": [162, 130]},
						{"origin": [-8.16371, -0.24, 13.90634], "size": [1.12, 4.48, 1.12], "pivot": [-7.04371, -0.24, 13.90634], "rotation": [0, -80, 0], "uv": [160, 135]},
						{"origin": [-20.46669, -0.24, 14.10083], "size": [12.32, 4.48, 1.12], "pivot": [-8.14669, -0.24, 14.10083], "rotation": [0, -90, 0], "uv": [50, 326]},
						{"origin": [-15.10752, -0.24, 7.14], "size": [12.32, 4.48, 1.12], "uv": [24, 326]},
						{"origin": [-15.10752, -0.24, 8.26], "size": [12.32, 4.48, 1.12], "pivot": [-15.10752, -0.24, 8.26], "rotation": [0, 10, 0], "uv": [325, 325]},
						{"origin": [-14.91304, -0.24, 9.36298], "size": [12.32, 4.48, 1.12], "pivot": [-14.91304, -0.24, 9.36298], "rotation": [0, 20, 0], "uv": [299, 325]},
						{"origin": [-14.52997, -0.24, 10.41544], "size": [12.32, 4.48, 1.12], "pivot": [-14.52997, -0.24, 10.41544], "rotation": [0, 30, 0], "uv": [246, 324]},
						{"origin": [-13.96997, -0.24, 11.38539], "size": [12.32, 4.48, 1.12], "pivot": [-13.96997, -0.24, 11.38539], "rotation": [0, 40, 0], "uv": [126, 324]},
						{"origin": [-13.25005, -0.24, 12.24336], "size": [12.32, 4.48, 1.12], "pivot": [-13.25005, -0.24, 12.24336], "rotation": [0, 50, 0], "uv": [322, 290]},
						{"origin": [-12.39208, -0.24, 12.96328], "size": [12.32, 4.48, 1.12], "pivot": [-12.39208, -0.24, 12.96328], "rotation": [0, 60, 0], "uv": [220, 321]},
						{"origin": [-11.42213, -0.24, 13.52328], "size": [12.32, 4.48, 1.12], "pivot": [-11.42213, -0.24, 13.52328], "rotation": [0, 70, 0], "uv": [194, 321]},
						{"origin": [-10.36968, -0.24, 13.90634], "size": [12.32, 4.48, 1.12], "pivot": [-10.36968, -0.24, 13.90634], "rotation": [0, 80, 0], "uv": [168, 321]},
						{"origin": [-3.42586, -0.24, 6.02], "size": [1.12, 4.48, 1.12], "pivot": [-2.30586, -0.24, 7.14], "rotation": [0, 10, 0], "uv": [160, 125]},
						{"origin": [-3.62035, -0.24, 4.91702], "size": [1.12, 4.48, 1.12], "pivot": [-2.50035, -0.24, 6.03702], "rotation": [0, 20, 0], "uv": [160, 120]},
						{"origin": [-4.00341, -0.24, 3.86456], "size": [1.12, 4.48, 1.12], "pivot": [-2.88341, -0.24, 4.98456], "rotation": [0, 30, 0], "uv": [158, 130]},
						{"origin": [-4.56341, -0.24, 2.89461], "size": [1.12, 4.48, 1.12], "pivot": [-3.44341, -0.24, 4.01461], "rotation": [0, 40, 0], "uv": [157, 139]},
						{"origin": [-5.28333, -0.24, 2.03664], "size": [1.12, 4.48, 1.12], "pivot": [-4.16333, -0.24, 3.15664], "rotation": [0, 50, 0], "uv": [156, 125]},
						{"origin": [-6.1413, -0.24, 1.31672], "size": [1.12, 4.48, 1.12], "pivot": [-5.0213, -0.24, 2.43672], "rotation": [0, 60, 0], "uv": [156, 120]},
						{"origin": [-7.11125, -0.24, 0.75672], "size": [1.12, 4.48, 1.12], "pivot": [-5.99125, -0.24, 1.87672], "rotation": [0, 70, 0], "uv": [155, 134]},
						{"origin": [-8.16371, -0.24, 0.37366], "size": [1.12, 4.48, 1.12], "pivot": [-7.04371, -0.24, 1.49366], "rotation": [0, 80, 0], "uv": [153, 139]},
						{"origin": [-9.26669, -0.24, 0.17917], "size": [1.12, 4.48, 1.12], "pivot": [-8.14669, -0.24, 1.29917], "rotation": [0, 90, 0], "uv": [152, 130]},
						{"origin": [-15.10752, -0.24, 6.02], "size": [12.32, 4.48, 1.12], "pivot": [-15.10752, -0.24, 7.14], "rotation": [0, -10, 0], "uv": [100, 321]},
						{"origin": [-14.91304, -0.24, 4.91702], "size": [12.32, 4.48, 1.12], "pivot": [-14.91304, -0.24, 6.03702], "rotation": [0, -20, 0], "uv": [74, 321]},
						{"origin": [-14.52997, -0.24, 3.86456], "size": [12.32, 4.48, 1.12], "pivot": [-14.52997, -0.24, 4.98456], "rotation": [0, -30, 0], "uv": [48, 321]},
						{"origin": [-13.96997, -0.24, 2.89461], "size": [12.32, 4.48, 1.12], "pivot": [-13.96997, -0.24, 4.01461], "rotation": [0, -40, 0], "uv": [300, 320]},
						{"origin": [-13.25005, -0.24, 2.03664], "size": [12.32, 4.48, 1.12], "pivot": [-13.25005, -0.24, 3.15664], "rotation": [0, -50, 0], "uv": [318, 285]},
						{"origin": [-12.39208, -0.24, 1.31672], "size": [12.32, 4.48, 1.12], "pivot": [-12.39208, -0.24, 2.43672], "rotation": [0, -60, 0], "uv": [218, 316]},
						{"origin": [-11.42213, -0.24, 0.75672], "size": [12.32, 4.48, 1.12], "pivot": [-11.42213, -0.24, 1.87672], "rotation": [0, -70, 0], "uv": [192, 316]},
						{"origin": [-10.36968, -0.24, 0.37366], "size": [12.32, 4.48, 1.12], "pivot": [-10.36968, -0.24, 1.49366], "rotation": [0, -80, 0], "uv": [98, 316]}
					]
				},
				{
					"name": "shell8",
					"parent": "main",
					"pivot": [-10.9, 0, -6.275],
					"cubes": [
						{"origin": [-11.9, 0, -6.275], "size": [1, 29, 1], "uv": [276, 294]},
						{"origin": [-22.33005, 0, -6.275], "size": [11, 29, 1], "uv": [240, 180]},
						{"origin": [-11.9, 0, -5.275], "size": [1, 29, 1], "pivot": [-10.9, 0, -5.275], "rotation": [0, -10, 0], "uv": [272, 294]},
						{"origin": [-11.9, 0, -7.275], "size": [1, 29, 1], "pivot": [-10.9, 0, -6.275], "rotation": [0, 10, 0], "uv": [268, 294]},
						{"origin": [-22.33005, 0, -5.275], "size": [11, 29, 1], "pivot": [-22.33005, 0, -5.275], "rotation": [0, 10, 0], "uv": [240, 150]},
						{"origin": [-22.33005, 0, -7.275], "size": [11, 29, 1], "pivot": [-22.33005, 0, -6.275], "rotation": [0, -10, 0], "uv": [240, 120]},
						{"origin": [-12.07365, 0, -4.29019], "size": [1, 29, 1], "pivot": [-11.07365, 0, -4.29019], "rotation": [0, -20, 0], "uv": [264, 294]},
						{"origin": [-12.07365, 0, -8.25981], "size": [1, 29, 1], "pivot": [-11.07365, 0, -7.25981], "rotation": [0, 20, 0], "uv": [164, 294]},
						{"origin": [-22.1564, 0, -4.29019], "size": [11, 29, 1], "pivot": [-22.1564, 0, -4.29019], "rotation": [0, 20, 0], "uv": [240, 90]},
						{"origin": [-22.1564, 0, -8.25981], "size": [11, 29, 1], "pivot": [-22.1564, 0, -7.25981], "rotation": [0, -20, 0], "uv": [240, 60]},
						{"origin": [-12.41567, 0, -3.3505], "size": [1, 29, 1], "pivot": [-11.41567, 0, -3.3505], "rotation": [0, -30, 0], "uv": [160, 294]},
						{"origin": [-12.41567, 0, -9.1995], "size": [1, 29, 1], "pivot": [-11.41567, 0, -8.1995], "rotation": [0, 30, 0], "uv": [156, 294]},
						{"origin": [-21.81438, 0, -3.3505], "size": [11, 29, 1], "pivot": [-21.81438, 0, -3.3505], "rotation": [0, 30, 0], "uv": [240, 30]},
						{"origin": [-21.81438, 0, -9.1995], "size": [11, 29, 1], "pivot": [-21.81438, 0, -8.1995], "rotation": [0, -30, 0], "uv": [240, 0]},
						{"origin": [-12.91567, 0, -2.48447], "size": [1, 29, 1], "pivot": [-11.91567, 0, -2.48447], "rotation": [0, -40, 0], "uv": [152, 294]},
						{"origin": [-12.91567, 0, -10.06553], "size": [1, 29, 1], "pivot": [-11.91567, 0, -9.06553], "rotation": [0, 40, 0], "uv": [148, 294]},
						{"origin": [-21.31438, 0, -2.48447], "size": [11, 29, 1], "pivot": [-21.31438, 0, -2.48447], "rotation": [0, 40, 0], "uv": [240, 240]},
						{"origin": [-21.31438, 0, -10.06553], "size": [11, 29, 1], "pivot": [-21.31438, 0, -9.06553], "rotation": [0, -40, 0], "uv": [120, 240]},
						{"origin": [-13.55846, 0, -1.71843], "size": [1, 29, 1], "pivot": [-12.55846, 0, -1.71843], "rotation": [0, -50, 0], "uv": [144, 294]},
						{"origin": [-13.55846, 0, -10.83157], "size": [1, 29, 1], "pivot": [-12.55846, 0, -9.83157], "rotation": [0, 50, 0], "uv": [44, 294]},
						{"origin": [-20.6716, 0, -1.71843], "size": [11, 29, 1], "pivot": [-20.6716, 0, -1.71843], "rotation": [0, 50, 0], "uv": [0, 240]},
						{"origin": [-20.6716, 0, -10.83157], "size": [11, 29, 1], "pivot": [-20.6716, 0, -9.83157], "rotation": [0, -50, 0], "uv": [144, 234]},
						{"origin": [-14.3245, 0, -1.07564], "size": [1, 29, 1], "pivot": [-13.3245, 0, -1.07564], "rotation": [0, -60, 0], "uv": [40, 294]},
						{"origin": [-14.3245, 0, -11.47436], "size": [1, 29, 1], "pivot": [-13.3245, 0, -10.47436], "rotation": [0, 60, 0], "uv": [36, 294]},
						{"origin": [-19.90555, 0, -1.07564], "size": [11, 29, 1], "pivot": [-19.90555, 0, -1.07564], "rotation": [0, 60, 0], "uv": [24, 234]},
						{"origin": [-19.90555, 0, -11.47436], "size": [11, 29, 1], "pivot": [-19.90555, 0, -10.47436], "rotation": [0, -60, 0], "uv": [168, 228]},
						{"origin": [-15.19053, 0, -0.57564], "size": [1, 29, 1], "pivot": [-14.19053, 0, -0.57564], "rotation": [0, -70, 0], "uv": [32, 294]},
						{"origin": [-15.19053, 0, -11.97436], "size": [1, 29, 1], "pivot": [-14.19053, 0, -10.97436], "rotation": [0, 70, 0], "uv": [28, 294]},
						{"origin": [-19.03953, 0, -0.57564], "size": [11, 29, 1], "pivot": [-19.03953, 0, -0.57564], "rotation": [0, 70, 0], "uv": [48, 228]},
						{"origin": [-19.03953, 0, -11.97436], "size": [11, 29, 1], "pivot": [-19.03953, 0, -10.97436], "rotation": [0, -70, 0], "uv": [192, 222]},
						{"origin": [-16.13022, 0, -0.23362], "size": [1, 29, 1], "pivot": [-15.13022, 0, -0.23362], "rotation": [0, -80, 0], "uv": [24, 294]},
						{"origin": [-16.13022, 0, -12.31638], "size": [1, 29, 1], "pivot": [-15.13022, 0, -11.31638], "rotation": [0, 80, 0], "uv": [292, 240]},
						{"origin": [-18.09983, 0, -0.23362], "size": [11, 29, 1], "pivot": [-18.09983, 0, -0.23362], "rotation": [0, 80, 0], "uv": [72, 222]},
						{"origin": [-18.09983, 0, -12.31638], "size": [11, 29, 1], "pivot": [-18.09983, 0, -11.31638], "rotation": [0, -80, 0], "uv": [216, 180]},
						{"origin": [-27.11503, 0, -0.05997], "size": [11, 29, 1], "pivot": [-16.11503, 0, -0.05997], "rotation": [0, -90, 0], "uv": [216, 150]},
						{"origin": [-17.11503, 0, -12.49003], "size": [1, 29, 1], "pivot": [-16.11503, 0, -11.49003], "rotation": [0, 90, 0], "uv": [292, 210]}
					]
				},
				{
					"name": "bone8",
					"parent": "shell8",
					"pivot": [-14.1428, 2, -5.775],
					"cubes": [
						{"origin": [-11.35086, -0.24, -6.335], "size": [1.12, 4.48, 1.12], "uv": [172, 150]},
						{"origin": [-11.35086, -0.24, -5.215], "size": [1.12, 4.48, 1.12], "pivot": [-10.23086, -0.24, -5.215], "rotation": [0, -10, 0], "uv": [168, 160]},
						{"origin": [-11.54535, -0.24, -4.11202], "size": [1.12, 4.48, 1.12], "pivot": [-10.42535, -0.24, -4.11202], "rotation": [0, -20, 0], "uv": [168, 155]},
						{"origin": [-11.92841, -0.24, -3.05956], "size": [1.12, 4.48, 1.12], "pivot": [-10.80841, -0.24, -3.05956], "rotation": [0, -30, 0], "uv": [168, 150]},
						{"origin": [-12.48841, -0.24, -2.08961], "size": [1.12, 4.48, 1.12], "pivot": [-11.36841, -0.24, -2.08961], "rotation": [0, -40, 0], "uv": [164, 125]},
						{"origin": [-13.20833, -0.24, -1.23164], "size": [1.12, 4.48, 1.12], "pivot": [-12.08833, -0.24, -1.23164], "rotation": [0, -50, 0], "uv": [164, 120]},
						{"origin": [-14.0663, -0.24, -0.51172], "size": [1.12, 4.48, 1.12], "pivot": [-12.9463, -0.24, -0.51172], "rotation": [0, -60, 0], "uv": [163, 139]},
						{"origin": [-15.03625, -0.24, 0.04828], "size": [1.12, 4.48, 1.12], "pivot": [-13.91625, -0.24, 0.04828], "rotation": [0, -70, 0], "uv": [162, 130]},
						{"origin": [-16.08871, -0.24, 0.43134], "size": [1.12, 4.48, 1.12], "pivot": [-14.96871, -0.24, 0.43134], "rotation": [0, -80, 0], "uv": [160, 135]},
						{"origin": [-28.39169, -0.24, 0.62583], "size": [12.32, 4.48, 1.12], "pivot": [-16.07169, -0.24, 0.62583], "rotation": [0, -90, 0], "uv": [50, 326]},
						{"origin": [-23.03252, -0.24, -6.335], "size": [12.32, 4.48, 1.12], "uv": [24, 326]},
						{"origin": [-23.03252, -0.24, -5.215], "size": [12.32, 4.48, 1.12], "pivot": [-23.03252, -0.24, -5.215], "rotation": [0, 10, 0], "uv": [325, 325]},
						{"origin": [-22.83804, -0.24, -4.11202], "size": [12.32, 4.48, 1.12], "pivot": [-22.83804, -0.24, -4.11202], "rotation": [0, 20, 0], "uv": [299, 325]},
						{"origin": [-22.45497, -0.24, -3.05956], "size": [12.32, 4.48, 1.12], "pivot": [-22.45497, -0.24, -3.05956], "rotation": [0, 30, 0], "uv": [246, 324]},
						{"origin": [-21.89497, -0.24, -2.08961], "size": [12.32, 4.48, 1.12], "pivot": [-21.89497, -0.24, -2.08961], "rotation": [0, 40, 0], "uv": [126, 324]},
						{"origin": [-21.17505, -0.24, -1.23164], "size": [12.32, 4.48, 1.12], "pivot": [-21.17505, -0.24, -1.23164], "rotation": [0, 50, 0], "uv": [322, 290]},
						{"origin": [-20.31708, -0.24, -0.51172], "size": [12.32, 4.48, 1.12], "pivot": [-20.31708, -0.24, -0.51172], "rotation": [0, 60, 0], "uv": [220, 321]},
						{"origin": [-19.34713, -0.24, 0.04828], "size": [12.32, 4.48, 1.12], "pivot": [-19.34713, -0.24, 0.04828], "rotation": [0, 70, 0], "uv": [194, 321]},
						{"origin": [-18.29468, -0.24, 0.43134], "size": [12.32, 4.48, 1.12], "pivot": [-18.29468, -0.24, 0.43134], "rotation": [0, 80, 0], "uv": [168, 321]},
						{"origin": [-11.35086, -0.24, -7.455], "size": [1.12, 4.48, 1.12], "pivot": [-10.23086, -0.24, -6.335], "rotation": [0, 10, 0], "uv": [160, 125]},
						{"origin": [-11.54535, -0.24, -8.55798], "size": [1.12, 4.48, 1.12], "pivot": [-10.42535, -0.24, -7.43798], "rotation": [0, 20, 0], "uv": [160, 120]},
						{"origin": [-11.92841, -0.24, -9.61044], "size": [1.12, 4.48, 1.12], "pivot": [-10.80841, -0.24, -8.49044], "rotation": [0, 30, 0], "uv": [158, 130]},
						{"origin": [-12.48841, -0.24, -10.58039], "size": [1.12, 4.48, 1.12], "pivot": [-11.36841, -0.24, -9.46039], "rotation": [0, 40, 0], "uv": [157, 139]},
						{"origin": [-13.20833, -0.24, -11.43836], "size": [1.12, 4.48, 1.12], "pivot": [-12.08833, -0.24, -10.31836], "rotation": [0, 50, 0], "uv": [156, 125]},
						{"origin": [-14.0663, -0.24, -12.15828], "size": [1.12, 4.48, 1.12], "pivot": [-12.9463, -0.24, -11.03828], "rotation": [0, 60, 0], "uv": [156, 120]},
						{"origin": [-15.03625, -0.24, -12.71828], "size": [1.12, 4.48, 1.12], "pivot": [-13.91625, -0.24, -11.59828], "rotation": [0, 70, 0], "uv": [155, 134]},
						{"origin": [-16.08871, -0.24, -13.10134], "size": [1.12, 4.48, 1.12], "pivot": [-14.96871, -0.24, -11.98134], "rotation": [0, 80, 0], "uv": [153, 139]},
						{"origin": [-17.19169, -0.24, -13.29583], "size": [1.12, 4.48, 1.12], "pivot": [-16.07169, -0.24, -12.17583], "rotation": [0, 90, 0], "uv": [152, 130]},
						{"origin": [-23.03252, -0.24, -7.455], "size": [12.32, 4.48, 1.12], "pivot": [-23.03252, -0.24, -6.335], "rotation": [0, -10, 0], "uv": [100, 321]},
						{"origin": [-22.83804, -0.24, -8.55798], "size": [12.32, 4.48, 1.12], "pivot": [-22.83804, -0.24, -7.43798], "rotation": [0, -20, 0], "uv": [74, 321]},
						{"origin": [-22.45497, -0.24, -9.61044], "size": [12.32, 4.48, 1.12], "pivot": [-22.45497, -0.24, -8.49044], "rotation": [0, -30, 0], "uv": [48, 321]},
						{"origin": [-21.89497, -0.24, -10.58039], "size": [12.32, 4.48, 1.12], "pivot": [-21.89497, -0.24, -9.46039], "rotation": [0, -40, 0], "uv": [300, 320]},
						{"origin": [-21.17505, -0.24, -11.43836], "size": [12.32, 4.48, 1.12], "pivot": [-21.17505, -0.24, -10.31836], "rotation": [0, -50, 0], "uv": [318, 285]},
						{"origin": [-20.31708, -0.24, -12.15828], "size": [12.32, 4.48, 1.12], "pivot": [-20.31708, -0.24, -11.03828], "rotation": [0, -60, 0], "uv": [218, 316]},
						{"origin": [-19.34713, -0.24, -12.71828], "size": [12.32, 4.48, 1.12], "pivot": [-19.34713, -0.24, -11.59828], "rotation": [0, -70, 0], "uv": [192, 316]},
						{"origin": [-18.29468, -0.24, -13.10134], "size": [12.32, 4.48, 1.12], "pivot": [-18.29468, -0.24, -11.98134], "rotation": [0, -80, 0], "uv": [98, 316]}
					]
				},
				{
					"name": "leftArmA",
					"parent": "body",
					"pivot": [5, 22, 0]
				},
				{
					"name": "leftArm",
					"parent": "leftArmA",
					"pivot": [5, 22, 0]
				},
				{
					"name": "leftArmUp",
					"parent": "leftArm",
					"pivot": [6, 22, 0],
					"cubes": [
						{"origin": [4, 18, -2], "size": [4, 6, 4], "uv": [242, 361]}
					]
				},
				{
					"name": "leftSleeveUp",
					"parent": "leftArmUp",
					"pivot": [6, 22, 0],
					"cubes": [
						{"origin": [4, 18, -2], "size": [4, 6, 4], "inflate": 0.25, "uv": [242, 361]}
					]
				},
				{
					"name": "leftArmDown",
					"parent": "leftSleeveUp",
					"pivot": [6, 18, 2],
					"cubes": [
						{"origin": [4, 12, -2], "size": [4, 6, 4], "uv": [242, 361]}
					]
				},
				{
					"name": "leftSleeveDown",
					"parent": "leftArmDown",
					"pivot": [6, 18, 0],
					"cubes": [
						{"origin": [4, 12, -2], "size": [4, 6, 4], "inflate": 0.25, "uv": [242, 361]}
					]
				},
				{
					"name": "leftItem",
					"parent": "leftArmDown",
					"pivot": [6, 15, 1]
				},
				{
					"name": "rightLegA",
					"parent": "root",
					"pivot": [0, 0, 0]
				},
				{
					"name": "rightLeg",
					"parent": "rightLegA",
					"pivot": [-1.9, 12, 0]
				},
				{
					"name": "rightLegUp",
					"parent": "rightLeg",
					"pivot": [-1.9, 12, 0]
				},
				{
					"name": "rightPantsUp",
					"parent": "rightLegUp",
					"pivot": [-1.9, 12, 0]
				},
				{
					"name": "rightLegDown",
					"parent": "rightPantsUp",
					"pivot": [-1.9, 6, -2]
				},
				{
					"name": "rightPantsDown",
					"parent": "rightLegDown",
					"pivot": [-1.9, 6, 0]
				},
				{
					"name": "leftLegA",
					"parent": "root",
					"pivot": [0, 0, 0]
				},
				{
					"name": "leftLeg",
					"parent": "leftLegA",
					"pivot": [1.9, 12, 0]
				},
				{
					"name": "leftLegUp",
					"parent": "leftLeg",
					"pivot": [1.9, 12, 0]
				},
				{
					"name": "leftPantsUp",
					"parent": "leftLegUp",
					"pivot": [1.9, 12, 0]
				},
				{
					"name": "leftLegDown",
					"parent": "leftPantsUp",
					"pivot": [1.9, 6, -2]
				},
				{
					"name": "leftPantsDown",
					"parent": "leftLegDown",
					"pivot": [1.9, 6, 0]
				}
			]
		}
	]
}