{
	"format_version": "1.12.0",
	"minecraft:geometry": [
		{
			"description": {
				"identifier": "geometry.svi.mag",
				"texture_width": 1024,
				"texture_height": 1024,
				"visible_bounds_width": 18,
				"visible_bounds_height": 11,
				"visible_bounds_offset": [0, 3.5, 0]
			},
			"bones": [
				{
					"name": "root",
					"pivot": [0, 0, 0]
				},
				{
					"name": "waist",
					"parent": "root",
					"pivot": [0, 12, 0]
				},
				{
					"name": "body",
					"parent": "waist",
					"pivot": [0, 24, 0]
				},
				{
					"name": "head",
					"parent": "body",
					"pivot": [0, 24, 0]
				},
				{
					"name": "hat",
					"parent": "head",
					"pivot": [0, 24, 0]
				},
				{
					"name": "jacket",
					"parent": "body",
					"pivot": [0, 24, 0]
				},
				{
					"name": "rightArmA",
					"parent": "body",
					"pivot": [-5, 22, 0]
				},
				{
					"name": "rightArm",
					"parent": "rightArmA",
					"pivot": [-5, 22, 0]
				},
				{
					"name": "rightArmUp",
					"parent": "rightArm",
					"pivot": [-6, 22, 0],
					"cubes": [
						{"origin": [-8, 18, -2], "size": [4, 6, 4], "uv": [87, 905]}
					]
				},
				{
					"name": "rightSleeveUp",
					"parent": "rightArmUp",
					"pivot": [-6, 22, 0],
					"cubes": [
						{"origin": [-8, 18, -2], "size": [4, 6, 4], "inflate": 0.25, "uv": [54.875, 1134]}
					]
				},
				{
					"name": "rightArmDown",
					"parent": "rightSleeveUp",
					"pivot": [-6, 18, 2],
					"cubes": [
						{"origin": [-8, 12, -2], "size": [4, 6, 4], "uv": [87, 905]}
					]
				},
				{
					"name": "rightSleeveDown",
					"parent": "rightArmDown",
					"pivot": [-6, 18, 0],
					"cubes": [
						{"origin": [-8, 12, -2], "size": [4, 6, 4], "inflate": 0.25, "uv": [54.875, 1134]}
					]
				},
				{
					"name": "rightItem",
					"parent": "rightArmDown",
					"pivot": [-6, 15, 1]
				},
				{
					"name": "mag",
					"parent": "rightArmDown",
					"pivot": [-3.3104, 47.25211, 0.4256],
					"rotation": [-82.5, 0, 0],
					"cubes": [
						{"origin": [-25.72402, 42.96709, -33.85312], "size": [27.3056, 16.6208, 77.168], "pivot": [5, 46, 77], "rotation": [0, -15, -90], "uv": [143, 31]},
						{"origin": [-21.49554, 41.77989, 35.53358], "size": [32.0544, 18.9952, 11.872], "pivot": [5, 46, 77], "rotation": [0, -7.5, -90], "uv": [432, 335]},
						{"origin": [17.00327, 49.15834, 35.53298], "size": [2.3756, 3.35875, 11.8732], "inflate": 0.01, "pivot": [5, 46, 77], "rotation": [5.31847, -5.29571, -135.24614], "uv": [315, 79]},
						{"origin": [9.53978, 46.9464, 35.53298], "size": [2.3756, 3.35875, 11.8732], "inflate": 0.01, "pivot": [5, 46, 77], "rotation": [-5.31847, -5.29571, -44.75386], "uv": [313, 311]},
						{"origin": [10.55886, 44.15429, 35.53358], "size": [2.3744, 14.2464, 11.872], "pivot": [5, 46, 77], "rotation": [0, -7.5, -90], "uv": [136, 66]},
						{"origin": [-25.72402, 47.71589, -50.47392], "size": [27.3056, 7.1232, 16.6208], "inflate": -0.01, "pivot": [5, 46, 77], "rotation": [0, -15, -90], "uv": [352, 434]},
						{"origin": [-25.72402, 14.37953, -47.09892], "size": [27.3056, 5.936, 17.808], "inflate": 0.015, "pivot": [5, 46, 77], "rotation": [-15, -15, -90], "uv": [264, 434]},
						{"origin": [-25.72402, 81.87979, -44.36709], "size": [27.3056, 5.936, 17.808], "inflate": 0.01, "pivot": [5, 46, 77], "rotation": [15, -15, -90], "uv": [432, 364]}
					]
				},
				{
					"name": "leftArmA",
					"parent": "body",
					"pivot": [5, 22, 0]
				},
				{
					"name": "leftArm",
					"parent": "leftArmA",
					"pivot": [5, 22, 0]
				},
				{
					"name": "leftArmUp",
					"parent": "leftArm",
					"pivot": [6, 22, 0],
					"cubes": [
						{"origin": [4, 18, -2], "size": [4, 6, 4], "uv": [87, 905]}
					]
				},
				{
					"name": "leftSleeveUp",
					"parent": "leftArmUp",
					"pivot": [6, 22, 0],
					"cubes": [
						{"origin": [4, 18, -2], "size": [4, 6, 4], "inflate": 0.25, "uv": [54.875, 1134]}
					]
				},
				{
					"name": "leftArmDown",
					"parent": "leftSleeveUp",
					"pivot": [6, 18, 2],
					"cubes": [
						{"origin": [4, 12, -2], "size": [4, 6, 4], "uv": [87, 905]}
					]
				},
				{
					"name": "leftSleeveDown",
					"parent": "leftArmDown",
					"pivot": [6, 18, 0],
					"cubes": [
						{"origin": [4, 12, -2], "size": [4, 6, 4], "inflate": 0.25, "uv": [54.875, 1134]}
					]
				},
				{
					"name": "leftItem",
					"parent": "leftArmDown",
					"pivot": [6, 15, 1]
				},
				{
					"name": "rightLegA",
					"parent": "root",
					"pivot": [0, 0, 0]
				},
				{
					"name": "rightLeg",
					"parent": "rightLegA",
					"pivot": [-1.9, 12, 0]
				},
				{
					"name": "rightLegUp",
					"parent": "rightLeg",
					"pivot": [-1.9, 12, 0]
				},
				{
					"name": "rightPantsUp",
					"parent": "rightLegUp",
					"pivot": [-1.9, 12, 0]
				},
				{
					"name": "rightLegDown",
					"parent": "rightPantsUp",
					"pivot": [-1.9, 6, -2]
				},
				{
					"name": "rightPantsDown",
					"parent": "rightLegDown",
					"pivot": [-1.9, 6, 0]
				},
				{
					"name": "leftLegA",
					"parent": "root",
					"pivot": [0, 0, 0]
				},
				{
					"name": "leftLeg",
					"parent": "leftLegA",
					"pivot": [1.9, 12, 0]
				},
				{
					"name": "leftLegUp",
					"parent": "leftLeg",
					"pivot": [1.9, 12, 0]
				},
				{
					"name": "leftPantsUp",
					"parent": "leftLegUp",
					"pivot": [1.9, 12, 0]
				},
				{
					"name": "leftLegDown",
					"parent": "leftPantsUp",
					"pivot": [1.9, 6, -2]
				},
				{
					"name": "leftPantsDown",
					"parent": "leftLegDown",
					"pivot": [1.9, 6, 0]
				}
			]
		}
	]
}