{
  "format_version": "1.10.0",
  "minecraft:client_entity": {
    "description": {
      "identifier": "bomb:moon_cake",
      "materials": { "default": "slime" },
      "textures": {
        "default": "textures/bullet"
      },
      "geometry": {
        "default": "geometry.bullet"
      },
      "scripts": {
        "animate": [
          "move",
          "particles"
        ]
      },
      "animations": {
        "move": "animation.dsword.move",
        "particles": "controller.animation.moon_cake"
      },
      "particle_effects": {
        "trail_effect": "xm:bomb_moon_cake"
      },
      "spawn_egg": {
        "texture": "spawn_egg",
        "texture_index": 99
      },
      "render_controllers": [ "controller.render.slime" ]
    }
  }
}