{
	"format_version": "1.8.0",
	"animations": {
		"animation.psyduck.quiet": {
			"loop": true,
			"animation_length": 1.6,
			"bones": {
				"body": {
					"rotation": {
						"0.0": [0, 0, 0],
						"0.8": [5, 0, 0],
						"1.6": [0, 0, 0]
					}
				},
				"right_arm": {
					"rotation": {
						"0.0": [0, 0, 0],
						"0.8": [0, 0, 15],
						"1.6": [0, 0, 0]
					}
				},
				"left_arm": {
					"rotation": {
						"0.0": [0, 0, 0],
						"0.8": [0, 0, -15],
						"1.6": [0, 0, 0]
					}
				}
			}
		},
		"animation.psyduck.walk": {
			"loop": true,
			"animation_length": 0.8,
			"bones": {
				"psyduck": {
					"rotation": {
						"0.0": [0, 0, -5],
						"0.4": [0, 0, 5],
						"0.8": [0, 0, -5]
					},
					"position": {
						"0.0": [0, 2, 0],
						"0.2": [0, 0, 0],
						"0.4": [0, 2, 0],
						"0.6": [0, 0, 0],
						"0.8": [0, 2, 0]
					}
				},
				"right_arm": {
					"rotation": [0, 0, 150],
					"position": [0, -2, -1]
				},
				"left_arm": {
					"rotation": [0, 0, -150],
					"position": [0, -2, -1]
				},
				"right_leg": {
					"rotation": {
						"0.0": [30, 0, 0],
						"0.4": [-50, 0, 0],
						"0.8": [30, 0, 0]
					},
					"position": {
						"0.0": [0, 0, 4],
						"0.4": [0, 0, -4],
						"0.8": [0, 0, 4]
					}
				},
				"left_leg": {
					"rotation": {
						"0.0": [-50, 0, 0],
						"0.4": [30, 0, 0],
						"0.8": [-50, 0, 0]
					},
					"position": {
						"0.0": [0, 0, -4],
						"0.4": [0, 0, 4],
						"0.8": [0, 0, -4]
					}
				}
			}
		},
		"animation.psyduck.sitting": {
			"loop": true,
			"bones": {
				"psyduck": {
					"position": [0, -1, 0]
				},
				"right_arm": {
					"rotation": [0, 0, 150],
					"position": [0, -2, -1]
				},
				"left_arm": {
					"rotation": [0, 0, -150],
					"position": [0, -2, -1]
				},
				"legs": {
					"rotation": [-90, 0, 0],
					"position": [0, 2, -6]
				}
			}
		},
		"animation.psyduck.jump": {
			"loop": true,
			"bones": {
				"psyduck": {
					"position": [0, 2, 0]
				},
				"right_arm": {
					"rotation": [0, 0, 100],
					"position": [1, 0, 0]
				},
				"left_arm": {
					"rotation": [0, 0, -100],
					"position": [-1, 0, 0]
				},
				"legs": {
					"rotation": [40, 0, 0],
					"position": [0, 1, 0]
				}
			}
		},
		"animation.psyduck.attack": {
			"loop": true,
			"bones": {
				"psyduck": {
					"position": [0, 2, -2]
				},
				"body": {
					"rotation": [-17.5, 0, 0]
				},
				"right_arm": {
					"rotation": [0, -30, 105],
					"position": [2, 0, 0]
				},
				"left_arm": {
					"rotation": [0, 30, -105],
					"position": [-2, 0, 0]
				},
				"legs": {
					"rotation": [40, 0, 0],
					"position": [0, 1, 2]
				}
			}
		},
		"animation.psyduck.swimming": {
			"loop": true,
			"animation_length": 0.8,
			"bones": {
				"right_arm": {
					"rotation": {
						"0.0": [0, 30, 45],
						"0.4": [0, -30, 45],
						"0.8": [0, 30, 45]
					}
				},
				"left_arm": {
					"rotation": {
						"0.0": [0, -30, -45],
						"0.4": [0, 30, -45],
						"0.8": [0, -30, -45]
					}
				},
				"legs": {
					"rotation": {
						"0.0": [45, 0, 0],
						"0.4": [15, 0, 0],
						"0.8": [45, 0, 0]
					}
				}
			}
		},
        "animation.psyduck.health_bar":{
            "loop":true,
            "bones":{
                "health_hover":{
    "rotation":["q.camera_rotation(0)","q.camera_rotation(1)-q.body_y_rotation",0],
	"position": [0,24,0],
    "scale":"query.is_in_ui?0:1.5"
                },
				"bar_green": {
					"scale": ["query.health/query.max_health*1", 1, 1]
				},
				"bar_black": {
					"scale": ["(1)+(query.health/query.max_health*-1)", 1, 1]
				}
			}
        }
	}
}