{
  "format_version": "1.13.0",
  "minecraft:structure_template_feature": {
    "description": {
      "identifier": "minecraft:baobab_small_1_feature"
    },
    "structure_name": "mystructure:small_baobab_1",
    "adjustment_radius": 8,
    "facing_direction": "random",
    "constraints": {
      "grounded": {},
      "block_intersection": {
        "block_whitelist": [
          "minecraft:air",
          "minecraft:grass",
		      "ycreatures_savanna:packed_coarse_dirt",
		      "ycreatures_savanna:strata"
        ]
      }
    }
  }
}