{
  "format_version": "1.13.0",
  "minecraft:tree_feature": {
    "description": {
      "identifier": "minecraft:bush_acacia_feature"
    },
    "trunk": {
      "trunk_height": 1,
      "trunk_block": {
        "name": "minecraft:log2",
        "states": {
          "new_log_type": "acacia"
        }
      },
      "can_be_submerged": {
        "max_depth": 1
      }
    },
    "canopy": {
      "canopy_offset": {
        "min": -1,
        "max": 1
      },
      "leaf_block": {
        "name": "minecraft:leaves2",
        "states": {
          "new_leaf_type": "acacia"
        }
      },
      "min_width": 0,
      "canopy_slope": {
        "rise": 1,
        "run": 1
      },
      "variation_chance": {
        "numerator": 1,
        "denominator": 2
      }
    },
    "base_block": [
      "minecraft:grass",
      "minecraft:dirt",
	  "ycreatures_savanna:strata",
	  "ycreatures_savanna:packed_coarse_dirt"
    ],
    "may_grow_on": [
      "minecraft:grass",
      "minecraft:dirt",
	  "ycreatures_savanna:strata",
	  "ycreatures_savanna:packed_coarse_dirt"
    ],
    "may_replace": [
      "minecraft:air",
	  "ycreatures_savanna:dead_shrub_grass",
	  "ycreatures_savanna:dead_weed_grass",
      {
        "name": "minecraft:leaves",
        "states": {
          "old_leaf_type": "oak"
        }
      },
      {
        "name": "minecraft:leaves",
        "states": {
          "old_leaf_type": "spruce"
        }
      },
      {
        "name": "minecraft:leaves",
        "states": {
          "old_leaf_type": "birch"
        }
      },
      {
        "name": "minecraft:leaves",
        "states": {
          "old_leaf_type": "jungle"
        }
      },
      {
        "name": "minecraft:leaves2",
        "states": {
          "new_leaf_type": "acacia"
        }
      },
      {
        "name": "minecraft:leaves2",
        "states": {
          "new_leaf_type": "dark_oak"
        }
      }
    ],
    "may_grow_through": [
      "minecraft:dirt",
      "minecraft:grass",
	  "ycreatures_savanna:strata",
	  "ycreatures_savanna:packed_coarse_dirt",
      {
        "name": "minecraft:dirt",
        "states": {
          "dirt_type": "coarse"
        }
      }
    ]
  }
}