{
  "format_version": "1.13.0",
  "minecraft:structure_template_feature": {
    "description": {
      "identifier": "minecraft:feature_strata_rock_i7"
    },
    "structure_name": "mystructure:strata_rock_i7",
    "adjustment_radius": 8,
    "facing_direction": "random",
    "constraints": {
      "grounded": {},
      "block_intersection": {
        "block_whitelist": [
          "minecraft:air",
          "minecraft:grass",
          "minecraft:dirt",
          "minecraft:gravel",
          "minecraft:sand",
          "minecraft:stone",
		  "ycreatures_savanna:strata",
		  "ycreatures_savanna:packed_coarse_dirt"
        ]
      }
    }
  }
}