{
  "format_version": "1.13.0",
  "minecraft:structure_template_feature": {
    "description": {
      "identifier": "minecraft:structure_savanna_dungeon_2"
    },
    "structure_name": "mystructure:savanna_dungeon_2",
    "adjustment_radius": 8,
    "facing_direction": "random",
    "constraints": {
      "grounded": {},
      "block_intersection": {
        "block_whitelist": [
          "minecraft:air",
          "minecraft:grass",
          "minecraft:dirt",
          "minecraft:gravel",
          "minecraft:sand",
          "minecraft:stone",
		  "ycreatures_savanna:strata",
		  "ycreatures_savanna:packed_coarse_dirt",
		  "ycreatures_savanna:dark_mud"
        ]
      }
    }
  }
}