{
  "format_version": "1.13.0",
  "minecraft:single_block_feature": {
    "description": {
      "identifier": "minecraft:surface_rock_minor_feature"
    },
    "places_block": "ycreatures_savanna:small_strata_rocks",
    "enforce_survivability_rules": true,
    "enforce_placement_rules": true,
    "may_attach_to": {
      "min_sides_must_attach": 1,
	  "bottom": [
        {
          "name": "minecraft:grass"
        },
		{
          "name": "minecraft:dirt"
        },
		{
          "name": "ycreatures_savanna:strata"
        },
		{
          "name": "ycreatures_savanna:packed_coarse_dirt"
        }
      ]
    },
	"may_replace": [
	  "minecraft:air"
    ]
  }
}