{
	"format_version": "1.13.0",

	"minecraft:single_block_feature": {
		"description": {
			"identifier": "minecraft:water_pool_in_soggy_soil_gabriel"
		},

		"places_block": "minecraft:water",
		"enforce_placement_rules": false,
		"enforce_survivability_rules": false,
        "may_attach_to": {
            "min_sides_must_attach": 4,
            "sides": [
				"ycreatures_savanna:soggy_soil",
				"minecraft:water"
            ],
			"bottom": [
				"ycreatures_savanna:soggy_soil"
            ],
			"top": [
				"minecraft:air"
            ]
        },
        "may_replace": [
		  "ycreatures_savanna:soggy_soil"
        ]
	}
}
