{
  "format_version": "1.16.210",
  "minecraft:entity": {
    "description": {
      "identifier": "pg:bullet_b_glados",
      "is_spawnable": false,
      "is_summonable": true,
      "runtime_identifier": "minecraft:snowball",
	  "scripts": {
	  "pre_animation": [
		"variable.bullet = 2;"
		],
        "animate": [
          "default"
        ]
      },
      "animations": {
        "default": "controller.animation.portal"
      }
    },
	"component_groups":{
		"portal":{
			"minecraft:transformation":{
				"into": "pg:portal_b_glados"
			}
		},
		"on_destroy":{
			"minecraft:is_sheared":{}
		},
		"despawn":{
			"minecraft:instant_despawn":{}
		}
	},
    "components": {
		"minecraft:type_family": {
          "family": [ "pg","bluep" ]
        },
	"minecraft:tick_world":{
		"never_despawn": true,
		"radius": 2
	},
	"minecraft:variant":{
		"value":2
	},
	"minecraft:timer":{
	"looping": false,
	"time": [0.2,0.2],
	"time_down_event":{
		"event": "destroy",
		"target": "self"
	}
	},
	"minecraft:persistent":{},
      "minecraft:collision_box": {
        "width": 0.5,
        "height": 0.5
      },
      "minecraft:projectile": {
          "on_hit": {
            "stick_in_ground": {
              "shake_time" : 0.35
            },
            "arrow_effect": {
            }
          },
          "hit_sound": "",
          "power": 8.0,
          "gravity": 0.05,
          "anchor": 1,
          "should_bounce": true
        },
	    "minecraft:physics": {
      },
      "minecraft:pushable": {
        "is_pushable": true,
        "is_pushable_by_piston": true
      }
    },
	"events":{
		"portal":{
			"add":{"component_groups":["portal"]}
		},
		"onHit":{
			"run_command":{
				"command": "say hi"
			}
		},
		"destroy":{
			"add":{
				"component_groups":[
				"on_destroy"
				]
			}
		},
		"despawn":{
		"add":{"component_groups":["despawn"]}
		}
	}
  }
}
