{
    "format_version": "1.20.80",
    "minecraft:item": {
        "description": {
            "identifier": "yes:phantom_whip_ad1",
            "menu_category": {
                "category": "nature",
                "group": "itemGroup.name.monsterStoneEgg"
            }
        },
        "components": {
            "minecraft:tags": {
                "tags": [
                    "ability:whip",
                    "yes:diamond_tier"
                ]
            },
            "minecraft:custom_components": [
                "yes:mining_durability_damage",
                "yes:on_use",
                "yes:hit_durability_damage"
            ],
            "minecraft:max_stack_size": 1,
            "minecraft:hand_equipped": true,
            "minecraft:allow_off_hand": false,
            "minecraft:durability": {
                "max_durability": 1560,
                "damage_chance": {
                    "min": 60,
                    "max": 100
                }
            },
            "minecraft:display_name": {
                "value": "\u00a7bPhantom Whip\n\ue196\u00a7l\ue05b\u00a7r\ue195\n\ue05c\n\n\u00a76Special Attack:\n\u00a7e[\u00a79+8 atk\ue198\u00a7e]\n\u00a7e[\u00a790.75 secs\ue189\u00a7e]\n\u00a7e[\u00a791.04 secs\ue188\u00a7e]\n\u00a77Ability Damage I"
            },
            "minecraft:icon": "phantom_whip",
            "minecraft:damage": 2,
            "minecraft:repairable": {
                "repair_items": [
                    {
                        "items": [
                            "yes:phantom_whip"
                        ],
                        "repair_amount": "context.other->query.remaining_durability+0.12*context.other->query.max_durability"
                    },
                    {
                        "items": [
                            "yes:phantom_cloth"
                        ],
                        "repair_amount": "query.max_durability"
                    },
                    {
                        "items": [
                            "minecraft:phantom_membrane"
                        ],
                        "repair_amount": "query.max_durability*0.33"
                    },
                    {
                        "items": [
                            "minecraft:bone"
                        ],
                        "repair_amount": "query.max_durability*0.125"
                    }
                ]
            },
            "minecraft:use_modifiers": {
                "use_duration": 0.05,
                "movement_modifier": 1
            },
            "minecraft:cooldown": {
                "category": "whip",
                "duration": 1.04
            },
            "minecraft:glint": true,
            "minecraft:can_destroy_in_creative": false,
            "minecraft:enchantable": {
                "value": 12,
                "slot": "sword"
            }
        }
    }
}