{
  "format_version": "1.16.0",
  "minecraft:entity": {
    "description": {
      "identifier": "mc:command_block2",
      "is_spawnable": false,
      "is_summonable": true,
      "is_experimental": false,
      "scripts": {
        "animate": [
  "1",
    "2",
     "3",
       "4",
        "5",
         "6",
            "7"

        ]
      },
      "animations": {
           "1": "controller.animation.cm",
        "2": "controller.animation.cm3",
          "3": "animation.cm74764",
       "4": "animation.command_block_hit",
      "5": "animation.command_block_sp1",
    "6": "animation.cm_score",
    "7": "animation.cm_score2"

      }
    },
    "component_groups": {
    },

    "components": {
      "minecraft:type_family": {
        "family": [ "bat", "mob" ]
      },
      "minecraft:breathable": {
        "total_supply": 15,
        "suffocate_time": 0
      },
      "minecraft:collision_box": {
        "width": 1,
        "height": 1
      },
      "minecraft:behavior.knockback_roar": {
        "duration": 299999.1,
        "attack_time": 0.1,
        "cooldown_time": 0,
        "knockback_strength": 2,
        "knockback_damage": 0,
        "knockback_range": 6,
        "knockback_filters": {
          "all_of": [
            {
              "test": "is_family",
              "subject": "other",
              "operator": "!=",
              "value": "bat"
            },
            {
              "test": "is_family",
              "subject": "other",
              "operator": "!=",
              "value": "mc:end5"
            }
          ]
        },
        "damage_filters": {
          "test": "is_family",
          "subject": "other",
          "operator": "!=",
          "value": "mc:bl"
        }
      },
      "minecraft:damage_sensor": {
        "triggers": {
          "cause": "suffocation",
          "deals_damage": false
        }
      },
      "minecraft:hurt_on_condition": {
        "damage_conditions": [
          {
            "filters": { "test": "in_lava", "subject": "self", "operator": "==", "value": true },
            "cause": "lava",
            "damage_per_tick": 4
          }
        ]
      },
      "minecraft:movement": {
        "value": 0.0
     },
      "minecraft:knockback_resistance": {
        "value": 1.0
      },
      "minecraft:navigation.float": {	
        "can_path_over_water": true	
      },
      "minecraft:despawn": {
        "despawn_from_distance": {}
      },
      "minecraft:health": {
        "value": 1,
        "max": 1
      },
      "minecraft:nameable": {
      },
      "minecraft:physics": {
      },
      "minecraft:conditional_bandwidth_optimization": {
      }
    },

    "events": {
    }
  }
}

ion": {
      }
    },

    "events": {
    }
  }
}

   }
    },

    "events": {
    }
  }
}


  "events": {
    }
  }
}

ion": {
      }
    },

    "events": {
    }
  }
}

   }
    },

    "events": {
    }
  }
}


}

}
  }
}

   }
    },

    "events": {
    }
  }
}

: {
    }
  }
}

 "minecraft:conditional_bandwidth_optimization": {
      }
    },

    "events": {
    }
  }
}

ion": {
      }
    },

    "events": {
    }
  }
}

   }
    },

    "events": {
    }
  }
}


  "events": {
    }
  }
}

ion": {
      }
    },

    "events": {
    }
  }
}

   }
    },

    "events": {
    }
  }
}


}

}
  }
}

   }
    },

    "events": {
    }
  }
}

: {
    }
  }
}

