{
  "format_version": "1.8.0",
  "minecraft:entity": {
    "description": {
      "identifier": "mc:ws_sm2",
      "is_spawnable": false,
      "is_summonable": true,
   "scripts": {
        "animate": [
  "1",
    "2",
      "3",
        "4",
          "5",
            "6",
         "7"

        ]
      },
      "animations": {
           "1": "animation.sm3",
          "2": "animation.kill2",
   "3": "animation.wither_storm_sm2",
        "4": "animation.wither_storm_ambient",
   "5": "animation.wither_storm_sm_fly2",
   "6": "animation.wither_storm_sound_sm",
      "7": "animation.sm_fall2"
          }
    },
    "component_groups": {
    },

    "components": {
      "minecraft:type_family": {
        "family": [ "bat", "mob" ]
     },
      "minecraft:health": {
        "value": 500,
        "max": 500
      },
      "minecraft:rideable": {
        "seat_count": 3,
        "pull_in_entities": false,
        "family_types": [
          "ageofminecraft:wither_storm_head",
      "wither_storm_head"

        ],
        "seats": [
                    {
            "position": [ 0.0, 20, 9],
            "rotate_rider_by": 0,
            "lock_rider_rotation": 0
        },
          {
            "position": [ 8, 17.0, 9.0 ],
            "rotate_rider_by": 0,
            "lock_rider_rotation": 0
          },
          {
            "position": [ -8, 17.0, 9.0 ],
            "rotate_rider_by": 0,
            "lock_rider_rotation": 0

  }
        ]
 },
      "minecraft:damage_sensor": {
        "triggers": {
          "cause": "has_damage",
          "deals_damage": false
        }
      }
}
}
}}