{
  "format_version": "1.10.0",
  "minecraft:client_entity": {
    "description": {
      "identifier": "mc:we",
      "materials": {
        "default": "wither_skull"
      },
      "textures": {
        "default": "textures/entity/wither_boss/wither"
      },
      "geometry": {
        "default": "geometry.e"
      },
      "animations": {
        "move": "animation.wither_skull.move"
      },
      "scripts": {
        "animate": [
          "move"
        ]
      },
      "render_controllers": [ "controller.render.wither_skull" ]
    }
  }
}
