{
	"format_version": "1.12.0",
	"minecraft:geometry": [
		{
			"description": {
				"identifier": "geometry.corn_carpet",
				"texture_width": 16,
				"texture_height": 16,
				"visible_bounds_width": 2,
				"visible_bounds_height": 1.5,
				"visible_bounds_offset": [0, 0.25, 0]
			},
			"bones": [
				{
					"name": "block",
					"pivot": [0, 0, 0],
					"cubes": [
						{"origin": [-4, 0, -5], "size": [1, 1, 1], "uv": [6, 2]},
						{"origin": [-2, 0, 0], "size": [1, 1, 1], "uv": [6, 0]},
						{"origin": [-7, 0, -2], "size": [1, 1, 1], "uv": [6, 6]},
						{"origin": [-6, 0, 4], "size": [1, 1, 1], "uv": [0, 6]},
						{"origin": [0, 0, 5], "size": [1, 1, 1], "uv": [3, 5]},
						{"origin": [3, 0, 2], "size": [1, 1, 1], "uv": [0, 4]},
						{"origin": [2, 0, -4], "size": [1, 1, 1], "uv": [3, 1]},
						{"origin": [6, 0, -2], "size": [1, 1, 1], "uv": [3, 3]},
						{"origin": [0, 0, -7], "size": [1, 1, 1], "uv": [0, 2]},
						{"origin": [5, 0, 6], "size": [1, 1, 1], "uv": [0, 0]}
					]
				}
			]
		}
	]
}