{
	"format_version": "1.12.0",
	"minecraft:geometry": [
		{
			"description": {
				"identifier": "geometry.custom_uva",
				"texture_width": 16,
				"texture_height": 16,
				"visible_bounds_width": 2,
				"visible_bounds_height": 2.5,
				"visible_bounds_offset": [0, 0.75, 0]
			},
			"bones": [
				{
					"name": "block",
					"pivot": [0, 0, 0],
					"rotation": [0, 45, 0],
					"cubes": [
						{"origin": [-8, 0, 0], "size": [16, 16, 0], "uv": [0, 0]},
						{"origin": [-9.41421, 0, -1.41421], "size": [16, 16, 0], "pivot": [0, 0, 0], "rotation": [0, -90, 0], "uv": [0, 0]}
					]
				}
			]
		}
	]
}