{
	"format_version": "1.12.0",
	"minecraft:geometry": [
		{
			"description": {
				"identifier": "geometry.lettuce_maduro",
				"texture_width": 16,
				"texture_height": 16,
				"visible_bounds_width": 3,
				"visible_bounds_height": 2.5,
				"visible_bounds_offset": [0, 0.75, 0]
			},
			"bones": [
				{
					"name": "block",
					"pivot": [0, -2, 0],
					"rotation": [0, 45, 0],
					"cubes": [
						{"origin": [-8, -2, 0], "size": [16, 16, 0], "uv": [0, 0]},
						{"origin": [-8, -2, 0], "size": [16, 16, 0], "pivot": [0, -1, 0], "rotation": [0, 45, 0], "uv": [0, 0]},
						{"origin": [-8.70711, -2, -0.70711], "size": [16, 16, 0], "pivot": [0, -2, 0], "rotation": [0, -90, 0], "uv": [0, 0]},
						{"origin": [-8.70711, -2, -0.70711], "size": [16, 16, 0], "pivot": [0, -2, 0], "rotation": [0, -45, 0], "uv": [0, 0]}
					]
				}
			]
		}
	]
}