{
	"format_version": "1.12.0",
	"minecraft:geometry": [
		{
			"description": {
				"identifier": "geometry.slop_box_1",
				"texture_width": 128,
				"texture_height": 128,
				"visible_bounds_width": 3,
				"visible_bounds_height": 1.5,
				"visible_bounds_offset": [0, 0.25, 0]
			},
			"bones": [
				{
					"name": "bone",
					"pivot": [0, 0, 0],
					"cubes": [
						{"origin": [-11, 0, -7], "size": [22, 1, 14], "uv": [0, 18]},
						{"origin": [-12, 0, -8], "size": [24, 2, 16], "uv": [0, 0]},
						{"origin": [-11, 1, -8], "size": [22, 7, 1], "uv": [0, 41]},
						{"origin": [-11, 1, 7], "size": [22, 7, 1], "uv": [0, 33]},
						{"origin": [-12, 1, -7], "size": [1, 7, 14], "uv": [48, 48]},
						{"origin": [11, 1, -7], "size": [1, 7, 14], "uv": [32, 35]}
					]
				}
			]
		}
	]
}