{
  "format_version": "1.8.0",
  "render_controllers": {
    "controller.render.mtantcreeper": {
      "geometry": "Geometry.default",
      "materials": [ { "*": "Material.default" } ],
      "textures": [ "Texture.default" ],
      "overlay_color": {
          "r": "((variable.flash == 0.0) || (query.swelling_dir < 0.0)) ? this : 5.0",
          "g": "((variable.flash == 0.0) || (query.swelling_dir < 0.0)) ? this : 5.0",
          "b": "((variable.flash == 0.0) || (query.swelling_dir < 0.0)) ? this : 5.0",
          "a": "((variable.flash == 0.0) || (query.swelling_dir < 0.0)) ? this : 5.0"
      }
    }
  }
}