{
	"format_version":"1.8.0",
		"minecraft:entity":{
			"description":{
			"identifier":"ut:h2v_gaster_hand",
			"is_spawnable":false,
			"is_summonable":true,
			"is_experimental":false,
			"runtime_identifier":"ut:h2v_gaster_hand"
		},
			"components":{
				"minecraft:behavior.nearest_attackable_target":{
				"priority":0,
					"entity_types":[
						{
							"filters":{
								"all_of":[
									{
									"test":"is_family",
									"subject":"other",
									"operator":"==",
									"value":"monster"
								}
							]
						},
						"max_dist":50
					}
				],
				"must_see":false
			},
				"minecraft:spawn_entity":[
					{
					"min_wait_time":0.1,
					"max_wait_time":0.2,
					"single_use":false,
					"spawn_entity":"ut:h2v_gaster_hand_ball",
					"num_to_spawn":1
				}
			],
				"minecraft:behavior.melee_attack":{
				"priority":2,
				"track_target":true
			},
				"minecraft:attack":{
				"damage":666
			},
				"minecraft:spell_effects":{
					"add_effects":[
						{
						"effect":"levitation",
						"amplifier":2,
						"visible":false,
						"ambient":false,
						"duration":120
					}
				]
			},
				"minecraft:damage_sensor":[
					{
					"cause":"all",
					"deals_damage":false
				}
			],
				"minecraft:explode":{
				"fuseLength":4.3,
				"fuseLit":true,
				"power":0,
				"causesFire":false,
				"destroyAffectedByGriefing":true
			},
				"minecraft:shooter":{
				"def":"h2v:gaster_boom2"
			},
				"minecraft:movement.basic":{
			},
				"minecraft:jump.static":{
			},
			"minecraft:fire_immune":true,
				"minecraft:fall_damage":{
				"value":0
			},
				"minecraft:knockback_resistance":{
				"value":1
			},
				"minecraft:nameable":{
			},
				"minecraft:type_family":{
					"family":[
					"gaster_hand",
					"gaster"
				]
			},
				"minecraft:variant":{
				"value":0
			},
				"minecraft:scale":{
				"value":1.7
			},
				"minecraft:collision_box":{
				"width":0.5,
				"height":0.6
			},
				"minecraft:health":{
				"value":66,
				"min":66,
				"max":66
			},
				"minecraft:movement":{
				"value":0.2
			},
				"minecraft:breathable":{
				"totalSupply":15,
				"suffocateTime":0
			},
				"minecraft:navigation.walk":{
				"can_path_over_water":true
			},
				"minecraft:follow_range":{
				"value":60
			},
				"minecraft:behavior.float":{
				"priority":0
			},
				"minecraft:behavior.hurt_by_target":{
				"priority":1,
					"entity_types":{
						"filters":{
						"test":"is_family",
						"subject":"other",
						"operator":"!=",
						"value":"gaster"
					}
				}
			},
				"minecraft:physics":{
			}
		}
	}
}