{
   "format_version":"1.8.0",
     "minecraft:entity":{
       "description":{
       "identifier":"ut:h2v_gaster_bone",
       "is_spawnable":false,
       "is_summonable":true,
       "is_experimental":false,
       "runtime_identifier":"minecraft:snowball",
         "scripts":{
           "animate":[
           "base"
         ]
       },
         "animations":{
         "base":"animation.h2v_gaster_bone"
       }
     },
         "components":{
           "minecraft:type_family":{
             "family":[
             "gaster_attack"
           ]
         },
           "minecraft:physics":{
         },
           "minecraft:health":{
           "value":20,
           "min":20,
           "max":20
         },
           "minecraft:scale":{
           "value": 1.5
         },
           "minecraft:explode":{
           "fuseLength":1.1,
           "fuseLit":true,
           "power":0,
           "causesFire":true,
           "fireAffectedByGriefing":true,
           "destroyAffectedByGriefing":true
         },
           "minecraft:damage_sensor":[
             {
             "cause":"all",
             "deals_damage":false
           }
         ],
           "minecraft:collision_box":{
           "width":0,
           "height":0
         },
           "minecraft:projectile":{
           "particle":"explode",
             "onHit":{
               "mob_effect":{
               "effect":"wither",
               "durationeasy":32,
               "durationnormal":32,
               "durationhard":32,
               "amplifier":4
             },
               "impact_damage":{
               "damage":666,
               "knockback":true
             }
           },
           "power":0,
             "offset":[
             0,0,0
           ],
           "gravity":0,
           "uncertaintyBase":0
         }
       },
         "event":{
       }
     }
   }