{
  "format_version": "1.19.70",
  "minecraft:recipe_shaped": {
    "description": {
    "identifier": "yes:aetherite_ingot"
    },  
    "tags": [ "crafting_table" ],
    "pattern": [
      "  ",
      " XY",
      "   "
    ],
    "key": {
      "X": {
        "item": "yes:aetherium_crystal"
      },
      "Y": {
        "item": "yes:aetherite_crafting"
      }
    },
		"unlock": [
			{
				"item": "yes:aetherium_crystal"
			}
		],
    "result": {
      "item": "yes:aetherite_ingot",
		 "count": 1
    }
  }
}
