{
  "format_version": "1.19.70",
  "minecraft:recipe_shaped": {
    "description": {
    "identifier": "yes:emerald_greatsword"
    },  
    "tags": [ "crafting_table" ],
    "pattern": [
      "  Y",
      "XY ",
      "XX "
    ],
    "key": {
      "X": {
        "item": "minecraft:stick"
      },
      "Y": {
        "item": "minecraft:emerald_block"
      }
    },
		"unlock": [
			{
				"item": "minecraft:emerald_block"
			},
			{
				"item": "minecraft:emerald"
			}
		],
    "result": {
      "item": "yes:emerald_greatsword"
    }
  }
}
