{
	"format_version": "1.12.0",
	"minecraft:entity": {
		"description": {
			"identifier": "akm:bullet",
			"runtime_identifier": "minecraft:snowball",
			"is_spawnable": false,
			"is_summonable": true,
			"is_experimental": false,
			"scripts": {
				"animate": [
					"bulleth"
				]
			},
			"animations": {
				"bulleth": "controller.animation.bulleth"
			}
		},
        "component_groups": {
            "entity:despawn": {
                "minecraft:despawn": {}
            },
            "fire:scope": {
                "minecraft:projectile": {
                    "on_hit": {
                        "impact_damage": {
                            "damage": [
                                15,
                                15
							],
							"knockback": true,
							"destroy_on_hit": true
						},
						"stick_in_ground": {
							"shake_time": 1
						}
                    },
                    "power": 21,
                    "gravity": 0,
                    "inertia": 1,
		            "uncertaintyBase": 0.8,
                    "anchor": 1,
                    "offset": [
                        0,
                        0,
                        0
                    ],
                    "reflectOnHurt": false,
                    "catch_fire": false
                }
            },
            "fire:noscope": {
                "minecraft:projectile": {
                    "on_hit": {
                        "impact_damage": {
                            "damage": [
                                15,
                                15
							],
							"knockback": true,
							"destroy_on_hit": true
						},
						"stick_in_ground": {
							"shake_time": 1
						}
                    },
                    "power": 21,
                    "gravity": 0,
                    "inertia": 1,
		            "uncertaintyBase": 5.32,
                    "anchor": 1,
                    "offset": [
                        0,
                        0,
                        0
                    ],
                    "reflectOnHurt": false,
                    "catch_fire": false
                }
            }
        },
		"components": {
        "minecraft:tick_world":{
            "distance_to_players": 128,
            "never_despawn": false,
            "radius": 2
        },
            "minecraft:type_family": {
                "family": [ "zombie", "undead", "monster", "mob" ]
            },
		    "minecraft:scale": {
			    "value": 0.1
            },
            "minecraft:break_blocks": {
                "breakable_blocks": [
                    "glass",
                    "glass_pane",
                    "stained_glass",
					"tinted_glass",
                    "stained_glass_pane",
                    "standing_sign",
                    "vine",
                    "wall_banner",
                    "wall_sign",
                    "web",
                    "wheat"
                ]
            },
            "minecraft:collision_box": {
                "width": 0.1,
                "height": 0.1
            },
            "minecraft:physics": {}
        },
        "events": {
            "fire:scope": {
                "add": {
                    "component_groups": [ "fire:scope" ]
                },
                "remove": {
                    "component_groups": [ "fire:noscope" ]
                }   
            },
            "fire:noscope": {
                "add": {
                    "component_groups": [ "fire:noscope" ]
                },
                "remove": {
                    "component_groups": [ "fire:scope" ]
                }
            }
        }
	}
}