{
	"format_version": "1.16.100",
	"minecraft:item": {
		"description": {
			"category": "equipment",
			"identifier": "witherstormmod:command_block_pickaxe"
		},
		"components": {
			"minecraft:icon": {
				"texture": "witherstormmod_command_block_pickaxe"
			},
			"minecraft:creative_category": {
				"parent": "itemGroup.name.pickaxe"
			},
			"minecraft:max_stack_size": 1,
			"minecraft:hand_equipped": true,
			"minecraft:mining_speed": 1,
			"minecraft:damage": 8,
			"minecraft:enchantable": {
				"value": 15,
				"slot": "pickaxe"
			},
			"minecraft:can_destroy_in_creative": true,
			"tag:minecraft:is_pickaxe": {},
			"minecraft:display_name": {
				"value": "§dCommand Block Pickaxe§r"
			}
		}
	}
}