{
	"format_version": "1.16.100",
	"minecraft:item": {
		"description": {
			"category": "equipment",
			"identifier": "witherstormmod:golden_command_block_sword"
		},
		"components": {
			"minecraft:icon": {
				"texture": "witherstormmod_golden_command_block_sword"
			},
			"minecraft:creative_category": {
				"parent": "itemGroup.name.sword"
			},
			"minecraft:max_stack_size": 1,
			"minecraft:hand_equipped": true,
			"minecraft:damage": 3,
			"minecraft:enchantable": {
				"value": 15,
				"slot": "sword"
			},
			"minecraft:can_destroy_in_creative": false,
			"minecraft:weapon": {},
			"tag:minecraft:is_sword": {},
			"minecraft:display_name": {
				"value": "§dGolden Command Block Sword§r"
			}
		}
	}
}