{
	"format_version": "1.16.100",
	"minecraft:item": {
		"description": {
			"category": "equipment",
			"identifier": "witherstormmod:wooden_command_block_axe"
		},
		"components": {
			"minecraft:icon": {
				"texture": "witherstormmod_wooden_command_block_axe"
			},
			"minecraft:creative_category": {
				"parent": "itemGroup.name.axe"
			},
			"minecraft:max_stack_size": 1,
			"minecraft:hand_equipped": true,
			"minecraft:mining_speed": 1,
			"minecraft:damage": 11,
			"minecraft:enchantable": {
				"value": 15,
				"slot": "axe"
			},
			"minecraft:can_destroy_in_creative": true,
			"minecraft:display_name": {
				"value": "§dWooden Command Block Axe§r"
			},
			"tag:minecraft:is_axe": {}
		}
	}
}