{
	"format_version": "1.16.100",
	"minecraft:item": {
		"description": {
			"category": "equipment",
			"identifier": "witherstormmod:wooden_command_block_hoe"
		},
		"components": {
			"minecraft:icon": {
				"texture": "witherstormmod_wooden_command_block_hoe"
			},
			"minecraft:creative_category": {
				"parent": "itemGroup.name.hoe"
			},
			"minecraft:max_stack_size": 1,
			"minecraft:hand_equipped": true,
			"minecraft:mining_speed": 1,
			"minecraft:damage": 1,
			"minecraft:enchantable": {
				"value": 15,
				"slot": "hoe"
			},
			"minecraft:can_destroy_in_creative": true,
			"minecraft:display_name": {
				"value": "§dWooden Command Block Hoe§r"
			},
			"tag:minecraft:is_hoe": {}
		}
	}
}