{
	"format_version": "1.16.100",
	"minecraft:item": {
		"description": {
			"category": "equipment",
			"identifier": "witherstormmod:golden_command_block_shovel"
		},
		"components": {
			"minecraft:icon": {
				"texture": "witherstormmod_golden_command_block_shovel"
			},
			"minecraft:creative_category": {
				"parent": "itemGroup.name.shovel"
			},
			"minecraft:max_stack_size": 1,
			"minecraft:hand_equipped": true,
			"minecraft:mining_speed": 1,
			"minecraft:damage": 5,
			"minecraft:enchantable": {
				"value": 15,
				"slot": "shovel"
			},
			"minecraft:can_destroy_in_creative": true,
			"minecraft:display_name": {
				"value": "§dGolden Command Block Shovel§r"
			},
			"tag:minecraft:is_shovel": {}
		}
	}
}