{
	"format_version": "1.12.0",
	"minecraft:geometry": [
		{
			"description": {
				"identifier": "geometry.serpsunflower",
				"texture_width": 48,
				"texture_height": 48,
				"visible_bounds_width": 2,
				"visible_bounds_height": 2.5,
				"visible_bounds_offset": [0, 0.75, 0]
			},
			"bones": [
				{
					"name": "sunflower",
					"pivot": [0, 0, 0]
				},
				{
					"name": "head",
					"parent": "sunflower",
					"pivot": [0, 5, 0],
					"cubes": [
						{"origin": [-3.5, 5, -3], "size": [7, 5, 4], "uv": [0, 0]},
						{"origin": [-4, 10, -1.1], "size": [8, 2, 0], "uv": [18, 11]},
						{"origin": [-4, 11, -1.1], "size": [8, 2, 0], "pivot": [0, 8, -1], "rotation": [0, 0, -180], "uv": [18, 11]},
						{"origin": [-5.5, 4.5, -1], "size": [2, 6, 0], "uv": [25, 0]},
						{"origin": [3.5, 4.5, -1], "size": [2, 6, 0], "uv": [25, 0], "mirror": true},
						{"origin": [-4, 5.5, -2.5], "size": [1, 4, 3], "uv": [13, 22]},
						{"origin": [3, 5.5, -2.5], "size": [1, 4, 3], "uv": [13, 22], "mirror": true},
						{"origin": [-3, 5.5, -3.5], "size": [6, 4, 1], "uv": [19, 16]},
						{"origin": [-3, 5.5, 0.5], "size": [6, 4, 1], "uv": [19, 16]},
						{"origin": [-3, 9.5, -2.5], "size": [6, 1, 3], "uv": [0, 11]},
						{"origin": [-3, 4.5, -2.5], "size": [6, 1, 3], "uv": [0, 11]}
					]
				},
				{
					"name": "open_eyes",
					"parent": "head",
					"pivot": [0, 8, -1],
					"cubes": [
						{"origin": [-3, 5.5, -3.55], "size": [6, 4, 0], "uv": [0, 22]}
					]
				},
				{
					"name": "closed_eyes",
					"parent": "head",
					"pivot": [0, 8, -1],
					"cubes": [
						{"origin": [-3, 5.5, -3.55], "size": [6, 4, 0], "uv": [0, 27]}
					]
				},
				{
					"name": "angry_eyes",
					"parent": "head",
					"pivot": [0, 8, -1],
					"cubes": [
						{"origin": [-3, 5.5, -3.55], "size": [6, 4, 0], "uv": [0, 32]}
					]
				},
				{
					"name": "stem",
					"parent": "sunflower",
					"pivot": [0, 1, 0],
					"cubes": [
						{"origin": [-1, 0, -1], "size": [2, 5, 2], "inflate": 0.05, "uv": [22, 23]},
						{"origin": [-4, 1, 0], "size": [3, 2, 0], "pivot": [-1, 2, 0], "rotation": [0, 0, 15], "uv": [25, 7]},
						{"origin": [1, 1, 0], "size": [3, 2, 0], "pivot": [1, 2, 0], "rotation": [0, 0, -15], "uv": [25, 7], "mirror": true}
					]
				},
				{
					"name": "leaves",
					"parent": "sunflower",
					"pivot": [0, 0, 0],
					"cubes": [
						{"origin": [-2, 1, -5], "size": [4, 0, 5], "pivot": [0, 1, 0], "rotation": [11, 0, 0], "uv": [0, 16]},
						{"origin": [-2, 1, -5], "size": [4, 0, 5], "pivot": [0, 1, 0], "rotation": [-169, 0, 180], "uv": [0, 16]},
						{"origin": [-2, 1, -5], "size": [4, 0, 5], "pivot": [0, 1, 0], "rotation": [0, 90, -11], "uv": [0, 16]},
						{"origin": [-2, 1, -5], "size": [4, 0, 5], "pivot": [0, 1, 0], "rotation": [0, -90, 11], "uv": [0, 16], "mirror": true}
					]
				}
			]
		}
	]
}