{
	"format_version": "1.12.0",
	"minecraft:geometry": [
		{
			"description": {
				"identifier": "geometry.serppotatomine",
				"texture_width": 48,
				"texture_height": 48,
				"visible_bounds_width": 2,
				"visible_bounds_height": 2.5,
				"visible_bounds_offset": [0, 0.75, 0]
			},
			"bones": [
				{
					"name": "potato_mine",
					"pivot": [0, 0, 0]
				},
				{
					"name": "potato_on",
					"parent": "potato_mine",
					"pivot": [0, 0, 0],
					"cubes": [
						{"origin": [-5.83, 0, -5], "size": [2.83, 4, 2], "pivot": [-3, 1, -5], "rotation": [0, 45, 0], "uv": [0, 0]},
						{"origin": [-5.83, 0, 3], "size": [2.83, 4, 2], "pivot": [-3, 1, 5], "rotation": [0, -45, 0], "uv": [0, 0]},
						{"origin": [3, 0, 3], "size": [2.83, 4, 2], "pivot": [3, 1, 5], "rotation": [0, 45, 0], "uv": [0, 0], "mirror": true},
						{"origin": [3, 0, -5], "size": [2.83, 4, 2], "pivot": [3, 1, -5], "rotation": [0, -45, 0], "uv": [0, 0], "mirror": true},
						{"origin": [-5, 0, -3], "size": [2, 4, 6], "uv": [19, 18]},
						{"origin": [3, 0, -3], "size": [2, 4, 6], "uv": [19, 18], "mirror": true},
						{"origin": [-5, 4, -3], "size": [2, 2.83, 6], "pivot": [-5, 4, 0], "rotation": [0, 0, 45], "uv": [0, 24]},
						{"origin": [3, 4, -3], "size": [2, 2.83, 6], "pivot": [5, 4, 0], "rotation": [0, 0, -45], "uv": [0, 24], "mirror": true},
						{"origin": [-3, 0, -5], "size": [6, 4, 2], "uv": [25, 11]},
						{"origin": [-3, 0, 3], "size": [6, 4, 2], "uv": [25, 11]},
						{"origin": [-3, 4, -5], "size": [6, 2.83, 2], "pivot": [0, 4, -5], "rotation": [-45, 0, 0], "uv": [17, 29]},
						{"origin": [-3, 4, 3], "size": [6, 2.83, 2], "pivot": [0, 4, 5], "rotation": [45, 0, 0], "uv": [17, 29]},
						{"origin": [-3, 0, -3], "size": [6, 6, 6], "uv": [0, 11]}
					]
				},
				{
					"name": "antenna",
					"parent": "potato_on",
					"pivot": [0, 6, 0],
					"cubes": [
						{"origin": [-0.5, 6, 0], "size": [1, 3, 0], "uv": [0, 11]},
						{"origin": [0, 6, -0.5], "size": [0, 3, 1], "uv": [0, 10]},
						{"origin": [-1, 9, 0], "size": [2, 2, 0], "uv": [5, 7]},
						{"origin": [0, 9, -1], "size": [0, 2, 2], "uv": [5, 5]}
					]
				},
				{
					"name": "open_eyes",
					"parent": "potato_on",
					"pivot": [0, 3, 0],
					"cubes": [
						{"origin": [-3, 3, -5.1], "size": [6, 2, 0], "uv": [0, 33]}
					]
				},
				{
					"name": "closed_eyes",
					"parent": "potato_on",
					"pivot": [0, 3, 0],
					"cubes": [
						{"origin": [-3, 3, -5.1], "size": [6, 2, 0], "uv": [0, 35]}
					]
				},
				{
					"name": "angry_eyes",
					"parent": "potato_on",
					"pivot": [0, 3, 0],
					"cubes": [
						{"origin": [-3, 3, -5.1], "size": [6, 2, 0], "uv": [0, 37]}
					]
				},
				{
					"name": "potato_off",
					"parent": "potato_mine",
					"pivot": [0, 0, 0],
					"cubes": [
						{"origin": [-0.5, 2, 0], "size": [1, 3, 0], "uv": [0, 11]},
						{"origin": [0, 2, -0.5], "size": [0, 3, 1], "uv": [0, 10]},
						{"origin": [-1, 5, 0], "size": [2, 2, 0], "uv": [5, 9]},
						{"origin": [0, 5, -1], "size": [0, 2, 2], "uv": [5, 7]},
						{"origin": [-1, 0, -1], "size": [2, 2, 2], "uv": [31, 0]},
						{"origin": [-2, 0, -1], "size": [1, 1, 1], "uv": [0, 7]},
						{"origin": [1, 0, 1], "size": [1, 1, 1], "uv": [0, 7]},
						{"origin": [-2, 0, 1], "size": [1, 1, 1], "uv": [0, 7]},
						{"origin": [-1, 0, -2], "size": [1, 1, 1], "uv": [0, 7]},
						{"origin": [1, 0, -2], "size": [1, 1, 1], "uv": [0, 7]}
					]
				},
				{
					"name": "dirt",
					"parent": "potato_mine",
					"pivot": [0, 0, 0],
					"cubes": [
						{"origin": [-6, 0, -2], "size": [1, 1, 1], "uv": [0, 7]},
						{"origin": [-3, 0, -7], "size": [2, 2, 2], "uv": [31, 0]},
						{"origin": [2, 0, -7], "size": [2, 2, 2], "uv": [31, 0]},
						{"origin": [5, 0, -3], "size": [2, 2, 2], "uv": [31, 0]},
						{"origin": [5, 0, 0], "size": [2, 2, 2], "uv": [31, 0]},
						{"origin": [3, 0, 4], "size": [2, 2, 2], "uv": [31, 0]},
						{"origin": [-2, 0, 5], "size": [2, 2, 2], "uv": [31, 0]},
						{"origin": [-6, 0, 3], "size": [2, 2, 2], "uv": [31, 0]},
						{"origin": [-4, 0, -6], "size": [1, 1, 1], "uv": [0, 7]},
						{"origin": [-5, 0.1, -5], "size": [10, 0, 10], "uv": [0, 0]},
						{"origin": [1, 0, -6], "size": [1, 1, 1], "uv": [0, 7]},
						{"origin": [5, 0, -1], "size": [1, 1, 1], "uv": [0, 7]},
						{"origin": [5, 0, 4], "size": [1, 1, 1], "uv": [0, 7]},
						{"origin": [0, 0, 5], "size": [1, 1, 1], "uv": [0, 7]},
						{"origin": [-5, 0, 5], "size": [1, 1, 1], "uv": [0, 7]},
						{"origin": [-7, 0, -4], "size": [2, 2, 2], "uv": [31, 0]},
						{"origin": [-1, 0, -7], "size": [2, 1, 2], "uv": [31, 5]},
						{"origin": [5, 0, -5], "size": [2, 1, 2], "uv": [31, 5]},
						{"origin": [4, 0, 2], "size": [2, 1, 2], "uv": [31, 5]},
						{"origin": [1, 0, 5], "size": [2, 1, 2], "uv": [31, 5]},
						{"origin": [-4, 0, 5], "size": [2, 1, 2], "uv": [31, 5]},
						{"origin": [-6, 0, 1], "size": [2, 1, 2], "uv": [31, 5]},
						{"origin": [-6, 0, -5], "size": [2, 1, 2], "uv": [31, 5]},
						{"origin": [3, 0, -6], "size": [2, 1, 2], "uv": [31, 5]},
						{"origin": [-7, 0, -1], "size": [2, 2, 2], "uv": [31, 0]}
					]
				}
			]
		}
	]
}