{
	"format_version": "1.12.0",
	"minecraft:geometry": [
		{
			"description": {
				"identifier": "geometry.serpspikeweed",
				"texture_width": 64,
				"texture_height": 64,
				"visible_bounds_width": 2,
				"visible_bounds_height": 1.5,
				"visible_bounds_offset": [0, 0.25, 0]
			},
			"bones": [
				{
					"name": "spikeweed",
					"pivot": [0, 0, 0],
					"cubes": [
						{"origin": [-7, 0, -3], "size": [14, 3, 6], "uv": [24, 0]},
						{"origin": [-8, 0.1, -8], "size": [16, 0, 16], "uv": [-16, 28]},
						{"origin": [-3, 0, -7], "size": [6, 3, 14], "uv": [0, 10]},
						{"origin": [-8.655, 0, -7], "size": [5.655, 3, 3], "pivot": [-3, 0, -7], "rotation": [0, 45, 0], "uv": [0, 0]},
						{"origin": [-8.655, 0, 4], "size": [5.655, 3, 3], "pivot": [-3, 0, 7], "rotation": [0, -45, 0], "uv": [0, 0]},
						{"origin": [3, 0, -7], "size": [5.655, 3, 3], "pivot": [3, 0, -7], "rotation": [0, -45, 0], "uv": [0, 0], "mirror": true},
						{"origin": [3, 0, 4], "size": [5.655, 3, 3], "pivot": [3, 0, 7], "rotation": [0, 45, 0], "uv": [0, 0], "mirror": true},
						{"origin": [-7, 3, 0], "size": [14, 3, 0], "uv": [0, 52]},
						{"origin": [-7, 3, 0], "size": [14, 3, 0], "pivot": [0, 0, 0], "rotation": [0, 90, 0], "uv": [0, 52]},
						{"origin": [-8, 0, 0], "size": [16, 6, 0], "pivot": [0, 0, 0], "rotation": [0, 45, 0], "uv": [0, 45], "mirror": true},
						{"origin": [-8, 0, 0], "size": [16, 6, 0], "pivot": [0, 0, 0], "rotation": [0, -45, 0], "uv": [0, 45]}
					]
				},
				{
					"name": "open_eyes",
					"parent": "spikeweed",
					"pivot": [0, 0, 0],
					"cubes": [
						{"origin": [-5, 0, -7.1], "size": [4, 3, 0], "pivot": [-3, 0, -7], "rotation": [0, 0, 5], "uv": [0, 55]},
						{"origin": [1, 0, -7.1], "size": [4, 3, 0], "pivot": [3, 0, -7], "rotation": [0, 0, -5], "uv": [0, 55], "mirror": true}
					]
				},
				{
					"name": "closed_eyes",
					"parent": "spikeweed",
					"pivot": [0, 0, 0],
					"cubes": [
						{"origin": [-5, 0, -7.1], "size": [4, 3, 0], "pivot": [-3, 0, -7], "rotation": [0, 0, 5], "uv": [0, 58]},
						{"origin": [1, 0, -7.1], "size": [4, 3, 0], "pivot": [3, 0, -7], "rotation": [0, 0, -5], "uv": [0, 58], "mirror": true}
					]
				},
				{
					"name": "angry_eyes",
					"parent": "spikeweed",
					"pivot": [0, 0, 0],
					"cubes": [
						{"origin": [-5, 0, -7.1], "size": [4, 3, 0], "pivot": [-3, 0, -7], "rotation": [0, 0, 5], "uv": [0, 61]},
						{"origin": [1, 0, -7.1], "size": [4, 3, 0], "pivot": [3, 0, -7], "rotation": [0, 0, -5], "uv": [0, 61], "mirror": true}
					]
				}
			]
		}
	]
}