{
	"format_version": "1.12.0",
	"minecraft:geometry": [
		{
			"description": {
				"identifier": "geometry.serpgrave_buster",
				"texture_width": 48,
				"texture_height": 48,
				"visible_bounds_width": 2,
				"visible_bounds_height": 2.5,
				"visible_bounds_offset": [0, 0.75, 0]
			},
			"bones": [
				{
					"name": "grave_buster",
					"pivot": [0, 0, 0],
					"cubes": [
						{"origin": [-2, 4, -5], "size": [4, 4, 10], "uv": [0, 11]},
						{"origin": [-2, 0, -5], "size": [2, 4, 1], "pivot": [0, 3, -4], "rotation": [0, 15, 0], "uv": [0, 0]},
						{"origin": [0, 0, -5], "size": [2, 4, 1], "pivot": [0, 3, -4], "rotation": [0, -15, 0], "uv": [0, 0], "mirror": true},
						{"origin": [-5, 1, -3], "size": [2, 4, 1], "pivot": [-3, 3, -2], "rotation": [0, 55, 0], "uv": [0, 0]},
						{"origin": [3, 1, -3], "size": [2, 4, 1], "pivot": [3, 3, -2], "rotation": [0, -55, 0], "uv": [0, 0], "mirror": true},
						{"origin": [-3.5, 0.5, -4], "size": [2, 4, 1], "pivot": [-2, 3, -3], "rotation": [0, 30, 0], "uv": [0, 0]},
						{"origin": [1.5, 0.5, -4], "size": [2, 4, 1], "pivot": [2, 3, -3], "rotation": [0, -30, 0], "uv": [0, 0], "mirror": true},
						{"origin": [-7, 8, 0], "size": [14, 4, 0], "pivot": [0, 8, 0], "rotation": [0, 45, 0], "uv": [0, 27]},
						{"origin": [-7, 8, 0], "size": [14, 4, 0], "pivot": [0, 8, 0], "rotation": [0, -45, 0], "uv": [0, 27], "mirror": true},
						{"origin": [-4.5, 8, 0], "size": [9, 0, 5], "pivot": [0, 8, 0], "rotation": [30, 0, 0], "uv": [4, 0]},
						{"origin": [-4.5, 8, 0], "size": [9, 0, 5], "pivot": [0, 8, 0], "rotation": [0, 90, -30], "uv": [4, 0]},
						{"origin": [-4.5, 8, 0], "size": [9, 0, 5], "pivot": [0, 8, 0], "rotation": [0, -90, 30], "uv": [4, 0], "mirror": true},
						{"origin": [-4.5, 8, 0], "size": [9, 0, 5], "pivot": [0, 8, 0], "rotation": [-150, 0, 180], "uv": [4, 0]},
						{"origin": [-4, 6, -5.1], "size": [8, 3, 0], "uv": [29, 30]},
						{"origin": [-6.5, 4.5, -4.5], "size": [3, 1, 1], "pivot": [-3, 5, -4], "rotation": [0, 55, 0], "uv": [0, 6]},
						{"origin": [3.5, 4.5, -4.5], "size": [3, 1, 1], "pivot": [3, 5, -4], "rotation": [0, -55, 0], "uv": [0, 6], "mirror": true},
						{"origin": [-6.24, 4, -5], "size": [4.24, 4, 3], "pivot": [-2, 5, -5], "rotation": [0, 45, 0], "uv": [29, 21]},
						{"origin": [-6.24, 4, 2], "size": [4.24, 4, 3], "pivot": [-2, 5, 5], "rotation": [0, -45, 0], "uv": [29, 21]},
						{"origin": [2, 4, 2], "size": [4.24, 4, 3], "pivot": [2, 5, 5], "rotation": [0, 45, 0], "uv": [29, 21], "mirror": true},
						{"origin": [2, 4, -5], "size": [4.24, 4, 3], "pivot": [2, 5, -5], "rotation": [0, -45, 0], "uv": [29, 21], "mirror": true},
						{"origin": [-5, 4, -2], "size": [10, 4, 4], "uv": [19, 11]}
					]
				}
			]
		}
	]
}