{
	"format_version": "1.12.0",
	"minecraft:geometry": [
		{
			"description": {
				"identifier": "geometry.serpfume_shroom",
				"texture_width": 64,
				"texture_height": 64,
				"visible_bounds_width": 2,
				"visible_bounds_height": 2.5,
				"visible_bounds_offset": [0, 0.75, 0]
			},
			"bones": [
				{
					"name": "fume_shroom",
					"pivot": [0, 0, 0]
				},
				{
					"name": "top",
					"parent": "fume_shroom",
					"pivot": [0, 5, 0],
					"cubes": [
						{"origin": [-4.5, 5, -4.5], "size": [9, 5.5, 9], "uv": [0, 0]},
						{"origin": [-4, 4.5, -4], "size": [8, 1, 8], "uv": [0, 15]},
						{"origin": [-4, 10, -4], "size": [8, 1, 8], "uv": [0, 15]},
						{"origin": [-4, 5.5, -5], "size": [8, 4.5, 1], "uv": [28, 0]},
						{"origin": [-4, 5.5, 4], "size": [8, 4.5, 1], "uv": [28, 0]},
						{"origin": [-1, 7, -7], "size": [2, 2, 2], "uv": [36, 20]},
						{"origin": [-1.5, 6.5, -7.5], "size": [3, 3, 1], "uv": [0, 0]},
						{"origin": [-5, 5.5, -4], "size": [1, 4.5, 8], "uv": [25, 17]},
						{"origin": [4, 5.5, -4], "size": [1, 4.5, 8], "uv": [25, 17]}
					]
				},
				{
					"name": "body",
					"parent": "fume_shroom",
					"pivot": [0, 0, 0],
					"cubes": [
						{"origin": [-3.5, 0, -3.5], "size": [7, 5, 7], "uv": [0, 25]},
						{"origin": [-3, 0.5, -4], "size": [6, 4.5, 1], "pivot": [0, 0.5, -4], "rotation": [-5, 0, 0], "uv": [36, 14]},
						{"origin": [-3, 0.5, 3], "size": [6, 4.5, 1], "pivot": [0, 0.5, 4], "rotation": [5, 0, 0], "uv": [36, 14]},
						{"origin": [-4, 0.5, -3], "size": [1, 4.5, 6], "pivot": [-4, 0.5, 0], "rotation": [0, 0, 5], "uv": [29, 30]},
						{"origin": [3, 0.5, -3], "size": [1, 4.5, 6], "pivot": [4, 0.5, 0], "rotation": [0, 0, -5], "uv": [29, 30], "mirror": true}
					]
				},
				{
					"name": "open_eyes",
					"parent": "body",
					"pivot": [0, 3, 0],
					"cubes": [
						{"origin": [-2.5, 2.2, -3.85], "size": [5, 2, 0], "uv": [0, 38]}
					]
				},
				{
					"name": "closed_eyes",
					"parent": "body",
					"pivot": [0, 3, 0],
					"cubes": [
						{"origin": [-2.5, 2.2, -3.85], "size": [5, 2, 0], "uv": [0, 40]}
					]
				},
				{
					"name": "angry_eyes",
					"parent": "body",
					"pivot": [0, 3, 0],
					"cubes": [
						{"origin": [-2.5, 2.2, -3.85], "size": [5, 2, 0], "uv": [0, 42]}
					]
				}
			]
		}
	]
}