{
	"format_version": "1.12.0",
	"minecraft:geometry": [
		{
			"description": {
				"identifier": "geometry.serpjalapeno",
				"texture_width": 64,
				"texture_height": 64,
				"visible_bounds_width": 2,
				"visible_bounds_height": 3.5,
				"visible_bounds_offset": [0, 1.25, 0]
			},
			"bones": [
				{
					"name": "body",
					"pivot": [0, 0, -4],
					"cubes": [
						{"origin": [-4, 10.4282, -1.93782], "size": [8, 10, 8], "uv": [0, 0]},
						{"origin": [-2.5, 12.4282, -1.93782], "size": [5, 1, 1], "pivot": [0, 12.4282, -1.93782], "rotation": [45, 0, 0], "uv": [29, 31]},
						{"origin": [-3, 20.4282, -0.93782], "size": [6, 1, 6], "uv": [25, 0]},
						{"origin": [-0.5, 21.4282, 1.5622], "size": [1, 3, 1], "uv": [0, 0]},
						{"origin": [-0.5, 24.84242, -1.85201], "size": [1, 1, 3], "uv": [0, 34]},
						{"origin": [-0.5, 24.07463, 1.70865], "size": [1, 2, 1], "pivot": [0, 24.07463, 2.20863], "rotation": [45, 0, 0], "uv": [0, 19]},
						{"origin": [-2, 0, -4], "size": [4, 4, 7], "pivot": [0, 0, -4], "rotation": [30, 0, 0], "uv": [26, 12]},
						{"origin": [-3, 3.5, 2.06218], "size": [6, 6, 8], "pivot": [1, 3.5, 2.06218], "rotation": [60, 0, 0], "uv": [0, 19]}
					]
				},
				{
					"name": "face",
					"parent": "body",
					"pivot": [0, 16, 2],
					"cubes": [
						{"origin": [-4, 13.5, -2], "size": [8, 6, 0], "uv": [29, 24]}
					]
				}
			]
		}
	]
}