{
	"format_version": "1.12.0",
	"minecraft:geometry": [
		{
			"description": {
				"identifier": "geometry.serppeashooter",
				"texture_width": 48,
				"texture_height": 48,
				"visible_bounds_width": 4,
				"visible_bounds_height": 3.5,
				"visible_bounds_offset": [0, 1.25, 0]
			},
			"bones": [
				{
					"name": "peashooter",
					"pivot": [0, 0, 0]
				},
				{
					"name": "head",
					"parent": "peashooter",
					"pivot": [0, 7, 0],
					"cubes": [
						{"origin": [-3, 7.5, -3], "size": [6, 6, 6], "uv": [0, 0]},
						{"origin": [-2.5, 13, -2.5], "size": [5, 1, 5], "uv": [0, 13]},
						{"origin": [-2.5, 7, -2.5], "size": [5, 1, 5], "uv": [0, 13]},
						{"origin": [-0.5, 14, 2.5], "size": [1, 2, 0], "pivot": [0, 14, 2.5], "rotation": [-45, 0, 0], "uv": [19, 0]},
						{"origin": [-1.5, 15.37045, 3.90221], "size": [3, 0, 4], "pivot": [1, 15.37044, 3.988], "rotation": [-30, 0, 0], "uv": [19, 0]},
						{"origin": [-3.5, 8, -2.5], "size": [1, 5, 5], "uv": [0, 20]},
						{"origin": [2.5, 8, -2.5], "size": [1, 5, 5], "uv": [0, 20]},
						{"origin": [-2.5, 8, 2.5], "size": [5, 5, 1], "uv": [13, 21]},
						{"origin": [-2.5, 8, -3.5], "size": [5, 5, 1], "uv": [13, 21]},
						{"origin": [-1.5, 9, -4.5], "size": [3, 3, 1], "uv": [13, 28]},
						{"origin": [-1, 11.5, -6], "size": [2, 1, 1.5], "uv": [30, 15]},
						{"origin": [-1, 8.5, -6], "size": [2, 1, 1.5], "uv": [30, 0]},
						{"origin": [-2.41, 8.5, -6], "size": [1.41, 1, 1.5], "pivot": [-1, 8.5, -6.86603], "rotation": [0, 0, 45], "uv": [0, 13]},
						{"origin": [1, 8.5, -6], "size": [1.41, 1, 1.5], "pivot": [1, 8.5, -6.86603], "rotation": [0, 0, -45], "uv": [0, 13], "mirror": true},
						{"origin": [-2, 9.5, -6], "size": [1, 2, 1.5], "uv": [0, 0]},
						{"origin": [1, 9.5, -6], "size": [1, 2, 1.5], "uv": [0, 0], "mirror": true},
						{"origin": [-2, 11.5, -6], "size": [1, 1.41, 1.5], "pivot": [-2, 11.5, -6.86603], "rotation": [0, 0, 45], "uv": [16, 13]},
						{"origin": [1, 11.5, -6], "size": [1, 1.41, 1.5], "pivot": [2, 11.5, -6.86603], "rotation": [0, 0, -45], "uv": [16, 13], "mirror": true}
					]
				},
				{
					"name": "open_eyes",
					"parent": "head",
					"pivot": [0, 7, 0],
					"cubes": [
						{"origin": [-2.5, 12, -4], "size": [5, 2, 0], "pivot": [0, 12, -4], "rotation": [-25, 0, 0], "uv": [0, 31]}
					]
				},
				{
					"name": "closed_eyes",
					"parent": "head",
					"pivot": [0, 7, 0],
					"cubes": [
						{"origin": [-2.5, 12, -4], "size": [5, 2, 0], "pivot": [0, 12, -4], "rotation": [-25, 0, 0], "uv": [0, 33]}
					]
				},
				{
					"name": "angry_eyes",
					"parent": "head",
					"pivot": [0, 7, 0],
					"cubes": [
						{"origin": [-2.5, 12, -4], "size": [5, 2, 0], "pivot": [0, 12, -4], "rotation": [-25, 0, 0], "uv": [0, 35]}
					]
				},
				{
					"name": "stem",
					"parent": "peashooter",
					"pivot": [0, 1, 0],
					"cubes": [
						{"origin": [-1, 0, -1], "size": [2, 6, 2], "uv": [25, 5]},
						{"origin": [-1.5, 6, -1.5], "size": [3, 1, 3], "uv": [23, 25]}
					]
				},
				{
					"name": "leaves",
					"parent": "peashooter",
					"pivot": [0, 0, 0],
					"cubes": [
						{"origin": [-2, 1, -5], "size": [4, 0, 5], "pivot": [0, 1, 0], "rotation": [11, 0, 0], "uv": [16, 15]},
						{"origin": [-2, 1, -5], "size": [4, 0, 5], "pivot": [0, 1, 0], "rotation": [-169, 0, 180], "uv": [16, 15]},
						{"origin": [-2, 1, -5], "size": [4, 0, 5], "pivot": [0, 1, 0], "rotation": [11, 90, 0], "uv": [16, 15]},
						{"origin": [-2, 1, -5], "size": [4, 0, 5], "pivot": [0, 1, 0], "rotation": [11, -90, 0], "uv": [16, 15], "mirror": true}
					]
				}
			]
		}
	]
}