{
  "format_version": "1.10.0",
  "minecraft:client_entity": {
    "description": {
      "identifier": "ny:copy1_bomb",
      "materials": {
        "default": "skeleton"
      },
      "textures": {
        "default": "textures/entity/copy1_bomb"
      },
      "geometry": {
        "default": "geometry.copy1_bomb"
      },
      "scripts": {
        "scale": "1.0",
        "initialize": [
          "variable.t = 0.0;"
        ],
        "pre_animation": [
          "variable.t = v.t + 3.0 * (110*q.delta_time);"
        ],
        "animate": [
          "bomb_fire","root"
        ]
      },
      "particle_effects": {
        "bomb_fire": "ny:bomb_fire",
        "bomb_lava": "ny:bomb_lava",
        "bomb_smoke": "ny:bomb_smoke"
      },
      "sound_effects": {
        "suikomi": "suikomi"
      },
      "animations": {
        "bomb_fire": "controller.animation.bomb_fire",
        "root":"animation.copy1.bomb"
      },
      "render_controllers": [
        "controller.render.default"
      ],
      "enable_attachables": true
    }
  }
}
