{
  "format_version": "1.10.0",
  "minecraft:client_entity": {
    "description": {
      "identifier": "minecraft:player",
      "materials": {
        "default": "entity_alphatest",
        "cape": "entity_alphatest",
        "animated": "player_animated",
        "goggles": "slime_outer",
        "emissive": "spider_invisible"
      },
      "textures": {
        "default": "textures/entity/steve",
        "kirby_eye": "textures/entity/kirby_eye",
        "kirby_goggles": "textures/entity/kirby_goggles",
        "kirby_star": "textures/entity/kirby_star",
        "none": "textures/entity/none",
        "cape": "textures/entity/cape_invisible",

        "kirby_copy1": "textures/entity/kirby_copy",
        "kirby_copy2": "textures/entity/kirby_copy2",
        "kirby_copy2_kaiten": "textures/entity/copy2_kaiten",
        "kirby_copy3": "textures/entity/kirby_copy3",
        "kirby_copy4": "textures/entity/kirby_copy4",
        "kirby_copy4_fire": "textures/blocks/fire_0",
        "kirby_copy5": "textures/entity/kirby_copy5",
        "kirby_copy6": "textures/entity/kirby_copy6",
        "kirby_copy7": "textures/entity/kirby_copy7",
        "kirby_copy7_hammer": "textures/entity/copy7_hammer",
        "kirby_copy8": "textures/entity/kirby_copy8",
        "kirby_copy8_dash": "textures/entity/copy8_rod",
        "kirby_copy8_beam": "textures/entity/copy8_beam",
        "kirby_copy9": "textures/entity/kirby_copy9",
        "kirby_copy9_plasma": "textures/entity/copy9_plasma",
        "kirby_copy10": "textures/entity/kirby_copy10"
      },
      "geometry": {
        "default": "geometry.humanoid.custom",
        "kirby": "geometry.kirby",
        "kirby_foot": "geometry.kirby_foot",
        "kirby_hoppe": "geometry.kirby_hoppe",
        "kirby_noskin": "geometry.kirby_noskin",
        "kirby_star": "geometry.kirby_star",
        "cape": "geometry.cape",

        "kirby_copy1": "geometry.kirby_copy",
        "kirby_copy2": "geometry.kirby_copy2",
        "kirby_copy2_kaiten": "geometry.copy2_kaiten",
        "kirby_copy3": "geometry.kirby_copy3",
        "kirby_copy4": "geometry.kirby_copy4",
        "kirby_copy4_fire": "geometry.kirby_copy4_fire",
        "kirby_copy5": "geometry.kirby_copy5",
        "kirby_copy6": "geometry.kirby_copy6",
        "kirby_copy6_wheel": "geometry.kirby_copy6_wheel",
        "kirby_copy7": "geometry.kirby_copy7",
        "kirby_copy7_hammer": "geometry.kirby_copy7_hammer",
        "kirby_copy8": "geometry.kirby_copy8",
        "kirby_copy8_dash": "geometry.kirby_copy8_dash",
        "kirby_copy8_beam": "geometry.kirby_copy8_beam",
        "kirby_copy9": "geometry.kirby_copy9",
        "kirby_copy9_plasma": "geometry.kirby_copy9_plasma",
        "kirby_copy10": "geometry.kirby_copy10"
      },
      "scripts": {
        "scale": "0.9375 * 0.9",
        "initialize": [
          "variable.is_holding_right = 0.0;",
          "variable.is_blinking = 0.0;",
          "variable.last_blink_time = 0.0;",
          "variable.hand_bob = 0.0;",
          "variable.on_ground = 0.0;",
          "variable.hit_on_ground = 0.0;",
          "variable.hit_on_ground_max = 0.0;",
          "v.head_x_rotation=0;",
          "v.head_y_rotation=0;",
          "v.sleep=0;",
          "v.inbed=0;",
          "v.sliding=0;",
          "v.eye=0;",
          "v.jump=0;",
          "v.jump_time=0;",
          "v.suikomi=0;",
          "v.hobari=0;",
          "v.nomikomi=0;",
          "v.head_r=0;",
          "v.body_r=0;",
          "v.glide=0;",
          "v.tenmetsu = 5;",
          "v.copy2_ren = 0;",
          "v.copy2_dash=0;",
          "v.copy4_fire=0;",
          "v.copy4_fire2=0;",
          "v.copy5_ice=0;",
          "v.copy5_ice2=0;",
          "v.copy5_ice3=0;",
          "v.copy6_change=0;",
          "v.copy6_speed = 0;",
          "v.copy7_kaiten = 0;",
          "v.copy7_dash = 0;",
          "v.copy7_charge1 = 0;",
          "v.copy7_charge1_2 = 0;",
          "v.copy7_charge2 = 0;",
          "v.copy8_charge = 0;",
          "v.copy8_charge2 = 0;",
          "v.copy8_beam = 0;",
          "v.copy8_jump = 0;",
          "v.copy8_dash = 0;",
          "v.copy9_attack = 0;",
          "v.copy9_attack2 = 0;",
          "v.copy10_sleep1 = 0;",
          "v.copy10_sleep2 = 0;",
          "v.copy10_sleeping = 0;",
          "v.copy10_sleeping2 = 0;"
        ],
        "pre_animation": [
          "v.head_x_rotation = q.property('property:head_x_rotation')/100;",
          "v.head_y_rotation = q.property('property:head_y_rotation')/100;",
          //コピー1
          "v.copy1_fire = q.property('property:copy')==1 && q.in_range(q.property('property:copy_skill'),1,3) ? v.copy1_fire + 0.011*(150*query.delta_time) : 0 ;",
          "v.copy1 = q.property('property:copy')==1 && q.property('property:copy_skill')==4 ? math.min(v.copy1 + 9.0*(150*query.delta_time), 530) : 0 ;",
          //コピー2
          "v.copy2_ren = q.property('property:copy')==2 && q.property('property:copy_skill')==0 ? math.min(v.copy2_ren + 20.0*(150*query.delta_time), 0) : v.copy2_ren ;",
          "v.copy2_ren = q.property('property:copy')==2 && q.property('property:copy_skill')==1 ? math.max(v.copy2_ren - 4*(150*query.delta_time), -50) : v.copy2_ren ;",
          "v.copy2_ren = q.property('property:copy')==2 && q.property('property:copy_skill')==2 ? math.min(v.copy2_ren + 4*(150*query.delta_time), 0) : v.copy2_ren ;",
          "v.copy2_ren = q.property('property:copy')==2 && q.property('property:copy_skill')==3 ? math.max(v.copy2_ren - 4*(150*query.delta_time), -50) : v.copy2_ren ;",
          "v.copy2_dash = q.property('property:copy')==2 && q.property('property:copy_skill')==0 ? math.min(v.copy2_dash + 20.0*(150*query.delta_time), 0) : v.copy2_dash ;",
          "v.copy2_dash = q.property('property:copy')==2 && q.property('property:copy_skill')==4 ? math.max(v.copy2_dash - 4*(150*query.delta_time), -50) : v.copy2_dash ;",
          "v.copy2_kaiten = q.property('property:copy')==2 && q.property('property:copy_skill')==5 ? v.copy2_kaiten + 80.0*(150*query.delta_time) : 0 ;",
          //コピー4
          "v.copy4_fire = q.property('property:copy')==4 && q.property('property:copy_skill')==1 ? math.min(v.copy4_fire + 10.0*(150*query.delta_time),100) : math.max(v.copy4_fire - 10.0*(150*query.delta_time),0) ;",
          "v.copy4_fire2 = q.property('property:copy')==4 && (q.property('property:copy_skill')==3 || q.property('property:copy_skill')==5) ? v.copy4_fire2 + 5.0*(150*query.delta_time) : 0;",
          //コピー5
          "v.copy5_ice = q.property('property:copy')==5 && q.property('property:copy_skill')==1 ? math.min(v.copy5_ice + 10.0*(150*query.delta_time),100) : math.max(v.copy5_ice - 10.0*(150*query.delta_time),0) ;",
          "v.copy5_ice3 = q.property('property:copy')==5 && q.property('property:copy_skill')==4 ? v.copy5_ice3 + 10.0*(150*query.delta_time) : 0 ;",
          "v.copy5_ice2 = q.property('property:copy')==5 && q.property('property:copy_skill')==2 ? math.min(v.copy5_ice2 + 10.0*(150*query.delta_time),100) : math.max(v.copy5_ice2 - 10.0*(150*query.delta_time),0) ;",
          //コピー6
          "v.copy6_change = q.property('property:copy')==6 && q.property('property:copy_skill')==1 ? math.min(v.copy6_change + 6.5*(150*query.delta_time),100) : math.max(v.copy6_change - 6.5*(150*query.delta_time),0) ;",
          "v.copy6_speed = q.property('property:copy')==6 && q.property('property:copy_skill')==1 && q.is_sprinting ? math.min(v.copy6_speed + 3*(150*query.delta_time),100) : math.max(v.copy6_speed - 3*(150*query.delta_time),0) ;",
          //コピー7
          "v.copy7_kaiten = q.property('property:copy')==7 && q.property('property:copy_skill')==2 ? v.copy7_kaiten + 20.0*(150*query.delta_time) : 0 ;",
          "v.copy7_dash = q.property('property:copy')==7 && q.property('property:copy_skill')==1 ? v.copy7_dash + 10.0*(150*query.delta_time) : 0 ;",
          "v.copy7_charge1_2 = v.copy7_charge1 == 100 && v.copy7_charge2 == 0 ? math.min(v.copy7_charge1_2 + 1*(150*query.delta_time), 100) : math.max(v.copy7_charge1_2 - 6.0*(150*query.delta_time), 0) ;",
          "v.copy7_charge1 = q.property('property:copy')==7 && q.property('property:copy_skill')==3 ? math.min(v.copy7_charge1 + 6.0*(150*query.delta_time), 100) : (q.property('property:copy')==7 && q.property('property:copy_skill')==4 ? v.copy7_charge1 : math.max(v.copy7_charge1 - 6.0*(150*query.delta_time), 0)) ;",
          "v.copy7_charge2 = q.property('property:copy')==7 && q.property('property:copy_skill')==4 ? math.min(v.copy7_charge2 + 10.0*(150*query.delta_time), 100) : math.max(v.copy7_charge2 - 6.0*(150*query.delta_time), 0) ;",
          //コピー8
          "v.copy8_beam = q.property('property:copy')==8 && (q.property('property:copy_skill')==5) ? v.copy8_beam + 1.7*(150*query.delta_time) : 0;",
          "v.copy8_charge = q.property('property:copy')==8 && (q.in_range(q.property('property:copy_skill'),1,2) || q.property('property:copy_skill')==5) ? math.min(v.copy8_charge + 10.0*(150*query.delta_time), 100) : math.max(v.copy8_charge - 10.0*(150*query.delta_time), 0);",
          "v.copy8_charge2 = q.property('property:copy')==8 && (q.property('property:copy_skill')==2 || q.property('property:copy_skill')==5) ? math.min(v.copy8_charge2 + 10.0*(150*query.delta_time), 100) : math.max(v.copy8_charge2 - 10.0*(150*query.delta_time), 0);",
          "v.copy8_dash = q.property('property:copy')==8 && q.property('property:copy_skill')==4 ? math.min(v.copy8_dash + 10.0*(150*query.delta_time), 100) : math.max(v.copy8_dash - 10.0*(150*query.delta_time), 0);",
          "v.copy8_jump = q.property('property:copy')==8 && q.property('property:copy_skill')==3 ? math.min(v.copy8_jump  + 10.0*(150*query.delta_time), 100) : math.max(v.copy8_jump - 10.0*(150*query.delta_time), 0);",
          //コピー9
          "v.copy9_attack = q.property('property:copy')==9 && q.in_range(q.property('property:copy_skill'),3,6) ? math.min(v.copy9_attack + 13*(150*query.delta_time),100) : math.max(v.copy9_attack - 14*(150*query.delta_time),0) ;",
          "v.copy9_attack2 = q.property('property:copy')==9 && q.property('property:copy_skill')==2 ? math.min(v.copy9_attack2 + 40*(150*query.delta_time),100) : math.max(v.copy9_attack2 - 40*(150*query.delta_time),0) ;",
          //コピー10
          "v.copy10_sleeping = v.copy10_sleep1 >= 100 ? v.copy10_sleeping + 1.2*(150*query.delta_time) : 0 ;",
          "v.copy10_sleeping2 = v.copy10_sleep2 >= 100 ? v.copy10_sleeping2 + 5*(150*query.delta_time) : 0 ;",
          "v.copy10_sleep1 = q.property('property:copy')==10 && q.property('property:copy_skill')==1 ? math.min(v.copy10_sleep1 + 2.5*(150*query.delta_time),100) : math.max(v.copy10_sleep1 - 10*(150*query.delta_time),0) ;",
          "v.copy10_sleep2 = q.property('property:copy')==10 && q.property('property:copy_skill')==2 ? math.min(v.copy10_sleep2 + 10*(150*query.delta_time),100) : math.max(v.copy10_sleep2 - 10*(150*query.delta_time),0) ;",

          //コピーの瞬間
          "v.getcopy = q.property('property:getcopy') && (v.nomikomi==0 || v.nomikomi>60 ) ? math.min(v.getcopy + 1*(query.count(q.get_nearby_entities(100000,'minecraft:player'))>=2 ? 1.75 : 1.75)*5.3*(150*query.delta_time), 530) : 0 ;",

          //エリトラ
          "v.glide = q.is_gliding ? math.min(v.glide + 0.75*(150*query.delta_time) ,95 ) : 0 ;",
          //スライディング
          "v.sliding = q.property('property:sliding') ? math.min(v.sliding + 10*(150*query.delta_time) ,100 ) : math.max(v.sliding - 10*(150*query.delta_time) , 0 ) ;",
          //すいこみ
          "v.suikomi = !q.is_sneaking * v.suikomi ;",
          "v.suikomi = math.clamp(q.property('property:suikomi')==0 ? v.suikomi - 10*(150*query.delta_time) : v.suikomi + 10*(150*query.delta_time) ,0,100) ;",
          //のみこみ
          "v.nomikomi = (v.hobari == 100 && q.is_sneaking) ? 1 : (v.hobari == 0) ? 0 : v.nomikomi ;",
          //ほおばり
          "v.hobari = math.clamp(q.property('property:hobari')==0 ? v.hobari - 1 * (v.hobari>85 && v.nomikomi==0 ? 0.5 : (v.nomikomi==1 ? 1.95*(query.count(q.get_nearby_entities(100000,'minecraft:player'))>=2 ? 1.75 : 1) : 7.0))*(1*150*query.delta_time) : v.hobari + 8*(2*150*query.delta_time) ,0,100) ;",
          //ジャンプ
          "v.jump_time = (v.jump < q.property('property:jump') && v.jump_time > 0) ? 0 : v.jump_time ;",
          "v.jump_time = (v.jump < q.property('property:jump') || v.jump_time > 0 ) && !q.is_on_ground && v.jump_time < 90 ? v.jump_time + 1.4*(150*query.delta_time) : 0 ;",
          "v.jump=q.property('property:jump');",
          //寝る
          "v.sleep=(q.property('property:sliding')==0 && q.property('property:copy_skill')==0 && !q.is_moving && !q.is_sleeping && !q.is_sneaking && !v.attack_time && q.vertical_speed==0 && q.property('property:suikomi')==0 )? v.sleep + 1*(150*query.delta_time) : 0; ",
          "v.inbed= q.is_sleeping ? v.inbed + 1*(150*query.delta_time) : 0; ",
          "v.eye = (!(q.property('property:copy')==10 && q.property('property:copy_skill')>=1) && !q.is_sleeping && v.sleep < 2900) ? math.mod(v.eye + (v.eye > 970 ? 1.0*(150*query.delta_time) : math.random(0.5 , 2.5))*(150*query.delta_time),1000 ) : 0.0; ",
          "v.hit_on_ground = query.vertical_speed > 0.0 ? 0.0 : v.hit_on_ground;",
          "v.hit_on_ground = !q.is_on_ground ? -query.vertical_speed : v.hit_on_ground;",
          "v.hit_on_ground = q.is_on_ground  ? math.max(v.hit_on_ground - (1.0 - 0.01 * math.min(v.hit_on_ground_max,10) )*(150*query.delta_time), 0) : ( v.on_ground ? 0.0 : v.hit_on_ground ) ;",
          "v.hit_on_ground_max = !q.is_on_ground ? ( v.on_ground ? 0.0 : v.hit_on_ground ) : v.hit_on_ground_max;",
          "v.on_ground = q.is_on_ground;",

          //バニラ
          "variable.helmet_layer_visible = 1.0;",
          "variable.leg_layer_visible = 1.0;",
          "variable.boot_layer_visible = 1.0;",
          "variable.chest_layer_visible = 1.0;",
          "variable.attack_body_rot_y = Math.sin(360*Math.sqrt(variable.attack_time)) * 5.0;",
          "variable.tcos0 = (0.2+0.8*q.is_on_ground) * (math.cos(query.modified_distance_moved * 38.17) * query.modified_move_speed / variable.gliding_speed_value) * 57.3;",
          "variable.first_person_rotation_factor = math.sin((1 - variable.attack_time) * 180.0);",
          "variable.hand_bob = query.life_time < 0.01 ? 0.0 : variable.hand_bob + ((query.is_on_ground && query.is_alive ? math.clamp(math.sqrt(math.pow(query.position_delta(0), 2.0) + math.pow(query.position_delta(2), 2.0)), 0.0, 0.1) : 0.0) - variable.hand_bob) * 0.02;",

          "variable.map_angle = math.clamp(1 - variable.player_x_rotation / 45.1, 0.0, 1.0);",
          "variable.item_use_normalized = query.main_hand_item_use_duration / query.main_hand_item_max_duration;"
        ],
        "animate": [
          "root",
          {"kirby":"1"},
          {"kirby_rest":"!v.is_first_person"},
          {"kirby_slinding":"q.is_on_ground && !v.is_first_person"},
          "kirby_slinding_p",
          {"kirby_glide":"q.is_gliding && !v.is_first_person"},
          "kirby_glide_p",
          {"kirby_sleep":"q.is_sleeping && !v.is_first_person"},
          {"kirby_ride":"q.is_riding && !v.is_first_person"},
          "kirby_in_water",
          {"kirby_suikomi" :"v.suikomi>0 && !q.is_sneaking && !v.is_first_person"},
          "kirby_suikomi_p",
          "kirby_suikomi_pf",
          "kirby_suikomi_s",
          {"kirby_hobari" :"v.hobari>0 && !v.is_first_person"},
          {"kirby_getcopy" :"v.getcopy>0 && !v.is_first_person"},
          "kirby_getcopy_p",

          {"kirby_copy1" :"q.property('property:copy')==1"},
          {"kirby_copy1_bomb_fire" :"1"},

          {"kirby_copy2_ren" :"q.property('property:copy')==2"},
          {"kirby_copy2_dash" :"q.property('property:copy')==2"},
          {"kirby_copy2_kaiten" :"q.property('property:copy')==2"},
          "kirby_copy2_dash_con",

          {"kirby_copy3" :"q.property('property:copy')==3"},
          "kirby_copy3_p",
          
          {"kirby_copy4" :"!v.is_first_person && q.property('property:copy')==4"},
          
          {"kirby_copy5" :"!v.is_first_person && q.property('property:copy')==5"},
          {"kirby_copy5_dash" :"!v.is_first_person && q.property('property:copy')==5 && (q.property('property:copy_skill')==0 || q.property('property:copy_skill')==3) && q.is_sprinting && q.is_on_ground"},
          {"kirby_copy5_dash2":"!v.is_first_person && q.property('property:copy')==5 && q.property('property:copy_skill')==2"},
          {"kirby_copy5_kaiten":"!v.is_first_person && q.property('property:copy')==5 && q.property('property:copy_skill')==4"},
          "kirby_copy5_ice2",
          "kirby_copy5_ice3",
          
          {"kirby_copy6" :"!v.is_first_person && q.property('property:copy')==6"},
          "kirby_copy6_p",

          {"kirby_copy7_dash" :"!v.is_first_person && q.property('property:copy')==7 && q.property('property:copy_skill')==1"},
          {"kirby_copy7_kaiten" :"!v.is_first_person && q.property('property:copy')==7 && q.property('property:copy_skill')==2"},
          {"kirby_copy7_charge" :"q.property('property:copy')==7"},
          "kirby_copy7_p",

          {"kirby_copy8_charge": "!v.is_first_person && q.property('property:copy')==8"},
          {"kirby_copy8_dash": "!v.is_first_person && q.property('property:copy')==8"},
          {"kirby_copy8_jump": "!v.is_first_person && q.property('property:copy')==8"},
          "kirby_copy8_p",
          
          {"kirby_copy9" :"!v.is_first_person && q.property('property:copy')==9"},
          {"kirby_copy9_2" :"!v.is_first_person && q.property('property:copy')==9"},

          
          {"kirby_copy10" :"!v.is_first_person && (q.property('property:copy')==10 || v.copy10_sleep2 > 0)"},
          "kirby_copy10_p"
        ]
      },
      "particle_effects": {
        "bubble": "ny:bubble",
        "sliding": "ny:sliding",
        "suikomi": "ny:suikomi",
        "suikomi_f": "ny:suikomi_f",
        "star": "ny:star",
        "bomb_fire": "ny:bomb_fire",
        "bomb_lava": "ny:bomb_lava",
        "bomb_smoke": "ny:bomb_smoke",
        "syupa": "ny:syupa",
        "getcopy": "ny:getcopy",
        "stone": "ny:stone",
        "stone2": "ny:stone2",
        "ice2": "ny:copy5_ice2",
        "ice_kira": "ny:copy5_ice_kira2",
        "ice_kira3": "ny:copy5_ice_kira3",
        "ice3": "ny:copy5_ice3",
        "wheel1": "ny:copy6_wheel1",
        "hammer_fire": "ny:copy7_fire",
        "beam_charge": "ny:copy8_charge",
        "sleep": "ny:sleep"
      },
      "sound_effects": {
        "suikomi": "suikomi"
      },
      "animations": {
        "kirby": "animation.kirby.root",
        "kirby_glide":"animation.kirby.glide",
        "kirby_slinding":"animation.kirby.slinding",
        "kirby_slinding_p":"controller.animation.kirby.slinding",
        "kirby_glide_p":"controller.animation.kirby.glide",
        "kirby_rest": "animation.kirby.rest",
        "kirby_sleep": "animation.kirby.sleep",
        "kirby_ride": "animation.kirby.ride",
        "kirby_suikomi": "animation.kirby.suikomi",
        "kirby_suikomi_p": "controller.animation.kirby.suikomi",
        "kirby_suikomi_pf": "controller.animation.kirby.suikomi_f",
        "kirby_suikomi_s": "controller.animation.kirby.suikomi_s",
        "kirby_hobari": "animation.kirby.hobari",
        "kirby_in_water": "controller.animation.kirby.in_water",
        "kirby_getcopy": "animation.kirby.getcopy",
        "kirby_getcopy_p": "controller.animation.getcopy",

        "kirby_copy1": "animation.kirby.copy1",
        "kirby_copy1_bomb_fire": "controller.animation.bomb_fire",
        "kirby_copy2_ren": "animation.kirby.copy2_ren",
        "kirby_copy2_dash": "animation.kirby.copy2_dash",
        "kirby_copy2_dash_con": "controller.animation.copy2_dash_con",
        "kirby_copy2_kaiten": "animation.kirby.copy2_kaiten",
        "kirby_copy3": "animation.kirby.copy3",
        "kirby_copy3_p": "controller.animation.copy3_p",
        "kirby_copy4": "animation.kirby.copy4",
        "kirby_copy5": "animation.kirby.copy5",
        "kirby_copy5_dash" : "animation.kirby.copy5_dash",
        "kirby_copy5_dash2" : "animation.kirby.copy5_dash2",
        "kirby_copy5_kaiten" : "animation.kirby.copy5_kaiten",
        "kirby_copy5_ice2" : "controller.animation.copy5_ice2",
        "kirby_copy5_ice3" : "controller.animation.copy5_ice3",
        "kirby_copy6": "animation.kirby.copy6",
        "kirby_copy6_p":"controller.animation.copy6_wheel",
        "kirby_copy7_charge": "animation.kirby.copy7_charge",
        "kirby_copy7_p": "controller.animation.copy7_hammer",
        "kirby_copy7_dash": "animation.kirby.copy7_dash",
        "kirby_copy7_kaiten": "animation.kirby.copy7_kaiten",
        "kirby_copy8_charge": "animation.kirby.copy8_charge",
        "kirby_copy8_dash": "animation.kirby.copy8_dash",
        "kirby_copy8_jump": "animation.kirby.copy8_jump",
        "kirby_copy8_p": "controller.animation.copy8_beam",
        "kirby_copy9": "animation.kirby.copy9",
        "kirby_copy9_2": "animation.kirby.copy9_2",
        "kirby_copy10": "animation.kirby.copy10",
        "kirby_copy10_p":"controller.animation.copy10_sleep",

        "root": "controller.animation.player.root",
        "base_controller": "controller.animation.player.base",
        "hudplayer": "controller.animation.player.hudplayer",
        "humanoid_base_pose": "animation.humanoid.base_pose",
        "look_at_target": "controller.animation.humanoid.look_at_target",
        "look_at_target_ui": "animation.player.look_at_target.ui",
        "look_at_target_default": "animation.humanoid.look_at_target.default",
        "look_at_target_gliding": "animation.humanoid.look_at_target.gliding",
        "look_at_target_swimming": "animation.humanoid.look_at_target.swimming",
        "look_at_target_inverted": "animation.player.look_at_target.inverted",
        "cape": "animation.player.cape",
        "move.arms": "animation.player.move.arms",
        "move.legs": "animation.player.move.legs",
        "swimming": "animation.player.swim",
        "swimming.legs": "animation.player.swim.legs",
        "riding.arms": "animation.player.riding.arms",
        "riding.legs": "animation.player.riding.legs",
        "holding": "animation.player.holding",
        "brandish_spear": "animation.humanoid.brandish_spear",
        "holding_spyglass": "animation.humanoid.holding_spyglass",
        "charging": "animation.humanoid.charging",
        "attack.positions": "animation.player.attack.positions",
        "attack.rotations": "animation.player.attack.rotations",
        "sneaking": "animation.player.sneaking",
        "bob": "animation.player.bob",
        "damage_nearby_mobs": "animation.humanoid.damage_nearby_mobs",
        "bow_and_arrow": "animation.humanoid.bow_and_arrow",
        "use_item_progress": "animation.humanoid.use_item_progress",
        "skeleton_attack": "animation.skeleton.attack",
        "sleeping": "animation.player.sleeping",
        "first_person_base_pose": "animation.player.first_person.base_pose",
        "first_person_empty_hand": "animation.player.first_person.empty_hand",
        "first_person_swap_item": "animation.player.first_person.swap_item",
        "first_person_shield_block": "animation.player.first_person.shield_block",
        "first_person_attack_controller": "controller.animation.player.first_person_attack",
        "first_person_attack_rotation": "animation.player.first_person.attack_rotation",
        "first_person_vr_attack_rotation": "animation.player.first_person.vr_attack_rotation",
        "first_person_walk": "animation.player.first_person.walk",
        "first_person_map_controller": "controller.animation.player.first_person_map",
        "first_person_map_hold": "animation.player.first_person.map_hold",
        "first_person_map_hold_attack": "animation.player.first_person.map_hold_attack",
        "first_person_map_hold_off_hand": "animation.player.first_person.map_hold_off_hand",
        "first_person_map_hold_main_hand": "animation.player.first_person.map_hold_main_hand",
        "first_person_crossbow_equipped": "animation.player.first_person.crossbow_equipped",
        "third_person_crossbow_equipped": "animation.player.crossbow_equipped",
        "third_person_bow_equipped": "animation.player.bow_equipped",
        "crossbow_hold": "animation.player.crossbow_hold",
        "crossbow_controller": "controller.animation.player.crossbow",
        "shield_block_main_hand": "animation.player.shield_block_main_hand",
        "shield_block_off_hand": "animation.player.shield_block_off_hand",
        "blink": "controller.animation.persona.blink"
      },
      "render_controllers": [
        "controller.render.kirby",
        "controller.render.kirby_hoppe",
        "controller.render.kirby_foot",
        "controller.render.kirby_eye",
        "controller.render.kirby_goggles",
        "controller.render.kirby_star",
        "controller.render.kirby_copy",
        {"controller.render.kirby_copy2_kaiten":"!v.is_first_person && q.property('property:copy')==2 &&  q.property('property:copy_skill')==5"},
        {"controller.render.kirby_copy4_fire":"!v.is_first_person && q.property('property:copy')==4"},
        {"controller.render.kirby_copy6_wheel":"!v.is_first_person && q.property('property:copy')==6"},
        {"controller.render.kirby_copy7_hammer":"!v.is_first_person && q.property('property:copy')==7 && q.in_range(q.property('property:copy_skill'),1,2)"},
        {"controller.render.kirby_copy8_dash" : "q.property('property:copy')==8 && q.property('property:copy_skill')==4"},
        {"controller.render.kirby_copy8_beam" : "q.property('property:copy')==8 && q.property('property:copy_skill')==5"},
        {"controller.render.kirby_copy9_plasma" : "!v.is_first_person && q.property('property:copy')==9"},

        { "controller.render.player.first_person": "variable.is_first_person" },
        { "controller.render.player.third_person": "!variable.is_first_person && !variable.map_face_icon" },
        { "controller.render.player.map": "variable.map_face_icon" }
      ],
      "enable_attachables": true
    }
  }
}
