{
  "format_version":"1.16.0",
  "minecraft:entity":{
    "description":{
      "identifier":"serp:pea",
      "is_spawnable":false,
      "is_summonable":true,
      "is_experimental":false,
      "properties":{"serp:melt":{"client_sync":true,"range":[0,2],"type":"int","default":0}},
      "runtime_identifier":"minecraft:arrow"
    },
    "component_groups":{
      "serp:normal":{
      "minecraft:variant":{"value":0},
      "minecraft:projectile":{
        "on_hit":{"impact_damage":{"damage":3},"douse_fire":{}},
        "on_fire_time":0,"hit_sound":"slimeball","power":0.75,"gravity":0,"offset":[0,0.8,0]
        }
      },
      "serp:frozen":{
      "minecraft:variant":{"value":1},
      "minecraft:projectile":{
        "on_hit":{"impact_damage":{"damage":3},"douse_fire":{}},
        "on_fire_time":0,"hit_sound":"slimeball","power":0.75,"gravity":0,"offset":[0,0.8,0]
        }
      },
      "serp:fire":{
      "minecraft:variant":{"value":2},
      "minecraft:projectile":{
        "on_hit":{"impact_damage":{"damage":5},"douse_fire":{}},
        "on_fire_time":0,"hit_sound":"slimeball","power":0.75,"gravity":0,"offset":[0,0.8,0]
        }
      },
      "serp:despawn":{"minecraft:transformation":{"into":"serp:despawn","delay":{"value":0.1}}}
    },
    "components":{
      "minecraft:type_family":{"family":["pea"]},
      "minecraft:timer":{"looping":false,"time":1.2,"time_down_event":{"event":"serp:remove"}},
      "minecraft:collision_box":{"width":0.5,"height":0.5},
      "minecraft:physics":{}
    },
    "events":{
"serp:normal":{"remove":{"component_groups":["serp:frozen","serp:fire"]},"add":{"component_groups":["serp:normal"]},"queue_command":{"command":["tag @s remove frozen","tag @s remove fire"]},"set_property":{"serp:melt":0}},
"serp:frozen":{"remove":{"component_groups":["serp:normal","serp:fire"]},"add":{"component_groups":["serp:frozen"]},"queue_command":{"command":["tag @s add frozen","tag @s remove fire"]},"set_property":{"serp:melt":1}},
"serp:fire":{"remove":{"component_groups":["serp:frozen","serp:norml"]},"add":{"component_groups":["serp:fire"]},"queue_command":{"command":["tag @s remove frozen","tag @s add fire"]},"set_property":{"serp:melt":2}},
"serp:remove":{"add":{"component_groups":["serp:despawn"]}}
    }
  }
}