{
    "format_version": "1.20.80",
    "minecraft:item": {
        "description": {
            "identifier": "yes:waxed_oxidized_copper_shovel",
            "menu_category": {
                "category": "nature",
                "group": "itemGroup.name.monsterStoneEgg"
            }
        },
        "components": {
            "minecraft:tags": {
                "tags": [
                    "minecraft:is_shovel"
                ]
            },
            "minecraft:custom_components": [
                "yes:mining_durability_damage",
                "yes:hit_durability_damage"
            ],
            "minecraft:max_stack_size": 1,
            "minecraft:hand_equipped": true,
            "minecraft:durability": {
                "max_durability": 95,
                "damage_chance": {
                    "min": 60,
                    "max": 100
                }
            },
            "minecraft:display_name": {
                "value": "Waxed Oxidized Copper Shovel\n\ue116\u00a7l\ue05b\u00a7r\ue115\n\ue05c"
            },
            "minecraft:icon": "oxidized_copper_shovel",
            "minecraft:damage": 4,
            "minecraft:repairable": {
                "repair_items": [
                    {
                        "items": [
                            "yes:waxed_oxidized_copper_shovel"
                        ],
                        "repair_amount": "context.other->query.remaining_durability+0.12*context.other->query.max_durability"
                    },
                    {
                        "items": [
                            "minecraft:copper_ingot"
                        ],
                        "repair_amount": "query.max_durability*0.33"
                    }
                ]
            },
            "minecraft:can_destroy_in_creative": true,
            "minecraft:digger": {
                "destroy_speeds": [
                    {
                        "block": {
                            "tags": "q.any_tag('dirt', 'sand', 'gravel', 'grass', 'snow')"
                        },
                        "speed": 6
                    },
                    {
                        "block": "minecraft:soul_sand",
                        "speed": 6
                    },
                    {
                        "block": "minecraft:soul_soil",
                        "speed": 6
                    },
                    {
                        "block": "minecraft:dirt_with_roots",
                        "speed": 6
                    },
                    {
                        "block": "minecraft:mycelium",
                        "speed": 6
                    },
                    {
                        "block": "minecraft:podzol",
                        "speed": 6
                    },
                    {
                        "block": "minecraft:dirt",
                        "speed": 6
                    },
                    {
                        "block": "minecraft:farmland",
                        "speed": 6
                    },
                    {
                        "block": "minecraft:sand",
                        "speed": 6
                    },
                    {
                        "block": "minecraft:gravel",
                        "speed": 6
                    },
                    {
                        "block": "minecraft:grass",
                        "speed": 6
                    },
                    {
                        "block": "minecraft:grass_path",
                        "speed": 6
                    },
                    {
                        "block": "minecraft:snow",
                        "speed": 6
                    },
                    {
                        "block": "minecraft:mud",
                        "speed": 6
                    },
                    {
                        "block": "minecraft:packed_mud",
                        "speed": 6
                    },
                    {
                        "block": "minecraft:clay",
                        "speed": 5
                    }
                ]
            },
            "minecraft:enchantable": {
                "value": 6,
                "slot": "shovel"
            }
        }
    }
}