{
  "format_version":"1.21.10",
  "minecraft:item":{
    "description":{
      "identifier":"serp:ducky_tube",
	    "menu_category":{"group":"itemGroup.name.chestplate","category":"equipment"}
    },
    "components":{
	    "minecraft:display_name":{"value":"item.serp:ducky_tube.name"},
      "minecraft:max_stack_size":1,
      "minecraft:durability":{"max_durability":60,"damage_chance":{"min":60,"max":100}},
      "minecraft:wearable":{"protection":6,"slot":"slot.armor.chest"},
	    "minecraft:icon":"ducky_tube"
    }
  }
}