{
  "format_version":"1.21.10",
  "minecraft:item":{
    "description":{
      "identifier":"serp:newspaper",
       "menu_category":{"category":"equipment"}
    },
    "components":{
      "minecraft:display_name":{"value":"item.serp:newspaper.name"},
      "minecraft:max_stack_size":1,
      "minecraft:durability":{"max_durability":20},
      "minecraft:icon":"newspaper",
	    "minecraft:cooldown":{"category":"shield","duration":5},
      "minecraft:repairable":{"repair_items":[{"items":["minecraft:paper"],"repair_amount":7}]}
    }
  }
}