{
	"format_version": "1.12.0",
	"minecraft:geometry": [
		{
			"description": {
				"identifier": "geometry.serpmoltres",
				"texture_width": 80,
				"texture_height": 80,
				"visible_bounds_width": 6,
				"visible_bounds_height": 4,
				"visible_bounds_offset": [0, 1, 0]
			},
			"bones": [
				{
					"name": "root",
					"pivot": [0, 14, 0]
				},
				{
					"name": "moltres",
					"parent": "root",
					"pivot": [0, 14, 4]
				},
				{
					"name": "head",
					"parent": "moltres",
					"pivot": [0, 29, -11],
					"cubes": [
						{"origin": [-2, 28, -16.5], "size": [4, 4, 6.5], "uv": [33, 47]},
						{"origin": [-2.5, 28.5, -16.5], "size": [1, 3, 6], "pivot": [-2.5, 29, -10.5], "rotation": [0, -5, 0], "uv": [56, 25]},
						{"origin": [1.5, 28.5, -16.5], "size": [1, 3, 6], "pivot": [2.5, 29, -10.5], "rotation": [0, 5, 0], "uv": [56, 25], "mirror": true},
						{"origin": [-1.5, 31.5, -16.5], "size": [3, 1, 6], "uv": [41, 0]},
						{"origin": [-1.5, 27.5, -16.5], "size": [3, 1, 6], "uv": [41, 0]},
						{"origin": [-1.5, 28.5, -10.5], "size": [3, 3, 1], "uv": [33, 58]},
						{"origin": [-1.5, 28, -17.5], "size": [3, 4, 1], "uv": [14, 44]},
						{"origin": [-1, 29, -26], "size": [2, 1, 9], "uv": [42, 36]},
						{"origin": [-1, 29, -26], "size": [2, 1, 9], "pivot": [0, 30, -26], "rotation": [5, 0, 0], "uv": [0, 41]},
						{"origin": [-0.5, 28.5, -23], "size": [1, 1, 6], "pivot": [0, 30, -26], "rotation": [-2.5, 0, 0], "uv": [56, 35]}
					],
					"locators": {
						"head": {
							"offset": [0, 34, -15],
							"rotation": [-45, 0, 0]
						}
					}
				},
				{
					"name": "open_eyes",
					"parent": "head",
					"pivot": [0, 29, -11],
					"cubes": [
						{"origin": [-2.1, 30, -19.5], "size": [0, 2, 4], "inflate": 0.01, "pivot": [-3.5, 30.5, -16.5], "rotation": [0, -20, 0], "uv": [0, 37]},
						{"origin": [2.1, 30, -19.5], "size": [0, 2, 4], "inflate": 0.01, "pivot": [3.5, 30.5, -16.5], "rotation": [0, 20, 0], "uv": [0, 37], "mirror": true}
					]
				},
				{
					"name": "closed_eyes",
					"parent": "head",
					"pivot": [0, 29, -11],
					"cubes": [
						{"origin": [-2.1, 30, -19.5], "size": [0, 2, 4], "inflate": 0.01, "pivot": [-3.5, 30.5, -16.5], "rotation": [0, -20, 0], "uv": [0, 39]},
						{"origin": [2.1, 30, -19.5], "size": [0, 2, 4], "inflate": 0.01, "pivot": [3.5, 30.5, -16.5], "rotation": [0, 20, 0], "uv": [0, 39], "mirror": true}
					]
				},
				{
					"name": "angry_eyes",
					"parent": "head",
					"pivot": [0, 29, -11],
					"cubes": [
						{"origin": [-2.1, 30, -19.5], "size": [0, 2, 4], "inflate": 0.01, "pivot": [-3.5, 30.5, -16.5], "rotation": [0, -20, 0], "uv": [0, 41]},
						{"origin": [2.1, 30, -19.5], "size": [0, 2, 4], "inflate": 0.01, "pivot": [3.5, 30.5, -16.5], "rotation": [0, 20, 0], "uv": [0, 41], "mirror": true}
					]
				},
				{
					"name": "neck",
					"parent": "moltres",
					"pivot": [0, 21, -6],
					"rotation": [-25, 0, 0],
					"cubes": [
						{"origin": [-1.5, 21, -7], "size": [3, 10, 3], "pivot": [0, 21, -5.5], "rotation": [60, 0, 0], "uv": [0, 52]}
					]
				},
				{
					"name": "body",
					"parent": "moltres",
					"pivot": [0, 10, 5],
					"rotation": [-30, 0, 0],
					"cubes": [
						{"origin": [-3, 10, -10], "size": [6, 6, 8], "uv": [0, 26]},
						{"origin": [-4, 9, -2], "size": [8, 8, 8], "uv": [0, 9]},
						{"origin": [-4, 9, -10], "size": [8, 0, 8], "pivot": [0, 9, -2], "rotation": [-7.2, 0, 0], "uv": [29, 27]},
						{"origin": [-4, 17, -10], "size": [8, 0, 8], "pivot": [0, 17, -2], "rotation": [-7.2, 0, -180], "uv": [29, 27]},
						{"origin": [-8, 13, -10], "size": [8, 0, 8], "pivot": [-4, 13, -2], "rotation": [-7.2, 0, 90], "uv": [29, 27]},
						{"origin": [0, 13, -10], "size": [8, 0, 8], "pivot": [4, 13, -2], "rotation": [-7.2, 0, -90], "uv": [29, 27], "mirror": true},
						{"origin": [-3.5, 16.5, -1.5], "size": [7, 1, 7], "uv": [22, 36]},
						{"origin": [-3.5, 8.5, -1.5], "size": [7, 1, 7], "uv": [22, 36]},
						{"origin": [-4.5, 9.5, -1.5], "size": [1, 7, 7], "uv": [16, 45]},
						{"origin": [3.5, 9.5, -1.5], "size": [1, 7, 7], "uv": [16, 45]},
						{"origin": [-2.5, 10.5, -10.5], "size": [5, 5, 1], "uv": [26, 45]},
						{"origin": [-3.5, 9.5, 5.5], "size": [7, 7, 1], "uv": [54, 47]}
					],
					"locators": {
						"body": {
							"offset": [0, 17, 4],
							"rotation": [-65, 0, 0]
						}
					}
				},
				{
					"name": "legs",
					"parent": "moltres",
					"pivot": [0, 11, 4]
				},
				{
					"name": "right_leg",
					"parent": "legs",
					"pivot": [-3, 11, 4],
					"rotation": [0, 10, 0],
					"cubes": [
						{"origin": [-3.5, 0, -0.5], "size": [1, 1, 5], "pivot": [-3, 1, 3.5], "rotation": [15, 0, 0], "uv": [21, 27]},
						{"origin": [-3.5, 0, 1.5], "size": [1, 1, 4], "pivot": [-3, 1, 4.5], "rotation": [-160, 0, 180], "uv": [22, 28]},
						{"origin": [-4, 0, -0.5], "size": [1, 1, 5], "pivot": [-3, 1, 3.5], "rotation": [15, 25, 0], "uv": [21, 27]},
						{"origin": [-3, 0, -0.5], "size": [1, 1, 5], "pivot": [-3, 1, 3.5], "rotation": [15, -25, 0], "uv": [21, 27]},
						{"origin": [-3.5, 1, 3.5], "size": [1, 4, 1], "uv": [0, 0]},
						{"origin": [-4.5, 4.5, 2.5], "size": [3, 1, 3], "uv": [54, 0]},
						{"origin": [-5, 5, 2], "size": [4, 6, 4], "uv": [54, 14]}
					]
				},
				{
					"name": "left_leg",
					"parent": "legs",
					"pivot": [3, 11, 4],
					"rotation": [0, -10, 0],
					"cubes": [
						{"origin": [2.5, 0, -0.5], "size": [1, 1, 5], "pivot": [3, 1, 3.5], "rotation": [15, 0, 0], "uv": [21, 27], "mirror": true},
						{"origin": [2.5, 0, 1.5], "size": [1, 1, 4], "pivot": [3, 1, 4.5], "rotation": [-160, 0, -180], "uv": [22, 28], "mirror": true},
						{"origin": [3, 0, -0.5], "size": [1, 1, 5], "pivot": [3, 1, 3.5], "rotation": [15, -25, 0], "uv": [21, 27], "mirror": true},
						{"origin": [2, 0, -0.5], "size": [1, 1, 5], "pivot": [3, 1, 3.5], "rotation": [15, 25, 0], "uv": [21, 27], "mirror": true},
						{"origin": [2.5, 1, 3.5], "size": [1, 4, 1], "uv": [0, 0], "mirror": true},
						{"origin": [1.5, 4.5, 2.5], "size": [3, 1, 3], "uv": [54, 0], "mirror": true},
						{"origin": [1, 5, 2], "size": [4, 6, 4], "uv": [54, 14], "mirror": true}
					]
				},
				{
					"name": "wings",
					"parent": "moltres",
					"pivot": [0, 20, -3]
				},
				{
					"name": "right_wing",
					"parent": "wings",
					"pivot": [-3, 20, -3],
					"cubes": [
						{"origin": [-19, 20, -5], "size": [16, 0, 4], "uv": [25, 9]}
					],
					"locators": {
						"wing1": {
							"offset": [-11, 20, -2],
							"rotation": [-90, 0, 0]
						}
					}
				},
				{
					"name": "right_wing_tip",
					"parent": "right_wing",
					"pivot": [-19, 20, -5],
					"cubes": [
						{"origin": [-35, 20, -5], "size": [16, 0, 8], "uv": [0, 0]}
					],
					"locators": {
						"wing2": {
							"offset": [-27, 20, 1],
							"rotation": [-90, 20, 0]
						}
					}
				},
				{
					"name": "left_wing",
					"parent": "wings",
					"pivot": [3, 20, -3],
					"cubes": [
						{"origin": [3, 20, -5], "size": [16, 0, 4], "uv": [25, 9], "mirror": true}
					],
					"locators": {
						"wing3": {
							"offset": [11, 20, -2],
							"rotation": [-90, 0, 0]
						}
					}
				},
				{
					"name": "left_wing_tip",
					"parent": "left_wing",
					"pivot": [19, 20, -5],
					"cubes": [
						{"origin": [19, 20, -5], "size": [16, 0, 8], "uv": [0, 0], "mirror": true}
					],
					"locators": {
						"wing4": {
							"offset": [27, 20, 1],
							"rotation": [-90, -20, 0]
						}
					}
				}
			]
		}
	]
}