{
  "format_version": "1.8.0",
  "render_controllers": {
    "controller.render.chara": {
          "part_visibility": [
        { "rightItem": "variable.has_target==1" }
     ],
      "arrays": {
             "textures": {
          "Array.chara_frisk": [ "Texture.frisk", "Texture.chara" ]
        },
        "materials": {
          "Array.materials": [ "Material.default", "Material.invisible" ]
        }
      },
     "geometry": "Geometry.default",
      "materials": [ { "*": "Array.materials[query.is_invisible]" } ],
      "textures": [ "Array.chara_frisk[variable.has_target]" ]
    }
  }
}
