{
  "format_version": "1.10.0",
  "minecraft:attachable": {
    "description": {
      "identifier": "pg:portal_gun_levitation2_beta",
	   "materials": {
        "default": "entity_alphatest"
      },
      "textures": {
        "default": "textures/entity/gravity_gun_blue"
      },
      "geometry": {
        "default": "geometry.gravity_gun"
      },
	  "animations": {
        "wield": "animation.gg.wield"
      },
      "scripts": {
        "animate": [
          "wield"
        ]
      },
      "render_controllers": [ "controller.render.default"]
    }
  }
}
