{
  "format_version": "1.10.0",
  "minecraft:attachable": {
    "description": {
      "identifier": "pg:portal_gun_blue_glados_beta",
	   "materials": {
        "default": "entity_alphatest"
      },
      "textures": {
        "default": "textures/entity/portal_gun_blue_glados"
      },
      "geometry": {
        "default": "geometry.portal_gun_glados"
      },
	  	"sound_effects": {
    "equip": "glados.voices"
	},
	 "animations": {
        "wield": "animation.pg.wield2"
		//"on_equip": "animation.pg.glados_sound"
      },
      "scripts": {
        "animate": [
          "wield"
		 //"on_equip"
        ]
      },
      "render_controllers": [ "controller.render.pg"]
    }
  }
}
