{
"format_version":"1.10.0",
"particle_effect":{
"description":{
"identifier":"h2v:sans_sleep",
"basic_render_parameters":{
"material":"particles_alpha",
"texture":"z"
}
},
"components":{
"minecraft:emitter_local_space":{
"position":false,
"rotation":true
},
"minecraft:emitter_shape_sphere":{
"radius":0.2,
"offset":[0, 0, 0],
"direction":[0, 0, 0]
},
"minecraft:particle_motion_dynamic":{
"linear_acceleration":[0.4,0.4,0],
"linear_drag_coefficient":0,
"rotation_drag_coefficient":0
},


"minecraft:emitter_rate_instant":{
"num_particles":1
},

"minecraft:emitter_lifetime_looping":{
"active_time":1,
"sleep_time":0
},
"minecraft:particle_lifetime_expression":{
"max_lifetime":2
},

"minecraft:particle_appearance_billboard":{
"size":[
"0.14-(variable.particle_age>1?Math.min((variable.particle_age-1)*0.14,0.14):0)",
"0.14-(variable.particle_age>1?Math.min((variable.particle_age-1)*0.14,0.14):0)"
],
"facing_camera_mode":"lookat_xyz",
"minecraft:particle_appearance_lighting":{},

"uv":{
"texture_width":80,
"texture_height":80,
"uv":[0,0],
"uv_size":[80,80]
}
}
}
}
}


//by h2v wither 123