{
	"format_version": "1.8.0",
	"animations": {
		"animation.mk18.first_person.mag": {
			"loop": true,
			"bones": {
				"root": {
					"rotation": ["(math.cos(query.life_time * 100.0) * 0.200) + 0.200", 180, 0],
					"position": [1, -1, -3]
				},
				"rightArmA": {
					"rotation": [0, -10, 0],
					"position": [0, 0, 2]
				},
				"rightArm": {
					"rotation": [-90, 0, 10],
					"position": [0, 0, -5]
				},
				"main": {
					"rotation": [77.5, 0, -180],
					"position": [-5, 14, 2],
					"scale": 0.1
				}
			}
		},
		"animation.mk18.third_person.mag": {
			"loop": true,
			"bones": {
				"main": {
					"rotation": [75, 0, -180],
					"position": [-5, 14.3, 1.6],
					"scale": 0.1
				}
			}
		},
		"animation.mk18.first_person.draw": {
			"loop": "hold_on_last_frame",
			"animation_length": 1.2,
			"bones": {
				"rightArmA": {
					"rotation": {
						"0.0": {
							"post": [23.28353, -38.45217, 22.94055],
							"lerp_mode": "catmullrom"
						},
						"0.1": {
							"post": [11.36, -32.42, 17.02],
							"lerp_mode": "catmullrom"
						},
						"0.3": {
							"post": [-3.35743, -16.8985, 6.5661],
							"lerp_mode": "catmullrom"
						},
						"0.5": {
							"post": [4.69269, -9.69673, -4.04817],
							"lerp_mode": "catmullrom"
						},
						"0.7": {
							"post": [0.77497, -9.99081, 3.21834],
							"lerp_mode": "catmullrom"
						},
						"1.0": [0, -10, 0]
					},
					"position": {
						"0.0": {
							"post": [-4.68, -1.35, -0.01],
							"lerp_mode": "catmullrom"
						},
						"0.3": {
							"post": [-0.55, -0.74999, -0.0043],
							"lerp_mode": "catmullrom"
						},
						"0.5": {
							"post": [2, 0, 0],
							"lerp_mode": "catmullrom"
						},
						"0.7": {
							"post": [2.16, 0.05, 0],
							"lerp_mode": "catmullrom"
						},
						"1.0": [2, 0, 0]
					}
				},
				"rightArm": {
					"rotation": {
						"0.0": [-90, 0, "math.sin(query.anim_time*2880)*0"],
						"0.3": [-90, 0, "math.sin(query.anim_time*1440)*4"],
						"0.5": [-90, 0, "math.sin(query.anim_time*360)*0"],
						"0.9": [-90, 0, "math.sin(query.anim_time*180)*3"],
						"1.2": [-90, 0, "math.sin(query.anim_time*180)*0"]
					},
					"position": [-2.52093, -0.40406, -0.95435]
				},
				"main": {
					"rotation": [-90, 0, 10],
					"position": [-12, -23.7, -3.8],
					"scale": 0.07
				},
				"leftArmA": {
					"rotation": [-9.5, 39, 10],
					"position": [-4.875, -2.075, -10.475]
				},
				"root": {
					"rotation": ["(math.cos(query.life_time * 100.0) * 0.200) + 0.200", 180, 0],
					"position": [1, -1, -3]
				},
				"leftArm": {
					"rotation": {
						"0.0": {
							"post": [-62.90294, -3.37226, 8.95599],
							"lerp_mode": "catmullrom"
						},
						"0.1": {
							"post": [-84.44501, -6.889, -2.89044],
							"lerp_mode": "catmullrom"
						},
						"0.3": {
							"post": [-93.68264, -2.85289, -16.57149],
							"lerp_mode": "catmullrom"
						},
						"0.5": {
							"post": [-84.10264, 1.15936, -12.57011],
							"lerp_mode": "catmullrom"
						},
						"0.7": {
							"post": [-94.39, 1.06, -15.4],
							"lerp_mode": "catmullrom"
						},
						"1.0": [-92.50097, 0.99049, -17.28215]
					},
					"position": {
						"0.0": {
							"post": [-1.47295, -4.72486, 4.98634],
							"lerp_mode": "catmullrom"
						},
						"0.1": {
							"post": [-0.97295, -4.09986, 4.36134],
							"lerp_mode": "catmullrom"
						},
						"0.3": {
							"post": [-0.19291, -0.07055, 1.96502],
							"lerp_mode": "catmullrom"
						},
						"0.5": {
							"post": [0.24716, 0.43675, 2.30002],
							"lerp_mode": "catmullrom"
						},
						"0.7": {
							"post": [0.80866, -0.09768, 2.0647],
							"lerp_mode": "catmullrom"
						},
						"1.0": [0.63509, 0.36018, 1.81993]
					},
					"scale": [0.7, 1, 0.7]
				},
				"rightArmUp": {
					"position": [0, 1, 0]
				},
				"body": {
					"position": [1, 0, 0]
				}
			}
		},
		"animation.mk18.first_person.holding": {
			"loop": true,
			"bones": {
				"rightArmA": {
					"rotation": [0, -10, 0],
					"position": [2, 0, 0]
				},
				"rightArm": {
					"rotation": [-90, 0, 0],
					"position": [-2.52093, -0.40406, -0.95435]
				},
				"main": {
					"rotation": [-90, 0, 10],
					"position": [-12, -23.7, -3.8],
					"scale": 0.07
				},
				"leftArmA": {
					"rotation": [-9.5, 39, 10],
					"position": [-4.875, -2.075, -10.475]
				},
				"root": {
					"rotation": ["(math.cos(query.life_time * 100.0) * 0.200) + 0.200", 180, 0],
					"position": [1, -1, -3]
				},
				"leftArm": {
					"rotation": [-92.50097, 0.99049, -17.28215],
					"position": [0.63509, 0.36018, 1.81993],
					"scale": [0.7, 1, 0.7]
				},
				"rightArmUp": {
					"position": [0, 1, 0]
				},
				"body": {
					"position": [1, 0, 0]
				}
			}
		},
		"animation.mk18.first_person.fire": {
			"loop": "hold_on_last_frame",
			"animation_length": 0.52,
			"anim_time_update": "query.anim_time + query.delta_time * 0.0",
			"bones": {
				"rightArm": {
					"rotation": {
						"0.0": [0, 0, 0],
						"0.04": [-0.75, -0.25, 1],
						"0.08": [-0.25, -0.08, -1],
						"0.12": [0.25, 0.08, 0.5],
						"0.24": [0.1, 0.03, -0.2],
						"0.32": [0, 0, 0]
					},
					"position": {
						"0.0": [0, 0, 0],
						"0.04": [0.39523, -0.00697, 1.94571],
						"0.08": [0.28682, -0.00347, 1.37239],
						"0.12": [-0.00023, 0.00513, -0.18859],
						"0.2": [-0.08682, 0.00339, -0.60239],
						"0.32": [0, 0, 0]
					}
				},
				"leftArm": {
					"rotation": {
						"0.0": [0, 0, 0],
						"0.04": [-1, 0, 0],
						"0.12": [0.5, 0, 0],
						"0.32": [0, 0, 0]
					},
					"position": {
						"0.0": [0, 0, 0],
						"0.04": [-1.08954, 0.34366, 1.52739],
						"0.08": [-0.82447, 0.21251, 1.01053],
						"0.12": [0.12405, -0.02602, -0.152],
						"0.2": [0.2271, -0.05045, -0.28208],
						"0.32": [0, 0, 0]
					}
				},
				"bullet": {
					"rotation": {
						"0.0": [0, 0, 0],
						"0.08": [91.86649, 1.96038, -40.22544],
						"0.2": [212.17303, 9.3484, -40.24523],
						"0.32": [90.6979, -39.7535, 13.17068],
						"0.48": [0, 0, 0]
					},
					"position": {
						"0.0": [0, 0, 0],
						"0.04": [51.87938, 11.89213, 9.38403],
						"0.08": [104.07587, -1.57732, 9.60211],
						"0.12": [139.87, -34.94, 9.7],
						"0.16": [175.66728, -71.297, 9.80006],
						"0.2": [213.12104, -115.26585, 10.5572],
						"0.32": [213.12104, -122.26585, 10.5572],
						"0.48": [0, 0, 0]
					},
					"scale": {
						"0.2": [1, 1, 1],
						"0.32": [0, 0, 0],
						"0.48": [0, 0, 0],
						"0.52": [1, 1, 1]
					}
				},
				"rightArmA": {
					"rotation": {
						"0.0": [0, 0, "math.sin(query.anim_time*2880)*0"],
						"0.08": [0, 0, "math.sin(query.anim_time*2880)*2"],
						"0.24": [0, 0, "math.sin(query.anim_time*2880)*0"]
					}
				}
			},
			"particle_effects": {
				"0.0": {
					"effect": "smoke",
					"locator": "mk18muzzle"
				},
				"0.01": {
					"effect": "fire",
					"locator": "mk18muzzle2"
				}
			}
		},
		"animation.mk18.first_person.reload": {
			"loop": "hold_on_last_frame",
			"animation_length": 3,
			"bones": {
				"rightArmA": {
					"rotation": [0, -10, "math.sin(query.anim_time*1280)*0"],
					"position": [2, "math.sin(90+query.anim_time*1280)*0", 0]
				},
				"rightArm": {
					"rotation": {
						"0.0": [-90, 0, 0],
						"0.1": [-94.79498, 6.24525, 15.01742],
						"0.2": [-96.91238, 8.4169, 21.30564],
						"0.3": [-93.91833, -1.74157, -21.8108],
						"0.5": [-91.28013, -0.87751, -10.7206],
						"0.7": [-90.29742, 0.80256, -4.53217],
						"0.9": [-93.65481, 1.08237, -0.32149],
						"1.1": [-95.83218, -5.20943, -19.00093],
						"1.2": [-101.37483, -3.9781, -16.63343],
						"1.4": [-97.43392, -7.99342, -21.97548],
						"1.5": [-95.8818, -7.28656, -13.79079],
						"1.7": [-90, -2.5, 10],
						"1.8": [-92.5, -2.5, 10],
						"1.9": [-94.10504, -2.32329, 12.49596],
						"2.0": [-89.01376, -1.04062, 14.33286],
						"2.3": [-86.25, 0, -3],
						"2.5": [-90.5, 0, 1.75],
						"2.7": [-90.25, 0, -0.2],
						"3.0": [-90, 0, 0]
					},
					"position": {
						"0.0": [-2.52093, -0.40406, -0.95435],
						"0.2": [-2.52093, -0.40406, -0.95435],
						"0.7": [-2.52, -0.4, -0.95],
						"1.1": [-2.52093, -0.40406, -0.95435],
						"1.2": [-2.52, -0.54, -0.95],
						"1.4": [-2.52, 0.255, -0.95],
						"1.5": [-3.04593, -0.40406, -0.95435],
						"1.7": [-2.52, -1.4, -0.95],
						"1.8": [-2.36378, -1.60157, -0.06402],
						"1.9": [-2.36384, -2.30073, -0.0644],
						"2.3": [-2.52093, -0.40406, -0.95435]
					}
				},
				"main": {
					"rotation": [-90, 0, 10],
					"position": [-12, -23.7, -3.8],
					"scale": 0.07
				},
				"leftArmA": {
					"rotation": [-9.5, 39, 10],
					"position": [-4.875, -2.075, -10.475]
				},
				"root": {
					"rotation": ["(math.cos(query.life_time * 100.0) * 0.200) + 0.200", 180, 0],
					"position": [1, -1, -3]
				},
				"leftArm": {
					"rotation": {
						"0.0": [-92.50097, 0.99049, -17.28215],
						"0.2": [-50.65784, -16.49318, -26.18963],
						"0.6": [-47.36, -18.2, -27.37],
						"0.8": [-50.65784, -16.49318, -26.18963],
						"0.9": [-74.28399, -2.14298, -14.73048],
						"1.0": [-90.26829, 2.06052, -21.48427],
						"1.1": [-98.89783, 3.47196, -26.84106],
						"1.3": [-92.52694, -8.55544, -17.17585],
						"1.5": [-105.10112, 15.9758, -17.95525],
						"1.7": [-113.78474, 21.55999, -18.74984],
						"1.8": [-116.87295, 26.49041, -21.41981],
						"1.9": [-83.53086, -2.52363, -16.82821],
						"2.3": [-92.50097, 0.99049, -17.28215],
						"3.0": [-92.50097, 0.99049, -17.28215]
					},
					"position": {
						"0.0": [0.63509, 0.36018, 1.81993],
						"0.2": [0.34265, -2.02111, 8.47155],
						"0.6": [0.27, -2.03, 8.83],
						"0.8": [0.34265, -2.02111, 8.47155],
						"0.9": [1.22, -3.055, 7.015],
						"1.0": [-0.05522, 2.17094, 5.09257],
						"1.1": [0.34, 2.17, 4.955],
						"1.5": [-0.15393, 2.90848, 6.51529],
						"1.7": [1.38547, 1.26307, 7.23801],
						"1.8": [1.07809, 1.09105, 7.89421],
						"1.9": [2.03028, 1.13918, 7.48998],
						"2.3": [0.77371, -0.61698, 2.09664],
						"2.5": [0.67022, 0.42337, 1.83383],
						"2.7": [0.61427, 0.43318, 1.81917],
						"3.0": [0.63509, 0.36018, 1.81993]
					},
					"scale": {
						"0.0": [0.7, 1, 0.7],
						"0.6": [0.7, 1, 0.7]
					}
				},
				"rightArmUp": {
					"position": [0, 1, 0]
				},
				"body": {
					"position": [1, 0, 0]
				},
				"reload_trigger": {
					"position": {
						"1.6": [0, 0, 0],
						"1.8": [0, 0, -23],
						"1.9": [0, 0, 0],
						"2.0": [0, 0, -2],
						"2.1": [0, 0, 0]
					}
				},
				"Clip": {
					"rotation": {
						"0.0": [0, 0, 0],
						"0.2": [0, 0, 0],
						"0.4": [0, 0, 67.5],
						"0.6": [0, 0, 67.5],
						"0.7": [0, 0, 0],
						"1.0": [0, 0, 0]
					},
					"position": {
						"0.0": [0, 0, 0],
						"0.2": [0, 0, 0],
						"0.3": [-25, -80.33, 0],
						"0.5": [0, -277, 0],
						"0.6": [0, -277, 0],
						"0.7": [0, -277, 0],
						"1.0": [0, 0, 0]
					}
				},
				"bullet": {
					"scale": {
						"0.0": [1, 1, 1],
						"0.1": [0, 0, 0],
						"0.6": [0, 0, 0],
						"2.8": [0, 0, 0],
						"3.0": [1, 1, 1]
					}
				}
			},
			"sound_effects": {
				"0.1": {
					"effect": "mk18_clipout"
				},
				"1.0": {
					"effect": "mk18_clipin"
				},
				"1.6": {
					"effect": "mk18_boltrelease"
				}
			}
		},
		"animation.mk18.first_person.sprinting": {
			"loop": true,
			"bones": {
				"rightArmA": {
					"rotation": [0, -10, 0],
					"position": [2, 0, 0]
				},
				"rightArm": {
					"rotation": [-85, 10, 0],
					"position": [-2.89777, 0.00885, -0.77643]
				},
				"main": {
					"rotation": [-90, 0, 10],
					"position": [-13, -22.7, -3.8],
					"scale": 0.07
				},
				"leftArmA": {
					"rotation": [-9.5, 39, 10],
					"position": [-6.1, -1.4, -12]
				},
				"root": {
					"rotation": ["(math.cos(query.life_time * 100.0) * 0.200) + 0.200", 115, 0],
					"position": [8, -1, -2]
				},
				"leftArm": {
					"rotation": [-93, 10, 0],
					"position": [-1.60975, -1.55817, 2.00964],
					"scale": [0.7, 1, 0.7]
				},
				"rightArmUp": {
					"position": [0, 1, 0]
				},
				"body": {
					"position": [1, 0, 0]
				}
			}
		},
		"animation.mk18.first_person.aim": {
			"loop": true,
			"bones": {
				"rightArmA": {
					"rotation": [0, -10, 0],
					"position": [2, 0, 0]
				},
				"rightArm": {
					"rotation": [-90, -10, 0],
					"position": [-0.77475, 0.11, 4.3001]
				},
				"main": {
					"rotation": [-90, 0, 19.8],
					"position": [-10.29136, -26.97083, -3.71569],
					"scale": 0.07
				},
				"leftArmA": {
					"rotation": [-15, 34.5, 0],
					"position": [-5.5, -1, -12]
				},
				"root": {
					"rotation": [-1.35, 179.89, 0],
					"position": [2.69, -0.475, -2.83]
				},
				"leftArm": {
					"rotation": [-80.5, -11, -17.5],
					"position": [0.14153, 3.00143, 9.1461],
					"scale": [0.7, 1, 0.7]
				},
				"rightArmUp": {
					"rotation": [0, 0, -10],
					"position": [1, -2, 0]
				},
				"body": {
					"position": [1, 0, 0]
				}
			}
		},
		"animation.mk18.first_person.aim_fire": {
			"loop": "hold_on_last_frame",
			"animation_length": 0.52,
			"bones": {
				"rightArm": {
					"rotation": {
						"0.0": [0, 0, 0],
						"0.04": [-0.25, 0, 0.5],
						"0.08": [0, 0, -0.25],
						"0.12": [0.25, 0, 0],
						"0.16": [0, 0, -0.5],
						"0.28": [0, 0, 0.25],
						"0.32": [0, 0, 0]
					},
					"position": {
						"0.0": [0, 0, 0],
						"0.04": [0.25335, 0.01178, 1.45303],
						"0.12": [-0.07807, -0.00076, -0.43464],
						"0.32": [0, 0, 0]
					}
				},
				"leftArm": {
					"position": {
						"0.0": [0, 0, 0],
						"0.04": [-0.847, 0.35442, 1.18616],
						"0.12": [0.23698, -0.07327, -0.31016],
						"0.32": [0, 0, 0]
					}
				},
				"bullet": {
					"rotation": {
						"0.0": [0, 0, 0],
						"0.08": [91.86649, 1.96038, -40.22544],
						"0.2": [212.17303, 9.3484, -40.24523],
						"0.32": [90.6979, -39.7535, 13.17068],
						"0.48": [0, 0, 0]
					},
					"position": {
						"0.0": [0, 0, 0],
						"0.04": [51.87938, 11.89213, 9.38403],
						"0.08": [104.07587, -1.57732, 9.60211],
						"0.12": [139.87, -34.94, 9.7],
						"0.16": [175.66728, -71.297, 9.80006],
						"0.2": [213.12104, -115.26585, 10.5572],
						"0.32": [213.12104, -122.26585, 10.5572],
						"0.48": [0, 0, 0]
					},
					"scale": {
						"0.2": [1, 1, 1],
						"0.32": [0, 0, 0],
						"0.48": [0, 0, 0],
						"0.52": [1, 1, 1]
					}
				}
			},
			"particle_effects": {
				"0.0": {
					"effect": "smoke",
					"locator": "mk18muzzle"
				},
				"0.01": {
					"effect": "fire",
					"locator": "mk18muzzle2"
				}
			}
		},
		"animation.mk18.third_person.draw": {
			"loop": "hold_on_last_frame",
			"animation_length": 1.5,
			"bones": {
				"body": {
					"rotation": [0, 20, 0]
				},
				"rightArm": {
					"rotation": {
						"0.0": {
							"post": [-60.61559, -67.2977, 34.8828],
							"lerp_mode": "catmullrom"
						},
						"0.1": {
							"post": [-71.53485, -36.15947, 30.60404],
							"lerp_mode": "catmullrom"
						},
						"0.3": {
							"post": [-59.40175, -20.59524, 6.82448],
							"lerp_mode": "catmullrom"
						},
						"0.4": {
							"post": [-60.27124, -18.87371, -0.61032],
							"lerp_mode": "catmullrom"
						},
						"0.6": {
							"post": [-62.81728, -20.43219, -1.0608],
							"lerp_mode": "catmullrom"
						},
						"0.9": {
							"post": [-62.68254, -20.76893, 2.03999],
							"lerp_mode": "catmullrom"
						},
						"1.5": [-63.23861, -20.99916, 0.13023]
					},
					"position": {
						"0.0": {
							"post": [1.02, 0, 0.17],
							"lerp_mode": "catmullrom"
						},
						"0.3": {
							"post": [1.02, 0, 0.17],
							"lerp_mode": "catmullrom"
						},
						"0.6": {
							"post": [1.02, 0, 0.17],
							"lerp_mode": "catmullrom"
						},
						"1.5": [1.02, 0, 0.17]
					}
				},
				"rightArmDown": {
					"rotation": [-22.5, 0, 0]
				},
				"main": {
					"rotation": [-61.97667, 4.01234, 1.55157],
					"position": [-12.40525, -21.13289, -5.39596],
					"scale": 0.05
				},
				"leftArm": {
					"rotation": {
						"0.0": {
							"post": [-9.95662, 19.75541, -14.64526],
							"lerp_mode": "catmullrom"
						},
						"0.1": {
							"post": [-60.40166, 10.95653, -14.00878],
							"lerp_mode": "catmullrom"
						},
						"0.3": {
							"post": [-77.55908, 22.47365, -14.23871],
							"lerp_mode": "catmullrom"
						},
						"0.4": {
							"post": [-83.07953, 22.23683, -13.98857],
							"lerp_mode": "catmullrom"
						},
						"0.6": {
							"post": [-87.21, 19.76, -14.65],
							"lerp_mode": "catmullrom"
						},
						"0.9": {
							"post": [-85.18698, 20.50737, -14.58314],
							"lerp_mode": "catmullrom"
						},
						"1.5": [-87.21, 19.76, -14.65]
					},
					"position": {
						"0.0": {
							"post": [0, 0, 0],
							"lerp_mode": "catmullrom"
						},
						"0.1": {
							"post": [-0.01783, 0, -1.64525],
							"lerp_mode": "catmullrom"
						},
						"0.3": {
							"post": [-1, 0, -2.93],
							"lerp_mode": "catmullrom"
						},
						"0.6": {
							"post": [-1, 0, -2.93],
							"lerp_mode": "catmullrom"
						},
						"0.9": {
							"post": [-1, 0, -2.93],
							"lerp_mode": "catmullrom"
						},
						"1.5": [-1, 0, -2.93]
					}
				},
				"leftArmDown": {
					"rotation": {
						"0.0": [-22.5, 0, 0],
						"0.3": [0, 0, 0]
					}
				},
				"root": {
					"rotation": [0, 0, 0]
				}
			}
		},
		"animation.mk18.third_person.holding": {
			"loop": true,
			"bones": {
				"root": {
					"rotation": [0, 0, 0]
				},
				"body": {
					"rotation": [0, 20, 0]
				},
				"rightArm": {
					"rotation": [-63.23861, -20.99916, 0.13023],
					"position": [1.02, 0, 0.17]
				},
				"rightArmDown": {
					"rotation": [-22.5, 0, 0]
				},
				"leftArm": {
					"rotation": [-87.20662, 19.75541, -14.64526],
					"position": [-1, 0, -2.93]
				},
				"main": {
					"rotation": [-61.97667, 4.01234, 1.55157],
					"position": [-12.40525, -21.13289, -5.39596],
					"scale": 0.05
				}
			}
		},
		"animation.mk18.third_person.fire": {
			"loop": "hold_on_last_frame",
			"animation_length": 0.52,
			"bones": {
				"rightArm": {
					"rotation": {
						"0.0": [0, 0, 0],
						"0.04": [-0.75, -0.25, 1],
						"0.08": [-0.25, -0.08, -1],
						"0.12": [0.25, 0.08, 0.5],
						"0.24": [0.1, 0.03, -0.2],
						"0.32": [0, 0, 0]
					},
					"position": {
						"0.0": [0, 0, 0],
						"0.04": [0.39523, -0.00697, 1.94571],
						"0.08": [0.28682, -0.00347, 1.37239],
						"0.12": [-0.00023, 0.00513, -0.18859],
						"0.2": [-0.08682, 0.00339, -0.60239],
						"0.32": [0, 0, 0]
					}
				},
				"leftArm": {
					"rotation": {
						"0.0": [0, 0, 0],
						"0.04": [-1, 0, 0],
						"0.12": [0.5, 0, 0],
						"0.32": [0, 0, 0]
					},
					"position": {
						"0.0": [0, 0, 0],
						"0.04": [-1.08954, 0.34366, 1.52739],
						"0.08": [-0.82447, 0.21251, 1.01053],
						"0.12": [0.12405, -0.02602, -0.152],
						"0.2": [0.2271, -0.05045, -0.28208],
						"0.32": [0, 0, 0]
					}
				},
				"bullet": {
					"rotation": {
						"0.0": [0, 0, 0],
						"0.08": [91.86649, 1.96038, -40.22544],
						"0.2": [212.17303, 9.3484, -40.24523],
						"0.32": [90.6979, -39.7535, 13.17068],
						"0.48": [0, 0, 0]
					},
					"position": {
						"0.0": [0, 0, 0],
						"0.04": [51.87938, 11.89213, 9.38403],
						"0.08": [104.07587, -1.57732, 9.60211],
						"0.12": [139.87, -34.94, 9.7],
						"0.16": [175.66728, -71.297, 9.80006],
						"0.2": [213.12104, -115.26585, 10.5572],
						"0.32": [213.12104, -122.26585, 10.5572],
						"0.48": [0, 0, 0]
					},
					"scale": {
						"0.2": [1, 1, 1],
						"0.32": [0, 0, 0],
						"0.48": [0, 0, 0],
						"0.52": [1, 1, 1]
					}
				},
				"rightArmA": {
					"rotation": {
						"0.0": [0, 0, "math.sin(query.anim_time*2880)*0"],
						"0.08": [0, 0, "math.sin(query.anim_time*2880)*2"],
						"0.24": [0, 0, "math.sin(query.anim_time*2880)*0"]
					}
				}
			},
			"particle_effects": {
				"0.0": {
					"effect": "smoke",
					"locator": "mk18muzzle"
				},
				"0.01": {
					"effect": "fire",
					"locator": "mk18muzzle2"
				}
			}
		},
		"animation.mk18.third_person.reload": {
			"loop": "hold_on_last_frame",
			"animation_length": 3,
			"bones": {
				"root": {
					"rotation": [0, 0, 0]
				},
				"body": {
					"rotation": [0, 20, 0]
				},
				"rightArm": {
					"rotation": {
						"0.0": [-63.23861, -20.99916, 0.13023],
						"0.1": {
							"pre": [-83.64178, -17.67812, 16.98745],
							"post": [-83.64178, -17.67812, 16.98745],
							"lerp_mode": "catmullrom"
						},
						"0.2": {
							"post": [-88.57344, -16.59448, 23.80471],
							"lerp_mode": "catmullrom"
						},
						"0.3": {
							"post": [-70.13682, -16.86625, -19.96892],
							"lerp_mode": "catmullrom"
						},
						"0.4": {
							"post": [-69.22537, -18.03798, -15.24744],
							"lerp_mode": "catmullrom"
						},
						"0.5": {
							"post": [-69.37557, -17.43222, -10.11021],
							"lerp_mode": "catmullrom"
						},
						"0.6": {
							"post": [-72.38008, -18.5412, -1.68546],
							"lerp_mode": "catmullrom"
						},
						"0.8": {
							"post": [-77.35386, -21.24799, 2.72186],
							"lerp_mode": "catmullrom"
						},
						"1.0": {
							"post": [-70.50416, -25.89369, -19.43574],
							"lerp_mode": "catmullrom"
						},
						"1.2": {
							"post": [-77.14435, -25.76496, -16.48191],
							"lerp_mode": "catmullrom"
						},
						"1.4": {
							"post": [-75.69925, -18.00952, -12.92806],
							"lerp_mode": "catmullrom"
						},
						"1.7": {
							"post": [-73.26387, -3.63839, 14.76352],
							"lerp_mode": "catmullrom"
						},
						"1.9": {
							"post": [-77.72774, -5.14125, 17.23265],
							"lerp_mode": "catmullrom"
						},
						"2.1": {
							"post": [-68.57354, -11.772, 2.37427],
							"lerp_mode": "catmullrom"
						},
						"2.4": [-58.74656, -20.70666, -4.99377],
						"2.6": [-59.71564, -21.00476, 0.06466],
						"3.0": [-63.23861, -20.99916, 0.13023]
					},
					"position": {
						"0.0": [1.02, 0, 0.17],
						"3.0": [1.02, 0, 0.17]
					}
				},
				"rightArmDown": {
					"rotation": [-22.5, 0, 0]
				},
				"leftArm": {
					"rotation": {
						"0.0": {
							"post": [-87.20662, 19.75541, -14.64526],
							"lerp_mode": "catmullrom"
						},
						"0.3": {
							"post": [-32.13555, -9.08068, -15.38965],
							"lerp_mode": "catmullrom"
						},
						"0.6": {
							"post": [0, -8.5, 0],
							"lerp_mode": "catmullrom"
						},
						"1.0": {
							"post": [-96.65222, 26.73594, -15.45888],
							"lerp_mode": "catmullrom"
						},
						"1.2": {
							"post": [-111.36177, 31.45768, -17.14379],
							"lerp_mode": "catmullrom"
						},
						"1.4": {
							"post": [-99.0721, 3.25863, -39.92344],
							"lerp_mode": "catmullrom"
						},
						"1.7": {
							"post": [-114.80454, 17.56593, -44.36176],
							"lerp_mode": "catmullrom"
						},
						"1.8": {
							"post": [-120.48774, 22.8418, -46.32802],
							"lerp_mode": "catmullrom"
						},
						"2.1": {
							"post": [-71.18092, 9.05439, -29.49614],
							"lerp_mode": "catmullrom"
						},
						"2.4": [-83.30909, 20.61969, -11.93118],
						"2.6": [-81.63959, 20.57751, -11.14074],
						"3.0": [-87.20662, 19.75541, -14.64526]
					},
					"position": {
						"0.0": {
							"post": [-1, 0, -2.93],
							"lerp_mode": "catmullrom"
						},
						"0.3": {
							"post": [-0.78719, 0, -0.29852],
							"lerp_mode": "catmullrom"
						},
						"0.6": {
							"post": [-0.36767, 0, 1.01017],
							"lerp_mode": "catmullrom"
						},
						"1.0": {
							"post": [0.16581, 0, -1.60113],
							"lerp_mode": "catmullrom"
						},
						"1.4": {
							"post": [-1, 0, -2.93],
							"lerp_mode": "catmullrom"
						},
						"2.1": [-1, 0, -2.93]
					}
				},
				"leftArmDown": {
					"rotation": {
						"0.0": {
							"post": [0, 0, 0],
							"lerp_mode": "catmullrom"
						},
						"1.4": {
							"post": [0, 0, 0],
							"lerp_mode": "catmullrom"
						},
						"1.6": {
							"post": [-27.5, 0, 0],
							"lerp_mode": "catmullrom"
						},
						"1.9": {
							"post": [-42.5, 0, 0],
							"lerp_mode": "catmullrom"
						},
						"2.1": {
							"post": [-22.19, 0, 0],
							"lerp_mode": "catmullrom"
						},
						"2.3": [0, 0, 0]
					}
				},
				"main": {
					"rotation": [-61.97667, 4.01234, 1.55157],
					"position": [-12.40525, -21.13289, -5.39596],
					"scale": 0.05
				},
				"reload_trigger": {
					"position": {
						"1.6": [0, 0, 0],
						"1.8": [0, 0, -23],
						"1.9": [0, 0, 0],
						"2.1": [0, 0, -2],
						"2.3": [0, 0, 0]
					}
				},
				"Clip": {
					"rotation": {
						"0.0": [0, 0, 0],
						"0.2": [0, 0, 0],
						"0.4": [0, 0, 67.5],
						"0.5": [0, 0, 67.5],
						"0.6": [-88.35204, -2.19284, -4.04391],
						"0.7": [-88.35204, -2.19284, -4.04391],
						"0.8": [-57.83194, 4.02789, 19.13052],
						"0.9": [-14.33378, -1.46238, 9.04664],
						"1.0": [0, 0, 0]
					},
					"position": {
						"0.0": [0, 0, 0],
						"0.2": [0, 0, 0],
						"0.3": [-25, -80.33, 0],
						"0.5": [-3.08037, -483.17537, -5.86187],
						"0.6": [-167.61305, -171.4098, -135.298],
						"0.7": [-140.74686, -152.94398, -49.05438],
						"0.8": [-72.48933, -112.78654, -0.72465],
						"0.9": [-3.59817, -57.21425, 9.96653],
						"1.0": [0, 0, 0]
					},
					"scale": {
						"0.4": [1, 1, 1],
						"0.5": [0, 0, 0],
						"0.6": [0, 0, 0],
						"0.7": [1, 1, 1],
						"1.0": [1, 1, 1]
					}
				},
				"bullet": {
					"scale": {
						"0.0": [1, 1, 1],
						"0.1": [0, 0, 0],
						"2.9": [0, 0, 0],
						"3.0": [1, 1, 1]
					}
				}
			},
			"sound_effects": {
				"0.1": {
					"effect": "mk18_clipout"
				},
				"1.0": {
					"effect": "mk18_clipin"
				},
				"1.6": {
					"effect": "mk18_boltrelease"
				}
			}
		},
		"animation.mk18.third_person.sprinting": {
			"loop": true,
			"bones": {
				"root": {
					"rotation": [0, 0, 0]
				},
				"body": {
					"rotation": [0, 20, 0]
				},
				"rightArm": {
					"rotation": [-84.79162, -59.43932, 28.3959],
					"position": [0.63274, 0, -0.73843]
				},
				"rightArmDown": {
					"rotation": [-22.5, 0, 0]
				},
				"leftArm": {
					"rotation": [-42.5898, -13.06221, -7.11012],
					"position": [-0.87053, 0, 0.58738]
				},
				"leftArmDown": {
					"rotation": [-35, 0, 0]
				},
				"main": {
					"rotation": [-66.59557, 1.20371, -21.35928],
					"position": [-13.5, -21, -5],
					"scale": 0.06
				}
			}
		},
		"animation.mk18.third_person.aim": {
			"loop": true,
			"bones": {
				"root": {
					"rotation": [0, 0, 0]
				},
				"body": {
					"rotation": [0, 20, 0]
				},
				"rightArm": {
					"rotation": [-74.33021, -26.94542, 0.95436],
					"position": [1.02, 0, 0.17]
				},
				"rightArmDown": {
					"rotation": [-22.5, 0, 0]
				},
				"leftArm": {
					"rotation": [-91.94677, 16.56232, -9.97665],
					"position": [-1.29072, 0, -2.13126]
				},
				"main": {
					"rotation": [-74.71752, 0.4697, 8.16827],
					"position": [-12.40525, -21.13289, -5.39596],
					"scale": 0.05
				},
				"head": {
					"rotation": [15, -12.5, -12.5]
				}
			}
		},
		"animation.mk18.third_person.aim_fire": {
			"loop": "hold_on_last_frame",
			"animation_length": 0.52,
			"bones": {
				"rightArm": {
					"rotation": {
						"0.0": [0, 0, 0],
						"0.04": [-0.75, 1.75, 2.5],
						"0.08": [-1.5, 0, -2.5],
						"0.24": [1.25, 0, 2.5],
						"0.52": [0, 0, 0]
					},
					"position": {
						"0.0": [0, 0, 0],
						"0.04": [0.17364, -0.00665, 0.98479],
						"0.12": [-0.04341, 0.00143, -0.2462],
						"0.52": [0, 0, 0]
					}
				},
				"leftArm": {
					"rotation": {
						"0.0": [0, 0, 0],
						"0.04": [-2.5, 2.5, -0.5],
						"0.08": [-3, 0, 0],
						"0.24": [0, -0.25, 0],
						"0.52": [0, 0, 0]
					},
					"position": {
						"0.0": [0, 0, 0],
						"0.04": [-0.34409, 0, 0.4011],
						"0.08": [-0.19073, 0, -0.08223],
						"0.12": [0.1895, -0.16738, -0.37971],
						"0.24": [0.24896, -0.31999, 0.03698],
						"0.52": [0, 0, 0]
					}
				},
				"bullet": {
					"rotation": {
						"0.0": [0, 0, 0],
						"0.28": [212.17303, 9.3484, -40.24523],
						"0.32": [0, 0, 0]
					},
					"position": {
						"0.0": [0, 0, 0],
						"0.04": [50.90468, 19.59702, -0.34582],
						"0.08": [175.66728, -82.297, 9.80006],
						"0.12": [213.12104, -149.26585, 10.5572],
						"0.28": [242.25265, -442.10417, 8.29885],
						"0.32": [0, 0, 0]
					},
					"scale": {
						"0.24": [1, 1, 1],
						"0.28": [0, 0, 0],
						"0.32": [0, 0, 0],
						"0.36": [1, 1, 1]
					}
				}
			},
			"particle_effects": {
				"0.0": {
					"effect": "smoke",
					"locator": "mk18muzzle"
				},
				"0.01": {
					"effect": "fire",
					"locator": "mk18muzzle2"
				}
			}
		}
	}
}