{
	"format_version": "1.16.100",
	"minecraft:item": {
		"description": {
			"identifier": "simple_vehicles:key_golf_cart_street_legal",
			"category": "equipment"
		},
		"components": {
			"minecraft:creative_category": {
				"parent": "equipment"
			},
			"minecraft:stacked_by_data": true,
			"minecraft:icon": {
				"texture": "simple_vehicles_key_golf_cart_street_legal"
			},
			"minecraft:hand_equipped": true,
			"minecraft:allow_off_hand": false,
			"minecraft:can_destroy_in_creative": false,
			"minecraft:max_stack_size": 16
		}
	}
}