{
	"format_version": "1.8.0",
	"animations": {
		"animation.mareep.quiet": {
			"loop": true,
			"animation_length": 1.6,
			"override_previous_animation": true,
			"bones": {
				"head": {
					"position": {
						"0.0": [0, -1, -1],
						"0.4": [-1, 0, 0],
						"0.8": [0, -1, -1],
						"1.2": [1, 0, 0],
						"1.6": [0, -1, -1]
					}
				},
				"body": {
					"rotation": {
						"0.0": [5, 0, 0],
						"0.4": [-5, 5, 0],
						"0.8": [5, 0, 0],
						"1.2": [-5, -5, 0],
						"1.6": [5, 0, 0]
					}
				},
				"tail": {
					"rotation": {
						"0.0": [5, 25, 25],
						"0.4": [-5, 25, 25],
						"0.8": [-5, 5, 10],
						"1.6": [5, 25, 25]
					}
				},
				"front_legs": {
					"rotation": {
						"0.0": [0, 0, 0],
						"0.4": [-5, 15, -10],
						"0.8": [0, 0, 0],
						"1.2": [-5, -15, 10],
						"1.6": [0, 0, 0]
					},
					"position": {
						"0.0": [0, 0, 0],
						"0.4": [-1, 0, 0],
						"0.8": [0, 0, 0],
						"1.2": [1, 0, 0],
						"1.6": [0, 0, 0]
					}
				}
			}
		},
		"animation.mareep.walk": {
			"loop": true,
			"animation_length": 0.6,
			"bones": {
				"mareep": {
					"rotation": {
						"0.0": [-10, 0, 0],
						"0.3": [15, 0, 0],
						"0.6": [-10, 0, 0]
					},
					"position": {
						"0.0": [0, 0, 0],
						"0.3": [0, 1, 0],
						"0.6": [0, 0, 0]
					}
				},
				"head": {
					"position": {
						"0.0": [0, 0, 0],
						"0.2": [0, -2, -1],
						"0.6": [0, 0, 0]
					}
				},
				"tail": {
					"rotation": {
						"0.0": [0, 0, 0],
						"0.2": [-65, 0, 0],
						"0.6": [0, 0, 0]
					}
				},
				"front_legs": {
					"rotation": {
						"0.0": [-50, 0, 0],
						"0.2": [30, 0, 0],
						"0.6": [-50, 0, 0]
					}
				},
				"back_legs": {
					"rotation": {
						"0.0": [40, 0, 0],
						"0.4": [-30, 0, 0],
						"0.6": [40, 0, 0]
					}
				}
			}
		},
		"animation.mareep.sitting": {
			"loop": true,
			"bones": {
				"head": {
					"position": [0, 0, 2]
				},
				"body": {
					"rotation": [-45, 0, 0],
					"position": [0, -4, -3]
				},
				"tail": {
					"rotation": [-45, 45, 0]
				},
				"front_legs": {
					"position": [0, 1, 1],
					"scale": [1, 1.2, 1]
				},
				"back_legs": {
					"rotation": [-90, 0, 0],
					"position": [0, -5, 0],
					"scale": [1.1, 1, 1]
				}
			}
		},
		"animation.mareep.jump": {
			"loop": true,
			"bones": {
				"tail": {
					"rotation": [-30, 0, 0]
				},
				"front_legs": {
					"rotation": [-65, 0, 0]
				},
				"back_legs": {
					"rotation": [35, 0, 0]
				}
			}
		},
		"animation.mareep.attack": {
			"loop": true,
			"bones": {
				"head": {
					"position": [0, 3, 3]
				},
				"body": {
					"rotation": [-25, 0, 0]
				},
				"front_legs": {
					"rotation": [-40, 0, 0],
					"position": [0, 3, 1]
				}
			}
		},
		"animation.mareep.swimming": {
			"loop": true,
			"animation_length": 0.6,
			"override_previous_animation": true,
			"bones": {
				"mareep": {
					"position": {
						"0.0": [0, -2, 0],
						"0.4": [0, 0, 0],
						"0.6": [0, -2, 0]
					}
				},
				"head": {
					"position": [0, 3, 4]
				},
				"body": {
					"rotation": [-40, 0, 0]
				},
				"tail": {
					"rotation": {
						"0.0": [-60, 30, -10],
						"0.3": [-60, -30, 10],
						"0.6": [-60, 30, -10]
					}
				},
				"front_legs": {
					"rotation": {
						"0.0": [-60, 0, 0],
						"0.2": [-5, 0, 0],
						"0.6": [-60, 0, 0]
					},
					"position": [0, 4, 2]
				},
				"back_legs": {
					"rotation": {
						"0.0": [-20, 0, 0],
						"0.3": [10, 0, 0],
						"0.6": [-20, 0, 0]
					}
				}
			}
		},
        "animation.mareep.health_bar":{
            "loop":true,
            "bones":{
                "health_hover":{
    "rotation":["q.camera_rotation(0)","q.camera_rotation(1)-q.body_y_rotation",0],
	"position": [0,25,0],
    "scale":"query.is_in_ui?0:1.5"
                },
				"bar_green": {
					"scale": ["query.health/query.max_health*1", 1, 1]
				},
				"bar_black": {
					"scale": ["(1)+(query.health/query.max_health*-1)", 1, 1]
				}
			}
        }
	}
}