{
	"format_version": "1.8.0",
	"animations": {
		"animation.flaaffy.quiet": {
			"loop": true,
			"animation_length": 0.8,
			"bones": {
				"body_root": {
					"rotation": {
						"0.0": [0, 0, -5],
						"0.2": [10, 0, 0],
						"0.4": [0, 0, 5],
						"0.6": [10, 0, 0],
						"0.8": [0, 0, -5]
					}
				},
				"tail": {
					"rotation": {
						"0.0": [5, 40, 15],
						"0.6": [20, 15, -10],
						"0.8": [5, 40, 15]
					}
				},
				"right_arm": {
					"rotation": {
						"0.0": [0, 0, 0],
						"0.4": [0, 0, 30],
						"0.8": [0, 0, 0]
					}
				},
				"left_arm": {
					"rotation": {
						"0.0": [0, 0, -30],
						"0.4": [0, 0, 0],
						"0.8": [0, 0, -30]
					}
				}
			}
		},
		"animation.flaaffy.walk": {
			"loop": true,
			"animation_length": 0.8,
			"bones": {
				"flaaffy": {
					"rotation": {
						"0.0": [0, 15, 0],
						"0.4": [0, -15, 0],
						"0.8": [0, 15, 0]
					},
					"position": {
						"0.0": [0, 1, 0],
						"0.2": [0, 0, 0],
						"0.4": [0, 1, 0],
						"0.6": [0, 0, 0],
						"0.8": [0, 1, 0]
					}
				},
				"body_root": {
					"rotation": {
						"0.0": [0, 0, -5],
						"0.2": [15, 0, 0],
						"0.4": [0, 0, 5],
						"0.6": [15, 0, 0],
						"0.8": [0, 0, -5]
					}
				},
				"tail": {
					"rotation": {
						"0.0": [5, -35, -10],
						"0.4": [5, 35, 10],
						"0.8": [5, -35, -10]
					}
				},
				"right_arm": {
					"rotation": {
						"0.0": [0, -50, 0],
						"0.4": [0, 50, 0],
						"0.8": [0, -50, 0]
					}
				},
				"left_arm": {
					"rotation": {
						"0.0": [0, -50, 0],
						"0.4": [0, 50, 0],
						"0.8": [0, -50, 0]
					}
				},
				"right_leg": {
					"rotation": {
						"0.0": [45, 0, 0],
						"0.4": [-45, 0, 0],
						"0.8": [45, 0, 0]
					}
				},
				"left_leg": {
					"rotation": {
						"0.0": [-45, 0, 0],
						"0.4": [45, 0, 0],
						"0.8": [-45, 0, 0]
					}
				}
			}
		},
		"animation.flaaffy.sitting": {
			"loop": true,
			"bones": {
				"flaaffy": {
					"position": [0, -2, 0]
				},
				"tail": {
					"rotation": [30, 50, 20]
				},
				"legs": {
					"rotation": [-90, 0, 0],
					"position": [0, -2, 0]
				},
				"right_leg": {
					"rotation": [0, 0, 15],
					"position": [1, 0, 0]
				},
				"left_leg": {
					"rotation": [0, 0, -15],
					"position": [-1, 0, 0]
				}
			}
		},
		"animation.flaaffy.jump": {
			"loop": true,
			"bones": {
				"tail": {
					"rotation": [-45, 0, 0]
				},
				"arms": {
					"rotation": [-140, 0, 0]
				},
				"legs": {
					"rotation": [30, 0, 0]
				}
			}
		},
		"animation.flaaffy.attack": {
			"loop": true,
			"bones": {
				"body_root": {
					"rotation": [20, -30, 0],
					"position": [-2, 0, 0]
				},
				"tail": {
					"rotation": [0, -30, -10]
				},
				"right_arm": {
					"rotation": [0, -55, 0],
					"position": [0, 0, -2]
				},
				"left_arm": {
					"rotation": [0, -50, 0]
				},
				"right_leg": {
					"position": [0, 0, -2]
				},
				"left_leg": {
					"rotation": [0, -55, 0],
					"position": [0, 0, 2]
				}
			}
		},
		"animation.flaaffy.swimming": {
			"loop": true,
			"animation_length": 0.8,
			"bones": {
				"flaaffy": {
					"position": {
						"0.0": [0, 0, 0],
						"0.4": [0, -2, 0],
						"0.8": [0, 0, 0]
					}
				},
				"tail": {
					"rotation": {
						"0.0": [0, 0, 0],
						"0.3": [15, 0, 0],
						"0.8": [0, 0, 0]
					}
				},
				"right_arm": {
					"rotation": {
						"0.0": [0, -55, 45],
						"0.5": [0, 0, 45],
						"0.8": [0, -55, 45]
					}
				},
				"left_arm": {
					"rotation": {
						"0.0": [0, 55, -45],
						"0.5": [0, 0, -45],
						"0.8": [0, 55, -45]
					}
				},
				"right_leg": {
					"rotation": {
						"0.0": [40, 0, 0],
						"0.2": [-40, 0, 0],
						"0.4": [40, 0, 0],
						"0.6": [-40, 0, 0],
						"0.8": [40, 0, 0]
					}
				},
				"left_leg": {
					"rotation": {
						"0.0": [-40, 0, 0],
						"0.2": [40, 0, 0],
						"0.4": [-40, 0, 0],
						"0.6": [40, 0, 0],
						"0.8": [-40, 0, 0]
					}
				}
			}
		},
        "animation.flaaffy.health_bar":{
            "loop":true,
            "bones":{
                "health_hover":{
    "rotation":["q.camera_rotation(0)","q.camera_rotation(1)-q.body_y_rotation",0],
	"position": [0,28,0],
    "scale":"query.is_in_ui?0:1.5"
                },
				"bar_green": {
					"scale": ["query.health/query.max_health*1", 1, 1]
				},
				"bar_black": {
					"scale": ["(1)+(query.health/query.max_health*-1)", 1, 1]
				}
			}
        }
	}
}