{
  "format_version": "1.10.0",
  "minecraft:client_entity": {
    "description": {
      "identifier": "pg:portal_o_glados",
      "materials": { "default": "skeleton" },
      "textures": {
        "default": "textures/portal/portal_r"
      },
      "geometry": {
        "default": "geometry.portal_glados"
      },
	 "scripts":{
		"animate":[
			{"portal":"q.mark_variant == 0"},
			{"floor":"q.mark_variant == 1"}
		]		
	  },
	  "animations":{
		"portal": "animation.portal.old",
		"floor": "animation.portal.floor"
	  },
      "render_controllers": [ "controller.render.portal" ],
      "spawn_egg": {
        "texture": "spawn_egg",
        "texture_index": 18
      }
    }
  }
}
