{
	"format_version": "1.10.0",
	"geometry.xsans_winxgs2": {
		"texturewidth": 64,
		"textureheight": 64,
		"visible_bounds_width": 3,
		"visible_bounds_height": 4,
		"visible_bounds_offset": [0, 2, 0],
		"bones": [
			{
				"name": "leftwing2",
				"pivot": [0, 24, 7],
				"cubes": [
					{"origin": [9, 24, 7], "size": [14, 6, 0], "uv": [0, 0], "inflate": 0.5},
					{"origin": [6, 36, 7], "size": [14, 6, 0], "uv": [0, 0], "inflate": 0.5},
					{"origin": [11, 14, 7], "size": [14, 6, 0], "uv": [0, 0], "inflate": 0.5},
					{"origin": [8, 4, 7], "size": [14, 6, 0], "uv": [0, 0], "inflate": 0.5}
				]
			},
			{
				"name": "rightwing2",
				"pivot": [0, 24, 7],
				"cubes": [
					{"origin": [-23, 24, 7], "size": [14, 6, 0], "uv": [0, 0], "inflate": 0.5},
					{"origin": [-20, 36, 7], "size": [14, 6, 0], "uv": [0, 0], "inflate": 0.5},
					{"origin": [-25, 14, 7], "size": [14, 6, 0], "uv": [0, 0], "inflate": 0.5},
					{"origin": [-22, 4, 7], "size": [14, 6, 0], "uv": [0, 0], "inflate": 0.5}
				]
			}
		]
	}
}