{
	"format_version": "1.10.0",
	"geometry.xsanxs": {
		"texturewidth": 64,
		"textureheight": 64,
		"visible_bounds_width": 3,
		"visible_bounds_height": 3,
		"visible_bounds_offset": [0, 1.5, 0],
		"bones": [
			{
				"name": "body",
				"pivot": [0, 28, 0],
				"cubes": [
					{"origin": [-4, 16, -2], "size": [8, 12, 4], "uv": [16, 16]},
					{"origin": [-4, 16, -2], "size": [8, 12, 4], "uv": [40, 16], "inflate": 0.5}
				]
			},
			{
				"name": "head",
				"pivot": [0, 28, 0],
				"cubes": [
					{"origin": [-4, 28, -4], "size": [8, 8, 8], "uv": [0, 0]},
					{"origin": [-5, 27, -4.5], "size": [1, 10, 2], "uv": [18, 31], "inflate": 0.5},
					{"origin": [4, 27, -4.5], "size": [1, 10, 2], "uv": [31, 33], "inflate": 0.5},
					{"origin": [-5, 36, -4.5], "size": [10, 1, 2], "uv": [16, 31], "inflate": 0.5},
					{"origin": [-4, 28, -4], "size": [8, 8, 8], "uv": [32, 0], "inflate": 0.5}
				]
			},
			{
				"name": "rightarm",
				"pivot": [-5, 26, 0],
				"mirror": true,
				"cubes": [
					{"origin": [-7, 17, -1], "size": [2, 10, 2], "uv": [56, 52], "inflate": 0.5, "mirror": false},
					{"origin": [-6.5, 15, -1], "size": [1, 10, 2], "uv": [0, 52], "mirror": false}
				]
			},
			
			{
				"name": "leftarm2",
				"pivot": [5, 26, 0],
				"cubes": [
					{"origin": [5, 17, -1], "size": [2, 10, 2], "uv": [32, 48], "inflate": 0.5}
				]
			},
			{
				"name": "leftleg2",
				"pivot": [1.9, 16, 0],
				"cubes": [
					{"origin": [0.05, 8, -2], "size": [4, 8, 4], "uv": [16, 48]}
				]
			},
			{
				"name": "rightleg",
				"pivot": [-1.9, 16, 0],
				"mirror": true,
				"cubes": [
					{"origin": [-4.05, 8, -2], "size": [4, 8, 4], "uv": [0, 16], "mirror": false},
					{"origin": [-3.05, 0, -1], "size": [2, 10, 2], "uv": [42, 52], "mirror": false},
					{"origin": [-2.55, 0, -4], "size": [0.5, 1, 4], "uv": [41, 55], "mirror": false},
					{"origin": [-1.8, 0, -4], "size": [0.5, 1, 4], "uv": [41, 57], "mirror": false}
				]
			},
			{
				"name": "bone",
				"parent": "rightarm",
				"pivot": [-5, 26, 0],
				"rotation": [0, 0, -10],
				"cubes": [
					{"origin": [-8.5, 13, 0], "size": [1, 3, 0.5], "uv": [45, 59]},
					{"origin": [-8.5, 13, -0.7], "size": [1, 3, 0.5], "uv": [44, 61]}
				]
			},
			{
				"name": "bone2",
				"parent": "bone",
				"pivot": [-5, 26, 0],
				"rotation": [-5, 0, 0],
				"cubes": [
					{"origin": [-8.5, 14, -0.3], "size": [1, 2, 0.5], "uv": [45, 60]}
				]
			},
			{
				"name": "bone3",
				"parent": "bone",
				"pivot": [-5, 26, 0],
				"rotation": [10, 0, 0],
				"cubes": [
					{"origin": [-8.5, 14, -1.3], "size": [1, 2, 0.5], "uv": [45, 59]}
				]
			},
			{
				"name": "bone9",
				"parent": "rightleg",
				"pivot": [0, 0, 0],
				"rotation": [0, -10, 0],
				"cubes": [
					{"origin": [-1.5, 0, -3], "size": [0.5, 1, 3], "uv": [42, 56]}
				]
			},
			{
				"name": "bone10",
				"parent": "rightleg",
				"pivot": [0, 0, 0],
				"rotation": [0, 5, 0],
				"cubes": [
					{"origin": [-3.3, 0, -3], "size": [0.5, 1, 3], "uv": [42, 53]}
				]
			},
			{
				"name": "rightarm3",
				"pivot": [-5, 26, 0],
				"rotation": [0, 0, 15],
				"mirror": true,
				"cubes": [
					{"origin": [-7, 20, -1], "size": [2, 7, 2], "uv": [56, 52], "inflate": 0.5, "mirror": false}
				]
			},
			{
				"name": "rightarm4",
				"parent": "rightarm3",
				"pivot": [-5, 26, 0],
				"rotation": [0, 0, -60],
				"cubes": [
					{"origin": [-12, 17, -1], "size": [2, 7, 2], "uv": [56, 52], "inflate": 0.5}
				]
			},
			{
				"name": "leftarm3",
				"pivot": [5, 26, 0],
				"rotation": [0, 0, -15],
				"cubes": [
					{"origin": [5, 20, -1], "size": [2, 7, 2], "uv": [32, 48], "inflate": 0.5}
				]
			},
			{
				"name": "leftarm4",
				"parent": "leftarm3",
				"pivot": [5, 26, 0],
				"rotation": [0, 0, 60],
				"cubes": [
					{"origin": [10, 17, -1], "size": [2, 7, 2], "uv": [32, 48], "inflate": 0.5}
				]
			}
		]
	}
}