{
	"format_version": "1.20.60",
	"minecraft:block": {
		"description": {
			"identifier": "witherstormmod:tainted_jack_o_lantern",
			"menu_category": {
				"category": "nature"
			},
			"traits": {
				"minecraft:placement_direction": {
					"enabled_states": [
						"minecraft:cardinal_direction"
					],
					"y_rotation_offset": 180
				}
			}
		},
		"components": {
			"tag:pumpkin": {},
			"minecraft:destructible_by_mining": {
				"seconds_to_destroy": 2.5
			},
			"minecraft:geometry": {
				"identifier": "minecraft:geometry.full_block"
			},
			"minecraft:map_color": "#FFFFFF",
			"minecraft:destructible_by_explosion": {
				"explosion_resistance": 2.5
			},
			"minecraft:light_dampening": 0,
			"minecraft:light_emission": 8,
			"minecraft:material_instances": {
				"*": {
					"texture": "witherstormmod_tainted_pumpkin_side",
					"ambient_occlusion": false,
					"face_dimming": false
				},
				"ends": {
					"texture": "witherstormmod_tainted_pumpkin_top",
					"ambient_occlusion": false,
					"face_dimming": false
				},
				"up": "ends",
				"down": "ends",
				"north": {
					"texture": "witherstormmod_tainted_jack_o_lantern",
					"ambient_occlusion": false,
					"face_dimming": false
				}
			},
			"minecraft:queued_ticking": {
				"looping": true,
				"interval_range": [
					2,
					2
				],
				"on_tick": {
					"event": "minecraft:summon"
				}
			}
		},
		"permutations": [
			{
				"condition": "q.block_state('minecraft:cardinal_direction') == 'north'",
				"components": {
					"minecraft:transformation": {
						"rotation": [
							0,
							0,
							0
						]
					}
				}
			},
			{
				"condition": "q.block_state('minecraft:cardinal_direction') == 'west'",
				"components": {
					"minecraft:transformation": {
						"rotation": [
							0,
							90,
							0
						]
					}
				}
			},
			{
				"condition": "q.block_state('minecraft:cardinal_direction') == 'south'",
				"components": {
					"minecraft:transformation": {
						"rotation": [
							0,
							180,
							0
						]
					}
				}
			},
			{
				"condition": "q.block_state('minecraft:cardinal_direction') == 'east'",
				"components": {
					"minecraft:transformation": {
						"rotation": [
							0,
							-90,
							0
						]
					}
				}
			}
		],
		"events": {
			"minecraft:summon": {
				"run_command": {
					"command": [
						"execute if block ~ ~-1 ~ iron_block if block ~ ~-2 ~ iron_block if block ~-1 ~-1 ~ iron_block if block ~1 ~-1 ~ iron_block if block ~1 ~-2 ~ air if block ~-1 ~-2 ~ air if block ~-1 ~ ~ air if block ~1 ~ ~ air run summon witherstormmod:sickened_iron_golem ~-1 ~-3 ~~~",
						"execute if block ~ ~-1 ~ iron_block if block ~ ~-2 ~ iron_block if block ~-1 ~-1 ~ iron_block if block ~1 ~-1 ~ iron_block if block ~1 ~-2 ~ air if block ~-1 ~-2 ~ air if block ~-1 ~ ~ air if block ~1 ~ ~ air run fill ~-1 ~-2 ~ ~1 ~ ~ air",
						"execute if block ~ ~-1 ~ iron_block if block ~ ~-2 ~ iron_block if block ~ ~-1 ~-1 iron_block if block ~ ~-1 ~1 iron_block if block ~ ~-2 ~1 air if block ~ ~-2 ~-1 air if block ~ ~ ~-1 air if block ~ ~ ~1 air run summon witherstormmod:sickened_iron_golem ~-1 ~-3 ~~~",
						"execute if block ~ ~-1 ~ iron_block if block ~ ~-2 ~ iron_block if block ~ ~-1 ~-1 iron_block if block ~ ~-1 ~1 iron_block if block ~ ~-2 ~1 air if block ~ ~-2 ~-1 air if block ~ ~ ~-1 air if block ~ ~ ~1 air run fill ~ ~-2 ~-1 ~ ~ ~1 air"
					]
				}
			}
		}
	}
}