{
	"format_version": "1.20.60",
	"minecraft:block": {
		"description": {
			"identifier": "witherstormmod:tainted_zombie_lying",
			"menu_category": {
				"category": "nature"
			},
			"traits": {
				"minecraft:placement_direction": {
					"enabled_states": [
						"minecraft:cardinal_direction"
					],
					"y_rotation_offset": 180
				}
			}
		},
		"components": {
			"minecraft:destructible_by_mining": {
				"seconds_to_destroy": 0.6
			},
			"minecraft:map_color": "#F456FF",
			"minecraft:destructible_by_explosion": {
				"explosion_resistance": 1
			},
			"minecraft:light_dampening": 0,
			"minecraft:light_emission": 2,
			"minecraft:material_instances": {
				"*": {
					"texture": "witherstormmod_tainted_zombie_wall",
					"ambient_occlusion": false,
					"face_dimming": false
				}
			},
			"minecraft:geometry": {
				"identifier": "geometry.witherstormmod_tainted_zombie_lying"
			},
			"minecraft:collision_box": false
		},
		"permutations": [
			{
				"condition": "q.block_state('minecraft:cardinal_direction') == 'north'",
				"components": {
					"minecraft:transformation": {
						"rotation": [
							0,
							0,
							0
						]
					}
				}
			},
			{
				"condition": "q.block_state('minecraft:cardinal_direction') == 'west'",
				"components": {
					"minecraft:transformation": {
						"rotation": [
							0,
							90,
							0
						]
					}
				}
			},
			{
				"condition": "q.block_state('minecraft:cardinal_direction') == 'south'",
				"components": {
					"minecraft:transformation": {
						"rotation": [
							0,
							180,
							0
						]
					}
				}
			},
			{
				"condition": "q.block_state('minecraft:cardinal_direction') == 'east'",
				"components": {
					"minecraft:transformation": {
						"rotation": [
							0,
							-90,
							0
						]
					}
				}
			}
		]
	}
}