{
	"format_version": "1.12.0",
	"minecraft:geometry": [
		{
			"description": {
				"identifier": "geometry.yfarm_cake_2",
				"texture_width": 28,
				"texture_height": 28,
				"visible_bounds_width": 2,
				"visible_bounds_height": 1.5,
				"visible_bounds_offset": [0, 0.25, 0]
			},
			"bones": [
				{
					"name": "block",
					"pivot": [0, 0, 0],
					"cubes": [
						{
							"origin": [-7, 0, -5],
							"size": [14, 8, 12],
							"uv": {
								"north": {"uv": [14, 14], "uv_size": [14, 8]},
								"east": {"uv": [14, 0], "uv_size": [12, 8]},
								"south": {"uv": [14, 0], "uv_size": [14, 8]},
								"west": {"uv": [16, 0], "uv_size": [12, 8]},
								"up": {"uv": [0, 0], "uv_size": [14, 12]},
								"down": {"uv": [0, 26], "uv_size": [14, -12]}
							}
						}
					]
				}
			]
		}
	]
}