{
    "format_version": "1.10.0",
    "minecraft:block": {
        "description": {
            "identifier": "xm:xm1020",
            "is_experimental": true,
            "register_to_creative_menu": true
        },
        "components": {
            "minecraft:destroy_time": {
                "value": 0
            },
            "minecraft:explosion_resistance": {
                "value": 9
            },
            "minecraft:flammable": {
                "flame_odds": 0,
                "burn_odds": 0
            },
            "minecraft:block_light_absorption": {
                "value": 0
            },
            "minecraft:block_light_emission": {
                "emission": 0
            }
        }
    }
}
