{
  "format_version": "1.10.0",
  "animation_controllers": {
    "controller.animation.minecraftstorymode_withered_creeper_skull": {
      "states": {
        "default": {
          "transitions": [
            {
              "walking": "(1.0)"
            }
          ],
          "on_entry": [
            "/function minecraftstorymode_withered_creeper_skull"
          ]
        },
        "walking": {
          "transitions": [
            {
              "default": "query.get_equipped_item_name=='withered_creeper_skull' && query.is_using_item"
            }
          ],
          "on_entry": [
            "/function minecraftstorymode_withered_creeper_skull"
          ]
        }
      }
    }
  }
}