{
  "format_version": "1.10.0",
  "minecraft:client_entity": {
    "description": {
      "identifier": "bullet:flame",
      "materials": { "default": "slime" },
      "textures": {
        "default": "textures/bullet"
      },
      "geometry": {
        "default": "geometry.bullet"
      },
      "scripts": {
        "animate": [
          "xxx",
          "particles"
        ]
      },
      "animations": {
        "xxx": "animation.flame.xxx",
        "particles": "controller.animation.gun_flame.particles"
      },
      "particle_effects": {
        "trail_effect1": "xm:gun_flame_trail1",
        "trail_effect2": "xm:gun_flame_trail2",
        "trail_effect3": "xm:gun_flame_trail3"
      },
      "spawn_egg": {
        "texture": "spawn_egg",
        "texture_index": 99
      },
      "render_controllers": [ "controller.render.slime" ]
    }
  }
}