{
	"format_version": "1.12.0",
	"minecraft:geometry": [
		{
			"description": {
				"identifier": "geometry.serpgolduck",
				"texture_width": 64,
				"texture_height": 64,
				"visible_bounds_width": 3,
				"visible_bounds_height": 3.5,
				"visible_bounds_offset": [0, 1.25, 0]
			},
			"bones": [
				{
					"name": "golduck",
					"pivot": [0, 0, 2]
				},
				{
					"name": "head",
					"parent": "golduck",
					"pivot": [0, 16, -1],
					"cubes": [
						{"origin": [-2.5, 16, -4.5], "size": [5, 4, 6], "uv": [0, 16]},
						{"origin": [-1.5, 17, -8.5], "size": [3, 1, 4], "pivot": [0, 18, -4.5], "rotation": [15, 0, 0], "uv": [20, 37]},
						{"origin": [-0.5, 17.8, -5], "size": [1, 1, 1], "pivot": [0, 18, -5], "rotation": [-35, 0, 0], "uv": [0, 0]},
						{"origin": [-1.5, 16, -8], "size": [3, 1, 4], "inflate": -0.3, "pivot": [0, 16.5, -5], "rotation": [30, 0, 0], "uv": [33, 33]},
						{"origin": [-2.5, 20, -2], "size": [5, 0, 6], "pivot": [0, 20, -2], "rotation": [40, 0, 0], "uv": [17, 10]},
						{"origin": [-4.5, 18.85, -2], "size": [3, 0, 6], "pivot": [-3, 20, -2], "rotation": [30, 0, -50], "uv": [17, 21]},
						{"origin": [1.5, 18.85, -2], "size": [3, 0, 6], "pivot": [3, 20, -2], "rotation": [30, 0, 50], "uv": [17, 21], "mirror": true},
						{"origin": [-3, 16.5, -4], "size": [1, 3, 5], "uv": [30, 17]},
						{"origin": [2, 16.5, -4], "size": [1, 3, 5], "uv": [30, 17], "mirror": true}
					]
				},
				{
					"name": "open_eyes",
					"parent": "head",
					"pivot": [0, 16, -1],
					"cubes": [
						{"origin": [-2.75, 18, -4.5], "size": [3, 2, 0], "pivot": [-2.5, 18, -4.5], "rotation": [0, 15, 0], "uv": [0, 47]},
						{"origin": [-0.25, 18, -4.5], "size": [3, 2, 0], "pivot": [2.5, 18, -4.5], "rotation": [0, -15, 0], "uv": [0, 47], "mirror": true}
					]
				},
				{
					"name": "closed_eyes",
					"parent": "head",
					"pivot": [0, 16, -1],
					"cubes": [
						{"origin": [-2.75, 18, -4.5], "size": [3, 2, 0], "pivot": [-2.5, 18, -4.5], "rotation": [0, 15, 0], "uv": [0, 49]},
						{"origin": [-0.25, 18, -4.5], "size": [3, 2, 0], "pivot": [2.5, 18, -4.5], "rotation": [0, -15, 0], "uv": [0, 49], "mirror": true}
					]
				},
				{
					"name": "angry_eyes",
					"parent": "head",
					"pivot": [0, 16, -1],
					"cubes": [
						{"origin": [-2.75, 18, -4.5], "size": [3, 2, 0], "pivot": [-2.5, 18, -4.5], "rotation": [0, 15, 0], "uv": [0, 51]},
						{"origin": [-0.25, 18, -4.5], "size": [3, 2, 0], "pivot": [2.5, 18, -4.5], "rotation": [0, -15, 0], "uv": [0, 51], "mirror": true}
					]
				},
				{
					"name": "body",
					"parent": "golduck",
					"pivot": [0, 5, 2],
					"rotation": [15, 0, 0],
					"cubes": [
						{"origin": [-3, 5, 0], "size": [6, 10, 5], "uv": [0, 0]},
						{"origin": [-3.5, 5.5, 0.5], "size": [1, 9, 4], "uv": [0, 27]},
						{"origin": [2.5, 5.5, 0.5], "size": [1, 9, 4], "uv": [0, 27], "mirror": true},
						{"origin": [-2.5, 6.5, -1], "size": [5, 4, 1], "uv": [0, 41]},
						{"origin": [-2.5, 4.5, -1], "size": [5, 2, 1], "pivot": [0, 6.5, -1], "rotation": [42.5, 0, 0], "uv": [17, 17]},
						{"origin": [-2.5, 10.5, -1], "size": [5, 4, 1], "pivot": [0, 10.5, -1], "rotation": [-15, 0, 0], "uv": [35, 39]},
						{"origin": [-2.5, 5.5, 4.5], "size": [5, 9, 1], "uv": [11, 28]},
						{"origin": [-1.5, 15, 1], "size": [3, 2, 3], "uv": [13, 43]}
					]
				},
				{
					"name": "arms",
					"parent": "body",
					"pivot": [0, 14, 2]
				},
				{
					"name": "right_arm",
					"parent": "arms",
					"pivot": [-3, 15, 2],
					"cubes": [
						{"origin": [-7, 13, 1], "size": [4, 2, 2], "uv": [26, 45]},
						{"origin": [-11, 13, 1], "size": [4, 2, 2], "pivot": [-7, 15, 3], "rotation": [0, -60, 0], "uv": [45, 22]},
						{"origin": [-14, 13, 0.5], "size": [3, 2, 3], "pivot": [-7, 15, 3], "rotation": [0, -60, 0], "uv": [38, 16]}
					]
				},
				{
					"name": "left_arm",
					"parent": "arms",
					"pivot": [3, 15, 2],
					"cubes": [
						{"origin": [3, 13, 1], "size": [4, 2, 2], "uv": [26, 45], "mirror": true},
						{"origin": [7, 13, 1], "size": [4, 2, 2], "pivot": [7, 15, 3], "rotation": [0, 60, 0], "uv": [45, 22], "mirror": true},
						{"origin": [11, 13, 0.5], "size": [3, 2, 3], "pivot": [7, 15, 3], "rotation": [0, 60, 0], "uv": [38, 16], "mirror": true}
					]
				},
				{
					"name": "tail",
					"parent": "body",
					"pivot": [0, 5, 5],
					"cubes": [
						{"origin": [-1, 5, 5], "size": [2, 2, 5], "uv": [23, 0]},
						{"origin": [-0.5, 6, 10], "size": [1, 1, 5], "pivot": [0, 6, 10], "rotation": [35, 0, 0], "uv": [38, 0]},
						{"origin": [-0.5, 5.15, 10], "size": [1, 1, 5], "pivot": [0.5, 5, 10], "rotation": [42.5, 0, 0], "uv": [37, 26]}
					]
				},
				{
					"name": "legs",
					"parent": "golduck",
					"pivot": [0, 6, 2]
				},
				{
					"name": "right_leg",
					"parent": "legs",
					"pivot": [-2, 6, 2],
					"rotation": [0, 25, 0],
					"cubes": [
						{"origin": [-3.5, 3.12132, 0.53553], "size": [3, 4, 3], "pivot": [-2, 7.12132, 1.53553], "rotation": [-45, 0, 0], "uv": [34, 8]},
						{"origin": [-3.5, 0, -2], "size": [3, 5, 3], "uv": [24, 28]},
						{"origin": [-4.5, 0.75, -4], "size": [5, 0, 2], "pivot": [-2, 0.75, -2], "rotation": [15, 0, 0], "uv": [43, 28]},
						{"origin": [-2.5, 0, -6], "size": [1, 1, 4], "pivot": [-2, 1, -2], "rotation": [15, 0, 0], "uv": [44, 41]},
						{"origin": [-4, 0, -5.5], "size": [1, 1, 4], "pivot": [-3.5, 1, -2], "rotation": [15, 25, 0], "uv": [44, 41]},
						{"origin": [-1, 0, -5.5], "size": [1, 1, 4], "pivot": [-0.5, 1, -2], "rotation": [15, -25, 0], "uv": [44, 41]}
					]
				},
				{
					"name": "left_leg",
					"parent": "legs",
					"pivot": [2, 6, 2],
					"rotation": [0, -25, 0],
					"cubes": [
						{"origin": [0.5, 3.12132, 0.53553], "size": [3, 4, 3], "pivot": [2, 7.12132, 1.53553], "rotation": [-45, 0, 0], "uv": [34, 8], "mirror": true},
						{"origin": [0.5, 0, -2], "size": [3, 5, 3], "uv": [24, 28], "mirror": true},
						{"origin": [-0.5, 0.75, -4], "size": [5, 0, 2], "pivot": [2, 0.75, -2], "rotation": [15, 0, 0], "uv": [43, 28], "mirror": true},
						{"origin": [1.5, 0, -6], "size": [1, 1, 4], "pivot": [2, 1, -2], "rotation": [15, 0, 0], "uv": [44, 41], "mirror": true},
						{"origin": [3, 0, -5.5], "size": [1, 1, 4], "pivot": [3.5, 1, -2], "rotation": [15, -25, 0], "uv": [44, 41], "mirror": true},
						{"origin": [0, 0, -5.5], "size": [1, 1, 4], "pivot": [0.5, 1, -2], "rotation": [15, 25, 0], "uv": [44, 41], "mirror": true}
					]
				}
			]
		}
	]
}