{
	"format_version": "1.12.0",
	"minecraft:geometry": [
		{
			"description": {
				"identifier": "geometry.serppsyduck",
				"texture_width": 64,
				"texture_height": 64,
				"visible_bounds_width": 3,
				"visible_bounds_height": 2.5,
				"visible_bounds_offset": [0, 0.75, 0]
			},
			"bones": [
				{
					"name": "psyduck",
					"pivot": [0, 0, 0]
				},
				{
					"name": "body",
					"parent": "psyduck",
					"pivot": [0, 0, 0],
					"cubes": [
						{"origin": [-5, 1, -4], "size": [10, 8, 9], "uv": [0, 0]},
						{"origin": [-1, -0.07164, 2.70187], "size": [2, 5, 4], "pivot": [0, 2.92836, 2.70187], "rotation": [50, 0, 0], "uv": [50, 35]},
						{"origin": [-4.5, 8.5, -3.5], "size": [9, 1, 8], "uv": [29, 0]},
						{"origin": [-4.5, 0.5, -3.5], "size": [9, 1, 8], "uv": [22, 22]},
						{"origin": [4.5, 1.5, -3.5], "size": [1, 7, 8], "uv": [18, 38]},
						{"origin": [-5.5, 1.5, -3.5], "size": [1, 7, 8], "uv": [0, 37]},
						{"origin": [-4.5, 1.5, -5], "size": [9, 4, 1], "uv": [23, 17]},
						{"origin": [-4.5, 5.5, -5], "size": [9, 3, 1], "pivot": [0, 5.5, -5], "rotation": [-20, 0, 0], "uv": [40, 31]},
						{"origin": [-4.5, 1.5, 4.5], "size": [9, 7, 1], "uv": [38, 9]}
					]
				},
				{
					"name": "head",
					"parent": "body",
					"pivot": [0, 9.5, 0],
					"cubes": [
						{"origin": [-3.5, 9.5, -2.5], "size": [7, 1, 6], "uv": [20, 31]},
						{"origin": [-3.5, 15.5, -2.5], "size": [7, 1, 6], "uv": [0, 30]},
						{"origin": [0.5, 16.5, -2], "size": [0, 4, 5], "pivot": [0.5, 16.5, 0.5], "rotation": [0, 40, 0], "uv": [0, 47]},
						{"origin": [-3.5, 10.5, 3.5], "size": [7, 5, 1], "uv": [44, 49]},
						{"origin": [-3.5, 10.5, -3.5], "size": [7, 5, 1], "uv": [48, 23]},
						{"origin": [-2.5, 11.5, -8.5], "size": [5, 1, 5], "pivot": [0, 12.5, -3.5], "rotation": [20, 0, 0], "uv": [28, 38]},
						{"origin": [-2, 10.6, -6.21749], "size": [4, 1, 3], "pivot": [1, 11.22568, -3.21749], "rotation": [5, 0, 0], "uv": [7, 53]},
						{"origin": [-1, 10.5, -5.5], "size": [2, 1, 3], "pivot": [0, 11.5, -5.5], "rotation": [50, 0, 0], "uv": [18, 54]},
						{"origin": [3.5, 10.5, -2.5], "size": [1, 5, 6], "uv": [30, 47]},
						{"origin": [-4.5, 10.5, -2.5], "size": [1, 5, 6], "uv": [42, 38]},
						{"origin": [-4, 10, -3], "size": [8, 6, 7], "uv": [0, 17]}
					]
				},
				{
					"name": "arms",
					"parent": "body",
					"pivot": [0, 9, 0]
				},
				{
					"name": "right_arm",
					"parent": "arms",
					"pivot": [-5, 9, 0.5],
					"rotation": [0, 0, -45],
					"cubes": [
						{"origin": [-10, 6, -1], "size": [5, 3, 3], "uv": [48, 17]},
						{"origin": [-11, 6, -1], "size": [1, 3, 3], "uv": [0, 37]}
					]
				},
				{
					"name": "left_arm",
					"parent": "arms",
					"pivot": [5, 9, 0.5],
					"rotation": [0, 0, 45],
					"cubes": [
						{"origin": [5, 6, -1], "size": [5, 3, 3], "uv": [10, 38]},
						{"origin": [10, 6, -1], "size": [1, 3, 3], "uv": [0, 0]}
					]
				},
				{
					"name": "legs",
					"parent": "psyduck",
					"pivot": [0, 0, 0]
				},
				{
					"name": "right_leg",
					"parent": "legs",
					"pivot": [-3, 1, 0],
					"cubes": [
						{"origin": [-4, 0.1, -1], "size": [2, 1, 2], "uv": [43, 17]},
						{"origin": [-5, 0.1, -4], "size": [4, 0, 4], "pivot": [-3, 1, 0], "rotation": [0, 20, 0], "uv": [25, 4]}
					]
				},
				{
					"name": "left_leg",
					"parent": "legs",
					"pivot": [3, 1, 0],
					"cubes": [
						{"origin": [2, 0.1, -1], "size": [2, 1, 2], "uv": [0, 6]},
						{"origin": [1, 0.1, -4], "size": [4, 0, 4], "pivot": [3, 1, 0], "rotation": [0, -20, 0], "uv": [25, 0]}
					]
				}
			]
		}
	]
}