{
  "format_version":"1.10.0",
  "minecraft:client_entity":{
    "description":{
      "identifier":"pokemon:p244",
      "materials":{"default":"pokemon","aura":"aura"},
      "textures":{
    "evo_aura":"textures/entity/aura/evolve",
    "max_aura":"textures/entity/aura/max",
    "totem_aura":"textures/entity/aura/totem",
    "default":"textures/entity/normal/legendary_dogs/entei",
    "default_s":"textures/entity/shiny/legendary_dogs/entei",
    "mega1":"textures/entity/normal/legendary_dogs/entei",
    "mega_s1":"textures/entity/shiny/legendary_dogs/entei",
    "mega2":"textures/entity/normal/legendary_dogs/entei",
    "mega_s2":"textures/entity/shiny/legendary_dogs/entei",
    "gigamax":"textures/entity/normal/legendary_dogs/entei",
    "gigamax_s":"textures/entity/shiny/legendary_dogs/entei"
      },
      "geometry":{
    "default":"geometry.serpentei",
    "mega1":"geometry.serpentei",
    "mega2":"geometry.serpentei",
    "gigamax":"geometry.serpentei"
      },
      "animations":{
    "eyes_controller":"controller.animation.eyes",
    "open":"animation.serpmob.open",
    "close":"animation.serpmob.close",
    "angry":"animation.serpmob.angry",
    "fainted":"animation.serpmob.fainted",
    "quiet":"animation.entei.quiet",
    "walk":"animation.entei.walk",
    "sit":"animation.entei.sitting",
    "attack":"animation.entei.attack",
    "attack2":"animation.entei.attack2",
    "defeated":"animation.entei.defeated",
    "look_at_target":"animation.common.look_at_target",
    "main_controller":"controller.animation.pokemon_ground",
    "effects_controller":"controller.animation.effects"
      },
      "particle_effects":{
    "shiny":"serp:shiny",
    "evolve":"serp:evolve"
      },
      "scripts":{
    "scale":"1.5",
    "animate":["effects_controller","main_controller"]
      },
      "render_controllers":[{"controller.render.pokemon":"query.property('serp:v')<3"},{"controller.render.pokemons":"query.property('serp:v')>2"},{"controller.render.aura":"query.is_chested"}]
    }
  }
}