{
  "format_version": "1.20.20",
  "minecraft:item": {
    "description": {
      "identifier": "pg:portal_gun_blackhole2_beta",
       "category" : "Commands"
    },

    "components": {
		"minecraft:display_name":{
			"value": "Black Hole Portal Gun"
		},
		"minecraft:icon":{
			"texture": "pg_blackhole",
				"frame": 0
		},
		"minecraft:on_use": {
      "on_use": {
          "event": "gravity:shoot",
          "target": "self"
      }
  }  
    },
	"events":{
		"gravity:shoot": {
		"sequence":[
		{
		"condition": "!q.is_sneaking",
        "shoot": {
            "projectile": "pg:blackhole_bullet2",
            "launch_power": 1,
            "angle_offset": 20
        }
		},
		{
		"condition": "q.is_sneaking",
		"run_command":{
			"command": ["execute as @s run replaceitem entity @s slot.weapon.mainhand 0 pg:portal_gun_blue_glados_beta 1 0"]
		}
		}
		]
    }
	}
  }
}