{
    "format_version": "1.20.80",
    "minecraft:item": {
        "description": {
            "identifier": "yes:waxed_weathered_copper_hoe",
            "menu_category": {
                "category": "nature",
                "group": "itemGroup.name.monsterStoneEgg"
            }
        },
        "components": {
            "minecraft:tags": {
                "tags": [
                    "minecraft:is_hoe"
                ]
            },
            "minecraft:custom_components": [
                "yes:mining_durability_damage",
                "yes:hit_durability_damage"
            ],
            "minecraft:max_stack_size": 1,
            "minecraft:hand_equipped": true,
            "minecraft:durability": {
                "max_durability": 127,
                "damage_chance": {
                    "min": 60,
                    "max": 100
                }
            },
            "minecraft:display_name": {
                "value": "Waxed Weathered Copper Hoe\n\ue116\u00a7l\ue05b\u00a7r\ue115\n\ue05c"
            },
            "minecraft:icon": "weathered_copper_hoe",
            "minecraft:damage": 4,
            "minecraft:repairable": {
                "repair_items": [
                    {
                        "items": [
                            "yes:waxed_weathered_copper_hoe"
                        ],
                        "repair_amount": "context.other->query.remaining_durability+0.12*context.other->query.max_durability"
                    },
                    {
                        "items": [
                            "minecraft:copper_ingot"
                        ],
                        "repair_amount": "query.max_durability*0.33"
                    }
                ]
            },
            "minecraft:can_destroy_in_creative": true,
            "minecraft:digger": {
                "destroy_speeds": [
                    {
                        "block": "minecraft:nether_wart_block",
                        "speed": 6
                    },
                    {
                        "block": "minecraft:hay_block",
                        "speed": 6
                    },
                    {
                        "block": "minecraft:target",
                        "speed": 6
                    },
                    {
                        "block": "minecraft:shroomlight",
                        "speed": 6
                    },
                    {
                        "block": "minecraft:leaves",
                        "speed": 6
                    },
                    {
                        "block": "minecraft:leaves2",
                        "speed": 6
                    },
                    {
                        "block": "minecraft:azalea_leaves_flowered",
                        "speed": 6
                    },
                    {
                        "block": "minecraft:azalea_leaves",
                        "speed": 6
                    },
                    {
                        "block": "minecraft:warped_wart_block",
                        "speed": 6
                    }
                ]
            },
            "minecraft:enchantable": {
                "value": 10,
                "slot": "hoe"
            }
        }
    }
}