{
	"format_version": "1.12",
	"minecraft:recipe_shaped": {
		"description": {
			"identifier": "amulet_ac02721e"
		},
		"tags": [
			"crafting_table"
		],
		"pattern": [
			"ABA",
			"CDE",
			"AFA"
		],
		"key": {
			"A": {
				"item": "minecraft:gold_ingot",
				"data": 0
			},
			"B": {
				"item": "minecraft:diamond_block",
				"data": 0
			},
			"C": {
				"item": "minecraft:redstone_block",
				"data": 0
			},
			"D": {
				"item": "minecraft:obsidian",
				"data": 0
			},
			"E": {
				"item": "minecraft:emerald_block",
				"data": 0
			},
			"F": {
				"item": "minecraft:iron_block",
				"data": 0
			}
		},
		"result": {
			"item": "witherstormmod:amulet",
			"count": 1
		}
	}
}