{
	"format_version": "1.12.0",
	"minecraft:geometry": [
		{
			"description": {
				"identifier": "geometry.mutant_iron_golemY",
				"texture_width": 128,
				"texture_height": 128,
				"visible_bounds_width": 6,
				"visible_bounds_height": 6,
				"visible_bounds_offset": [0, 2, 0]
			},
			"bones": [
				{
					"name": "root",
					"pivot": [0, 4, 3]
				},
				{
					"name": "Body",
					"parent": "root",
					"pivot": [-2, 29, 4],
					"rotation": [20, 0, 0],
					"cubes": [
						{
							"origin": [-11, 30.64072, -7.78179],
							"size": [22, 21, 18],
							"pivot": [-2, 15.11977, 2.17263],
							"rotation": [-10, 0, 0],
							"uv": {
								"north": {"uv": [42, 35], "uv_size": [12, 9]},
								"east": {"uv": [34, 35], "uv_size": [8, 9]},
								"south": {"uv": [62, 35], "uv_size": [12, 9]},
								"west": {"uv": [54, 35], "uv_size": [8, 9]},
								"up": {"uv": [42, 27], "uv_size": [12, 8]},
								"down": {"uv": [54, 35], "uv_size": [12, -8]}
							}
						},
						{
							"origin": [-11, 25.64072, -7.78179],
							"size": [22, 26, 18],
							"inflate": 0.2,
							"pivot": [-2, 15.11977, 2.17263],
							"rotation": [-10, 0, 0],
							"uv": {
								"north": {"uv": [70, 71], "uv_size": [12, 9]},
								"east": {"uv": [70, 71], "uv_size": [8, 9]},
								"south": {"uv": [70, 71], "uv_size": [12, 9]},
								"west": {"uv": [70, 71], "uv_size": [8, 9]},
								"up": {"uv": [70, 71], "uv_size": [12, 8]},
								"down": {"uv": [70, 88], "uv_size": [12, -8]}
							}
						},
						{
							"origin": [-4, 32.11977, 2.17263],
							"size": [8, 17, 8],
							"inflate": 1,
							"uv": {
								"north": {"uv": [31, 43], "uv_size": [4, 8]},
								"east": {"uv": [31, 43], "uv_size": [4, 8]},
								"south": {"uv": [31, 43], "uv_size": [4, 8]},
								"west": {"uv": [31, 43], "uv_size": [4, 8]},
								"up": {"uv": [35, 51], "uv_size": [-4, -8]},
								"down": {"uv": [35, 51], "uv_size": [-4, -8]}
							}
						}
					]
				},
				{
					"name": "Body2",
					"parent": "Body",
					"pivot": [-2, 45.05946, 3.51465],
					"cubes": [
						{
							"origin": [-17, 41.05946, -11.48535],
							"size": [34, 22, 30],
							"pivot": [-2, 46.05946, 1.51465],
							"rotation": [27.5, 0, 0],
							"uv": {
								"north": {"uv": [44, 12], "uv_size": [22, 13]},
								"east": {"uv": [32, 12], "uv_size": [12, 13]},
								"south": {"uv": [78, 12], "uv_size": [22, 13]},
								"west": {"uv": [66, 12], "uv_size": [12, 13]},
								"up": {"uv": [44, 0], "uv_size": [22, 12]},
								"down": {"uv": [66, 12], "uv_size": [22, -12]}
							}
						},
						{
							"origin": [-17, 36.05946, -11.48535],
							"size": [34, 27, 30],
							"inflate": 0.2,
							"pivot": [-2, 46.05946, 1.51465],
							"rotation": [27.5, 0, 0],
							"uv": {
								"north": {"uv": [37, 94], "uv_size": [19, 13]},
								"east": {"uv": [53, 88], "uv_size": [12, 21]},
								"south": {"uv": [29, 99], "uv_size": [24, 14]},
								"west": {"uv": [53, 88], "uv_size": [12, 21]},
								"up": {"uv": [29, 94], "uv_size": [24, 13]},
								"down": {"uv": [65, 125], "uv_size": [21, -19]}
							}
						}
					]
				},
				{
					"name": "head",
					"parent": "Body2",
					"pivot": [0, 58.05946, -12.48535],
					"rotation": [-20, 0, 0],
					"cubes": [
						{
							"origin": [-4, 58.05946, -17.48535],
							"size": [8, 10, 8],
							"inflate": 1,
							"uv": {
								"north": {"uv": [8, 8], "uv_size": [8, 10]},
								"east": {"uv": [0, 8], "uv_size": [8, 10]},
								"south": {"uv": [24, 8], "uv_size": [8, 10]},
								"west": {"uv": [16, 8], "uv_size": [8, 10]},
								"up": {"uv": [8, 0], "uv_size": [8, 8]},
								"down": {"uv": [16, 8], "uv_size": [8, -8]}
							}
						},
						{
							"origin": [-1, 56.05946, -20.5],
							"size": [2, 4, 2],
							"inflate": 0.35,
							"uv": {
								"north": {"uv": [2, 2], "uv_size": [2, 4]},
								"east": {"uv": [0, 2], "uv_size": [2, 4]},
								"south": {"uv": [6, 2], "uv_size": [2, 4]},
								"west": {"uv": [4, 2], "uv_size": [2, 4]},
								"up": {"uv": [6, 4], "uv_size": [-2, -2]},
								"down": {"uv": [8, 2], "uv_size": [-2, -2]}
							}
						},
						{
							"origin": [-4, 65.05946, -20.48535],
							"size": [8, 3, 1],
							"inflate": 1,
							"uv": {
								"north": {"uv": [2, 77], "uv_size": [8, 4]},
								"east": {"uv": [0, 77], "uv_size": [2, 4]},
								"south": {"uv": [12, 77], "uv_size": [8, 4]},
								"west": {"uv": [10, 77], "uv_size": [2, 4]},
								"up": {"uv": [2, 75], "uv_size": [8, 2]},
								"down": {"uv": [10, 77], "uv_size": [8, -2]}
							}
						}
					]
				},
				{
					"name": "eye",
					"parent": "head",
					"pivot": [0, 63.05946, -17.48535],
					"cubes": [
						{
							"origin": [-4, 63.5, -18.48535],
							"size": [8, 1, 1],
							"inflate": 1.1,
							"uv": {
								"north": {"uv": [1, 40], "uv_size": [8, 1]},
								"east": {"uv": [0, 40], "uv_size": [1, 1]},
								"south": {"uv": [10, 40], "uv_size": [8, 1]},
								"west": {"uv": [9, 40], "uv_size": [1, 1]},
								"up": {"uv": [1, 39], "uv_size": [8, 1]},
								"down": {"uv": [9, 40], "uv_size": [8, -1]}
							}
						}
					]
				},
				{
					"name": "Arm",
					"parent": "Body2",
					"pivot": [-17, 57.05946, -1.48535],
					"rotation": [-159.98246, 2.34914, -179.14447],
					"cubes": [
						{
							"origin": [-16.8, 59.09915, -7.47276],
							"size": [10, 3, 12],
							"inflate": 0.3,
							"uv": {
								"north": {"uv": [7, 37], "uv_size": [5, 2]},
								"east": {"uv": [0, 37], "uv_size": [7, 2]},
								"south": {"uv": [19, 37], "uv_size": [5, 2]},
								"west": {"uv": [12, 37], "uv_size": [7, 2]},
								"up": {"uv": [7, 30], "uv_size": [5, 7]},
								"down": {"uv": [12, 37], "uv_size": [5, -7]}
							}
						},
						{
							"origin": [-16.8, 47.09915, -7.47276],
							"size": [11, 15, 12],
							"inflate": 0.45,
							"uv": {
								"north": {"uv": [39, 103], "uv_size": [6, -7]},
								"east": {"uv": [45, 96], "uv_size": [-6, 7]},
								"south": {"uv": [39, 111], "uv_size": [6, -15]},
								"west": {"uv": [45, 114], "uv_size": [-6, -18]},
								"up": {"uv": [34, 96], "uv_size": [6, 14]},
								"down": {"uv": [36, 118], "uv_size": [5, -7]}
							}
						},
						{
							"origin": [-5.18, 14.27915, -5.29276],
							"size": [2, 48, 7],
							"inflate": 0.21,
							"uv": {
								"north": {"uv": [4, 104], "uv_size": [1, 24]},
								"east": {"uv": [0, 104], "uv_size": [4, 24]},
								"south": {"uv": [9, 104], "uv_size": [1, 24]},
								"west": {"uv": [5, 104], "uv_size": [4, 24]},
								"up": {"uv": [4, 100], "uv_size": [1, 4]},
								"down": {"uv": [5, 104], "uv_size": [1, -4]}
							}
						}
					]
				},
				{
					"name": "Arm6",
					"parent": "Arm",
					"pivot": [20.1078, 39.69138, -3.3037]
				},
				{
					"name": "Arm7",
					"parent": "Arm6",
					"pivot": [-11.8922, 57.69138, -1.3037],
					"cubes": [
						{
							"origin": [-16.8, 44.09915, -7.47276],
							"size": [10, 17, 12],
							"inflate": 0.1,
							"uv": {
								"north": {"uv": [27, 73], "uv_size": [5, 6]},
								"east": {"uv": [20, 73], "uv_size": [7, 6]},
								"south": {"uv": [39, 73], "uv_size": [5, 6]},
								"west": {"uv": [32, 73], "uv_size": [7, 6]},
								"up": {"uv": [27, 66], "uv_size": [5, 7]},
								"down": {"uv": [32, 73], "uv_size": [5, -7]}
							}
						}
					]
				},
				{
					"name": "Arm8",
					"parent": "Arm7",
					"pivot": [20.1078, 47.69138, -3.3037],
					"cubes": [
						{
							"origin": [-15.8, 46.09915, -6.8],
							"size": [9, 14, 11],
							"uv": {
								"north": {"uv": [5, 46], "uv_size": [4, 8]},
								"east": {"uv": [0, 46], "uv_size": [5, 8]},
								"south": {"uv": [14, 46], "uv_size": [4, 8]},
								"west": {"uv": [9, 46], "uv_size": [5, 8]},
								"up": {"uv": [5, 41], "uv_size": [4, 5]},
								"down": {"uv": [9, 46], "uv_size": [4, -5]}
							}
						}
					]
				},
				{
					"name": "Arm9",
					"parent": "Arm7",
					"pivot": [-13.3922, 50.69138, -0.3037],
					"cubes": [
						{
							"origin": [-16.8, 27.71228, -7.39037],
							"size": [10, 22, 12],
							"inflate": 0.4,
							"uv": {
								"north": {"uv": [53, 53], "uv_size": [5, 10]},
								"east": {"uv": [46, 53], "uv_size": [7, 10]},
								"south": {"uv": [65, 53], "uv_size": [5, 10]},
								"west": {"uv": [58, 53], "uv_size": [7, 10]},
								"up": {"uv": [53, 46], "uv_size": [5, 8]},
								"down": {"uv": [58, 54], "uv_size": [5, -8]}
							}
						}
					]
				},
				{
					"name": "Arm10",
					"parent": "Arm9",
					"pivot": [20.1078, 47.30451, -3.22131],
					"cubes": [
						{
							"origin": [-15.8, 31.71228, -6.8],
							"size": [9, 16, 11],
							"inflate": 0.2,
							"uv": {
								"north": {"uv": [5, 46], "uv_size": [4, 8]},
								"east": {"uv": [0, 46], "uv_size": [5, 8]},
								"south": {"uv": [14, 46], "uv_size": [4, 8]},
								"west": {"uv": [9, 46], "uv_size": [5, 8]},
								"up": {"uv": [5, 41], "uv_size": [4, 5]},
								"down": {"uv": [9, 46], "uv_size": [4, -5]}
							}
						}
					]
				},
				{
					"name": "Arm11",
					"parent": "Arm9",
					"pivot": [-13.3922, 31.30451, 0.77869],
					"cubes": [
						{
							"origin": [-16.8, 7.71228, -7.39041],
							"size": [10, 25, 12],
							"inflate": 0.8,
							"uv": {
								"north": {"uv": [27, 58], "uv_size": [5, 8]},
								"east": {"uv": [20, 58], "uv_size": [7, 8]},
								"south": {"uv": [39, 58], "uv_size": [5, 8]},
								"west": {"uv": [32, 58], "uv_size": [7, 8]},
								"up": {"uv": [27, 51], "uv_size": [5, 7]},
								"down": {"uv": [32, 58], "uv_size": [5, -7]}
							}
						}
					]
				},
				{
					"name": "flower",
					"parent": "Arm11",
					"pivot": [-12.21951, 10.65282, 7.09498],
					"cubes": [
						{
							"origin": [-18.21951, 11.65282, 5.09498],
							"size": [11, 0, 18],
							"uv": {
								"north": {"uv": [0, 0], "uv_size": [0, 9]},
								"east": {"uv": [108, 27], "uv_size": [8, 11]},
								"south": {"uv": [0, 0], "uv_size": [0, 9]},
								"west": {"uv": [108, 38], "uv_size": [8, -11]},
								"up": {"uv": [128, 32], "uv_size": [-4, -10]},
								"down": {"uv": [116, 38], "uv_size": [-8, -11]}
							}
						},
						{
							"origin": [-16.21951, 9.65282, 5.09498],
							"size": [11, 0, 18],
							"pivot": [-12.21951, 9.65282, 6.09498],
							"rotation": [0, 0, -90],
							"uv": {
								"north": {"uv": [0, 0], "uv_size": [0, 9]},
								"east": {"uv": [108, 27], "uv_size": [8, 11]},
								"south": {"uv": [0, 0], "uv_size": [0, 9]},
								"west": {"uv": [108, 38], "uv_size": [8, -11]},
								"up": {"uv": [128, 32], "uv_size": [-4, -10]},
								"down": {"uv": [116, 38], "uv_size": [-8, -11]}
							}
						}
					]
				},
				{
					"name": "Arm12",
					"parent": "Arm11",
					"pivot": [20.1078, 43.30451, -3.22131],
					"cubes": [
						{
							"origin": [-16.3, 7.71228, -6.9],
							"size": [9, 24, 11],
							"inflate": 0.6,
							"uv": {
								"north": {"uv": [5, 46], "uv_size": [4, 8]},
								"east": {"uv": [0, 46], "uv_size": [5, 8]},
								"south": {"uv": [14, 46], "uv_size": [4, 8]},
								"west": {"uv": [9, 46], "uv_size": [5, 8]},
								"up": {"uv": [5, 41], "uv_size": [4, 5]},
								"down": {"uv": [9, 46], "uv_size": [4, -5]}
							}
						}
					]
				},
				{
					"name": "Arm3",
					"parent": "Body2",
					"pivot": [16, 58.05946, -1.48535],
					"rotation": [-20, 0, 0],
					"cubes": [
						{
							"origin": [17, 59.05946, -7.48535],
							"size": [10, 3, 12],
							"inflate": 0.3,
							"uv": {
								"north": {"uv": [7, 37], "uv_size": [5, 2]},
								"east": {"uv": [0, 37], "uv_size": [7, 2]},
								"south": {"uv": [19, 37], "uv_size": [5, 2]},
								"west": {"uv": [12, 37], "uv_size": [7, 2]},
								"up": {"uv": [7, 30], "uv_size": [5, 7]},
								"down": {"uv": [12, 37], "uv_size": [5, -7]}
							}
						},
						{
							"origin": [17.5, 48.05946, -7.48535],
							"size": [9.5, 14, 12],
							"inflate": 0.5,
							"uv": {
								"north": {"uv": [104, 92], "uv_size": [5, 7]},
								"east": {"uv": [97, 92], "uv_size": [7, 7]},
								"south": {"uv": [116, 92], "uv_size": [5, 7]},
								"west": {"uv": [109, 92], "uv_size": [7, 7]},
								"up": {"uv": [104, 85], "uv_size": [5, 7]},
								"down": {"uv": [110, 114], "uv_size": [5, -7]}
							}
						},
						{
							"origin": [25.5, 14.05946, -7.48535],
							"size": [2.5, 35, 10],
							"inflate": 0.6,
							"uv": {
								"north": {"uv": [82, 118], "uv_size": [-47, 10]},
								"east": {"uv": [48, 118], "uv_size": [-13, 10]},
								"south": {"uv": [83, 118], "uv_size": [-54, 10]},
								"west": {"uv": [6, 103], "uv_size": [-6, 25]},
								"up": {"uv": [0, 112], "uv_size": [4, -9]},
								"down": {"uv": [30, 128], "uv_size": [36, -10]}
							}
						}
					]
				},
				{
					"name": "Arm4",
					"parent": "Arm3",
					"pivot": [4, 42.05946, -4.48535]
				},
				{
					"name": "Arm5",
					"parent": "Arm4",
					"pivot": [16, 55.05946, -2.48535],
					"cubes": [
						{
							"origin": [17, 42.05946, -7.48535],
							"size": [10, 17, 12],
							"inflate": 0.1,
							"uv": {
								"north": {"uv": [27, 73], "uv_size": [5, 6]},
								"east": {"uv": [20, 73], "uv_size": [7, 6]},
								"south": {"uv": [39, 73], "uv_size": [5, 6]},
								"west": {"uv": [32, 73], "uv_size": [7, 6]},
								"up": {"uv": [27, 66], "uv_size": [5, 7]},
								"down": {"uv": [32, 73], "uv_size": [5, -7]}
							}
						}
					]
				},
				{
					"name": "bone8",
					"parent": "Arm5",
					"pivot": [4, 50.05946, -4.48535],
					"cubes": [
						{
							"origin": [17.5, 44.05946, -7.48535],
							"size": [9, 16, 11],
							"uv": {
								"north": {"uv": [5, 46], "uv_size": [4, 8]},
								"east": {"uv": [0, 46], "uv_size": [5, 8]},
								"south": {"uv": [14, 46], "uv_size": [4, 8]},
								"west": {"uv": [9, 46], "uv_size": [5, 8]},
								"up": {"uv": [5, 41], "uv_size": [4, 5]},
								"down": {"uv": [9, 46], "uv_size": [4, -5]}
							}
						}
					]
				},
				{
					"name": "bone9",
					"parent": "Arm5",
					"pivot": [22.5, 47.05946, -2.48535],
					"cubes": [
						{
							"origin": [17, 25.05946, -7.48535],
							"size": [10, 22, 12],
							"inflate": 0.4,
							"uv": {
								"north": {"uv": [53, 53], "uv_size": [5, 10]},
								"east": {"uv": [46, 53], "uv_size": [7, 10]},
								"south": {"uv": [65, 53], "uv_size": [5, 10]},
								"west": {"uv": [58, 53], "uv_size": [7, 10]},
								"up": {"uv": [53, 46], "uv_size": [5, 8]},
								"down": {"uv": [58, 54], "uv_size": [5, -8]}
							}
						}
					]
				},
				{
					"name": "bone26",
					"parent": "bone9",
					"pivot": [4, 49.05946, -4.48535],
					"cubes": [
						{
							"origin": [17.5, 29.05946, -7.48535],
							"size": [9, 16, 11],
							"inflate": 0.2,
							"uv": {
								"north": {"uv": [5, 46], "uv_size": [4, 8]},
								"east": {"uv": [0, 46], "uv_size": [5, 8]},
								"south": {"uv": [14, 46], "uv_size": [4, 8]},
								"west": {"uv": [9, 46], "uv_size": [5, 8]},
								"up": {"uv": [5, 41], "uv_size": [4, 5]},
								"down": {"uv": [9, 46], "uv_size": [4, -5]}
							}
						}
					]
				},
				{
					"name": "bone27",
					"parent": "bone9",
					"pivot": [21.5, 29.05946, -0.48535],
					"cubes": [
						{
							"origin": [17, 7.15954, -7.5],
							"size": [10, 25, 12],
							"inflate": 0.7,
							"uv": {
								"north": {"uv": [27, 58], "uv_size": [5, 8]},
								"east": {"uv": [20, 58], "uv_size": [7, 8]},
								"south": {"uv": [39, 58], "uv_size": [5, 8]},
								"west": {"uv": [32, 58], "uv_size": [7, 8]},
								"up": {"uv": [27, 51], "uv_size": [5, 7]},
								"down": {"uv": [32, 58], "uv_size": [5, -7]}
							}
						}
					]
				},
				{
					"name": "bone28",
					"parent": "bone27",
					"pivot": [4, 50.15954, -2.77955],
					"cubes": [
						{
							"origin": [17.5, 8.15954, -7.5],
							"size": [9, 21, 11],
							"inflate": 0.6,
							"uv": {
								"north": {"uv": [5, 46], "uv_size": [4, 8]},
								"east": {"uv": [0, 46], "uv_size": [5, 8]},
								"south": {"uv": [14, 46], "uv_size": [4, 8]},
								"west": {"uv": [9, 46], "uv_size": [5, 8]},
								"up": {"uv": [5, 41], "uv_size": [4, 5]},
								"down": {"uv": [9, 46], "uv_size": [4, -5]}
							}
						}
					]
				},
				{
					"name": "leg2",
					"parent": "root",
					"pivot": [9, 31, 1],
					"cubes": [
						{
							"origin": [4.5, 25.25974, 0.19045],
							"size": [9, 12, 9],
							"inflate": 0.7,
							"pivot": [9, 37, -1],
							"rotation": [-30, 0, 0],
							"uv": {
								"north": {"uv": [75, 50], "uv_size": [6, 14]},
								"east": {"uv": [70, 50], "uv_size": [5, 14]},
								"south": {"uv": [86, 50], "uv_size": [6, 14]},
								"west": {"uv": [81, 50], "uv_size": [5, 14]},
								"up": {"uv": [75, 45], "uv_size": [6, 5]},
								"down": {"uv": [81, 50], "uv_size": [6, -5]}
							}
						},
						{
							"origin": [4.5, 21, -6],
							"size": [9, 6, 9],
							"uv": {
								"north": {"uv": [5, 46], "uv_size": [4, 8]},
								"east": {"uv": [0, 46], "uv_size": [5, 8]},
								"south": {"uv": [14, 46], "uv_size": [4, 8]},
								"west": {"uv": [9, 46], "uv_size": [5, 8]},
								"up": {"uv": [5, 41], "uv_size": [4, 5]},
								"down": {"uv": [9, 46], "uv_size": [4, -5]}
							}
						}
					]
				},
				{
					"name": "leg4",
					"parent": "leg2",
					"pivot": [9, 25, -4],
					"cubes": [
						{
							"origin": [4.5, 3, -6],
							"size": [9, 15, 10],
							"uv": {
								"north": {"uv": [5, 46], "uv_size": [4, 8]},
								"east": {"uv": [0, 46], "uv_size": [5, 8]},
								"south": {"uv": [14, 46], "uv_size": [4, 8]},
								"west": {"uv": [9, 46], "uv_size": [5, 8]},
								"up": {"uv": [5, 41], "uv_size": [4, 5]},
								"down": {"uv": [9, 46], "uv_size": [4, -5]}
							}
						},
						{
							"origin": [3, 11, -7],
							"size": [12, 15, 12],
							"inflate": 0.5,
							"uv": {
								"north": {"uv": [99, 50], "uv_size": [7, 14]},
								"east": {"uv": [92, 50], "uv_size": [7, 14]},
								"south": {"uv": [113, 50], "uv_size": [7, 14]},
								"west": {"uv": [106, 50], "uv_size": [7, 14]},
								"up": {"uv": [99, 43], "uv_size": [7, 7]},
								"down": {"uv": [106, 50], "uv_size": [7, -7]}
							}
						}
					]
				},
				{
					"name": "leg",
					"parent": "leg4",
					"pivot": [10, 11, -2],
					"cubes": [
						{
							"origin": [3, 0, -7],
							"size": [12, 10, 12],
							"inflate": 0.7,
							"uv": {
								"north": {"uv": [81, 32], "uv_size": [7, 6]},
								"east": {"uv": [74, 32], "uv_size": [7, 6]},
								"south": {"uv": [95, 32], "uv_size": [7, 6]},
								"west": {"uv": [88, 32], "uv_size": [7, 6]},
								"up": {"uv": [81, 25], "uv_size": [7, 7]},
								"down": {"uv": [88, 32], "uv_size": [7, -7]}
							}
						}
					]
				},
				{
					"name": "leg3",
					"parent": "root",
					"pivot": [-9, 32, 1],
					"cubes": [
						{
							"origin": [-13.5, 21, -6],
							"size": [9, 6, 9],
							"uv": {
								"north": {"uv": [5, 46], "uv_size": [4, 8]},
								"east": {"uv": [0, 46], "uv_size": [5, 8]},
								"south": {"uv": [14, 46], "uv_size": [4, 8]},
								"west": {"uv": [9, 46], "uv_size": [5, 8]},
								"up": {"uv": [5, 41], "uv_size": [4, 5]},
								"down": {"uv": [9, 46], "uv_size": [4, -5]}
							}
						},
						{
							"origin": [-13.5, 25.25974, 0.19045],
							"size": [9, 12, 9],
							"inflate": 0.7,
							"pivot": [-8, 37, -1],
							"rotation": [-30, 0, 0],
							"uv": {
								"north": {"uv": [75, 50], "uv_size": [6, 14]},
								"east": {"uv": [70, 50], "uv_size": [5, 14]},
								"south": {"uv": [86, 50], "uv_size": [6, 14]},
								"west": {"uv": [81, 50], "uv_size": [5, 14]},
								"up": {"uv": [75, 45], "uv_size": [6, 5]},
								"down": {"uv": [81, 50], "uv_size": [6, -5]}
							}
						},
						{
							"origin": [-13.5, 25.25974, 0.19045],
							"size": [9, 12, 9],
							"inflate": 0.8,
							"pivot": [-8, 37, -1],
							"rotation": [-30, 0, 0],
							"uv": {
								"north": {"uv": [70, 67], "uv_size": [6, 14]},
								"east": {"uv": [70, 67], "uv_size": [6, 14]},
								"south": {"uv": [70, 67], "uv_size": [6, 14]},
								"west": {"uv": [70, 67], "uv_size": [5, 14]},
								"up": {"uv": [75, 65], "uv_size": [6, 5]},
								"down": {"uv": [75, 71], "uv_size": [6, -5]}
							}
						}
					]
				},
				{
					"name": "leg5",
					"parent": "leg3",
					"pivot": [-10, 25, -3],
					"cubes": [
						{
							"origin": [-13.5, 6, -6],
							"size": [9, 12, 9],
							"uv": {
								"north": {"uv": [5, 46], "uv_size": [4, 8]},
								"east": {"uv": [0, 46], "uv_size": [5, 8]},
								"south": {"uv": [14, 46], "uv_size": [4, 8]},
								"west": {"uv": [9, 46], "uv_size": [5, 8]},
								"up": {"uv": [5, 41], "uv_size": [4, 5]},
								"down": {"uv": [9, 46], "uv_size": [4, -5]}
							}
						},
						{
							"origin": [-15, 7, -7],
							"size": [12, 19, 12],
							"inflate": 0.8,
							"uv": {
								"north": {"uv": [107, 69], "uv_size": [7, 14]},
								"east": {"uv": [114, 69], "uv_size": [7, 14]},
								"south": {"uv": [121, 69], "uv_size": [7, 14]},
								"west": {"uv": [121, 69], "uv_size": [7, 14]},
								"up": {"uv": [114, 64], "uv_size": [7, 7]},
								"down": {"uv": [121, 69], "uv_size": [7, -7]}
							}
						},
						{
							"origin": [-15, 11, -7],
							"size": [12, 15, 12],
							"inflate": 0.5,
							"uv": {
								"north": {"uv": [99, 50], "uv_size": [7, 14]},
								"east": {"uv": [92, 50], "uv_size": [7, 14]},
								"south": {"uv": [113, 50], "uv_size": [7, 14]},
								"west": {"uv": [106, 50], "uv_size": [7, 14]},
								"up": {"uv": [99, 43], "uv_size": [7, 7]},
								"down": {"uv": [106, 50], "uv_size": [7, -7]}
							}
						}
					]
				},
				{
					"name": "bone21",
					"parent": "leg5",
					"pivot": [-8, 12, -2],
					"cubes": [
						{
							"origin": [-15, 0, -7],
							"size": [12, 10, 12],
							"inflate": 0.7,
							"uv": {
								"north": {"uv": [81, 32], "uv_size": [7, 6]},
								"east": {"uv": [74, 32], "uv_size": [7, 6]},
								"south": {"uv": [95, 32], "uv_size": [7, 6]},
								"west": {"uv": [88, 32], "uv_size": [7, 6]},
								"up": {"uv": [81, 25], "uv_size": [7, 7]},
								"down": {"uv": [88, 32], "uv_size": [7, -7]}
							}
						}
					]
				}
			]
		}
	]
}