{
	"format_version": "1.16.100",
	"minecraft:item": {
		"description": {
			"category": "equipment",
			"identifier": "minecraftstorymode:command_block_hoe"
		},
		"components": {
			"minecraft:icon": {
				"texture": "command_hoe"
			},
			"minecraft:creative_category": {
				"parent": "itemGroup.name.hoe"
			},
			"minecraft:max_stack_size": 1,
			"minecraft:hand_equipped": true,
			"minecraft:allow_off_hand": true,
			"minecraft:foil": false,
			"minecraft:durability": {
				"max_durability": 9999,
				"damage_chance": {
					"min": 60,
					"max": 100
				}
			},
			"minecraft:repairable": {
				"repair_items": [
					{
						"items": [
							"minecraft:emerald"
						],
						"repair_amount": 10
					},
					{
						"items": [
							"minecraftstorymode:command_block_hoe"
						],
						"repair_amount": "context.other->query.remaining_durability + 0.2 * context.other->query.max_durability"
					}
				]
			},
			"minecraft:mining_speed": 1,
			"minecraft:damage": 10,
			"minecraft:enchantable": {
				"value": 15,
				"slot": "hoe"
			},
			"minecraft:can_destroy_in_creative": true,
			"minecraft:weapon": {
				"on_hurt_entity": {
					"event": "hurt"
				},
				"on_not_hurt_entity": {
					"event": "hurt"
				},
				"on_hit_block": {
					"event": "hurt"
				}
			},
			"minecraft:on_use": {
				"on_use": {
					"event": "on_use_event"
				}
			},
			"minecraft:render_offsets": {
				"main_hand": {
					"third_person": {
						"scale": [
							0.1,
							0.1,
							0.1
						]
					},
					"first_person": {
						"scale": [
							0.037999999999977205,
							0.037999999999977205,
							0.037999999999977205
						]
					}
				},
				"off_hand": {
					"third_person": {
						"scale": [
							0.1,
							0.1,
							0.1
						]
					},
					"first_person": {
						"scale": [
							0.037999999999977205,
							0.037999999999977205,
							0.037999999999977205
						]
					}
				}
			},
			"minecraft:display_name": {
				"value": "§dCommand Block Hoe"
			},
			"tag:minecraft:is_hoe": {},
			"minecraft:cooldown": {
				"category": "action_cooldown",
				"duration": 3
			}
		},
		"events": {
			"on_use_event": {
				"sequence": [
					{
						"run_command": {
							"command": [
								"function enchanted_particles"
							],
							"target": "self"
						}
					},
					{
						"damage": {
							"type": "magic",
							"amount": 1,
							"target": "self"
						}
					}
				]
			},
			"hurt": {
				"damage": {
					"type": "magic",
					"amount": 1,
					"target": "self"
				}
			}
		}
	}
}