{
	"format_version": "1.12.0",
	"minecraft:geometry": [
		{
			"description": {
				"identifier": "geometry.serppvzzombiegargantuar",
				"texture_width": 96,
				"texture_height": 96,
				"visible_bounds_width": 4,
				"visible_bounds_height": 3.5,
				"visible_bounds_offset": [0, 1.25, 0]
			},
			"bones": [
				{
					"name": "zombie",
					"pivot": [0, 0, 0]
				},
				{
					"name": "body_root",
					"parent": "zombie",
					"pivot": [0, 14, 4]
				},
				{
					"name": "skull",
					"parent": "body_root",
					"pivot": [0, 26, -5],
					"cubes": [
						{"origin": [-3, 24, -11], "size": [6, 5, 6], "uv": [41, 34]},
						{"origin": [-4, 24, -11], "size": [1, 4, 0], "pivot": [-3, 27, -11], "rotation": [0, 45, 0], "uv": [22, 0]},
						{"origin": [-3, 29, -5], "size": [6, 2.24, 0], "pivot": [0, 29, -5], "rotation": [26, 0, 0], "uv": [48, 23]},
						{"origin": [-3, 29, -11], "size": [0, 2.83, 6], "pivot": [-3, 29, -8], "rotation": [0, 0, 45], "uv": [60, 40]},
						{"origin": [3, 29, -11], "size": [0, 2.83, 6], "pivot": [3, 29, -8], "rotation": [0, 0, -45], "uv": [60, 40], "mirror": true},
						{"origin": [-3, 29, -11], "size": [6, 3.6, 0], "pivot": [0, 29, -11], "rotation": [-56.2, 0, 0], "uv": [70, 51]},
						{"origin": [-2.5, 23, -10.5], "size": [5, 1, 0], "uv": [29, 49]},
						{"origin": [-1, 31, -8], "size": [2, 0, 2], "uv": [33, 0]},
						{"origin": [-1, 31, -9.5], "size": [3, 1, 0], "pivot": [-2.5, 29.5, -8.5], "rotation": [0, -45, 0], "uv": [0, 4]},
						{"origin": [1, 31, -8.5], "size": [3, 1, 0], "pivot": [1, 31, -8.5], "rotation": [0, -45, 45], "uv": [0, 4]},
						{"origin": [-4, 31, -8.5], "size": [3, 1, 0], "pivot": [-1, 31, -8.5], "rotation": [0, 45, -45], "uv": [0, 4], "mirror": true},
						{"origin": [-2.5, 24.5, -11.5], "size": [5, 4, 1], "uv": [33, 34]},
						{"origin": [-2.5, 24.5, -5.5], "size": [5, 4, 1], "uv": [33, 34]},
						{"origin": [-3.25, 25, -12], "size": [2, 2, 0], "pivot": [-1, 27, -12], "rotation": [0, 17, 0], "uv": [22, 15]},
						{"origin": [0.75, 24.5, -12], "size": [3, 3, 0], "pivot": [1, 27, -12], "rotation": [0, -17, 0], "uv": [0, 0]}
					]
				},
				{
					"name": "mouth",
					"parent": "skull",
					"pivot": [0, 24, -6],
					"rotation": [-25, 0, 0],
					"cubes": [
						{"origin": [-2.5, 22.36603, -10.63397], "size": [5, 1, 4], "pivot": [0, 23.36603, -5.63397], "rotation": [30, 0, 0], "uv": [33, 23]},
						{"origin": [-2.5, 18.0141, -9.50882], "size": [5, 2, 0], "pivot": [0, 20.05, -9.47292], "rotation": [70, 0, 0], "uv": [52, 26]},
						{"origin": [-2, 22.5, -9.5], "size": [4, 1, 0], "pivot": [0, 21.86603, -6.5], "rotation": [30, 0, 0], "uv": [33, 6]},
						{"origin": [-2.5, 22, -8], "size": [5, 2, 2], "uv": [16, 49]},
						{"origin": [-2, 22, -8.1], "size": [4, 2, 0], "uv": [33, 3]}
					]
				},
				{
					"name": "chest",
					"parent": "body_root",
					"pivot": [0, 20, 2],
					"rotation": [15, 0, 0]
				},
				{
					"name": "body",
					"parent": "chest",
					"pivot": [0, 30, 2],
					"cubes": [
						{"origin": [-8, 18, -2], "size": [16, 12, 10], "uv": [33, 0]},
						{"origin": [-4, 20, 8.1], "size": [8, 10, 8], "uv": [50, 62]},
						{"origin": [-6, 12, 0], "size": [12, 6, 8], "pivot": [0, 18, 8], "rotation": [-15, 0, 0], "uv": [0, 34]}
					]
				},
				{
					"name": "arms",
					"parent": "chest",
					"pivot": [0, 29, 1],
					"rotation": [-15, 0, 0]
				},
				{
					"name": "right_arm",
					"parent": "arms",
					"pivot": [-8.5, 29, 1],
					"cubes": [
						{"origin": [-14, 23, -0.5], "size": [7, 7, 7], "uv": [0, 15]},
						{"origin": [-14, 10, -0.5], "size": [7, 7, 7], "pivot": [-10, 17, 5.5], "rotation": [-45, 0, 0], "uv": [0, 0]},
						{"origin": [-16, 20, 1.74264], "size": [2, 0, 3], "pivot": [-14, 20, 2.5], "rotation": [-35.26439, 30, 35.26439], "uv": [-3, 34]},
						{"origin": [-13, 6, -0.5], "size": [5, 4, 6], "pivot": [-10, 17, 5.5], "rotation": [-45, 0, 0], "uv": [53, 49]},
						{"origin": [-13, 17, 0.5], "size": [5, 6, 5], "uv": [0, 49]}
					]
				},
				{
					"name": "rightItem",
					"parent": "right_arm",
					"pivot": [-10.5, 13, -3],
					"rotation": [-35, 0, 0]
				},
				{
					"name": "left_arm",
					"parent": "arms",
					"pivot": [8.5, 29, 1],
					"cubes": [
						{"origin": [7, 23, -0.5], "size": [7, 7, 7], "uv": [0, 15], "mirror": true},
						{"origin": [7, 10, -0.5], "size": [7, 7, 7], "pivot": [10, 17, 5.5], "rotation": [-45, 0, 0], "uv": [0, 0], "mirror": true},
						{"origin": [14, 20, 1.74264], "size": [2, 0, 3], "pivot": [14, 20, 2.5], "rotation": [-35.26439, -30, -35.26439], "uv": [-3, 34], "mirror": true},
						{"origin": [8, 6, -0.5], "size": [5, 4, 6], "pivot": [10, 17, 5.5], "rotation": [-45, 0, 0], "uv": [53, 49], "mirror": true},
						{"origin": [8, 17, 0.5], "size": [5, 6, 5], "uv": [0, 49], "mirror": true}
					]
				},
				{
					"name": "legs",
					"parent": "zombie",
					"pivot": [0, 14, 3]
				},
				{
					"name": "right_leg",
					"parent": "legs",
					"pivot": [-4, 14, 3],
					"cubes": [
						{"origin": [-6, 7.98261, -1.59987], "size": [5.5, 8, 4], "pivot": [-4, 7.98261, -1.59987], "rotation": [-35, 0, 0], "uv": [21, 55]},
						{"origin": [-6, 2, 1.5], "size": [5.5, 8, 4], "pivot": [-4, 2, 4.5], "rotation": [25, 0, 0], "uv": [39, 57]},
						{"origin": [-5.5, 0, -1.5], "size": [4.5, 2, 6], "pivot": [-3, 0, 4.5], "rotation": [-5, 0, 0], "uv": [60, 28]},
						{"origin": [-6, -0.2, -2], "size": [5.5, 1, 7], "inflate": -0.2, "uv": [34, 46]}
					]
				},
				{
					"name": "left_leg",
					"parent": "legs",
					"pivot": [4, 14, 3],
					"cubes": [
						{"origin": [0.5, 7.98261, -1.59987], "size": [5.5, 8, 4], "pivot": [4, 7.98261, -1.59987], "rotation": [-35, 0, 0], "uv": [21, 55], "mirror": true},
						{"origin": [0.5, 2, 1.5], "size": [5.5, 8, 4], "pivot": [4, 2, 4.5], "rotation": [25, 0, 0], "uv": [39, 57], "mirror": true},
						{"origin": [1, 0, -1.5], "size": [4.5, 2, 6], "pivot": [3, 0, 4.5], "rotation": [-5, 0, 0], "uv": [60, 28], "mirror": true},
						{"origin": [0.5, -0.2, -2], "size": [5.5, 1, 7], "inflate": -0.2, "uv": [34, 46], "mirror": true}
					]
				}
			]
		}
	]
}