{
  "format_version": "1.8.0",
  "minecraft:attachable": {
    "description": {
      "identifier": "minecraftstorymode:ultimate_shovel",
      "materials": {
        "default": "enderman"
      },
      "textures": {
        "default": "textures/entity/command_weapon/ultimate_shovel",
        "enchanted": "textures/misc/enchanted_item_glint"
      },
      "geometry": {
        "default": "geometry.ultimate_weapon"
      },
      "scripts": {
        "parent_setup": "variable.boot_layer_visible = 0.0;"
      },
      "render_controllers": [
        "controller.render.skeleton"
      ]
    }
  }
}