{
	"format_version": "1.8.0",
	"animations": {
		"animation.squash.quiet": {
			"loop": true,
			"animation_length": 0.8,
			"bones": {
				"squash": {
					"rotation": {
						"0.0": {
							"post": [0, 0, 0],
							"lerp_mode": "catmullrom"
						},
						"0.3": {
							"post": [7.5, 0, 0],
							"lerp_mode": "catmullrom"
						},
						"0.8": {
							"post": [0, 0, 0],
							"lerp_mode": "catmullrom"
						}
					},
					"scale": {
						"0.0": {
							"post": [1, 1, 1],
							"lerp_mode": "catmullrom"
						},
						"0.5": {
							"post": [1, 0.9, 1],
							"lerp_mode": "catmullrom"
						},
						"0.8": {
							"post": [1, 1, 1],
							"lerp_mode": "catmullrom"
						}
					}
				}
			}
		},
		"animation.squash.jump": {
			"loop": true,
			"bones": {
				"squash": {
					"scale": [1, 1.2, 1]
				}
			}
		}
	}
}