{
	"format_version": "1.8.0",
	"animations": {
		"animation.chomper.quiet": {
			"loop": true,
			"animation_length": 1.6,
			"bones": {
				"head": {
					"rotation": [0, 0, "math.cos(q.anim_time*220)*5"],
					"position": [0, "math.cos(q.anim_time*220)*1", "math.cos(q.anim_time*220)*-1.5"]
				},
				"mouth": {
					"rotation": {
						"0.0": {
							"post": [-10, 0, 0],
							"lerp_mode": "catmullrom"
						},
						"1.0": {
							"post": [5, 0, 0],
							"lerp_mode": "catmullrom"
						},
						"1.6": {
							"post": [-10, 0, 0],
							"lerp_mode": "catmullrom"
						}
					}
				},
				"stem": {
					"rotation": ["math.cos(q.anim_time*220)*15", 0, 0],
					"scale": [1, "1+(math.cos(q.anim_time*440)*0.1)", 1]
				},
				"leaves": {
					"rotation": [0, "math.cos(q.anim_time*220)*15", 0]
				}
			}
		},
		"animation.chomper.using": {
			"loop": true,
			"animation_length": 0.6,
			"bones": {
				"head": {
					"position": [0, "math.cos(q.anim_time*540)*1", 0],
					"scale": [1, "1+(math.cos(q.anim_time*540)*0.1)", 1]
				},
				"mouth": {
					"rotation": {
						"0.0": {
							"post": [0, 0, 0],
							"lerp_mode": "catmullrom"
						},
						"0.4": {
							"post": [-20, 0, 0],
							"lerp_mode": "catmullrom"
						},
						"0.6": {
							"post": [0, 0, 0],
							"lerp_mode": "catmullrom"
						}
					},
					"position": {
						"0.0": {
							"post": [0, 0, 0],
							"lerp_mode": "catmullrom"
						},
						"0.1": {
							"post": [0, 0, -1],
							"lerp_mode": "catmullrom"
						},
						"0.2": {
							"post": [0, 1, -2],
							"lerp_mode": "catmullrom"
						},
						"0.6": {
							"post": [0, 0, 0],
							"lerp_mode": "catmullrom"
						}
					}
				},
				"stem2": {
					"scale": [1, "1-(math.cos(q.anim_time*560)*-0.2)", 1]
				},
				"leaves": {
					"rotation": [0, 0, "math.cos(q.anim_time*560)*5"],
					"position": {
						"0.0": {
							"post": [0, 0.5, 0],
							"lerp_mode": "catmullrom"
						}
					}
				}
			},
			"sound_effects": {
				"0.2": {
					"effect": "munch"
				}
			}
		},
		"animation.chomper.attack": {
			"animation_length": 0.4,
			"bones": {
				"head": {
					"rotation": {
						"0.0": {
							"post": [0, 0, 0],
							"lerp_mode": "catmullrom"
						},
						"0.1": {
							"post": [-35, 0, 0],
							"lerp_mode": "catmullrom"
						},
						"0.2": {
							"post": [0, 0, 0],
							"lerp_mode": "catmullrom"
						}
					},
					"position": {
						"0.0": {
							"post": [0, 0, 0],
							"lerp_mode": "catmullrom"
						},
						"0.1": {
							"post": [0, -1, -10],
							"lerp_mode": "catmullrom"
						},
						"0.4": {
							"post": [0, 0, 0],
							"lerp_mode": "catmullrom"
						}
					},
					"scale": {
						"0.0": {
							"post": [1, 1, 1],
							"lerp_mode": "catmullrom"
						},
						"0.1": {
							"post": [1, 1.3, 1.3],
							"lerp_mode": "catmullrom"
						},
						"0.4": {
							"post": [1, 1, 1],
							"lerp_mode": "catmullrom"
						}
					}
				},
				"mouth": {
					"rotation": {
						"0.0": {
							"post": [0, 0, 0],
							"lerp_mode": "catmullrom"
						},
						"0.1": {
							"post": [50, 0, 0],
							"lerp_mode": "catmullrom"
						},
						"0.2": {
							"post": [0, 0, 0],
							"lerp_mode": "catmullrom"
						}
					}
				},
				"stem": {
					"rotation": {
						"0.0": [0, 0, 0],
						"0.1": [25, 0, 0],
						"0.4": [0, 0, 0]
					}
				},
				"stem2": {
					"rotation": {
						"0.0": {
							"post": [0, 0, 0],
							"lerp_mode": "catmullrom"
						},
						"0.1": {
							"post": [35, 0, 0],
							"lerp_mode": "catmullrom"
						},
						"0.4": {
							"post": [0, 0, 0],
							"lerp_mode": "catmullrom"
						}
					}
				}
			},
			"sound_effects": {
				"0.1": {
					"effect": "chomp"
				}
			}
		}
	}
}