{
	"format_version": "1.8.0",
	"animations": {
		"animation.cherrybomb.exploding": {
			"loop": "hold_on_last_frame",
			"animation_length": 2,
			"bones": {
				"cherry_1": {
					"scale": {
						"0.4": [1, 1, 1],
						"1.2": [1.2, 1, 1.2],
						"2.0": [1.5, 1.5, 1.5]
					}
				},
				"cherry_2": {
					"scale": {
						"0.4": [1, 1, 1],
						"1.2": [1.2, 1, 1.2],
						"2.0": [1.5, 1.5, 1.5]
					}
				},
				"cherry_bomb": {
					"rotation": {
						"0.0": [0, 0, 0],
						"0.5": [0, 0, 0],
						"0.6": [0, 10, 0],
						"0.7": [0, -10, 0],
						"0.8": [0, 10, 0],
						"0.9": [0, -10, 0],
						"1.0": [0, 10, 0],
						"1.1": [0, -10, 0],
						"1.2": [0, 10, 0],
						"1.3": [0, -10, 0],
						"1.4": [0, 10, 0],
						"1.5": [0, -10, 0],
						"1.6": [0, 10, 0],
						"1.7": [0, -10, 0],
						"1.8": [0, 10, 0],
						"1.9": [0, -10, 0],
						"2.0": [0, 10, 0]
					},
					"scale": {
						"0.0": [1, 1, 1],
						"0.1": [1, 1.2, 1],
						"0.4": [1, 0.8, 1],
						"2.0": [1, 1, 1]
					}
				}
			}
		}
	}
}