{
	"format_version": "1.8.0",
	"animations": {
		"animation.potatomine.quiet": {
			"loop": true,
			"animation_length": 0.8,
			"bones": {
				"potato_on": {
					"scale": [1, "1+(math.cos(q.anim_time*420)*0.05)", 1]
				},
				"antenna": {
					"scale": {
						"0.0": {
							"post": [1, 1, 1],
							"lerp_mode": "catmullrom"
						},
						"0.3": {
							"post": [1, 0.8, 1],
							"lerp_mode": "catmullrom"
						},
						"0.8": {
							"post": [1, 1, 1],
							"lerp_mode": "catmullrom"
						}
					}
				}
			}
		},
		"animation.potatomine.hidden": {
			"loop": true,
			"bones": {
				"open_eyes": {
					"scale": [0, 0, 0]
				},
				"closed_eyes": {
					"scale": [0, 0, 0]
				},
				"angry_eyes": {
					"scale": [0, 0, 0]
				}
			}
		},
		"animation.potatomine.using": {
			"loop": "hold_on_last_frame",
			"animation_length": 0.4,
			"bones": {
				"potato_on": {
					"scale": {
						"0.0": {
							"post": [1, 0, 1],
							"lerp_mode": "catmullrom"
						},
						"0.1": {
							"post": [1, 1.5, 1],
							"lerp_mode": "catmullrom"
						},
						"0.4": {
							"post": [1, 1, 1],
							"lerp_mode": "catmullrom"
						}
					}
				}
			}
		}
	}
}