{
	"format_version": "1.8.0",
	"animations": {
		"animation.sunflower.quiet": {
			"loop": true,
			"animation_length": 1,
			"bones": {
				"head": {
					"position": ["math.cos(q.anim_time*360)*-1", "math.cos(q.anim_time*720)*0.5", 0]
				},
				"stem": {
					"rotation": [0, 0, "math.cos(q.anim_time*360)*-19"],
					"scale": [1, "1+(math.cos(q.anim_time*720)*0.05)", 1]
				},
				"leaves": {
					"rotation": [0, "math.cos(q.anim_time*360)*10", 0],
					"scale": [1, "1+(math.cos(q.anim_time*720)*0.2)", 1]
				}
			}
		},
		"animation.sunflower.using": {
			"loop": "hold_on_last_frame",
			"animation_length": 0.8,
			"bones": {
				"head": {
					"position": {
						"0.0": [0, 0, 0],
						"0.2": [0, 1, 0],
						"0.4": [0, -1, 0]
					}
				},
				"stem": {
					"position": {
						"0.0": {
							"post": [0, 0, 0],
							"lerp_mode": "catmullrom"
						},
						"0.1": {
							"post": [0, 1, 0],
							"lerp_mode": "catmullrom"
						},
						"0.3": {
							"post": [0, 0, 0],
							"lerp_mode": "catmullrom"
						}
					},
					"scale": {
						"0.0": {
							"post": [1, 1, 1],
							"lerp_mode": "catmullrom"
						},
						"0.1": {
							"post": [1, 1.2, 1],
							"lerp_mode": "catmullrom"
						},
						"0.3": {
							"post": [1, 0.8, 1],
							"lerp_mode": "catmullrom"
						}
					}
				}
			}
		}
	}
}