{
  "format_version": "1.10.0",
  "minecraft:client_entity": {
    "description": {
      "identifier": "minecraft:guardian",
      "min_engine_version": "1.8.0",
      "materials": {
        "default": "guardian",
        "ghost": "guardian_ghost",
        "hp": "entity_emissive_alpha"
      },
      "geometry": {
        "default": "geometry.guardian.v1.8",
        "ghost": "geometry.guardian",
        "health_bar": "geometry.health_bar",
        "heart": "geometry.heart",
        "dmg": "geometry.dmg"
      },
      "animations": {
        "setup": "animation.guardian.setup",
        "spikes": "animation.guardian.spikes",
        "swim": "animation.guardian.swim",
        "look_at_target": "animation.common.look_at_target",
        "move_eye": "animation.guardian.move_eye",
        "dmg_controller": "controller.animation.damage.root",
        "hp_offset": "animation.health_guardian",
        "health_percentage": "animation.health_bar.percentage"
      },
      "render_controllers": [
        "controller.render.guardian",
        "controller.render.health_bar",
        "controller.render.heart",
        "controller.render.first_digit",
        "controller.render.second_digit",
        "controller.render.third_digit",
        "controller.render.dmg"
      ],
      "spawn_egg": {
        "texture": "spawn_egg",
        "texture_index": 26
      },
      "scripts": {
        "initialize": [
          "variable.hp = query.health;"
        ],
        "pre_animation": [
          "variable.spike_shake = Math.sin(query.life_time * 2000)/50;",
          "variable.spike_animation_speed = query.life_time < 0.1 ? 0.0 : (!query.is_in_water ? (Math.round(Math.sin(query.life_time * 2000)) == 0.0 ? (Math.random(0.0, 1.0)) : (variable.spike_animation_speed)) : (query.is_moving ? (variable.spike_animation_speed - variable.spike_animation_speed * 0.06) : (variable.spike_animation_speed + (1.0 - variable.spike_animation_speed) * 0.06)));",
          "variable.spike_extension = (1.0 - variable.spike_animation_speed) * 0.55;",
          "variable.tail_animation_speed = query.life_time < 0.1 ? 0.0 : (!query.is_in_water ? 2.0 : query.is_moving ? (variable.tail_animation_speed < 0.5 ? 4.0 : variable.tail_animation_speed + (0.5 - variable.tail_animation_speed) * 0.1) : variable.tail_animation_speed + (0.125 - variable.tail_animation_speed) * 0.2);",
          "variable.tail_swim = query.life_time < 0.1 ? 0.0 : (variable.tail_swim + variable.tail_animation_speed);",
          "variable.tail_base_angle = Math.sin(variable.tail_swim*20.0);",
          "variable.health = query.health / query.max_health;",
          "variable.health_color = math.round(query.health / query.max_health * 100) >= 50 ? 0 : ((math.round(query.health / query.max_health * 100) >= 25 && math.round(query.health / query.max_health * 100) < 50) ? 1 : 2);",
          "variable.first_digit = math.floor(query.health / 100);",
          "variable.second_digit = math.floor((math.mod(query.health, 100)) / 10);",
          "variable.third_digit = query.health - ((math.floor(query.health / 10)) * 10);"
        ],
        "animate": [
          "setup",
          "spikes",
          "swim",
          "look_at_target",
          "move_eye",
          "controller.render.health_bar",
          "controller.render.heart",
          "controller.render.first_digit",
          "controller.render.second_digit",
          "controller.render.third_digit",
          "controller.render.dmg"
        ],
        "variables": {
          "variable.hp": "public"
        }
      },
      "particle_effects": {
        "dmg": "particle:damage"
      },
      "textures": {
        "default": "textures/entity/guardian",
        "elder": "textures/entity/guardian_elder",
        "beam": "textures/entity/guardian_beam",
        "health_green": "textures/heart/health_bar_green",
        "health_yellow": "textures/heart/health_bar_yellow",
        "health_red": "textures/heart/health_bar_red",
        "heart": "textures/heart/heart",
        "heart0": "textures/heart/heart0",
        "heart1": "textures/heart/heart1",
        "heart2": "textures/heart/heart2",
        "heart3": "textures/heart/heart3",
        "heart4": "textures/heart/heart4",
        "heart5": "textures/heart/heart5",
        "heart6": "textures/heart/heart6",
        "heart7": "textures/heart/heart7",
        "heart8": "textures/heart/heart8",
        "heart9": "textures/heart/heart9"
      }
    }
  }
}