{
  "format_version": "1.10.0",
  "minecraft:client_entity": {
    "description": {
      "identifier": "minecraft:llama",
      "min_engine_version": "1.8.0",
      "materials": {
        "default": "llama",
        "hp": "entity_emissive_alpha"
      },
      "geometry": {
        "default": "geometry.llama.v1.8",
        "health_bar": "geometry.health_bar",
        "heart": "geometry.heart",
        "dmg": "geometry.dmg"
      },
      "animations": {
        "setup": "animation.llama.setup",
        "walk": "animation.quadruped.walk",
        "look_at_target": "animation.common.look_at_target",
        "baby_transform": "animation.llama.baby_transform",
        "move": "controller.animation.llama.move",
        "baby": "controller.animation.llama.baby",
        "dmg_controller": "controller.animation.damage.root",
        "hp_offset": "animation.health_llama",
        "health_percentage": "animation.health_bar.percentage"
      },
      "render_controllers": [
        "controller.render.llama",
        "controller.render.health_bar",
        "controller.render.heart",
        "controller.render.first_digit",
        "controller.render.second_digit",
        "controller.render.third_digit",
        "controller.render.dmg"
      ],
      "spawn_egg": {
        "texture": "spawn_egg",
        "texture_index": 38
      },
      "scripts": {
        "pre_animation": [
          "variable.health = query.health / query.max_health;",
          "variable.health_color = math.round(query.health / query.max_health * 100) >= 50 ? 0 : ((math.round(query.health / query.max_health * 100) >= 25 && math.round(query.health / query.max_health * 100) < 50) ? 1 : 2);",
          "variable.first_digit = math.floor(query.health / 100);",
          "variable.second_digit = math.floor((math.mod(query.health, 100)) / 10);",
          "variable.third_digit = query.health - ((math.floor(query.health / 10)) * 10);"
        ],
        "animate": [
          "move",
          "baby",
          "hp_offset",
          "health_percentage",
          "dmg_controller"
        ],
        "variables": {
          "variable.hp": "public"
        },
        "initialize": [
          "variable.hp = query.health;"
        ]
      },
      "particle_effects": {
        "dmg": "particle:damage"
      },
      "textures": {
        "creamy": "textures/entity/llama/llama_creamy",
        "white": "textures/entity/llama/llama_white",
        "brown": "textures/entity/llama/llama_brown",
        "gray": "textures/entity/llama/llama_gray",
        "decor_none": "textures/entity/llama/decor/decor_none",
        "decor_white": "textures/entity/llama/decor/decor_white",
        "decor_orange": "textures/entity/llama/decor/decor_orange",
        "decor_magenta": "textures/entity/llama/decor/decor_magenta",
        "decor_light_blue": "textures/entity/llama/decor/decor_light_blue",
        "decor_yellow": "textures/entity/llama/decor/decor_yellow",
        "decor_lime": "textures/entity/llama/decor/decor_lime",
        "decor_pink": "textures/entity/llama/decor/decor_pink",
        "decor_gray": "textures/entity/llama/decor/decor_gray",
        "decor_silver": "textures/entity/llama/decor/decor_silver",
        "decor_cyan": "textures/entity/llama/decor/decor_cyan",
        "decor_purple": "textures/entity/llama/decor/decor_purple",
        "decor_blue": "textures/entity/llama/decor/decor_blue",
        "decor_brown": "textures/entity/llama/decor/decor_brown",
        "decor_green": "textures/entity/llama/decor/decor_green",
        "decor_red": "textures/entity/llama/decor/decor_red",
        "decor_black": "textures/entity/llama/decor/decor_black",
        "decor_wandering_trader": "textures/entity/llama/decor/trader_llama_decor",
        "health_green": "textures/heart/health_bar_green",
        "health_yellow": "textures/heart/health_bar_yellow",
        "health_red": "textures/heart/health_bar_red",
        "heart": "textures/heart/heart",
        "heart0": "textures/heart/heart0",
        "heart1": "textures/heart/heart1",
        "heart2": "textures/heart/heart2",
        "heart3": "textures/heart/heart3",
        "heart4": "textures/heart/heart4",
        "heart5": "textures/heart/heart5",
        "heart6": "textures/heart/heart6",
        "heart7": "textures/heart/heart7",
        "heart8": "textures/heart/heart8",
        "heart9": "textures/heart/heart9"
      }
    }
  }
}