{
  "format_version": "1.10.0",
  "minecraft:client_entity": {
    "description": {
      "identifier": "minecraft:piglin_brute",
      "materials": {
        "default": "piglin_brute",
        "hp": "entity_emissive_alpha"
      },
      "geometry": {
        "default": "geometry.piglin",
        "health_bar": "geometry.health_bar",
        "heart": "geometry.heart",
        "dmg": "geometry.dmg"
      },
      "spawn_egg": {
        "base_color": "#592A10",
        "overlay_color": "#F9F3A4"
      },
      "animations": {
        "move": "animation.piglin.move",
        "bob": "animation.humanoid.bob",
        "humanoid_big_head": "animation.humanoid.big_head",
        "look_at_target_controller": "controller.animation.humanoid.look_at_target",
        "look_at_target_default": "animation.humanoid.look_at_target.default",
        "look_at_target_gliding": "animation.humanoid.look_at_target.gliding",
        "look_at_target_swimming": "animation.humanoid.look_at_target.swimming",
        "piglin_attack_controller": "controller.animation.piglin.attack",
        "crossbow_hold": "animation.piglin.crossbow.hold",
        "crossbow_charge": "animation.piglin.crossbow.charge",
        "melee_attack": "animation.piglin.sword.attack",
        "hand_attack": "animation.piglin.hand.attack",
        "riding_controller": "controller.animation.humanoid.riding",
        "riding.arms": "animation.humanoid.riding.arms",
        "riding.legs": "animation.humanoid.riding.legs",
        "dmg_controller": "controller.animation.damage.root",
        "hp_offset": "animation.health_humanoid",
        "health_percentage": "animation.health_bar.percentage"
      },
      "render_controllers": [
        "controller.render.piglin_brute",
        "controller.render.health_bar",
        "controller.render.heart",
        "controller.render.first_digit",
        "controller.render.second_digit",
        "controller.render.third_digit",
        "controller.render.dmg"
      ],
      "enable_attachables": true,
      "scripts": {
        "initialize": [
          "variable.hp = query.health;"
        ],
        "pre_animation": [
          "variable.tcos0 = (Math.cos(query.modified_distance_moved * 38.17) * query.modified_move_speed / variable.gliding_speed_value) * 57.3;",
          "variable.attack = Math.sin((1.0 - (1.0 - variable.attack_time) * (1.0 - variable.attack_time)) * 180.0) * 57.3;",
          "variable.attack2 = Math.sin(variable.attack_time * 180.0) * 57.3;",
          "variable.z_bob = Math.cos(query.life_time * 103.13244) * 2.865 + 2.865;",
          "variable.x_bob = Math.sin(query.life_time * 76.776372) * 2.865;",
          "variable.health = query.health / query.max_health;",
          "variable.health_color = math.round(query.health / query.max_health * 100) >= 50 ? 0 : ((math.round(query.health / query.max_health * 100) >= 25 && math.round(query.health / query.max_health * 100) < 50) ? 1 : 2);",
          "variable.first_digit = math.floor(query.health / 100);",
          "variable.second_digit = math.floor((math.mod(query.health, 100)) / 10);",
          "variable.third_digit = query.health - ((math.floor(query.health / 10)) * 10);"
        ],
        "animate": [
          {
            "humanoid_big_head": "query.is_baby"
          },
          "move",
          "bob",
          "look_at_target_controller",
          "piglin_attack_controller",
          "riding_controller",
          "hp_offset",
          "health_percentage",
          "dmg_controller"
        ],
        "variables": {
          "variable.hp": "public"
        }
      },
      "particle_effects": {
        "dmg": "particle:damage"
      },
      "textures": {
        "default": "textures/entity/piglin/piglin_brute",
        "health_green": "textures/heart/health_bar_green",
        "health_yellow": "textures/heart/health_bar_yellow",
        "health_red": "textures/heart/health_bar_red",
        "heart": "textures/heart/heart",
        "heart0": "textures/heart/heart0",
        "heart1": "textures/heart/heart1",
        "heart2": "textures/heart/heart2",
        "heart3": "textures/heart/heart3",
        "heart4": "textures/heart/heart4",
        "heart5": "textures/heart/heart5",
        "heart6": "textures/heart/heart6",
        "heart7": "textures/heart/heart7",
        "heart8": "textures/heart/heart8",
        "heart9": "textures/heart/heart9"
      }
    }
  }
}