{
  "format_version": "1.10.0",
  "minecraft:client_entity": {
    "description": {
      "identifier": "minecraft:strider",
      "materials": {
        "default": "strider",
        "hp": "entity_emissive_alpha"
      },
      "geometry": {
        "default": "geometry.strider",
        "health_bar": "geometry.health_bar",
        "heart": "geometry.heart",
        "dmg": "geometry.dmg"
      },
      "spawn_egg": {
        "base_color": "#9c3436",
        "overlay_color": "#4d494d"
      },
      "animations": {
        "look_at_target": "animation.strider.look_at_target.default",
        "walk": "animation.strider.walk",
        "bristle_flow": "animation.strider.bristle_flow",
        "dmg_controller": "controller.animation.damage.root",
        "hp_offset": "animation.health_strider",
        "health_percentage": "animation.health_bar.percentage"
      },
      "render_controllers": [
        "controller.render.strider",
        "controller.render.health_bar",
        "controller.render.heart",
        "controller.render.first_digit",
        "controller.render.second_digit",
        "controller.render.third_digit",
        "controller.render.dmg"
      ],
      "scripts": {
        "initialize": [
          "variable.hp = query.health;"
        ],
        "pre_animation": [
          "variable.animation_speed = Math.min(query.modified_move_speed, 0.25);",
          "variable.speed = 85.9437;",
          "variable.bristle_flow=Math.cos(query.modified_distance_moved * variable.speed + 180) * variable.animation_speed;",
          "variable.bristle_range_mod=1;",
          "variable.bristle_speed_mod=1;",
          "variable.health = query.health / query.max_health;",
          "variable.health_color = math.round(query.health / query.max_health * 100) >= 50 ? 0 : ((math.round(query.health / query.max_health * 100) >= 25 && math.round(query.health / query.max_health * 100) < 50) ? 1 : 2);",
          "variable.first_digit = math.floor(query.health / 100);",
          "variable.second_digit = math.floor((math.mod(query.health, 100)) / 10);",
          "variable.third_digit = query.health - ((math.floor(query.health / 10)) * 10);"
        ],
        "animate": [
          "look_at_target",
          "walk",
          "bristle_flow",
          "hp_offset",
          "health_percentage",
          "dmg_controller"
        ],
        "variables": {
          "variable.hp": "public"
        }
      },
      "particle_effects": {
        "dmg": "particle:damage"
      },
      "textures": {
        "default": "textures/entity/strider/strider",
        "saddled": "textures/entity/strider/strider_saddled",
        "suffocated": "textures/entity/strider/strider_suffocated",
        "suffocated_saddled": "textures/entity/strider/strider_suffocated_saddled",
        "health_green": "textures/heart/health_bar_green",
        "health_yellow": "textures/heart/health_bar_yellow",
        "health_red": "textures/heart/health_bar_red",
        "heart": "textures/heart/heart",
        "heart0": "textures/heart/heart0",
        "heart1": "textures/heart/heart1",
        "heart2": "textures/heart/heart2",
        "heart3": "textures/heart/heart3",
        "heart4": "textures/heart/heart4",
        "heart5": "textures/heart/heart5",
        "heart6": "textures/heart/heart6",
        "heart7": "textures/heart/heart7",
        "heart8": "textures/heart/heart8",
        "heart9": "textures/heart/heart9"
      }
    }
  }
}