{
  "format_version": "1.10.0",
  "minecraft:client_entity": {
    "description": {
      "identifier": "minecraft:villager_v2",
      "materials": {
        "default": "villager_v2",
        "masked": "villager_v2_masked",
        "hp": "entity_emissive_alpha"
      },
      "geometry": {
        "default": "geometry.villager_v2",
        "health_bar": "geometry.health_bar",
        "heart": "geometry.heart",
        "dmg": "geometry.dmg"
      },
      "animations": {
        "general": "animation.villager.general",
        "look_at_target": "animation.common.look_at_target",
        "move": "animation.villager.move",
        "raise_arms": "animation.villager.raise_arms",
        "baby_transform": "animation.villager.baby_transform",
        "get_in_bed": "animation.villager.get_in_bed",
        "general1": "controller.animation.villager_v2.general",
        "move1": "controller.animation.villager_v2.move",
        "raise_arms1": "controller.animation.villager_v2.raise_arms",
        "baby": "controller.animation.villager_v2.baby",
        "dmg_controller": "controller.animation.damage.root",
        "hp_offset": "animation.health_villager",
        "health_percentage": "animation.health_bar.percentage"
      },
      "render_controllers": [
        "controller.render.villager_v2_base",
        "controller.render.villager_v2_masked",
        "controller.render.villager_v2_level",
        "controller.render.health_bar",
        "controller.render.heart",
        "controller.render.first_digit",
        "controller.render.second_digit",
        "controller.render.third_digit",
        "controller.render.dmg"
      ],
      "spawn_egg": {
        "texture": "spawn_egg",
        "texture_index": 14
      },
      "scripts": {
        "pre_animation": [
          "variable.num_professions = 15;",
          "variable.num_tiers = 3;",
          "variable.profession_index = (query.variant < variable.num_professions ? query.variant : 0);",
          "variable.level_index = query.trade_tier;",
          "variable.health = query.health / query.max_health;",
          "variable.health_color = math.round(query.health / query.max_health * 100) >= 50 ? 0 : ((math.round(query.health / query.max_health * 100) >= 25 && math.round(query.health / query.max_health * 100) < 50) ? 1 : 2);",
          "variable.first_digit = math.floor(query.health / 100);",
          "variable.second_digit = math.floor((math.mod(query.health, 100)) / 10);",
          "variable.third_digit = query.health - ((math.floor(query.health / 10)) * 10);"
        ],
        "animate": [
          "general1",
          "move1",
          "raise_arms1",
          "baby",
          "hp_offset",
          "health_percentage",
          "dmg_controller"
        ],
        "variables": {
          "variable.hp": "public"
        },
        "initialize": [
          "variable.hp = query.health;"
        ],
        "scale": "0.9375"
      },
      "particle_effects": {
        "dmg": "particle:damage"
      },
      "textures": {
        "base": "textures/entity/villager2/villager",
        "base2": "textures/entity/villager2/villager",
        "base3": "textures/entity/villager2/villager",
        "base4": "textures/entity/villager2/villager",
        "base5": "textures/entity/villager2/villager",
        "base6": "textures/entity/villager2/villager",
        "desert": "textures/entity/villager2/biomes/biome_desert",
        "jungle": "textures/entity/villager2/biomes/biome_jungle",
        "plains": "textures/entity/villager2/biomes/biome_plains",
        "savanna": "textures/entity/villager2/biomes/biome_savanna",
        "snow": "textures/entity/villager2/biomes/biome_snow",
        "swamp": "textures/entity/villager2/biomes/biome_swamp",
        "taiga": "textures/entity/villager2/biomes/biome_taiga",
        "armorer": "textures/entity/villager2/professions/armorer",
        "butcher": "textures/entity/villager2/professions/butcher",
        "cartographer": "textures/entity/villager2/professions/cartographer",
        "cleric": "textures/entity/villager2/professions/cleric",
        "farmer": "textures/entity/villager2/professions/farmer",
        "fisherman": "textures/entity/villager2/professions/fisherman",
        "fletcher": "textures/entity/villager2/professions/fletcher",
        "leatherworker": "textures/entity/villager2/professions/leatherworker",
        "librarian": "textures/entity/villager2/professions/librarian",
        "shepherd": "textures/entity/villager2/professions/shepherd",
        "tool_smith": "textures/entity/villager2/professions/toolsmith",
        "weapon_smith": "textures/entity/villager2/professions/weaponsmith",
        "stonemason": "textures/entity/villager2/professions/stonemason",
        "nitwit": "textures/entity/villager2/professions/nitwit",
        "unskilled": "textures/entity/villager2/professions/unskilled",
        "level_stone": "textures/entity/villager2/levels/level_stone",
        "level_iron": "textures/entity/villager2/levels/level_iron",
        "level_gold": "textures/entity/villager2/levels/level_gold",
        "level_emerald": "textures/entity/villager2/levels/level_emerald",
        "level_diamond": "textures/entity/villager2/levels/level_diamond",
        "health_green": "textures/heart/health_bar_green",
        "health_yellow": "textures/heart/health_bar_yellow",
        "health_red": "textures/heart/health_bar_red",
        "heart": "textures/heart/heart",
        "heart0": "textures/heart/heart0",
        "heart1": "textures/heart/heart1",
        "heart2": "textures/heart/heart2",
        "heart3": "textures/heart/heart3",
        "heart4": "textures/heart/heart4",
        "heart5": "textures/heart/heart5",
        "heart6": "textures/heart/heart6",
        "heart7": "textures/heart/heart7",
        "heart8": "textures/heart/heart8",
        "heart9": "textures/heart/heart9"
      }
    }
  }
}