{
    "format_version": "1.20.80",
    "minecraft:item": {
        "description": {
            "identifier": "yes:brewing_stand_crafting",
            "menu_category": {
                "category": "nature",
                "group": "itemGroup.name.monsterStoneEgg"
            }
        },
        "components": {
            "minecraft:tags": {
                "tags": []
            },
            "minecraft:max_stack_size": 1,
            "minecraft:display_name": {
                "value": "Brewing Stand Recipe:\n\ue116\u00a7l\ue05b\u00a7r\ue115\n\ue05c\n\n\u00a79Put these items in a brewing stand\nin the same format."
            },
            "minecraft:icon": "brewing_stand_crafting"
        }
    }
}