{
  "format_version": "1.8.0",
  "render_controllers": {
    "controller.render.galinha": {
      "arrays": {
        "textures": {
          "Array.skins": [ 
		  "Texture.white", 
		  "Texture.brown",
		  "Texture.pebles",
		  "Texture.black", 
		  "Texture.creamy",
		  "Texture.mixed",
		  "Texture.original",
		  "Texture.vorwerk", 
		  "Texture.sussex",
		  "Texture.rhode"
		  ]
        }
      },
      "geometry": "Geometry.default",
      "materials": [ { "*": "Material.default" } ],
      "textures": [ 
	      "Array.skins[query.variant]"	  
	  ]
    }
  }
}
