{
	"format_version": "1.16.100",
	"minecraft:item": {
		"description": {
			"identifier": "dragonmounts:zombie_dragon_pickaxe",
			"category": "equipment"
		},
		"components": {
			"minecraft:max_stack_size": 1,
			"minecraft:damage": 7,
			"minecraft:allow_off_hand": false,
			"minecraft:hand_equipped": true,
			"minecraft:can_destroy_in_creative": true,
			"minecraft:render_offsets": "tools",
			"minecraft:pickaxe": {},
			"minecraft:icon": {
				"texture": "zombie_dragon_pickaxe"
			},
			"minecraft:durability": {
				"max_durability": 2680
			},
			"minecraft:creative_category": {
				"parent": "itemGroup.name.pickaxe"
			},
			"minecraft:display_name": {
				"value": "item.dragonmounts:zombie_dragon_pickaxe.name"
			},
			"minecraft:enchantable": {
				"value": 32,
				"slot": "pickaxe"
			},
			"minecraft:weapon": {
				"on_hurt_entity": {
					"event": "attack",
					"target": "self"
				}
			},
			"minecraft:repairable": {
				"repair_items": [
					{
						"items": [
							"dragonmounts:zombie_dragonscales"
						],
						"repair_amount": "query.max_durability * 0.25"
					},
					{
						"items": [
							"dragonmounts:zombie_dragon_pickaxe"
						],
						"repair_amount": "context.other->query.remaining_durability + query.max_durability * 0.05"
					}
				]
			},
			"minecraft:digger": {
				"use_efficiency": true,
				"destroy_speeds": [
					{
						"block": {
							"tags": "q.any_tag('stone', 'metal', 'diamond_pick_diggable')"
						},
						"speed": 15,
						"on_dig": {
							"event": "dig"
						}
					},
					{
						"block": "minecraft:iron_door",
						"speed": 15,
						"on_dig": {
							"event": "dig"
						}
					},					{
						"block": "minecraft:obsidian",
						"speed": 15,
						"on_dig": {
							"event": "dig"
						}
					},					{
						"block": "minecraft:lodestone",
						"speed": 15,
						"on_dig": {
							"event": "dig"
						}
					},
					{
						"block": "minecraft:coal_ore",
						"speed": 15,
						"on_dig": {
							"event": "dig"
						}
					},
					{
						"block": "minecraft:packed_mud",
						"speed": 15,
						"on_dig": {
							"event": "dig"
						}
					},
					{
						"block": "minecraft:mud_bricks",
						"speed": 15,
						"on_dig": {
							"event": "dig"
						}
					},
					{
						"block": "minecraft:mud_brick_stairs",
						"speed": 15,
						"on_dig": {
							"event": "dig"
						}
					},
					{
						"block": "minecraft:mud_wall",
						"speed": 15,
						"on_dig": {
							"event": "dig"
						}
					},
					{
						"block": "minecraft:iron_block",
						"speed": 15,
						"on_dig": {
							"event": "dig"
						}
					},
					{
						"block": "minecraft:gold_block",
						"speed": 15,
						"on_dig": {
							"event": "dig"
						}
					},
					{
						"block": "minecraft:brick_block",
						"speed": 15,
						"on_dig": {
							"event": "dig"
						}
					},
					{
						"block": "minecraft:red_sandstone",
						"speed": 15,
						"on_dig": {
							"event": "dig"
						}
					},
					{
						"block": "minecraft:polished_andesite_stairs",
						"speed": 15,
						"on_dig": {
							"event": "dig"
						}
					},
					{
						"block": "minecraft:smooth_quartz_stairs",
						"speed": 15,
						"on_dig": {
							"event": "dig"
						}
					},
					{
						"block": "minecraft:brick_slab",
						"speed": 15,
						"on_dig": {
							"event": "dig"
						}
					},
					{
						"block": "minecraft:red_nether_brick_wall",
						"speed": 15,
						"on_dig": {
							"event": "dig"
						}
					},
					{
						"block": "minecraft:brick_stairs",
						"speed": 15,
						"on_dig": {
							"event": "dig"
						}
					},
					{
						"block": "minecraft:smooth_sandstone_stairs",
						"speed": 15,
						"on_dig": {
							"event": "dig"
						}
					},
					{
						"block": "minecraft:cobblestone_wall",
						"speed": 15,
						"on_dig": {
							"event": "dig"
						}
					},
					{
						"block": "minecraft:deepslate_brick_wall",
						"speed": 15,
						"on_dig": {
							"event": "dig"
						}
					},
					{
						"block": "minecraft:deepslate_tile_wall",
						"speed": 15,
						"on_dig": {
							"event": "dig"
						}
					},
					{
						"block": "minecraft:polished_deepslate_wall",
						"speed": 15,
						"on_dig": {
							"event": "dig"
						}
					},
					{
						"block": "minecraft:polished_blackstone_brick_wall",
						"speed": 15,
						"on_dig": {
							"event": "dig"
						}
					},
					{
						"block": "minecraft:polished_blackstone_wall",
						"speed": 15,
						"on_dig": {
							"event": "dig"
						}
					},
					{
						"block": "minecraft:blackstone_wall",
						"speed": 15,
						"on_dig": {
							"event": "dig"
						}
					},
					{
						"block": "minecraft:stone_stairs",
						"speed": 15,
						"on_dig": {
							"event": "dig"
						}
					},
					{
						"block": "minecraft:mossy_cobblestone_stairs",
						"speed": 15,
						"on_dig": {
							"event": "dig"
						}
					},
					{
						"block": "minecraft:stone_brick_stairs",
						"speed": 15,
						"on_dig": {
							"event": "dig"
						}
					},
					{
						"block": "minecraft:mossy_stone_brick_stairs",
						"speed": 15,
						"on_dig": {
							"event": "dig"
						}
					},
					{
						"block": "minecraft:stone_block_slab4",
						"speed": 15,
						"on_dig": {
							"event": "dig"
						}
					},
					{
						"block": "minecraft:double_stone_block_slab4",
						"speed": 15,
						"on_dig": {
							"event": "dig"
						}
					},
					{
						"block": "minecraft:coal_block",
						"speed": 15,
						"on_dig": {
							"event": "dig"
						}
					},
					{
						"block": "minecraft:sandstone_stairs",
						"speed": 15,
						"on_dig": {
							"event": "dig"
						}
					},
					{
						"block": "minecraft:nether_brick_stairs",
						"speed": 15,
						"on_dig": {
							"event": "dig"
						}
					},
					{
						"block": "minecraft:red_nether_brick_stairs",
						"speed": 15,
						"on_dig": {
							"event": "dig"
						}
					},
					{
						"block": "minecraft:normal_stone_stairs",
						"speed": 15,
						"on_dig": {
							"event": "dig"
						}
					},
					{
						"block": "minecraft:blackstone_slab",
						"speed": 15,
						"on_dig": {
							"event": "dig"
						}
					},
					{
						"block": "minecraft:blackstone_double_slab",
						"speed": 15,
						"on_dig": {
							"event": "dig"
						}
					},
					{
						"block": "minecraft:cracked_polished_blackstone_bricks",
						"speed": 15,
						"on_dig": {
							"event": "dig"
						}
					},
					{
						"block": "minecraft:polished_blackstone_bricks",
						"speed": 15,
						"on_dig": {
							"event": "dig"
						}
					},
					{
						"block": "minecraft:polished_blackstone_double_slab",
						"speed": 15,
						"on_dig": {
							"event": "dig"
						}
					},
					{
						"block": "minecraft:polished_blackstone_slab",
						"speed": 15,
						"on_dig": {
							"event": "dig"
						}
					},
					{
						"block": "minecraft:polished_blackstone_brick_double_slab",
						"speed": 15,
						"on_dig": {
							"event": "dig"
						}
					},
					{
						"block": "minecraft:polished_blackstone_brick_slab",
						"speed": 15,
						"on_dig": {
							"event": "dig"
						}
					},
					{
						"block": "minecraft:granite_stairs",
						"speed": 15,
						"on_dig": {
							"event": "dig"
						}
					},
					{
						"block": "minecraft:polished_granite_stairs",
						"speed": 15,
						"on_dig": {
							"event": "dig"
						}
					},
					{
						"block": "minecraft:diorite_stairs",
						"speed": 15,
						"on_dig": {
							"event": "dig"
						}
					},
					{
						"block": "minecraft:polished_diorite_stairs",
						"speed": 15,
						"on_dig": {
							"event": "dig"
						}
					},
					{
						"block": "minecraft:bell",
						"speed": 15,
						"on_dig": {
							"event": "dig"
						}
					},
					{
						"block": "minecraft:dispenser",
						"speed": 15,
						"on_dig": {
							"event": "dig"
						}
					},
					{
						"block": "minecraft:redstone_ore",
						"speed": 15,
						"on_dig": {
							"event": "dig"
						}
					},
					{
						"block": "minecraft:diamond_ore",
						"speed": 15,
						"on_dig": {
							"event": "dig"
						}
					},
					{
						"block": "minecraft:coal_ore",
						"speed": 15,
						"on_dig": {
							"event": "dig"
						}
					},
					{
						"block": "minecraft:emerald_ore",
						"speed": 15,
						"on_dig": {
							"event": "dig"
						}
					},
					{
						"block": "minecraft:lapis_ore",
						"speed": 15,
						"on_dig": {
							"event": "dig"
						}
					},
					{
						"block": "minecraft:iron_ore",
						"speed": 15,
						"on_dig": {
							"event": "dig"
						}
					},
					{
						"block": "minecraft:gold_ore",
						"speed": 15,
						"on_dig": {
							"event": "dig"
						}
					},
					{
						"block": "minecraft:dropper",
						"speed": 15,
						"on_dig": {
							"event": "dig"
						}
					},
					{
						"block": "minecraft:observer",
						"speed": 15,
						"on_dig": {
							"event": "dig"
						}
					},
					{
						"block": "minecraft:conduit",
						"speed": 15,
						"on_dig": {
							"event": "dig"
						}
					},
					{
						"block": "minecraft:cauldron",
						"speed": 15,
						"on_dig": {
							"event": "dig"
						}
					},
					{
						"block": "minecraft:cobblestone",
						"speed": 15,
						"on_dig": {
							"event": "dig"
						}
					},
					{
						"block": "minecraft:mossy_cobblestone",
						"speed": 15,
						"on_dig": {
							"event": "dig"
						}
					},
					{
						"block": "minecraft:nether_brick",
						"speed": 15,
						"on_dig": {
							"event": "dig"
						}
					},
					{
						"block": "minecraft:red_nether_brick",
						"speed": 15,
						"on_dig": {
							"event": "dig"
						}
					},
					{
						"block": "minecraft:cracked_nether_bricks",
						"speed": 15,
						"on_dig": {
							"event": "dig"
						}
					},
					{
						"block": "minecraft:chiseled_nether_bricks",
						"speed": 15,
						"on_dig": {
							"event": "dig"
						}
					},
					{
						"block": "minecraft:nether_brick_fence",
						"speed": 15,
						"on_dig": {
							"event": "dig"
						}
					},
					{
						"block": "minecraft:polished_blackstone",
						"speed": 15,
						"on_dig": {
							"event": "dig"
						}
					},
					{
						"block": "minecraft:chiseled_polished_blackstone",
						"speed": 15,
						"on_dig": {
							"event": "dig"
						}
					},
					{
						"block": "minecraft:blackstone",
						"speed": 15,
						"on_dig": {
							"event": "dig"
						}
					},
					{
						"block": "minecraft:stone",
						"speed": 15,
						"on_dig": {
							"event": "dig"
						}
					},
					{
						"block": "minecraft:rail",
						"speed": 15,
						"on_dig": {
							"event": "dig"
						}
					},
					{
						"block": "minecraft:blue_ice",
						"speed": 15,
						"on_dig": {
							"event": "dig"
						}
					},
					{
						"block": "minecraft:ice",
						"speed": 15,
						"on_dig": {
							"event": "dig"
						}
					},
					{
						"block": "minecraft:packed_ice",
						"speed": 15,
						"on_dig": {
							"event": "dig"
						}
					},
					{
						"block": "minecraft:frosted_ice",
						"speed": 15,
						"on_dig": {
							"event": "dig"
						}
					},
					{
						"block": "minecraft:stone_pressure_plate",
						"speed": 15,
						"on_dig": {
							"event": "dig"
						}
					},
					{
						"block": "minecraft:stone_button",
						"speed": 15,
						"on_dig": {
							"event": "dig"
						}
					},
					{
						"block": "minecraft:polished_blackstone_pressure_plate",
						"speed": 15,
						"on_dig": {
							"event": "dig"
						}
					},
					{
						"block": "minecraft:light_weighted_pressure_plate",
						"speed": 15,
						"on_dig": {
							"event": "dig"
						}
					},
					{
						"block": "minecraft:heavy_weighted_pressure_plate",
						"speed": 15,
						"on_dig": {
							"event": "dig"
						}
					},
					{
						"block": "minecraft:tuff",
						"speed": 15,
						"on_dig": {
							"event": "dig"
						}
					},
					{
						"block": "minecraft:iron_bars",
						"speed": 15,
						"on_dig": {
							"event": "dig"
						}
					},
					{
						"block": "minecraft:hardened_clay",
						"speed": 15,
						"on_dig": {
							"event": "dig"
						}
					},
					{
						"block": "minecraft:stained_hardened_clay",
						"speed": 15,
						"on_dig": {
							"event": "dig"
						}
					},
					{
						"block": "minecraft:concrete",
						"speed": 15,
						"on_dig": {
							"event": "dig"
						}
					},
					{
						"block": "minecraft:undyed_shulker_box",
						"speed": 15,
						"on_dig": {
							"event": "dig"
						}
					},
					{
						"block": "minecraft:polished_blackstone_brick_stairs",
						"speed": 15,
						"on_dig": {
							"event": "dig"
						}
					},
					{
						"block": "minecraft:polished_blackstone_stairs",
						"speed": 15,
						"on_dig": {
							"event": "dig"
						}
					},
					{
						"block": "minecraft:stone_brick_stairs",
						"speed": 15,
						"on_dig": {
							"event": "dig"
						}
					},
					{
						"block": "minecraft:deepslate_lapis_ore",
						"speed": 15,
						"on_dig": {
							"event": "dig"
						}
					},
					{
						"block": "minecraft:cracked_deepslate_bricks",
						"speed": 30,
						"on_dig": {
							"event": "dig"
						}
					},
					{
						"block": "minecraft:polished_deepslate",
						"speed": 30,
						"on_dig": {
							"event": "dig"
						}
					},
					{
						"block": "minecraft:deepslate_bricks",
						"speed": 30,
						"on_dig": {
							"event": "dig"
						}
					},
					{
						"block": "minecraft:cracked_deepslate_tiles",
						"speed": 30,
						"on_dig": {
							"event": "dig"
						}
					},
					{
						"block": "minecraft:deepslate_tiles",
						"speed": 30,
						"on_dig": {
							"event": "dig"
						}
					},
					{
						"block": "minecraft:shulker_box",
						"speed": 15,
						"on_dig": {
							"event": "dig"
						}
					},
					{
						"block": "minecraft:prismarine",
						"speed": 15,
						"on_dig": {
							"event": "dig"
						}
					},
					{
						"block": "minecraft:small_amethyst_bud",
						"speed": 15,
						"on_dig": {
							"event": "dig"
						}
					},
					{
						"block": "minecraft:medium_amethyst_bud",
						"speed": 15,
						"on_dig": {
							"event": "dig"
						}
					},
					{
						"block": "minecraft:large_amethyst_bud",
						"speed": 15,
						"on_dig": {
							"event": "dig"
						}
					},
					{
						"block": "minecraft:amethyst_cluster",
						"speed": 15,
						"on_dig": {
							"event": "dig"
						}
					},
					{
						"block": "minecraft:amethyst_block",
						"speed": 15,
						"on_dig": {
							"event": "dig"
						}
					},
					{
						"block": "minecraft:copper_block",
						"speed": 15,
						"on_dig": {
							"event": "dig"
						}
					},
					{
						"block": "minecraft:exposed_copper",
						"speed": 15,
						"on_dig": {
							"event": "dig"
						}
					},
					{
						"block": "minecraft:weathered_copper",
						"speed": 15,
						"on_dig": {
							"event": "dig"
						}
					},
					{
						"block": "minecraft:oxidized_copper",
						"speed": 15,
						"on_dig": {
							"event": "dig"
						}
					},
					{
						"block": "minecraft:waxed_copper",
						"speed": 15,
						"on_dig": {
							"event": "dig"
						}
					},
					{
						"block": "minecraft:waxed_exposed_copper",
						"speed": 15,
						"on_dig": {
							"event": "dig"
						}
					},
					{
						"block": "minecraft:waxed_weathered_copper",
						"speed": 15,
						"on_dig": {
							"event": "dig"
						}
					},
					{
						"block": "minecraft:waxed_oxidized_copper",
						"speed": 15,
						"on_dig": {
							"event": "dig"
						}
					},
					{
						"block": "minecraft:cut_copper",
						"speed": 15,
						"on_dig": {
							"event": "dig"
						}
					},
					{
						"block": "minecraft:exposed_cut_copper",
						"speed": 15,
						"on_dig": {
							"event": "dig"
						}
					},
					{
						"block": "minecraft:weathered_cut_copper",
						"speed": 15,
						"on_dig": {
							"event": "dig"
						}
					},
					{
						"block": "minecraft:oxidized_cut_copper",
						"speed": 15,
						"on_dig": {
							"event": "dig"
						}
					},
					{
						"block": "minecraft:waxed_cut_copper",
						"speed": 15,
						"on_dig": {
							"event": "dig"
						}
					},
					{
						"block": "minecraft:waxed_exposed_cut_copper",
						"speed": 15,
						"on_dig": {
							"event": "dig"
						}
					},
					{
						"block": "minecraft:amethyst_cluster",
						"speed": 15,
						"on_dig": {
							"event": "dig"
						}
					},
					{
						"block": "minecraft:waxed_weathered_cut_copper",
						"speed": 15,
						"on_dig": {
							"event": "dig"
						}
					},
					{
						"block": "minecraft:waxed_oxidized_cut_copper",
						"speed": 15,
						"on_dig": {
							"event": "dig"
						}
					},
					{
						"block": "minecraft:raw_copper_block",
						"speed": 15,
						"on_dig": {
							"event": "dig"
						}
					},
					{
						"block": "minecraft:raw_gold_block",
						"speed": 15,
						"on_dig": {
							"event": "dig"
						}
					},
					{
						"block": "minecraft:raw_iron_block",
						"speed": 15,
						"on_dig": {
							"event": "dig"
						}
					},
					{
						"block": "minecraft:budding_amethyst",
						"speed": 15,
						"on_dig": {
							"event": "dig"
						}
					},
					{
						"block": "minecraft:calcite",
						"speed": 15,
						"on_dig": {
							"event": "dig"
						}
					},
					{
						"block": "minecraft:cobbled_deepslate",
						"speed": 15,
						"on_dig": {
							"event": "dig"
						}
					},
					{
						"block": "minecraft:copper_ore",
						"speed": 15,
						"on_dig": {
							"event": "dig"
						}
					},
					{
						"block": "minecraft:deepslate_copper_ore",
						"speed": 15,
						"on_dig": {
							"event": "dig"
						}
					},
					{
						"block": "minecraft:double_cut_copper_slab",
						"speed": 15,
						"on_dig": {
							"event": "dig"
						}
					},
					{
						"block": "minecraft:cut_copper_slab",
						"speed": 15,
						"on_dig": {
							"event": "dig"
						}
					},
					{
						"block": "minecraft:exposed_double_cut_copper_slab",
						"speed": 15,
						"on_dig": {
							"event": "dig"
						}
					},
					{
						"block": "minecraft:exposed_cut_copper_slab",
						"speed": 15,
						"on_dig": {
							"event": "dig"
						}
					},
					{
						"block": "minecraft:weathered_double_cut_copper_slab",
						"speed": 15,
						"on_dig": {
							"event": "dig"
						}
					},
					{
						"block": "minecraft:weathered_cut_copper_slab",
						"speed": 15,
						"on_dig": {
							"event": "dig"
						}
					},
					{
						"block": "minecraft:oxidized_double_cut_copper_slab",
						"speed": 15,
						"on_dig": {
							"event": "dig"
						}
					},
					{
						"block": "minecraft:waxed_cut_copper_slab",
						"speed": 15,
						"on_dig": {
							"event": "dig"
						}
					},
					{
						"block": "minecraft:waxed_exposed_double_cut_copper_slab",
						"speed": 15,
						"on_dig": {
							"event": "dig"
						}
					},
					{
						"block": "minecraft:waxed_exposed_cut_copper_slab",
						"speed": 15,
						"on_dig": {
							"event": "dig"
						}
					},
					{
						"block": "minecraft:waxed_weathered_double_cut_copper_slab",
						"speed": 15,
						"on_dig": {
							"event": "dig"
						}
					},
					{
						"block": "minecraft:waxed_weathered_cut_copper_slab",
						"speed": 15,
						"on_dig": {
							"event": "dig"
						}
					},
					{
						"block": "minecraft:waxed_oxidized_double_cut_copper_slab",
						"speed": 15,
						"on_dig": {
							"event": "dig"
						}
					},
					{
						"block": "minecraft:waxed_oxidized_cut_copper_slab",
						"speed": 15,
						"on_dig": {
							"event": "dig"
						}
					},
					{
						"block": "minecraft:cobbled_deepslate_double_slab",
						"speed": 15,
						"on_dig": {
							"event": "dig"
						}
					},
					{
						"block": "minecraft:cobbled_deepslate_slab",
						"speed": 15,
						"on_dig": {
							"event": "dig"
						}
					},
					{
						"block": "minecraft:polished_deepslate_double_slab",
						"speed": 15,
						"on_dig": {
							"event": "dig"
						}
					},
					{
						"block": "minecraft:polished_deepslate_slab",
						"speed": 15,
						"on_dig": {
							"event": "dig"
						}
					},
					{
						"block": "minecraft:deepslate_brick_double_slab",
						"speed": 15,
						"on_dig": {
							"event": "dig"
						}
					},
					{
						"block": "minecraft:deepslate_brick_slab",
						"speed": 15,
						"on_dig": {
							"event": "dig"
						}
					},
					{
						"block": "minecraft:deepslate_tile_double_slab",
						"speed": 15,
						"on_dig": {
							"event": "dig"
						}
					},
					{
						"block": "minecraft:deepslate_tile_slab",
						"speed": 15,
						"on_dig": {
							"event": "dig"
						}
					},
					{
						"block": "minecraft:cut_copper_stairs",
						"speed": 15,
						"on_dig": {
							"event": "dig"
						}
					},
					{
						"block": "minecraft:exposed_cut_copper_stairs",
						"speed": 15,
						"on_dig": {
							"event": "dig"
						}
					},
					{
						"block": "minecraft:weathered_cut_copper_stairs",
						"speed": 15,
						"on_dig": {
							"event": "dig"
						}
					},
					{
						"block": "minecraft:oxidized_cut_copper_stairs",
						"speed": 15,
						"on_dig": {
							"event": "dig"
						}
					},
					{
						"block": "minecraft:waxed_cut_copper_stairs",
						"speed": 15,
						"on_dig": {
							"event": "dig"
						}
					},
					{
						"block": "minecraft:waxed_exposed_cut_copper_stairs",
						"speed": 15,
						"on_dig": {
							"event": "dig"
						}
					},
					{
						"block": "minecraft:smooth_basalt",
						"speed": 15,
						"on_dig": {
							"event": "dig"
						}
					},
					{
						"block": "minecraft:pointed_dripstone",
						"speed": 15,
						"on_dig": {
							"event": "dig"
						}
					},
					{
						"block": "minecraft:dripstone_block",
						"speed": 15,
						"on_dig": {
							"event": "dig"
						}
					},
					{
						"block": "minecraft:cobbled_deepslate_double_slab",
						"speed": 15,
						"on_dig": {
							"event": "dig"
						}
					},
					{
						"block": "minecraft:deepslate_gold_ore",
						"speed": 15,
						"on_dig": {
							"event": "dig"
						}
					},
					{
						"block": "minecraft:deepslate_iron_ore",
						"speed": 15,
						"on_dig": {
							"event": "dig"
						}
					},
					{
						"block": "minecraft:deepslate_diamond_ore",
						"speed": 15,
						"on_dig": {
							"event": "dig"
						}
					},
					{
						"block": "minecraft:deepslate_coal_ore",
						"speed": 15,
						"on_dig": {
							"event": "dig"
						}
					},
					{
						"block": "minecraft:deepslate_emerald_ore",
						"speed": 15,
						"on_dig": {
							"event": "dig"
						}
					},
					{
						"block": "minecraft:deepslate",
						"speed": 15,
						"on_dig": {
							"event": "dig"
						}
					},
					{
						"block": "minecraft:deepslate_tile_stairs",
						"speed": 15,
						"on_dig": {
							"event": "dig"
						}
					},
					{
						"block": "minecraft:deepslate_brick_stairs",
						"speed": 15,
						"on_dig": {
							"event": "dig"
						}
					},
					{
						"block": "minecraft:exposed_cut_copper_stairs",
						"speed": 15,
						"on_dig": {
							"event": "dig"
						}
					},
					{
						"block": "minecraft:polished_deepslate_stairs",
						"speed": 15,
						"on_dig": {
							"event": "dig"
						}
					},
					{
						"block": "minecraft:cobbled_deepslate_stairs",
						"speed": 15,
						"on_dig": {
							"event": "dig"
						}
					},
					{
						"block": "minecraft:waxed_oxidized_cut_copper_stairs",
						"speed": 15,
						"on_dig": {
							"event": "dig"
						}
					},
					{
						"block": "minecraft:waxed_weathered_cut_copper_stairs",
						"speed": 15,
						"on_dig": {
							"event": "dig"
						}
					},
					{
						"block": "minecraft:stonecutter_block",
						"speed": 15,
						"on_dig": {
							"event": "dig"
						}
					},
					{
						"block": "minecraft:dispenser",
						"speed": 15,
						"on_dig": {
							"event": "dig"
						}
					},
					{
						"block": "minecraft:deropper",
						"speed": 15,
						"on_dig": {
							"event": "dig"
						}
					},
					{
						"block": "minecraft:piston",
						"speed": 15,
						"on_dig": {
							"event": "dig"
						}
					},
					{
						"block": "minecraft:double_stone_slab2",
						"speed": 15,
						"on_dig": {
							"event": "dig"
						}
					},
					{
						"block": "minecraft:stone_slab4",
						"speed": 15,
						"on_dig": {
							"event": "dig"
						}
					},
					{
						"block": "minecraft:prismarine_bricks_stairs",
						"speed": 15,
						"on_dig": {
							"event": "dig"
						}
					},
					{
						"block": "minecraft:prismarine_stairs",
						"speed": 15,
						"on_dig": {
							"event": "dig"
						}
					},
					{
						"block": "minecraft:dark_prismarine_stairs",
						"speed": 15,
						"on_dig": {
							"event": "dig"
						}
					},
					{
						"block": "minecraft:ice",
						"speed": 15,
						"on_dig": {
							"event": "dig"
						}
					},
					{
						"block": "minecraft:iron_trapdoor",
						"speed": 15,
						"on_dig": {
							"event": "dig"
						}
					},
					{
						"block": "minecraft:nether_brick_fence",
						"speed": 15,
						"on_dig": {
							"event": "dig"
						}
					},
					{
						"block": "minecraft:crying_obsidian",
						"speed": 15,
						"on_dig": {
							"event": "dig"
						}
					},
					{
						"block": "minecraft:magma",
						"speed": 15,
						"on_dig": {
							"event": "dig"
						}
					},
					{
						"block": "minecraft:smoker",
						"speed": 15,
						"on_dig": {
							"event": "dig"
						}
					},
					{
						"block": "minecraft:lit_smoker",
						"speed": 15,
						"on_dig": {
							"event": "dig"
						}
					},
					{
						"block": "minecraft:hopper",
						"speed": 15,
						"on_dig": {
							"event": "dig"
						}
					},
					{
						"block": "minecraft:redstone_block",
						"speed": 15,
						"on_dig": {
							"event": "dig"
						}
					},
					{
						"block": "minecraft:anvil",
						"speed": 15,
						"on_dig": {
							"event": "dig"
						}
					},
					{
						"block": "minecraft:bone_block",
						"speed": 15,
						"on_dig": {
							"event": "dig"
						}
					},
					{
						"block": "minecraft:mob_spawner",
						"speed": 15,
						"on_dig": {
							"event": "dig"
						}
					},
					{
						"block": "minecraft:netherite_block",
						"speed": 15,
						"on_dig": {
							"event": "dig"
						}
					},
					{
						"block": "minecraft:smooth_stone",
						"speed": 15,
						"on_dig": {
							"event": "dig"
						}
					},
					{
						"block": "minecraft:diamond_block",
						"speed": 15,
						"on_dig": {
							"event": "dig"
						}
					},
					{
						"block": "minecraft:lapis_block",
						"speed": 15,
						"on_dig": {
							"event": "dig"
						}
					},
					{
						"block": "minecraft:emerald_block",
						"speed": 15,
						"on_dig": {
							"event": "dig"
						}
					},
					{
						"block": "minecraft:enchanting_table",
						"speed": 15,
						"on_dig": {
							"event": "dig"
						}
					},
					{
						"block": "minecraft:end_bricks",
						"speed": 15,
						"on_dig": {
							"event": "dig"
						}
					},
					{
						"block": "minecraft:cracked_polished_blackstone_bricks",
						"speed": 15,
						"on_dig": {
							"event": "dig"
						}
					},
					{
						"block": "minecraft:nether_brick",
						"speed": 15,
						"on_dig": {
							"event": "dig"
						}
					},
					{
						"block": "minecraft:cracked_nether_bricks",
						"speed": 15,
						"on_dig": {
							"event": "dig"
						}
					},
					{
						"block": "minecraft:purpur_block",
						"speed": 15,
						"on_dig": {
							"event": "dig"
						}
					},
					{
						"block": "minecraft:purpur_stairs",
						"speed": 15,
						"on_dig": {
							"event": "dig"
						}
					},
					{
						"block": "minecraft:end_brick_stairs",
						"speed": 15,
						"on_dig": {
							"event": "dig"
						}
					},
					{
						"block": "minecraft:stone_slab2",
						"speed": 15,
						"on_dig": {
							"event": "dig"
						}
					},
					{
						"block": "minecraft:stone_slab3",
						"speed": 15,
						"on_dig": {
							"event": "dig"
						}
					},
					{
						"block": "minecraft:stone_brick_stairs",
						"speed": 15,
						"on_dig": {
							"event": "dig"
						}
					},
					{
						"block": "minecraft:mossy_stone_brick_stairs",
						"speed": 15,
						"on_dig": {
							"event": "dig"
						}
					},
					{
						"block": "minecraft:polished_blackstone_bricks",
						"speed": 15,
						"on_dig": {
							"event": "dig"
						}
					},
					{
						"block": "minecraft:polished_blackstone_stairs",
						"speed": 15,
						"on_dig": {
							"event": "dig"
						}
					},
					{
						"block": "minecraft:blackstone_wall",
						"speed": 15,
						"on_dig": {
							"event": "dig"
						}
					},
					{
						"block": "minecraft:blackstone_wall",
						"speed": 15,
						"on_dig": {
							"event": "dig"
						}
					},
					{
						"block": "minecraft:polished_blackstone_wall",
						"speed": 15,
						"on_dig": {
							"event": "dig"
						}
					},
					{
						"block": "minecraft:sandstone",
						"speed": 15,
						"on_dig": {
							"event": "dig"
						}
					},
					{
						"block": "minecraft:grindstone",
						"speed": 15,
						"on_dig": {
							"event": "dig"
						}
					},
					{
						"block": "minecraft:smooth_stone",
						"speed": 15,
						"on_dig": {
							"event": "dig"
						}
					},
					{
						"block": "minecraft:brewing_stand",
						"speed": 15,
						"on_dig": {
							"event": "dig"
						}
					},
					{
						"block": "minecraft:chain",
						"speed": 15,
						"on_dig": {
							"event": "dig"
						}
					},
					{
						"block": "minecraft:lantern",
						"speed": 15,
						"on_dig": {
							"event": "dig"
						}
					},
					{
						"block": "minecraft:soul_lantern",
						"speed": 15,
						"on_dig": {
							"event": "dig"
						}
					},
					{
						"block": "minecraft:ancient_debris",
						"speed": 15,
						"on_dig": {
							"event": "dig"
						}
					},
					{
						"block": "minecraft:quartz_ore",
						"speed": 15,
						"on_dig": {
							"event": "dig"
						}
					},
					{
						"block": "minecraft:netherrack",
						"speed": 15,
						"on_dig": {
							"event": "dig"
						}
					},
					{
						"block": "minecraft:basalt",
						"speed": 15,
						"on_dig": {
							"event": "dig"
						}
					},
					{
						"block": "minecraft:polished_basalt",
						"speed": 15,
						"on_dig": {
							"event": "dig"
						}
					},
					{
						"block": "minecraft:stonebrick",
						"speed": 15,
						"on_dig": {
							"event": "dig"
						}
					},
					{
						"block": "minecraft:warped_nylium",
						"speed": 15,
						"on_dig": {
							"event": "dig"
						}
					},
					{
						"block": "minecraft:crimson_nylium",
						"speed": 15,
						"on_dig": {
							"event": "dig"
						}
					},
					{
						"block": "minecraft:end_stone",
						"speed": 15,
						"on_dig": {
							"event": "dig"
						}
					},
					{
						"block": "minecraft:end_rod",
						"speed": 15,
						"on_dig": {
							"event": "dig"
						}
					},
					{
						"block": "minecraft:ender_chest",
						"speed": 15,
						"on_dig": {
							"event": "dig"
						}
					},
					{
						"block": "minecraft:quartz_block",
						"speed": 15,
						"on_dig": {
							"event": "dig"
						}
					},
					{
						"block": "minecraft:quartz_stairs",
						"speed": 15,
						"on_dig": {
							"event": "dig"
						}
					},
					{
						"block": "minecraft:quartz_bricks",
						"speed": 15,
						"on_dig": {
							"event": "dig"
						}
					},
					{
						"block": "minecraft:quartz_stairs",
						"speed": 15,
						"on_dig": {
							"event": "dig"
						}
					},
					{
						"block": "minecraft:nether_gold_ore",
						"speed": 15,
						"on_dig": {
							"event": "dig"
						}
					},
					{
						"block": "minecraft:furnace",
						"speed": 15,
						"on_dig": {
							"event": "dig"
						}
					},
					{
						"block": "minecraft:blast_furnace",
						"speed": 15,
						"on_dig": {
							"event": "dig"
						}
					},
					{
						"block": "minecraft:lit_furnace",
						"speed": 15,
						"on_dig": {
							"event": "dig"
						}
					},
					{
						"block": "minecraft:blast_furnace",
						"speed": 15,
						"on_dig": {
							"event": "dig"
						}
					},
					{
						"block": "minecraft:blackstone",
						"speed": 15,
						"on_dig": {
							"event": "dig"
						}
					}
				],
				"on_dig": {
					"event": "dig"
				}
			}
		},
		"events": {
			"attack": {
				"damage": {
					"type": "none",
					"amount": 1,
					"target": "self"
				}
			},
			"dig": {
				"damage": {
					"type": "none",
					"amount": 1,
					"target": "self"
				}
			}
		}
	}
}