{
  "format_version": "1.14.0",
  "sound_definitions": {
    "mob.witherboss_commandblock.pulse": {
      "category": "ambient",
      "__use_legacy_max_distance": "true",
      "sounds": [
        "sounds/wither_storm/command_block_pulse_loop"
      ]
    },
    "mob.wither_storm.spawn": {
      "category": "hostile",
      "sounds": [
        {
          "name": "sounds/mob/wither/spawn",
          "is3D": false,
          "stream": false
        }
      ]
    },
    "sound.block.cluster": {
      "category": "block",
      "max_distance": 50.0,
      "sounds": [
        {
          "name": "sounds/misc/block_cluster",
          "volume": 0.2,
          "stream": true
        },
        {
          "name": "sounds/misc/block_cluster_1",
          "volume": 0.2,
          "stream": true
        },
        {
          "name": "sounds/misc/block_cluster_2",
          "volume": 0.2,
          "stream": true
        },
        {
          "name": "sounds/misc/block_cluster_3",
          "volume": 0.2,
          "stream": true
        },
        {
          "name": "sounds/misc/block_cluster_4",
          "volume": 0.2,
          "stream": true
        }
      ]
    },
    "mob.wither_storm.reactivate": {
      "category": "block",
      "sounds": [
        {
          "name": "sounds/wither_storm/wither_storm_reactivates",
          "is3D": false
        }
      ]
    },
    "mob.wither_storm.tractorbeam.activate": {
      "category": "hostile",
      "sounds": [
        {
          "name": "sounds/wither_storm/wither_storm_tractor_beam_activate",
          "is3D": false
        },
        {
          "name": "sounds/wither_storm/wither_storm_tractor_beam_activate_1",
          "is3D": false
        }
      ]
    },
    "mob.wither_storm.tractorbeam": {
      "category": "ambient",
      "sounds": [
        {
          "name": "sounds/wither_storm/wither_storm_tractor_beam",
          "is3D": false,
          "stream": false,
          "volume": 0.8,
          "interruptible": false
        }
      ]
    },
    "ambient.tremble": {
      "category": "ambient",
      "max_distance": 128.0,
      "sounds": [
        {
          "name": "sounds/wither_storm/wither_storm_tremble",
          "volume": 0.8,
          "stream": false
        }
      ]
    },
    "mob.wither_storm.death": {
      "category": "hostile",
      "max_distance": 200.0,
      "sounds": [
        {
          "name": "sounds/wither_storm/wither_storm_death",
          "interruptible": false,
          "stream": false
        }
      ]
    },
    "sound.block.pulse": {
      "category": "block",
      "max_distance": 50,
      "sounds": [
        "sounds/wither_storm/command_block_pulse_loop"
      ]
    },
    "mob.wither_storm.roar": {
      "category": "hostile",
      "min_distance": 100.0,
      "sounds": [
        {
          "name": "sounds/wither_storm/wither_storm_roar",
          "volume": 0.8
        },
        {
          "name": "sounds/wither_storm/wither_storm_roar2",
          "volume": 0.8
        },
        {
          "name": "sounds/wither_storm/wither_storm_roar3",
          "volume": 0.8
        },
        {
          "name": "sounds/wither_storm/wither_storm_roar4",
          "volume": 0.8
        },
        {
          "name": "sounds/wither_storm/wither_storm_roar5",
          "volume": 0.8
        }
      ]
    },
    "mob.wither_command.roar": {
      "category": "hostile",
      "max_distance": 24.0,
      "__use_legacy_max_distance": "true",
      "sounds": [
        "sounds/wither_storm/wither_storm_roar",
        "sounds/wither_storm/wither_storm_roar2",
        "sounds/wither_storm/wither_storm_roar3",
        "sounds/wither_storm/wither_storm_roar4",
        "sounds/wither_storm/wither_storm_roar5"
      ]
    },
    "music.wither_storm.theme": {
      "category": "music",
      "sounds": [
        "sounds/wither_storm/wither_storm_boss_theme"
      ]
    },
    "music.wither_storm.theme.exposed": {
      "category": "music",
      "sounds": [
        "sounds/wither_storm/wither_storm_bowels_exposed_theme"
      ]
    },
    "music.wither_storm.theme.formidibomb": {
      "category": "music",
      "sounds": [
        "sounds/wither_storm/wither_storm_formidibomb_theme"
      ]
    },
    "mob.withered_symbiont.prepare_attack": {
      "category": "hostile",
      "min_distance": 100.0,
      "sounds": [
        "sounds/mob/evocation_illager/prepare_attack1",
        "sounds/mob/evocation_illager/prepare_attack2"
      ]
    },
    "mob.withered_symbiont.cast_spell": {
      "category": "hostile",
      "min_distance": 100.0,
      "sounds": [
        "sounds/mob/evocation_illager/cast1",
        "sounds/mob/evocation_illager/cast2"
      ]
    },
    "mob.withered_symbiont.prepare_summon": {
      "category": "hostile",
      "min_distance": 100.0,
      "sounds": [
        "sounds/mob/evocation_illager/prepare_summon"
      ]
    },
    "music.wither_storm_revive.theme": {
      "category": "music",
      "sounds": [
        "sounds/wither_storm/wither_storm_reviving_theme"
      ]
    },
    "ws.evolve": {
      "category": "hostile",
      "sounds": [
        {
          "name": "sounds/wither_storm/wither_storm_evolves",
          "is3D": false,
          "interruptible": false,
          "stream": false
        }
      ]
    },
    "symbiont.theme": {
      "category": "music",
      "sounds": [
        "sounds/symbiont/withered_symbiont_theme"
      ]
    },
    "mob.wither_storm.hurt": {
      "category": "hostile",
      "min_distance": 100.0,
      "sounds": [
        {
          "name": "sounds/wither_storm/wither_storm_hurt",
          "volume": 0.9
        },
        {
          "name": "sounds/wither_storm/wither_storm_hurt_1",
          "volume": 0.9
        }
      ]
    },
    "block.super.fuse": {
      "category": "hostile",
      "min_distance": 100.0,
      "sounds": [
        "sounds/wither_storm/super_tnt_fuse"
      ]
    },
    "mob.wither_storm.shoot": {
      "category": "hostile",
      "min_distance": 100.0,
      "sounds": [
        {
          "name": "sounds/wither_storm/wither_storm_shoot",
          "volume": 0.6
        },
        {
          "name": "sounds/wither_storm/wither_storm_shoot_1",
          "volume": 0.6
        },
        {
          "name": "sounds/wither_storm/wither_storm_shoot_2",
          "volume": 0.6
        },
        {
          "name": "sounds/wither_storm/wither_storm_shoot_3",
          "volume": 0.6
        },
        {
          "name": "sounds/wither_storm/wither_storm_shoot_4",
          "volume": 0.6
        },
        {
          "name": "sounds/wither_storm/wither_storm_shoot_5",
          "volume": 0.6
        },
        {
          "name": "sounds/wither_storm/wither_storm_shoot_6",
          "volume": 0.6
        },
        {
          "name": "sounds/wither_storm/wither_storm_shoot_7",
          "volume": 0.6
        },
        {
          "name": "sounds/wither_storm/wither_storm_shoot_8",
          "volume": 0.6
        }
      ]
    },
    "mob.wither_storm.ambient": {
      "category": "hostile",
      "min_distance": 100.0,
      "sounds": [
        "sounds/wither_storm/wither_storm_ambient",
        "sounds/wither_storm/wither_storm_ambient_1",
        "sounds/wither_storm/wither_storm_ambient_2",
        "sounds/wither_storm/wither_storm_ambient_3",
        "sounds/wither_storm/wither_storm_ambient_4",
        "sounds/wither_storm/wither_storm_ambient_5",
        "sounds/wither_storm/wither_storm_ambient_6",
        "sounds/wither_storm/wither_storm_ambient_7",
        "sounds/wither_storm/wither_storm_ambient_8",
        "sounds/wither_storm/wither_storm_ambient_9",
        "sounds/wither_storm/wither_storm_ambient_10",
        "sounds/wither_storm/wither_storm_ambient_11"
      ]
    },
    "mob.bones.crack": {
      "category": "hostile",
      "max_distance": 32.0,
      "sounds": [
        "sounds/deadbody/rib_bone_crack_5",
        "sounds/deadbody/rib_bone_crack_4",
        "sounds/deadbody/rib_bone_crack_3",
        "sounds/deadbody/rib_bone_crack_2",
        "sounds/deadbody/rib_bone_crack_1",
        "sounds/deadbody/rib_bone_crack"
      ]
    },
    "mob.wither_storm.thump": {
      "category": "hostile",
      "max_distance": 70.0,
      "sounds": [
        "sounds/wither_storm/wither_storm_thump",
        "sounds/wither_storm/wither_storm_thump_1",
        "sounds/wither_storm/wither_storm_thump_2",
        "sounds/wither_storm/wither_storm_thump_3"
      ]
    },
    "mob.wither_storm.bite": {
      "category": "hostile",
      "min_distance": 100.0,
      "sounds": [
        {
          "name": "sounds/wither_storm/wither_storm_bite",
          "volume": 0.7
        },
        {
          "name": "sounds/wither_storm/wither_storm_bite_1",
          "volume": 0.7
        },
        {
          "name": "sounds/wither_storm/wither_storm_bite_2",
          "volume": 0.7
        }
      ]
    },
    "mob.witherboss_commandblock.activate": {
      "category": "hostile",
      "max_distance": 100.0,
      "sounds": [
        "sounds/wither_storm/command_block_activates"
      ]
    },
    "mob.command_block.hit": {
      "category": "hostile",
      "sounds": [
        "sounds/command/command_block_hit",
        "sounds/command/command_block_hit_1"
      ]
    },
    "mob.withered_symbiont.ambient": {
      "category": "hostile",
      "max_distance": 24,
      "sounds": [
        "sounds/mob/witherstormmod_withered_symbiont/withered_symbiont_say_2",
        "sounds/mob/witherstormmod_withered_symbiont/withered_symbiont_say_1",
        "sounds/mob/witherstormmod_withered_symbiont/withered_symbiont_say"
      ]
    },
    "mob.withered_symbiont.step": {
      "category": "hostile",
      "max_distance": 24,
      "sounds": [
        "sounds/mob/witherstormmod_withered_symbiont/withered_symbiont_step",
        "sounds/mob/witherstormmod_withered_symbiont/withered_symbiont_step_1",
        "sounds/mob/witherstormmod_withered_symbiont/withered_symbiont_step_2",
        "sounds/mob/witherstormmod_withered_symbiont/withered_symbiont_step_3",
        "sounds/mob/witherstormmod_withered_symbiont/withered_symbiont_step_4"
      ]
    },
    "mob.withered_symbiont.death": {
      "category": "hostile",
      "max_distance": 32,
      "sounds": [
        {
          "name": "sounds/mob/witherstormmod_withered_symbiont/death",
          "stream": false,
          "interruptible": false
        }
      ]
    },
    "mob.withered_symbiont.normal_death": {
      "__use_legacy_max_distance": "true",
      "category": "hostile",
      "sounds": [
        "sounds/mob/witherstormmod_withered_symbiont/normal_death"
      ]
    },
    "mob.withered_symbiont.hurt": {
      "category": "hostile",
      "max_distance": 24,
      "sounds": [
        "sounds/symbiont/withered_symbiont_hurt",
        "sounds/symbiont/withered_symbiont_hurt_1"
      ]
    },
    "mob.withered_symbiont.heartbeat": {
      "category": "hostile",
      "max_distance": 64,
      "sounds": [
        {
          "name": "sounds/symbiont/withered_symbiont_heart_beat",
          "volume": 2.3
        }
      ]
    },
    "mob.withered_symbiont.pull": {
      "category": "ambient",
      "sounds": [
        {
          "name": "sounds/symbiont/withered_symbiont_pull",
          "is3D": false
        }
      ]
    },
    "mob.ws.fall": {
      "category": "hostile",
      "min_distance": 100.0,
      "__use_legacy_max_distance": "true",
      "sounds": [
        "sounds/wither_storm/fall"
      ]
    },
    "bowels.ambient": {
      "category": "ambient",
      "sounds": [
        {
          "name": "sounds/misc/bowels_bite",
          "is3D": false
        },
        {
          "name": "sounds/misc/bowels_bite_1",
          "is3D": false
        },
        {
          "name": "sounds/misc/bowels_hurt",
          "is3D": false
        },
        {
          "name": "sounds/misc/bowels_mood",
          "is3D": false
        },
        {
          "name": "sounds/misc/bowels_mood_1",
          "is3D": false
        },
        {
          "name": "sounds/misc/bowels_mood_2",
          "is3D": false
        },
        {
          "name": "sounds/misc/bowels_mood_3",
          "is3D": false
        },
        {
          "name": "sounds/misc/bowels_mood_4",
          "is3D": false
        },
        {
          "name": "sounds/misc/bowels_mood_5",
          "is3D": false
        },
        {
          "name": "sounds/misc/bowels_mood_6",
          "is3D": false
        },
        {
          "name": "sounds/misc/bowels_mood_7",
          "is3D": false
        },
        {
          "name": "sounds/misc/bowels_mood_8",
          "is3D": false
        },
        {
          "name": "sounds/misc/bowels_mood_9",
          "is3D": false
        },
        {
          "name": "sounds/misc/bowels_roar",
          "is3D": false
        },
        {
          "name": "sounds/misc/bowels_roar_1",
          "is3D": false
        },
        {
          "name": "sounds/misc/bowels_shoot",
          "is3D": false
        },
        {
          "name": "sounds/misc/bowels_shoot_1",
          "is3D": false
        },
        {
          "name": "sounds/misc/bowels_shoot_2",
          "is3D": false
        },
        {
          "name": "sounds/misc/bowels_tremble",
          "is3D": false
        },
        {
          "name": "sounds/misc/bowels_tremble_1",
          "is3D": false
        },
        {
          "name": "sounds/misc/bowels_tremble_2",
          "is3D": false
        }
      ]
    },
    "bowels.loop": {
      "category": "ambient",
      "sounds": [
        {
          "name": "sounds/misc/bowels_loop",
          "volume": 0.7,
          "is3D": false
        }
      ]
    },
    "mob.bowels.transport": {
      "category": "hostile",
      "min_distance": 100.0,
      "__use_legacy_max_distance": "true",
      "sounds": [
        "sounds/misc/bowels_transport"
      ]
    },
    "mob.symbiont.spawn": {
      "category": "hostile",
      "min_distance": 100.0,
      "__use_legacy_max_distance": "true",
      "sounds": [
        {
          "name": "sounds/symbiont/withered_symbiont_spawn",
          "interruptible": false
        }
      ]
    },
    "mob.symbiont.powerdown": {
      "category": "hostile",
      "max_distance": 128.0,
      "sounds": [
        {
          "name": "sounds/symbiont/withered_symbiont_power_down",
          "stream": false
        }
      ]
    },
    "symbiont.theme.intense": {
      "category": "music",
      "sounds": [
        "sounds/symbiont/withered_symbiont_intense_theme"
      ]
    },
    "ws.far.loop": {
      "category": "hostile",
      "min_distance": 100.0,
      "sounds": [
        {
          "name": "sounds/loop/wither_storm_far_loop",
          "volume": 0.2,
          "stream": false
        }
      ]
    },
    "ws.distant.loop": {
      "category": "hostile",
      "max_distance": 1000.0,
      "sounds": [
        {
          "name": "sounds/loop/wither_storm_distant_loop",
          "volume": 0.3,
          "stream": false
        }
      ]
    },
    "ws.close.loop": {
      "category": "hostile",
      "max_distance": 1000.0,
      "sounds": [
        {
          "name": "sounds/loop/wither_storm_close_loop",
          "volume": 0.4,
          "stream": false
        }
      ]
    },
    "ws.loop": {
      "category": "hostile",
      "max_distance": 1000.0,
      "sounds": [
        {
          "name": "sounds/loop/wither_storm_loop",
          "volume": 0.35,
          "stream": false
        }
      ]
    },
    "mob.ws.split": {
      "category": "hostile",
      "min_distance": 100.0,
      "__use_legacy_max_distance": "true",
      "sounds": [
        "sounds/wither_storm/wither_storm_splits"
      ]
    },
    "mob.ws.fbomb": {
      "category": "block",
      "sounds": [
        {
          "name": "sounds/wither_storm/formidibomb_explosion",
          "is3D": false
        }
      ]
    },
    "mob.ws.fbomb_ignition": {
      "category": "block",
      "sounds": [
        {
          "name": "sounds/wither_storm/formidibomb_ignition",
          "is3D": false
        }
      ]
    },
    "mob.ws.rise": {
      "category": "hostile",
      "min_distance": 100.0,
      "__use_legacy_max_distance": "true",
      "sounds": [
        "sounds/wither_storm/rise"
      ]
    },
    "mob.ws.commandblock_wsfalse_dead": {
      "category": "hostile",
      "min_distance": 100.0,
      "__use_legacy_max_distance": "true",
      "sounds": [
        "sounds/wither_storm/command_block_summon"
      ]
    }
  }
}