{
	"format_version": "1.10.0",
	"particle_effect": {
		"description": {
			"identifier": "witherstormmod:command_block_2",
			"basic_render_parameters": {
				"material": "particles_alpha",
				"texture": "textures/particle/command_block_2"
			}
		},
		"components": {
			"minecraft:emitter_rate_steady": {
				"spawn_rate": 30,
				"max_particles": 100
			},
			"minecraft:emitter_lifetime_once": {
				"active_time": 1
			},
			"minecraft:emitter_shape_box": {
				"half_dimensions": [
					2,
					2,
					2
				],
				"surface_only": true,
				"direction": "inwards"
			},
			"minecraft:particle_lifetime_expression": {
				"max_lifetime": 1.075
			},
			"minecraft:particle_initial_speed": "math.random(1,2)",
			"minecraft:particle_motion_dynamic": {},
			"minecraft:particle_appearance_billboard": {
				"size": [
					0.03,
					0.03
				],
				"facing_camera_mode": "rotate_xyz",
				"uv": {
					"texture_width": 1,
					"texture_height": 4,
					"flipbook": {
						"base_UV": [
							0,
							0
						],
						"size_UV": [
							1,
							1
						],
						"step_UV": [
							0,
							1
						],
						"frames_per_second": 4,
						"max_frame": 4,
						"loop": true
					}
				}
			}
		}
	}
}