{
	"format_version": "1.10.0",
	"particle_effect": {
		"description": {
			"identifier": "witherstormmod:formidibomb_explosion_y",
			"basic_render_parameters": {
				"material": "particles_add",
				"texture": "textures/particle/death_effect"
			}
		},
		"components": {
			"minecraft:emitter_local_space": {
				"position": true,
				"rotation": true,
				"velocity": true
			},
			"minecraft:emitter_rate_steady": {
				"spawn_rate": 9,
				"max_particles": 15
			},
			"minecraft:emitter_lifetime_once": {
				"active_time": 1
			},
			"minecraft:emitter_shape_point": {
				"offset": [
					0,
					25,
					0
				]
			},
			"minecraft:particle_lifetime_expression": {
				"max_lifetime": 9.5
			},
			"minecraft:particle_initial_spin": {
				"rotation": "math.random(0,730)",
				"rotation_rate": "math.random(1,100)"
			},
			"minecraft:particle_initial_speed": 0,
			"minecraft:particle_motion_dynamic": {
				"linear_acceleration": [
					0,
					-0.4,
					0
				]
			},
			"minecraft:particle_appearance_tinting": {
				"color": [
					0.49804,
					0.18431,
					0.49804,
					1
				]
			},
			"minecraft:particle_appearance_billboard": {
				"size": [
					"2*(v.particle_age<8?(5*v.particle_age):((5*v.particle_lifetime)-(v.particle_age*5))*5)",
					"2*(v.particle_age<8?(v.particle_age):((5*v.particle_lifetime)-(v.particle_age*5)))"
				],
				"facing_camera_mode": "direction_y",
				"direction": {
					"mode": "custom",
					"custom_direction": [
						"true",
						"true",
						"true"
					]
				},
				"uv": {
					"texture_width": 2000,
					"texture_height": 201,
					"uv": [
						0,
						0
					],
					"uv_size": [
						2000,
						201
					]
				}
			}
		}
	}
}