{
	"format_version": "1.10.0",
	"particle_effect": {
		"description": {
			"identifier": "witherstormmod:beam_particle2",
			"basic_render_parameters": {
				"material": "particles_add",
				"texture": "textures/particle/tractorbeam"
			}
		},
		"components": {
			"minecraft:emitter_local_space": {
				"position": true,
				"rotation": true,
				"velocity": true
			},
			"minecraft:emitter_rate_steady": {
				"spawn_rate": 5,
				"max_particles": 223
			},
			"minecraft:emitter_lifetime_looping": {
				"active_time": 1000
			},
			"minecraft:emitter_shape_box": {
				"half_dimensions": [
					0.4,
					0.4,
					0.4
				],
				"direction": [
					0,
					0,
					90
				]
			},
			"minecraft:particle_lifetime_expression": {
				"max_lifetime": 4.7
			},
			"minecraft:particle_initial_speed": "math.random(1,3)",
			"minecraft:particle_motion_dynamic": {},
			"minecraft:particle_appearance_billboard": {
				"size": [
					0.1,
					0.1
				],
				"facing_camera_mode": "rotate_xyz",
				"uv": {
					"texture_width": 16,
					"texture_height": 16,
					"uv": [
						0,
						0
					],
					"uv_size": [
						16,
						16
					]
				}
			},
			"minecraft:particle_appearance_tinting": {
				"color": [
					1,
					1,
					1,
					1
				]
			}
		}
	}
}