{
	"format_version": "1.21.0",
	"minecraft:geometry": [
		{
			"description": {
				"identifier": "geometry.feather_wings",
				"texture_width": 32,
				"texture_height": 16,
				"visible_bounds_width": 8,
				"visible_bounds_height": 7,
				"visible_bounds_offset": [0, 0.5, 0]
			},
			"bones": [
				{
					"name": "body",
					"pivot": [0, 14, 0]
				},
				{
					"name": "leftWingA",
					"parent": "body",
					"pivot": [1.5, 12, 2.5],
					"cubes": [
						{"origin": [1.5, 11, 2], "size": [8, 3, 1], "inflate": 0.3, "uv": [14, 0]}
					]
				},
				{
					"name": "leftWingB",
					"parent": "leftWingA",
					"pivot": [8.6, 12.5, 2.5],
					"cubes": [
						{"origin": [7.5, 11, 2], "size": [8, 3, 1], "inflate": 0.25, "uv": [14, 0], "mirror": true}
					]
				},
				{
					"name": "leftWingC",
					"parent": "leftWingB",
					"pivot": [15.5, 12.5, 2.5],
					"cubes": [
						{"origin": [14.5, 11, 2], "size": [6, 3, 1], "inflate": 0.2, "uv": [18, 4]}
					]
				},
				{
					"name": "lfc0",
					"parent": "leftWingC",
					"pivot": [16, 12, 2.5],
					"cubes": [
						{
							"origin": [14.5, 1, 2.51],
							"size": [3, 11, 0],
							"uv": {
								"north": {"uv": [12, 5], "uv_size": [-3, 11]}
							}
						}
					]
				},
				{
					"name": "lfc1",
					"parent": "leftWingC",
					"pivot": [17.9, 12, 2.5],
					"cubes": [
						{
							"origin": [15.5, 0, 2.515],
							"size": [3, 13, 0],
							"pivot": [17, 12.5, 2.5],
							"rotation": [0, 0, 7.5],
							"uv": {
								"north": {"uv": [9, 3], "uv_size": [-3, 13]}
							}
						},
						{
							"origin": [16.5, -2, 2.51],
							"size": [3, 11, 0],
							"pivot": [18, 8.5, 2.51],
							"rotation": [0, 0, -5],
							"uv": {
								"north": {"uv": [12, 5], "uv_size": [-3, 11]}
							}
						},
						{
							"origin": [16.5, 5, 2.767],
							"size": [3, 7, 0],
							"pivot": [18, 11.5, 2.765],
							"rotation": [0, 0, 5],
							"uv": {
								"north": {"uv": [21, 9], "uv_size": [-3, 7]}
							}
						},
						{
							"origin": [16.5, 6, 2.233],
							"size": [3, 7, 0],
							"pivot": [18, 12.5, 2.265],
							"rotation": [0, 0, 5],
							"uv": {
								"north": {"uv": [21, 9], "uv_size": [-3, 7]}
							}
						}
					]
				},
				{
					"name": "lfc2",
					"parent": "leftWingC",
					"pivot": [18.9, 11, 2.5],
					"cubes": [
						{
							"origin": [17.5, -5, 2.5],
							"size": [3, 16, 0],
							"pivot": [19, 10, 2.5],
							"rotation": [0, 0, -2.5],
							"uv": {
								"north": {"uv": [3, 0], "uv_size": [-3, 16]}
							}
						},
						{
							"origin": [18.5, -4, 2.51],
							"size": [3, 16, 0],
							"pivot": [20, 8.5, 2.5],
							"rotation": [0, 0, -10],
							"uv": {
								"north": {"uv": [3, 0], "uv_size": [-3, 16]}
							}
						},
						{
							"origin": [18.5, 4, 2.7655],
							"size": [3, 9, 0],
							"pivot": [20, 9.5, 2.75],
							"rotation": [0, 0, -17.5],
							"uv": {
								"north": {"uv": [15, 7], "uv_size": [-3, 9]}
							}
						},
						{
							"origin": [17.5, 5, 2.2345],
							"size": [3, 9, 0],
							"pivot": [19, 10.5, 2.25],
							"rotation": [0, 0, -17.5],
							"uv": {
								"north": {"uv": [15, 7], "uv_size": [-3, 9]}
							}
						}
					]
				},
				{
					"name": "lfc3",
					"parent": "leftWingC",
					"pivot": [19.5, 12.5, 2.5],
					"cubes": [
						{
							"origin": [19.5, 11, 2.5],
							"size": [13, 3, 0],
							"pivot": [20, 12.5, 2.51],
							"rotation": [0, 0, -2.5],
							"uv": {
								"north": {"uv": [3, 16], "uv_size": [3, -13], "uv_rotation": 90}
							}
						}
					]
				},
				{
					"name": "lfb0",
					"parent": "leftWingB",
					"pivot": [8, 11, 2.5],
					"cubes": [
						{
							"origin": [7.5, 0, 2.5],
							"size": [3, 11, 0],
							"uv": {
								"north": {"uv": [12, 5], "uv_size": [-3, 11]}
							}
						},
						{
							"origin": [6.5, 4, 2.7605],
							"size": [3, 8, 0],
							"uv": {
								"north": {"uv": [18, 8], "uv_size": [-3, 8]}
							}
						},
						{
							"origin": [6.5, 5, 2.239],
							"size": [3, 8, 0],
							"uv": {
								"north": {"uv": [18, 8], "uv_size": [-3, 8]}
							}
						}
					]
				},
				{
					"name": "lfb1",
					"parent": "leftWingB",
					"pivot": [11, 11, 2.5],
					"cubes": [
						{
							"origin": [9.5, 0, 2.505],
							"size": [3, 11, 0],
							"uv": {
								"north": {"uv": [12, 5], "uv_size": [-3, 11]}
							}
						},
						{
							"origin": [8.5, 4, 2.76],
							"size": [3, 8, 0],
							"uv": {
								"north": {"uv": [18, 8], "uv_size": [-3, 8]}
							}
						},
						{
							"origin": [8.5, 5, 2.24],
							"size": [3, 8, 0],
							"uv": {
								"north": {"uv": [18, 8], "uv_size": [-3, 8]}
							}
						}
					]
				},
				{
					"name": "lfb2",
					"parent": "leftWingB",
					"pivot": [13, 11, 2.5],
					"cubes": [
						{
							"origin": [11.5, 1, 2.5],
							"size": [3, 11, 0],
							"uv": {
								"north": {"uv": [12, 5], "uv_size": [-3, 11]}
							}
						},
						{
							"origin": [10.5, 5, 2.762],
							"size": [3, 8, 0],
							"pivot": [12, 11, 2.76],
							"rotation": [0, 0, -10],
							"uv": {
								"north": {"uv": [18, 8], "uv_size": [-3, 8]}
							}
						},
						{
							"origin": [10.5, 6, 2.238],
							"size": [3, 8, 0],
							"pivot": [12, 12, 2.26],
							"rotation": [0, 0, -10],
							"uv": {
								"north": {"uv": [18, 8], "uv_size": [-3, 8]}
							}
						}
					]
				},
				{
					"name": "lfb3",
					"parent": "leftWingB",
					"pivot": [15, 12, 2.5],
					"cubes": [
						{
							"origin": [12.5, 2, 2.51],
							"size": [3, 9, 0],
							"pivot": [14, 10.5, 2.5],
							"rotation": [0, 0, 5],
							"uv": {
								"north": {"uv": [15, 7], "uv_size": [-3, 9]}
							}
						},
						{
							"origin": [13.5, 5, 2.7657],
							"size": [3, 7, 0],
							"uv": {
								"north": {"uv": [21, 9], "uv_size": [-3, 7]}
							}
						},
						{
							"origin": [13.5, 6, 2.2443],
							"size": [3, 7, 0],
							"uv": {
								"north": {"uv": [21, 9], "uv_size": [-3, 7]}
							}
						}
					]
				},
				{
					"name": "lfa0",
					"parent": "leftWingA",
					"pivot": [3, 13, 2.5],
					"cubes": [
						{
							"origin": [1.5, 8, 2.515],
							"size": [2, 5, 0],
							"pivot": [2.5, 11.5, 2.5],
							"rotation": [0, 0, 15],
							"uv": {
								"north": {"uv": [25, 11], "uv_size": [-2, 5]}
							}
						},
						{
							"origin": [2.5, 6, 2.76],
							"size": [2, 7, 0],
							"uv": {
								"north": {"uv": [23, 9], "uv_size": [-2, 7]}
							}
						},
						{
							"origin": [2.5, 6, 2.24],
							"size": [2, 7, 0],
							"uv": {
								"north": {"uv": [23, 9], "uv_size": [-2, 7]}
							}
						}
					]
				},
				{
					"name": "lfa1",
					"parent": "leftWingA",
					"pivot": [6, 12, 2.5],
					"cubes": [
						{
							"origin": [3.5, 4, 2.5],
							"size": [3, 8, 0],
							"uv": {
								"north": {"uv": [18, 8], "uv_size": [-3, 8]}
							}
						},
						{
							"origin": [5, 7, 2.762],
							"size": [2, 5, 0],
							"pivot": [6, 11.5, 2.75],
							"rotation": [0, 0, 20],
							"uv": {
								"north": {"uv": [25, 11], "uv_size": [-2, 5]}
							}
						},
						{
							"origin": [5, 7, 2.238],
							"size": [2, 5, 0],
							"pivot": [6, 11.5, 2.25],
							"rotation": [0, 0, 20],
							"uv": {
								"north": {"uv": [25, 11], "uv_size": [-2, 5]}
							}
						}
					]
				},
				{
					"name": "lfa2",
					"parent": "leftWingA",
					"pivot": [7, 12, 2.5],
					"cubes": [
						{
							"origin": [5.5, 1, 2.505],
							"size": [3, 11, 0],
							"uv": {
								"north": {"uv": [12, 5], "uv_size": [-3, 11]}
							}
						},
						{
							"origin": [5.5, 5, 2.76],
							"size": [3, 7, 0],
							"uv": {
								"north": {"uv": [21, 9], "uv_size": [-3, 7]}
							}
						},
						{
							"origin": [5.5, 6, 2.24],
							"size": [3, 7, 0],
							"uv": {
								"north": {"uv": [21, 9], "uv_size": [-3, 7]}
							}
						}
					]
				},
				{
					"name": "rightWingA",
					"parent": "body",
					"pivot": [-1.5, 12, 2.5],
					"cubes": [
						{"origin": [-9.5, 11, 2], "size": [8, 3, 1], "inflate": 0.3, "uv": [14, 0], "mirror": true}
					]
				},
				{
					"name": "rightWingB",
					"parent": "rightWingA",
					"pivot": [-8.6, 12.5, 2.5],
					"cubes": [
						{"origin": [-15.5, 11, 2], "size": [8, 3, 1], "inflate": 0.25, "uv": [14, 0]}
					]
				},
				{
					"name": "rightWingC",
					"parent": "rightWingB",
					"pivot": [-15.5, 12.5, 2.5],
					"cubes": [
						{"origin": [-20.5, 11, 2], "size": [6, 3, 1], "inflate": 0.2, "uv": [18, 4], "mirror": true}
					]
				},
				{
					"name": "rfc0",
					"parent": "rightWingC",
					"pivot": [-16, 12, 2.5],
					"cubes": [
						{
							"origin": [-17.5, 1, 2.51],
							"size": [3, 11, 0],
							"uv": {
								"north": {"uv": [9, 5], "uv_size": [3, 11]}
							}
						}
					]
				},
				{
					"name": "rfc1",
					"parent": "rightWingC",
					"pivot": [-17.9, 12, 2.5],
					"cubes": [
						{
							"origin": [-18.5, 0, 2.515],
							"size": [3, 13, 0],
							"pivot": [-17, 12.5, 2.5],
							"rotation": [0, 0, -7.5],
							"uv": {
								"north": {"uv": [6, 3], "uv_size": [3, 13]}
							}
						},
						{
							"origin": [-19.5, -2, 2.51],
							"size": [3, 11, 0],
							"pivot": [-18, 8.5, 2.51],
							"rotation": [0, 0, 5],
							"uv": {
								"north": {"uv": [9, 5], "uv_size": [3, 11]}
							}
						},
						{
							"origin": [-19.5, 5, 2.767],
							"size": [3, 7, 0],
							"pivot": [-18, 11.5, 2.765],
							"rotation": [0, 0, -5],
							"uv": {
								"north": {"uv": [18, 9], "uv_size": [3, 7]}
							}
						},
						{
							"origin": [-19.5, 6, 2.233],
							"size": [3, 7, 0],
							"pivot": [-18, 12.5, 2.265],
							"rotation": [0, 0, -5],
							"uv": {
								"north": {"uv": [18, 9], "uv_size": [3, 7]}
							}
						}
					]
				},
				{
					"name": "rfc2",
					"parent": "rightWingC",
					"pivot": [-19.1, 11, 2.5],
					"cubes": [
						{
							"origin": [-20.5, -5, 2.5],
							"size": [3, 16, 0],
							"pivot": [-19, 11, 2.5],
							"rotation": [0, 0, 2.5],
							"uv": {
								"north": {"uv": [0, 0], "uv_size": [3, 16]}
							}
						},
						{
							"origin": [-21.5, -4, 2.51],
							"size": [3, 16, 0],
							"pivot": [-20, 8.5, 2.5],
							"rotation": [0, 0, 10],
							"uv": {
								"north": {"uv": [0, 0], "uv_size": [3, 16]}
							}
						},
						{
							"origin": [-21.5, 4, 2.7655],
							"size": [3, 9, 0],
							"pivot": [-20, 9.5, 2.75],
							"rotation": [0, 0, 17.5],
							"uv": {
								"north": {"uv": [12, 7], "uv_size": [3, 9]}
							}
						},
						{
							"origin": [-20.5, 5, 2.2345],
							"size": [3, 9, 0],
							"pivot": [-19, 10.5, 2.25],
							"rotation": [0, 0, 17.5],
							"uv": {
								"north": {"uv": [12, 7], "uv_size": [3, 9]}
							}
						}
					]
				},
				{
					"name": "rfc3",
					"parent": "rightWingC",
					"pivot": [-20.5, 12.5, 2.5],
					"cubes": [
						{
							"origin": [-33.5, 11, 2.5],
							"size": [13, 3, 0],
							"pivot": [-20, 12.5, 2.51],
							"rotation": [0, 0, 2.5],
							"uv": {
								"north": {"uv": [3, 3], "uv_size": [3, 13], "uv_rotation": 90}
							}
						}
					]
				},
				{
					"name": "rfb0",
					"parent": "rightWingB",
					"pivot": [-8, 11, 2.5],
					"cubes": [
						{
							"origin": [-10.5, 0, 2.5],
							"size": [3, 11, 0],
							"uv": {
								"north": {"uv": [9, 5], "uv_size": [3, 11]}
							}
						},
						{
							"origin": [-9.5, 4, 2.7605],
							"size": [3, 8, 0],
							"uv": {
								"north": {"uv": [15, 8], "uv_size": [3, 8]}
							}
						},
						{
							"origin": [-9.5, 5, 2.239],
							"size": [3, 8, 0],
							"uv": {
								"north": {"uv": [15, 8], "uv_size": [3, 8]}
							}
						}
					]
				},
				{
					"name": "rfb1",
					"parent": "rightWingB",
					"pivot": [-11, 11, 2.5],
					"cubes": [
						{
							"origin": [-12.5, 0, 2.505],
							"size": [3, 11, 0],
							"uv": {
								"north": {"uv": [9, 5], "uv_size": [3, 11]}
							}
						},
						{
							"origin": [-11.5, 4, 2.76],
							"size": [3, 8, 0],
							"uv": {
								"north": {"uv": [15, 8], "uv_size": [3, 8]}
							}
						},
						{
							"origin": [-11.5, 5, 2.24],
							"size": [3, 8, 0],
							"uv": {
								"north": {"uv": [15, 8], "uv_size": [3, 8]}
							}
						}
					]
				},
				{
					"name": "rfb2",
					"parent": "rightWingB",
					"pivot": [-13, 11, 2.5],
					"cubes": [
						{
							"origin": [-14.5, 1, 2.5],
							"size": [3, 11, 0],
							"uv": {
								"north": {"uv": [9, 5], "uv_size": [3, 11]}
							}
						},
						{
							"origin": [-13.5, 5, 2.762],
							"size": [3, 8, 0],
							"pivot": [-12, 11, 2.76],
							"rotation": [0, 0, 10],
							"uv": {
								"north": {"uv": [15, 8], "uv_size": [3, 8]}
							}
						},
						{
							"origin": [-13.5, 6, 2.238],
							"size": [3, 8, 0],
							"pivot": [-12, 12, 2.26],
							"rotation": [0, 0, 10],
							"uv": {
								"north": {"uv": [15, 8], "uv_size": [3, 8]}
							}
						}
					]
				},
				{
					"name": "rfb3",
					"parent": "rightWingB",
					"pivot": [-15, 12, 2.5],
					"cubes": [
						{
							"origin": [-15.5, 2, 2.51],
							"size": [3, 9, 0],
							"pivot": [-14, 10.5, 2.5],
							"rotation": [0, 0, -5],
							"uv": {
								"north": {"uv": [12, 7], "uv_size": [3, 9]}
							}
						},
						{
							"origin": [-16.5, 5, 2.7657],
							"size": [3, 7, 0],
							"uv": {
								"north": {"uv": [18, 9], "uv_size": [3, 7]}
							}
						},
						{
							"origin": [-16.5, 6, 2.2343],
							"size": [3, 7, 0],
							"uv": {
								"north": {"uv": [18, 9], "uv_size": [3, 7]}
							}
						}
					]
				},
				{
					"name": "rfa0",
					"parent": "rightWingA",
					"pivot": [-3, 13, 2.5],
					"cubes": [
						{
							"origin": [-3.5, 8, 2.515],
							"size": [2, 5, 0],
							"pivot": [-2.5, 11.5, 2.5],
							"rotation": [0, 0, -15],
							"uv": {
								"north": {"uv": [23, 11], "uv_size": [2, 5]}
							}
						},
						{
							"origin": [-4.5, 6, 2.76],
							"size": [2, 7, 0],
							"uv": {
								"north": {"uv": [21, 9], "uv_size": [2, 7]}
							}
						},
						{
							"origin": [-4.5, 6, 2.24],
							"size": [2, 7, 0],
							"uv": {
								"north": {"uv": [21, 9], "uv_size": [2, 7]}
							}
						}
					]
				},
				{
					"name": "rfa1",
					"parent": "rightWingA",
					"pivot": [-6, 12, 2.5],
					"cubes": [
						{
							"origin": [-6.5, 4, 2.5],
							"size": [3, 8, 0],
							"uv": {
								"north": {"uv": [15, 8], "uv_size": [3, 8]}
							}
						},
						{
							"origin": [-7, 7, 2.762],
							"size": [2, 5, 0],
							"pivot": [-6, 11.5, 2.75],
							"rotation": [0, 0, -20],
							"uv": {
								"north": {"uv": [23, 11], "uv_size": [2, 5]}
							}
						},
						{
							"origin": [-7, 7, 2.238],
							"size": [2, 5, 0],
							"pivot": [-6, 11.5, 2.25],
							"rotation": [0, 0, -20],
							"uv": {
								"north": {"uv": [23, 11], "uv_size": [2, 5]}
							}
						}
					]
				},
				{
					"name": "rfa2",
					"parent": "rightWingA",
					"pivot": [-7, 12, 2.5],
					"cubes": [
						{
							"origin": [-8.5, 1, 2.505],
							"size": [3, 11, 0],
							"uv": {
								"north": {"uv": [9, 5], "uv_size": [3, 11]}
							}
						},
						{
							"origin": [-8.5, 5, 2.76],
							"size": [3, 7, 0],
							"uv": {
								"north": {"uv": [18, 9], "uv_size": [3, 7]}
							}
						},
						{
							"origin": [-8.5, 6, 2.24],
							"size": [3, 7, 0],
							"uv": {
								"north": {"uv": [18, 9], "uv_size": [3, 7]}
							}
						}
					]
				}
			]
		}
	]
}