{
	"format_version": "1.21.0",
	"minecraft:geometry": [
		{
			"description": {
				"identifier": "geometry.feather_wings2",
				"texture_width": 64,
				"texture_height": 32,
				"visible_bounds_width": 8,
				"visible_bounds_height": 7,
				"visible_bounds_offset": [0, 0.5, 0]
			},
			"bones": [
				{
					"name": "body",
					"pivot": [0, 14, 0]
				},
				{
					"name": "leftWingA",
					"parent": "body",
					"pivot": [0, 12, 2.5],
					"cubes": [
						{"origin": [1, 11, 2], "size": [8, 3, 1], "inflate": 0.3, "uv": [14, 0]}
					]
				},
				{
					"name": "leftWingB",
					"parent": "leftWingA",
					"pivot": [7.9, 12.5, 2.5],
					"cubes": [
						{"origin": [7, 11, 2], "size": [8, 3, 1], "inflate": 0.25, "uv": [14, 4]}
					]
				},
				{
					"name": "leftWingC",
					"parent": "leftWingB",
					"pivot": [15, 12.5, 2.5],
					"cubes": [
						{"origin": [13, 11, 2], "size": [6, 3, 1], "inflate": 0.2, "uv": [16, 8]}
					]
				},
				{
					"name": "lfc0",
					"parent": "leftWingC",
					"pivot": [15.5, 12, 2.5],
					"cubes": [
						{
							"origin": [14, 1, 2.5],
							"size": [3, 11, 0],
							"uv": {
								"north": {"uv": [6, 21], "uv_size": [-3, 11]}
							}
						},
						{
							"origin": [14, 3, 2.5],
							"size": [3, 9, 0],
							"pivot": [15.5, 12, 2.28],
							"rotation": [0, 0, 5],
							"uv": {
								"north": {"uv": [9, 23], "uv_size": [-3, 9]}
							}
						}
					]
				},
				{
					"name": "lfc1",
					"parent": "leftWingC",
					"pivot": [17.4, 12, 2.5],
					"cubes": [
						{
							"origin": [15, -1, 2.5],
							"size": [3, 13, 0],
							"pivot": [16.5, 11.5, 2.5],
							"rotation": [0, 0, 5],
							"uv": {
								"north": {"uv": [3, 19], "uv_size": [-3, 13]}
							}
						},
						{
							"origin": [16, 1, 2.51],
							"size": [3, 11, 0],
							"uv": {
								"north": {"uv": [6, 21], "uv_size": [-3, 11]}
							}
						}
					]
				},
				{
					"name": "lfc2",
					"parent": "leftWingC",
					"pivot": [18.4, 11, 2.5],
					"cubes": [
						{
							"origin": [17, -5, 2.5],
							"size": [3, 16, 0],
							"uv": {
								"north": {"uv": [3, 0], "uv_size": [-3, 16]}
							}
						},
						{
							"origin": [18, -3, 2.5],
							"size": [3, 13, 0],
							"pivot": [19.5, 9.5, 2.5],
							"rotation": [0, 0, -10],
							"uv": {
								"north": {"uv": [3, 19], "uv_size": [-3, 13]}
							}
						}
					]
				},
				{
					"name": "lfc3",
					"parent": "leftWingC",
					"pivot": [19, 12.5, 2.5],
					"cubes": [
						{
							"origin": [19, 11, 2.5],
							"size": [13, 3, 0],
							"uv": {
								"north": {"uv": [0, 32], "uv_size": [3, -13], "uv_rotation": 90}
							}
						}
					]
				},
				{
					"name": "lfb0",
					"parent": "leftWingB",
					"pivot": [7.5, 11, 2.5],
					"cubes": [
						{
							"origin": [7, 0, 2.5],
							"size": [3, 11, 0],
							"uv": {
								"north": {"uv": [6, 21], "uv_size": [-3, 11]}
							}
						},
						{
							"origin": [6, 2, 2.51],
							"size": [3, 9, 0],
							"uv": {
								"north": {"uv": [9, 23], "uv_size": [-3, 9]}
							}
						}
					]
				},
				{
					"name": "lfb1",
					"parent": "leftWingB",
					"pivot": [10.5, 11, 2.5],
					"cubes": [
						{
							"origin": [9, 0, 2.5],
							"size": [3, 11, 0],
							"uv": {
								"north": {"uv": [6, 21], "uv_size": [-3, 11]}
							}
						},
						{
							"origin": [8, 2, 2.51],
							"size": [3, 9, 0],
							"uv": {
								"north": {"uv": [9, 23], "uv_size": [-3, 9]}
							}
						}
					]
				},
				{
					"name": "lfb2",
					"parent": "leftWingB",
					"pivot": [12.5, 11, 2.5],
					"cubes": [
						{
							"origin": [11, 0, 2.5],
							"size": [3, 11, 0],
							"uv": {
								"north": {"uv": [6, 21], "uv_size": [-3, 11]}
							}
						},
						{
							"origin": [10, 2, 2.51],
							"size": [3, 9, 0],
							"uv": {
								"north": {"uv": [9, 23], "uv_size": [-3, 9]}
							}
						}
					]
				},
				{
					"name": "lfb3",
					"parent": "leftWingB",
					"pivot": [14.5, 12, 2.5],
					"cubes": [
						{
							"origin": [12, 2, 2.5],
							"size": [3, 9, 0],
							"uv": {
								"north": {"uv": [9, 23], "uv_size": [-3, 9]}
							}
						},
						{
							"origin": [13, 3, 2.51],
							"size": [3, 8, 0],
							"uv": {
								"north": {"uv": [12, 24], "uv_size": [-3, 8]}
							}
						}
					]
				},
				{
					"name": "lfa0",
					"parent": "leftWingA",
					"pivot": [2.5, 13, 2.5],
					"cubes": [
						{
							"origin": [1, 8, 2.5],
							"size": [2, 5, 0],
							"pivot": [2, 11.5, 2.5],
							"rotation": [0, 0, 15],
							"uv": {
								"north": {"uv": [16, 27], "uv_size": [-2, 5]}
							}
						},
						{
							"origin": [2, 6, 2.51],
							"size": [2, 7, 0],
							"uv": {
								"north": {"uv": [14, 25], "uv_size": [-2, 7]}
							}
						}
					]
				},
				{
					"name": "lfa1",
					"parent": "leftWingA",
					"pivot": [5.5, 12, 2.5],
					"cubes": [
						{
							"origin": [3, 4, 2.5],
							"size": [3, 8, 0],
							"uv": {
								"north": {"uv": [12, 24], "uv_size": [-3, 8]}
							}
						},
						{
							"origin": [4.5, 5, 2.51],
							"size": [2, 7, 0],
							"pivot": [5.5, 11.5, 2.5],
							"rotation": [0, 0, -5],
							"uv": {
								"north": {"uv": [14, 25], "uv_size": [-2, 7]}
							}
						}
					]
				},
				{
					"name": "lfa2",
					"parent": "leftWingA",
					"pivot": [6.5, 12, 2.5],
					"cubes": [
						{
							"origin": [5, 4, 2.505],
							"size": [3, 8, 0],
							"uv": {
								"north": {"uv": [12, 24], "uv_size": [-3, 8]}
							}
						}
					]
				},
				{
					"name": "rightWingA",
					"parent": "body",
					"pivot": [0, 12, 2.5],
					"cubes": [
						{"origin": [-9, 11, 2], "size": [8, 3, 1], "inflate": 0.3, "uv": [32, 0]}
					]
				},
				{
					"name": "rightWingB",
					"parent": "rightWingA",
					"pivot": [-8.1, 12.5, 2.5],
					"cubes": [
						{"origin": [-15, 11, 2], "size": [8, 3, 1], "inflate": 0.25, "uv": [32, 4]}
					]
				},
				{
					"name": "rightWingC",
					"parent": "rightWingB",
					"pivot": [-15, 12.5, 2.5],
					"cubes": [
						{"origin": [-20, 11, 2], "size": [6, 3, 1], "inflate": 0.2, "uv": [34, 8]}
					]
				},
				{
					"name": "rfc0",
					"parent": "rightWingC",
					"pivot": [-15.5, 12, 2.5],
					"cubes": [
						{
							"origin": [-17, 1, 2.5],
							"size": [3, 11, 0],
							"uv": {
								"north": {"uv": [61, 21], "uv_size": [-3, 11]}
							}
						},
						{
							"origin": [-17, 3, 2.5],
							"size": [3, 9, 0],
							"pivot": [-15.5, 12, 2.28],
							"rotation": [0, 0, -5],
							"uv": {
								"north": {"uv": [58, 23], "uv_size": [-3, 9]}
							}
						}
					]
				},
				{
					"name": "rfc1",
					"parent": "rightWingC",
					"pivot": [-17.4, 12, 2.5],
					"cubes": [
						{
							"origin": [-19, -1, 2.5],
							"size": [3, 13, 0],
							"pivot": [-17.5, 11.5, 2.5],
							"rotation": [0, 0, -5],
							"uv": {
								"north": {"uv": [64, 19], "uv_size": [-3, 13]}
							}
						},
						{
							"origin": [-20, 1, 2.51],
							"size": [3, 11, 0],
							"uv": {
								"north": {"uv": [61, 21], "uv_size": [-3, 11]}
							}
						}
					]
				},
				{
					"name": "rfc2",
					"parent": "rightWingC",
					"pivot": [-19.4, 11, 2.5],
					"cubes": [
						{
							"origin": [-21, -5, 2.5],
							"size": [3, 16, 0],
							"uv": {
								"north": {"uv": [64, 0], "uv_size": [-3, 16]}
							}
						},
						{
							"origin": [-22, -3, 2.5],
							"size": [3, 13, 0],
							"pivot": [-20.5, 9.5, 2.5],
							"rotation": [0, 0, 10],
							"uv": {
								"north": {"uv": [64, 19], "uv_size": [-3, 13]}
							}
						}
					]
				},
				{
					"name": "rfc3",
					"parent": "rightWingC",
					"pivot": [-20, 12.5, 2.5],
					"cubes": [
						{
							"origin": [-33, 11, 2.5],
							"size": [13, 3, 0],
							"uv": {
								"north": {"uv": [61, 32], "uv_size": [3, -13], "uv_rotation": 270}
							}
						}
					]
				},
				{
					"name": "rfb0",
					"parent": "rightWingB",
					"pivot": [-7.5, 11, 2.5],
					"cubes": [
						{
							"origin": [-10, 0, 2.5],
							"size": [3, 11, 0],
							"uv": {
								"north": {"uv": [61, 21], "uv_size": [-3, 11]}
							}
						},
						{
							"origin": [-9, 2, 2.5],
							"size": [3, 9, 0],
							"uv": {
								"north": {"uv": [58, 23], "uv_size": [-3, 9]}
							}
						}
					]
				},
				{
					"name": "rfb1",
					"parent": "rightWingB",
					"pivot": [-10.5, 11, 2.5],
					"cubes": [
						{
							"origin": [-12, 0, 2.5],
							"size": [3, 11, 0],
							"uv": {
								"north": {"uv": [61, 21], "uv_size": [-3, 11]}
							}
						},
						{
							"origin": [-11, 2, 2.51],
							"size": [3, 9, 0],
							"uv": {
								"north": {"uv": [58, 23], "uv_size": [-3, 9]}
							}
						}
					]
				},
				{
					"name": "rfb2",
					"parent": "rightWingB",
					"pivot": [-12.5, 11, 2.5],
					"cubes": [
						{
							"origin": [-14, 0, 2.5],
							"size": [3, 11, 0],
							"uv": {
								"north": {"uv": [61, 21], "uv_size": [-3, 11]}
							}
						},
						{
							"origin": [-13, 2, 2.51],
							"size": [3, 9, 0],
							"uv": {
								"north": {"uv": [58, 23], "uv_size": [-3, 9]}
							}
						}
					]
				},
				{
					"name": "rfb3",
					"parent": "rightWingB",
					"pivot": [-14.5, 12, 2.5],
					"cubes": [
						{
							"origin": [-15, 2, 2.5],
							"size": [3, 9, 0],
							"uv": {
								"north": {"uv": [58, 23], "uv_size": [-3, 9]}
							}
						},
						{
							"origin": [-16, 3, 2.51],
							"size": [3, 8, 0],
							"uv": {
								"north": {"uv": [55, 24], "uv_size": [-3, 8]}
							}
						}
					]
				},
				{
					"name": "rfa0",
					"parent": "rightWingA",
					"pivot": [-2.5, 13, 2.5],
					"cubes": [
						{
							"origin": [-3, 8, 2.5],
							"size": [2, 5, 0],
							"pivot": [-2, 11.5, 2.5],
							"rotation": [0, 0, -15],
							"uv": {
								"north": {"uv": [50, 27], "uv_size": [-2, 5]}
							}
						},
						{
							"origin": [-4, 6, 2.51],
							"size": [2, 7, 0],
							"uv": {
								"north": {"uv": [52, 25], "uv_size": [-2, 7]}
							}
						}
					]
				},
				{
					"name": "rfa1",
					"parent": "rightWingA",
					"pivot": [-5.5, 12, 2.5],
					"cubes": [
						{
							"origin": [-6, 4, 2.5],
							"size": [3, 8, 0],
							"uv": {
								"north": {"uv": [55, 24], "uv_size": [-3, 8]}
							}
						},
						{
							"origin": [-6.5, 5, 2.5],
							"size": [2, 7, 0],
							"pivot": [-5.5, 11.5, 2.5],
							"rotation": [0, 0, 5],
							"uv": {
								"north": {"uv": [52, 25], "uv_size": [-2, 7]}
							}
						}
					]
				},
				{
					"name": "rfa2",
					"parent": "rightWingA",
					"pivot": [-6.5, 12, 2.5],
					"cubes": [
						{
							"origin": [-8, 4, 2.51],
							"size": [3, 8, 0],
							"uv": {
								"north": {"uv": [55, 24], "uv_size": [-3, 8]}
							}
						}
					]
				}
			]
		}
	]
}