{"format_version":"1.12.0","minecraft:entity":{"description":{"identifier":"minecraft:ender_pearl","is_spawnable":false,"is_summonable":false,"is_experimental":false},"component_groups":{"minecraft:no_spawn":{"minecraft:projectile":{"on_hit":{"definition_event":{"affectProjectile":true,"eventTrigger":{"event":"minecraft:explode","target":"self"}}},"power":1.5,"gravity":0.025,"angle_offset":0.0,"inertia":1,"liquid_inertia":1}},"minecraft:exploding":{"minecraft:explode":{"fuse_length":0,"fuse_lit":true,"power":17,"causes_fire":false,"fire_affected_by_griefing":true,"destroy_affected_by_griefing":true}}},"components":{"minecraft:collision_box":{"width":0.25,"height":0.25},"minecraft:projectile":{"on_hit":{"definition_event":{"affectProjectile":true,"eventTrigger":{"event":"minecraft:explode","target":"self"}}},"power":2,"gravity":0.06,"angle_offset":0.0,"inertia":1,"liquid_inertia":1},"minecraft:physics":{},"minecraft:pushable":{"is_pushable":true,"is_pushable_by_piston":true}},"events":{"minecraft:entity_spawned":{"sequence":[{"filters":{"test":"is_game_rule","domain":"domobspawning","value":false},"add":{"component_groups":["minecraft:no_spawn"]}}]},"minecraft:explode":{"add":{"component_groups":["minecraft:exploding"]}}}}}