{"format_version":"1.8.0","minecraft:entity":{"description":{"identifier":"pa:35 30_ignited","is_spawnable":false,"is_summonable":true,"is_experimental":false,"scripts":{"animate":["walk"]},"animations":{"walk":"controller.animation.tnt_fuse"}},"components":{"minecraft:type_family":{"family":["inanimate"]},"minecraft:explode":{"fuseLength":10,"fuseLit":true,"power":1000,"causesFire":false,"destroyAffectedByGriefing":true},"minecraft:collision_box":{"width":0.98,"height":0.98},"minecraft:damage_sensor":[{"cause":"any","deals_damage":false}],"minecraft:physics":{}}}}