{"format_version":"1.20.50","minecraft:item":{"description":{"identifier":"ewings:bat","menu_category":{"group":"itemGroup.name.chestplate","category":"equipment"}},"components":{"minecraft:icon":{"texture":"bat.0"},"minecraft:display_name":{"value":"Bat Wings"},"minecraft:max_stack_size":1,"minecraft:wearable":{"protection":0,"dispensable":true,"slot":"slot.armor.chest"},"minecraft:durability":{"damage_chance":{"min":0,"max":0},"max_durability":100},"minecraft:glint":{"value":true},"minecraft:tags":{"tags":["bat_wings","wings"]}}}}