{
  "format_version":"1.10.0",
  "minecraft:client_entity":{
    "description":{
      "identifier":"plant:jalapeno",
      "materials":{"default":"entity_emissive_alpha","aura":"charged_creeper"},
      "textures":{
    "default1":"textures/entity/plants/jalapeno",
    "default2":"textures/entity/plants/jalapeno",
    "powered":"textures/entity/plants/jalapeno_powered"
      },
      "geometry":{
    "default":"geometry.serpjalapeno"
      },
      "animations":{
    "idle":"animation.jalapeno.quiet",
    "punch":"animation.empty",
    "jump":"animation.empty",
    "shoot":"animation.empty",
    "hide":"animation.empty",
    "using":"animation.jalapeno.using",
    "main_controller":"controller.animation.plants_day"
      },
      "scripts":{
    "scale":"0.6",
    "animate":["main_controller"]
      },
      "render_controllers":[{"controller.render.pvzplants":"query.is_on_screen"}],
      "spawn_egg":{"texture":"seeds_wheat"}
    }
  }
}