{
  "format_version":"1.10.0",
  "minecraft:client_entity":{
    "description":{
      "identifier":"plant:squash",
      "materials":{"default":"entity_emissive_alpha","aura":"charged_creeper"},
      "textures":{
    "default1":"textures/entity/plants/squash",
    "default2":"textures/entity/plants/squash",
    "powered":"textures/entity/plants/squash_powered"
      },
      "geometry":{
    "default":"geometry.serpsquash"
      },
      "animations":{
    "open":"animation.serpmob.open",
    "close":"animation.serpmob.close",
    "angry":"animation.serpmob.angry",
    "idle":"animation.squash.quiet",
    "punch":"animation.empty",
    "jump":"animation.empty",
    "shoot":"animation.empty",
    "hide":"animation.empty",
    "using":"animation.squash.jump",
    "eyes_controller":"controller.animation.plants_eyes",
    "main_controller":"controller.animation.plants_day"
      },
      "scripts":{
    "scale":"1.2",
    "animate":["main_controller","eyes_controller"]
      },
      "render_controllers":[{"controller.render.pvzplants":"query.is_on_screen"}],
      "spawn_egg":{"texture":"seeds_wheat"}
    }
  }
}