{
  "format_version":"1.10.0",
  "minecraft:client_entity":{
    "description":{
      "identifier":"plant:sunflower",
      "materials":{"default":"entity_emissive_alpha","aura":"charged_creeper"},
      "textures":{
    "default1":"textures/entity/plants/sunflower",
    "default2":"textures/entity/plants/sunflower_sun",
    "powered":"textures/entity/plants/sunflower_powered"
      },
      "geometry":{
    "default":"geometry.serpsunflower"
      },
      "animations":{
    "open":"animation.serpmob.open",
    "close":"animation.serpmob.close",
    "angry":"animation.serpmob.angry",
    "idle":"animation.sunflower.quiet",
    "punch":"animation.empty",
    "jump":"animation.empty",
    "shoot":"animation.empty",
    "hide":"animation.empty",
    "using":"animation.sunflower.using",
    "eyes_controller":"controller.animation.plants_eyes",
    "main_controller":"controller.animation.plants_day",
    "look_at_target":"animation.common.look_at_target"
      },
      "sound_effects":{
    "shoot":"mob.sunflower.shoot"
      },
      "scripts":{
    "scale":"1.2",
    "animate":["look_at_target","main_controller","eyes_controller"]
      },
      "render_controllers":[{"controller.render.pvzplants":"query.is_on_screen"}],
      "spawn_egg":{"texture":"seeds_wheat"}
    }
  }
}