{
  "format_version":"1.10.0",
  "minecraft:client_entity":{
    "description":{
      "identifier":"plant:torchwood",
      "materials":{"default":"entity_emissive_alpha","aura":"charged_creeper"},
      "textures":{
    "default1":"textures/entity/plants/torchwood",
    "default2":"textures/entity/plants/torchwood",
    "powered":"textures/entity/plants/torchwood_powered"
      },
      "geometry":{
    "default":"geometry.serptorchwood"
      },
      "animations":{
    "idle":"animation.torchwood.quiet",
    "punch":"animation.empty",
    "jump":"animation.empty",
    "shoot":"animation.empty",
    "hide":"animation.empty",
    "using":"animation.empty",
    "main_controller":"controller.animation.plants_day",
    "fire_controller":"controller.animation.serp_particle"
      },
      "particle_effects":{
    "particle":"serp:torchwood_fire"
      },
      "scripts":{
    "scale":"1.1",
    "animate":["main_controller","fire_controller"]
      },
      "render_controllers":[{"controller.render.pvzplants":"query.is_on_screen"}],
      "spawn_egg":{"texture":"seeds_wheat"}
    }
  }
}