{
	"format_version": "1.8.0",
	"animations": {
		"animation.seaking.quiet": {
			"loop": true,
			"animation_length": 1.6,
			"bones": {
				"left_tail": {
					"rotation": {
						"0.0": [0, 0, 15],
						"0.8": [5, 0, 15],
						"1.6": [0, 0, 15]
					}
				},
				"right_tail": {
					"rotation": {
						"0.0": [0, 0, -15],
						"0.8": [5, 0, -15],
						"1.6": [0, 0, -15]
					}
				},
				"right_fin": {
					"rotation": {
						"0.0": [-90, 0, -25],
						"0.8": [-90, 0, -15],
						"1.6": [-90, 0, -25]
					}
				},
				"left_fin": {
					"rotation": {
						"0.0": [-87.5, 0, 25],
						"0.8": [-87.5, 0, 15],
						"1.6": [-87.5, 0, 25]
					}
				},
				"seaking": {
					"scale": {
						"0.0": [1, 1, 1],
						"0.8": [1, 1.05, 1],
						"1.6": [1, 1, 1]
					}
				}
			}
		},
		"animation.seaking.walk": {
			"loop": true,
			"animation_length": 0.8,
			"bones": {
				"left_tail": {
					"rotation": {
						"0.0": [0, -30, 0],
						"0.4": [0, 15, 0],
						"0.8": [0, -30, 0]
					}
				},
				"right_tail": {
					"rotation": {
						"0.0": [0, -15, 0],
						"0.4": [0, 30, 0],
						"0.8": [0, -15, 0]
					}
				},
				"right_fin": {
					"rotation": {
						"0.0": [0, -30, 0],
						"0.4": [0, 28.75, 0],
						"0.8": [0, -32.5, 0]
					}
				},
				"left_fin": {
					"rotation": {
						"0.0": [0, -30, 0],
						"0.4": [0, 30, 0],
						"0.8": [0, -30, 0]
					}
				},
				"seaking": {
					"rotation": {
						"0.0": [0, 5, 0],
						"0.4": [0, -5, 0],
						"0.8": [0, 5, 0]
					}
				}
			}
		},
		"animation.seaking.sitting": {
			"loop": true,
			"bones": {
				"seaking": {
					"rotation": [-10, 0, 0]
				},
				"left_tail": {
					"rotation": [45, 0, 0]
				},
				"right_tail": {
					"rotation": [45, 0, 0]
				},
				"right_fin": {
					"rotation": [90, 0, -40]
				},
				"left_fin": {
					"rotation": [90, 0, 40]
				}
			}
		},
		"animation.seaking.jump": {
			"loop": true,
			"animation_length": 0.84,
			"bones": {
				"seaking": {
					"rotation": {
						"0.0": [0, 10, 0],
						"0.2": [0, -10, 0],
						"0.4": [0, 10, 0],
						"0.6": [0, -10, 0],
						"0.8": [0, 10, 0]
					},
					"position": {
						"0.0": [-1, 0, 0],
						"0.2": [1, 0, 0],
						"0.4": [-1, 0, 0],
						"0.6": [1, 0, 0],
						"0.8": [-1, 0, 0]
					}
				},
				"left_tail": {
					"rotation": {
						"0.0": [0, -40, 0],
						"0.2": [0, 20, 0],
						"0.4": [0, -40, 0],
						"0.6": [0, 20, 0],
						"0.8": [0, -40, 0]
					}
				},
				"right_tail": {
					"rotation": {
						"0.0": [0, -20, 0],
						"0.2": [0, 40, 0],
						"0.4": [0, -20, 0],
						"0.6": [0, 40, 0],
						"0.8": [0, -20, 0]
					}
				},
				"right_fin": {
					"rotation": {
						"0.0": [0, -35, 0],
						"0.2": [0, 35, 0],
						"0.4": [0, -35, 0],
						"0.6": [0, 35, 0],
						"0.8": [0, -35, 0]
					}
				},
				"left_fin": {
					"rotation": {
						"0.0": [0, 35, 0],
						"0.2": [0, -35, 0],
						"0.4": [0, 35, 0],
						"0.6": [0, -35, 0],
						"0.8": [0, 35, 0]
					}
				}
			}
		},
		"animation.seaking.attack": {
			"loop": true,
			"bones": {
				"seaking": {
					"rotation": [30, 0, 0],
					"position": [0, 3, 0]
				},
				"left_tail": {
					"rotation": [0, 40, 0]
				},
				"right_tail": {
					"rotation": [0, -40, 0]
				}
			}
		},
		"animation.seaking.swimming": {
			"loop": true,
			"animation_length": 0.8,
			"bones": {
				"seaking": {
					"rotation": {
						"0.0": [-5, 0, 0],
						"0.4": [0, 0, 0],
						"0.8": [-5, 0, 0]
					},
					"position": {
						"0.0": [0, 1, 0],
						"0.4": [0, 1, 0],
						"0.8": [0, 1, 0]
					}
				},
				"left_tail": {
					"rotation": {
						"0.0": [-25, 0, 0],
						"0.4": [-25, 25, 0],
						"0.8": [-25, 0, 0]
					}
				},
				"right_tail": {
					"rotation": {
						"0.0": [-25, 0, 0],
						"0.4": [-25, -25, 0],
						"0.8": [-25, 0, 0]
					}
				},
				"right_fin": {
					"rotation": {
						"0.0": [0, -20, 0],
						"0.4": [0, 20, 0],
						"0.8": [0, -20, 0]
					}
				},
				"left_fin": {
					"rotation": {
						"0.0": [0, 20, 0],
						"0.4": [0, -20, 0],
						"0.8": [0, 20, 0]
					}
				}
			}
		},
		"animation.seaking.sink": {
			"loop": true,
			"animation_length": 0.8,
			"bones": {
				"seaking": {
					"rotation": {
						"0.0": [0, 10, 0],
						"0.4": [0, -10, 0],
						"0.8": [0, 10, 0]
					},
					"position": {
						"0.0": [-1, 1, 0],
						"0.2": [0, 0, 0],
						"0.4": [1, 1, 0],
						"0.6": [0, 0, 0],
						"0.8": [-1, 1, 0]
					}
				},
				"left_tail": {
					"rotation": {
						"0.0": [0, -30, 0],
						"0.2": [-25, -10, 0],
						"0.4": [0, 10, 0],
						"0.6": [-25, -10, 0],
						"0.8": [0, -30, 0]
					}
				},
				"right_tail": {
					"rotation": {
						"0.0": [0, -10, 0],
						"0.2": [-25, 10, 0],
						"0.4": [0, 30, 0],
						"0.6": [-25, 10, 0],
						"0.8": [0, -10, 0]
					}
				},
				"right_fin": {
					"rotation": {
						"0.0": [0, -30, 0],
						"0.2": [0, 30, 0],
						"0.4": [0, -30, 0],
						"0.6": [0, 30, 0],
						"0.8": [0, -30, 0]
					}
				},
				"left_fin": {
					"rotation": {
						"0.0": [0, 30, 0],
						"0.2": [0, -30, 0],
						"0.4": [0, 30, 0],
						"0.6": [0, -30, 0],
						"0.8": [0, 30, 0]
					}
				}
			}
		},
		"animation.seaking.direction": {
			"loop": true,
			"bones": {
				"seaking": {
					"rotation": [ "query.target_x_rotation - this", "query.target_y_rotation - this", "-math.max(-20,math.min(20,query.yaw_speed))"]
				},
				"tail": {
					"rotation": [0, 0, "math.max(-35,math.min(35,query.yaw_speed))"]
				}
			}
		},
        "animation.seaking.health_bar":{
            "loop":true,
            "bones":{
                "health_hover":{
    "rotation":["q.camera_rotation(0)","q.camera_rotation(1)-q.body_y_rotation",0],
	"position": [0,19,0],
    "scale":"query.is_in_ui?0:1.2"
                },
				"bar_green": {
					"scale": ["query.health/query.max_health*1", 1, 1]
				},
				"bar_black": {
					"scale": ["(1)+(query.health/query.max_health*-1)", 1, 1]
				}
			}
        }
	}
}