{
	"format_version": "1.10.0",
	"minecraft:client_entity": {
		"description": {
			"identifier": "witherstormmod:firework_bundle",
			"materials": {
				"default": "entity_alphatest"
			},
			"textures": {
				"default": "textures/blocks/firework_bundle_side",
				"top": "textures/blocks/firework_bundle_top",
				"bottom": "textures/blocks/firework_bundle_bottom"
			},
			"geometry": {
				"default": "geometry.super_tnt_side",
				"top": "geometry.super_tnt_top",
				"bottom": "geometry.super_tnt_bottom"
			},
			"scripts": {
				"animate": [
					"unrotatable"
				]
			},
			"animations": {
				"unrotatable": "animation.block.unrotated"
			},
			"render_controllers": [
				"controller.render.super_tnt_side",
				"controller.render.super_tnt_top",
				"controller.render.super_tnt_bottom"
			]
		}
	}
}