{
  "format_version": "1.16.0",
  "minecraft:entity": {
    "description": {
      "identifier": "ny:bonkers",
      "is_spawnable": true,
      "is_summonable": true,
      "is_experimental": false,
      "scripts": {
        "animate": [
          "boss_death"
        ]
      },
      "animations": {
        "boss_death": "controller.animation.boss_death"
      },
      "properties": {
        "property:boss_death": {
          "range": [
            0,
            1
          ],
          "type": "int",
          "default": 0,
          "client_sync": true
        }
      }
    },
    "component_groups": {
      "boss_death": {
        "minecraft:health": {
          "value": 6,
          "max": 6
        },
        "minecraft:movement": {
          "value": 0.0
        }
      },
      "boss_attack":{
        "minecraft:jump.static": {},
        "minecraft:can_climb": {},
        "minecraft:behavior.melee_attack": {
          "priority": 3,
          "on_attack": {
            "event": "sound",
            "target": "self"
          }
        },
        "minecraft:behavior.random_stroll": {
          "priority": 7,
          "speed_multiplier": 1
        },
        "minecraft:behavior.look_at_player": {
          "priority": 8,
          "look_distance": 6,
          "probability": 0.02
        },
        "minecraft:behavior.random_look_around": {
          "priority": 9
        }
      }
    },
    "components": {
      "minecraft:rideable": {
        "seat_count": 1,
        "family_types": [
          "jump"
        ],
        "pull_in_entities": true,
        "seats": [
          {
            "position": [
              0.05,
              0.0,
              0.05
            ],
            "min_rider_count": 0,
            "max_rider_count": 0,
            "lock_rider_rotation": 0
          }
        ]
      },
      "minecraft:damage_sensor": {
        "triggers": [
          {
            "on_damage": {
              "filters": {
                "all_of": [
                  {
                    "test": "has_tag",
                    "subject": "self",
                    "operator": "==",
                    "value": "boss_death"
                  },
                  {
                    "test": "has_tag",
                    "subject": "self",
                    "operator": "not",
                    "value": "boss_death2"
                  }
                ]
              }
            },
            "deals_damage": false
          },
          {
            "on_damage": {
              "filters": {
                "all_of": [
                  {
                    "test": "has_damage",
                    "subject": "self",
                    "operator": "==",
                    "value": "fatal"
                  },
                  {
                    "test": "has_tag",
                    "subject": "self",
                    "operator": "==",
                    "value": "boss_death2"
                  }
                ]
              },
              "event": "death2"
            },
            "deals_damage": true
          },
          {
            "on_damage": {
              "filters": {
                "all_of": [
                  {
                    "test": "has_damage",
                    "subject": "self",
                    "operator": "==",
                    "value": "fatal"
                  },
                  {
                    "test": "has_tag",
                    "subject": "self",
                    "operator": "not",
                    "value": "boss_death"
                  }
                ]
              },
              "event": "death1"
            },
            "deals_damage": false
          }
        ]
      },
      "minecraft:is_hidden_when_invisible": {},
      "minecraft:nameable": {},
      "minecraft:type_family": {
        "family": [
          "kirby_boss",
          "kirby_mob",
          "mob"
        ]
      },
      "minecraft:collision_box": {
        "width": 1.4,
        "height": 2.5
      },
      "minecraft:experience_reward": {
        "on_death": "query.last_hit_by_player ? 5 + (query.equipment_count * Math.Random(1,3)) : 0"
      },
      "minecraft:movement": {
        "value": 0.32
      },
      "minecraft:health": {
        "value": 40,
        "max": 40
      },
      "minecraft:hurt_on_condition": {
        "damage_conditions": [
          {
            "filters": {
              "test": "in_lava",
              "subject": "self",
              "operator": "==",
              "value": true
            },
            "cause": "lava",
            "damage_per_tick": 4
          }
        ]
      },
      "minecraft:breathable": {
        "total_supply": 15,
        "suffocate_time": 0,
        "breathes_air": true,
        "breathes_water": true
      },
      "minecraft:attack": {
        "damage": 5
      },
      "minecraft:loot": {
        "table": "loot_tables/entities/star.json"
      },
      "minecraft:despawn": {
        "despawn_from_distance": {}
      },
      "minecraft:movement.basic": {},
      "minecraft:navigation.walk": {
        "is_amphibious": true,
        "can_pass_doors": true,
        "can_walk": true,
        "can_break_doors": true
      },
      "minecraft:behavior.hurt_by_target": {
        "priority": 1
      },
      "minecraft:behavior.nearest_attackable_target": {
        "priority": 2,
        "must_see": true,
        "reselect_targets": true,
        "within_radius": 25.0,
        "must_see_forget_duration": 17.0,
        "entity_types": [
          {
            "filters": {
              "any_of": [
                {
                  "test": "is_family",
                  "subject": "other",
                  "value": "player"
                },
                {
                  "test": "is_family",
                  "subject": "other",
                  "value": "snowgolem"
                },
                {
                  "test": "is_family",
                  "subject": "other",
                  "value": "irongolem"
                }
              ]
            },
            "max_dist": 35
          }
        ]
      },
      "minecraft:physics": {},
      "minecraft:pushable": {
        "is_pushable": true,
        "is_pushable_by_piston": true
      },
      "minecraft:conditional_bandwidth_optimization": {}
    },
    "events": {
      "death1": {
        "run_command": {
          "command": [
            "particle ny:boss_death ~~~",
            "playsound random.explode @a ~~~ 0.5 0.9 0.0",
            "ride @s summon_rider ny:jump kirby_boss",
            "effect @s instant_health 1 100 true",
            "tag @s add boss_death"
          ],
          "target": "self"
        },
        "add": {
          "component_groups": [
            "boss_death"
          ]
        },
        "remove": {
          "component_groups": [
            "boss_attack"
          ]
        },
        "set_property": {
          "property:boss_death": "1"
        }
      },
      "death2": {
        "sequence":[
          {
            "run_command": {
              "command": [
                "particle ny:boss_death ~~~",
                "playsound random.explode @a ~~~ 0.6 0.9 0.0"
              ],
              "target": "self"
            }
          }
        ]
      },
      "sound": {
        "run_command": {
          "command": [
            "playsound vr.stutterturn @a ~~~ 7.5 0.68 0.0"
          ],
          "target": "self"
        }
      },
      "minecraft:entity_spawned": {
        "sequence": [
          {
            "add": {
              "component_groups": [
                "boss_attack"
              ]
            }
          }
        ]
      }
    }
  }
}