{
  "format_version": "1.16.0",
  "minecraft:entity": {
    "description": {
      "identifier": "ny:waddledoo",
      "is_spawnable": true,
      "is_summonable": true,
      "is_experimental": false,
      "properties": {
        "property:skill": {
          "range": [
            0,
            1
          ],
          "type": "int",
          "default": 0,
          "client_sync": true
        }
      }
    },
    "component_groups": {
      "skill": {
        "minecraft:timer": {
          "time": [
            0.05,
            0.05
          ],
          "looping": true,
          "time_down_event": {
            "event": "skill_attack",
            "target": "self"
          }
        }
      },
      "attack_set": {
        "minecraft:shooter": {
          "def": "ny:waddledoo_trigger"
        },
        "minecraft:behavior.ranged_attack": {
          "priority": 3,
          "burst_shots": 1,
          "burst_interval": 0.05,
          "charge_charged_trigger": 3.0,
          "charge_shoot_trigger": 3.9,
          "attack_interval_min": 5.5,
          "attack_interval_max": 6.0,
          "attack_radius": 5.5,
          "attack_radius_min": 2
        }
      }
    },
    "components": {
      "minecraft:is_hidden_when_invisible": {},
      "minecraft:experience_reward": {
        "on_death": "query.last_hit_by_player ? 10 : 0"
      },
      "minecraft:loot": {
        "table": "loot_tables/entities/star_piece.json"
      },
      "minecraft:collision_box": {
        "width": 0.7,
        "height": 1.0
      },
      "minecraft:damage_sensor": {
        "triggers": {
          "cause": "fall",
          "deals_damage": false
        }
      },
      "minecraft:movement": {
        "value": 0.30
      },
      "minecraft:navigation.walk": {
        "can_path_over_water": true,
        "avoid_water": true,
        "avoid_damage_blocks": true
      },
      "minecraft:movement.basic": {},
      "minecraft:jump.static": {},
      "minecraft:can_climb": {},
      "minecraft:health": {
        "value": 12,
        "max": 12
      },
      "minecraft:hurt_on_condition": {
        "damage_conditions": [
          {
            "filters": {
              "test": "in_contact_with_water",
              "operator": "==",
              "value": true
            },
            "cause": "drowning",
            "damage_per_tick": 1
          }
        ]
      },
      "minecraft:follow_range": {
        "value": 20,
        "max": 20
      },
      "minecraft:fire_immune": {},
      "minecraft:nameable": {},
      "minecraft:despawn": {
        "despawn_from_distance": {}
      },
      "minecraft:behavior.hurt_by_target": {
        "priority": 1
      },
      "minecraft:behavior.nearest_attackable_target": {
        "priority": 2,
        "must_see": true,
        "entity_types": [
          {
            "filters": {
              "test": "is_family",
              "subject": "other",
              "value": "player"
            },
            "max_dist": 48.0
          }
        ]
      },
      "minecraft:behavior.random_stroll": {
        "priority": 4,
        "speed_multiplier": 1.0
      },
      "minecraft:behavior.random_look_around": {
        "priority": 5
      },
      "minecraft:type_family": {
        "family": [
          "kirby_mob",
          "mob"
        ]
      },
      "minecraft:physics": {},
      "minecraft:pushable": {
        "is_pushable": true,
        "is_pushable_by_piston": true
      },
      "minecraft:on_hurt": {
        "event": "minecraft:on_hurt_event",
        "target": "self"
      },
      "minecraft:on_hurt_by_player": {
        "event": "minecraft:on_hurt_event",
        "target": "self"
      },
      "minecraft:conditional_bandwidth_optimization": {}
    },
    "events": {
      "minecraft:entity_spawned": {
        "add": {
          "component_groups": [
            "attack_set"
          ]
        }
      },
      "skill": {
        "set_property": {
          "property:skill": "1"
        },
        "add": {
          "component_groups": [
            "skill"
          ]
        },
        "remove": {
          "component_groups": [
            "attack_set"
          ]
        }
      },
      "skill_end": {
        "set_property": {
          "property:skill": "0"
        },
        "remove": {
          "component_groups": [
            "skill"
          ]
        },
        "add": {
          "component_groups": [
            "attack_set"
          ]
        }
      },
      "skill_attack": {
        "run_command": {
          "command": [
            "scoreboard players add @s waddledoo_skill 1",
            "event entity @s[scores={waddledoo_skill=16..}] skill_end",
            "scoreboard players reset @s[scores={waddledoo_skill=16..}] waddledoo_skill",
            "playsound mob.warden.death @a ~~~ 0.5 8.5 0.0",
            "playsound mob.warden.death @a ~~~ 0.45 10.4 0.0",
            "execute as @s at @s positioned ^^^1 run tag @e[r=1.0] add copy8_attack",
            "execute as @s at @s positioned ^^^2.5 run tag @e[r=2.2] add copy8_attack",
            "execute as @s at @s positioned ^^^4 run tag @e[r=3.4] add copy8_attack",
            "execute as @s at @s positioned ^-10001.15^^ run tag @e[r=10000] remove copy8_attack",
            "execute as @s at @s positioned ^10001.15^^ run tag @e[r=10000] remove copy8_attack",
            "execute as @s at @s as @e[tag=copy8_attack,r=6] unless score @s kirby_e = @e[c=1] kirby_e run damage @s 3 entity_attack entity @e[c=1]",
            "tag @e remove copy8_attack"
          ]
        }
      }
    }
  }
}