{
  "format_version": "1.16.0",
  "minecraft:entity": {
    "description": {
      "identifier": "ny:wisp",
      "is_spawnable": true,
      "is_summonable": true,
      "is_experimental": false,
      "properties": {
        "property:skill": {
          "range": [
            0,
            1
          ],
          "type": "int",
          "default": 0,
          "client_sync": true
        }
      }
    },
    "component_groups": {
      "attack_timer1": {
        "minecraft:timer": {
          "time": [
            0.5,
            0.5
          ],
          "looping": true,
          "time_down_event": {
            "event": "attack_set1",
            "target": "self"
          }
        }
      },
      "attack_timer2": {
        "minecraft:timer": {
          "time": [
            0.8,
            0.8
          ],
          "looping": true,
          "time_down_event": {
            "event": "attack_set2",
            "target": "self"
          }
        }
      },
      "attack_set1": {
        "minecraft:shooter": {
          "def": "ny:copy9_plasma<wisp1>"
        },
        "minecraft:behavior.ranged_attack": {
          "priority": 3,
          "burst_shots": 8,
          "burst_interval": 0.1,
          "charge_charged_trigger": 2.9,
          "charge_shoot_trigger": 3.0,
          "attack_interval_min":6.5,
          "attack_interval_max": 7.0,
          "attack_radius": 4,
          "attack_radius_min": 1
        }
      },
      "attack_set2": {
        "minecraft:shooter": {
          "def": "ny:copy9_plasma<wisp2>"
        },
        "minecraft:behavior.ranged_attack": {
          "priority": 3,
          "burst_shots": 1,
          "burst_interval": 0.05,
          "charge_charged_trigger": 2.9,
          "charge_shoot_trigger": 3.2,
          "attack_interval_min": 6.5,
          "attack_interval_max": 7.0,
          "attack_radius": 6,
          "attack_radius_min": 1
        }
      }
    },
    "components": {
      "minecraft:is_hidden_when_invisible": {
      },
      "minecraft:experience_reward": {
        "on_death": "query.last_hit_by_player ? 10 : 0"
      },
      "minecraft:loot": {
        "table": "loot_tables/entities/star_piece.json"
      },
      "minecraft:collision_box": {
        "width": 0.7,
        "height": 1.6
      },
      "minecraft:damage_sensor": {
        "triggers": {
          "cause": "fall",
          "deals_damage": false
        }
      },
      "minecraft:movement": {
        "value": 0.32
      },
      "minecraft:navigation.walk": {
        "can_path_over_water": true,
        "avoid_water": true,
        "avoid_damage_blocks": true
      },
      "minecraft:movement.basic": {
      },
      "minecraft:jump.static": {
      },
      "minecraft:can_climb": {
      },
      "minecraft:health": {
        "value": 14,
        "max": 14
      },
      "minecraft:hurt_on_condition": {
        "damage_conditions": [
          {
            "filters": { "test": "in_lava", "subject": "self", "operator": "==", "value": true },
            "cause": "lava",
            "damage_per_tick": 4
          }
        ]
      },
      "minecraft:follow_range": {
        "value": 48,
        "max": 48
      },
      "minecraft:nameable": {

      },
      "minecraft:despawn": {
        "despawn_from_distance": {}
      },
      "minecraft:behavior.hurt_by_target": {
        "priority": 1
      },
      "minecraft:behavior.nearest_attackable_target": {
        "priority": 2,
        "must_see": true,
        "entity_types": [
          {
            "filters": {
              "test": "is_family",
              "subject": "other",
              "value": "player"
            },
            "max_dist": 48.0
          }
        ]
      },
      "minecraft:behavior.random_stroll": {
        "priority": 4,
        "speed_multiplier": 1.0
      },
      "minecraft:behavior.random_look_around": {
        "priority": 5
      },
      "minecraft:type_family": {
        "family": [ "kirby_mob", "mob" ]
      },
      "minecraft:physics": {
      },
      "minecraft:pushable": {
        "is_pushable": true,
        "is_pushable_by_piston": true
      },
      "minecraft:on_hurt": {
        "event": "minecraft:on_hurt_event",
        "target": "self"
      },
      "minecraft:on_hurt_by_player": {
        "event": "minecraft:on_hurt_event",
        "target": "self"
      },
      "minecraft:conditional_bandwidth_optimization": {
      }
    },
    "events": {
      "minecraft:entity_spawned": {
        "add": {
          "component_groups": [
            "attack_set1"
          ]
        }
      },
      "attack_timer1": {
        "set_property": {
          "property:skill": "1"
        },
        "add": {
          "component_groups": [
            "attack_timer1"
          ]
        }
      },
      "attack_timer2": {
        "set_property": {
          "property:skill": "1"
        },
        "add": {
          "component_groups": [
            "attack_timer2"
          ]
        }
      },
      "attack_set1": {
        "set_property": {
          "property:skill": "0"
        },
        "add": {
          "component_groups": [
            "attack_set1"
          ]
        },
        "remove": {
          "component_groups": [
            "attack_timer1","attack_timer2"
          ]
        }
      },
      "attack_set2": {
        "set_property": {
          "property:skill": "0"
        },
        "add": {
          "component_groups": [
            "attack_set2"
          ]
        },
        "remove": {
          "component_groups": [
            "attack_timer1","attack_timer2"
          ]
        }
      }
    }
  }
}