{
	"format_version": "1.12.0",
	"minecraft:geometry": [
		{
			"description": {
				"identifier": "geometry.tainted_skull_ceiling",
				"texture_width": 48,
				"texture_height": 32,
				"visible_bounds_width": 2,
				"visible_bounds_height": 2.5,
				"visible_bounds_offset": [0, 0.75, 0]
			},
			"bones": [
				{
					"name": "skele",
					"pivot": [0, 8, 0],
					"cubes": [
						{
							"origin": [-4, 10, -4],
							"size": [8, 8, 8],
							"pivot": [0, 13, 0],
							"rotation": [0, -22.5, 0],
							"uv": {
								"north": {"uv": [15.99999, 0], "uv_size": [8.00001, 8]},
								"east": {"uv": [7.99998, 8], "uv_size": [-7.99998, 8]},
								"south": {"uv": [8.00001, 0], "uv_size": [7.99998, 8]},
								"west": {"uv": [24, 8], "uv_size": [-7.99998, 8]},
								"up": {"uv": [32.00001, 16], "uv_size": [-7.99998, -8]},
								"down": {"uv": [15.99999, 16], "uv_size": [-7.99998, -8]}
							}
						},
						{
							"origin": [-3, 9.975, -3],
							"size": [6, 0, 3],
							"pivot": [0, 13, 0],
							"rotation": [0, -22.5, 0],
							"uv": {
								"down": {"uv": [15, 15], "uv_size": [-6, -3]}
							}
						}
					]
				}
			]
		}
	]
}