{
	"format_version": "1.12.0",
	"minecraft:geometry": [
		{
			"description": {
				"identifier": "geometry.svi",
				"texture_width": 1024,
				"texture_height": 1024,
				"visible_bounds_width": 12,
				"visible_bounds_height": 10,
				"visible_bounds_offset": [0, 4, 0]
			},
			"bones": [
				{
					"name": "root",
					"pivot": [0, 0, 0]
				},
				{
					"name": "waist",
					"parent": "root",
					"pivot": [0, 12, 0]
				},
				{
					"name": "body",
					"parent": "waist",
					"pivot": [0, 24, 0]
				},
				{
					"name": "head",
					"parent": "body",
					"pivot": [0, 24, 0]
				},
				{
					"name": "hat",
					"parent": "head",
					"pivot": [0, 24, 0]
				},
				{
					"name": "jacket",
					"parent": "body",
					"pivot": [0, 24, 0]
				},
				{
					"name": "rightArmA",
					"parent": "body",
					"pivot": [-5, 22, 0]
				},
				{
					"name": "rightArm",
					"parent": "rightArmA",
					"pivot": [-5, 22, 0]
				},
				{
					"name": "rightArmUp",
					"parent": "rightArm",
					"pivot": [-6, 22, 0],
					"cubes": [
						{"origin": [-8, 18, -2], "size": [4, 6, 4], "uv": [87, 905]}
					]
				},
				{
					"name": "rightSleeveUp",
					"parent": "rightArmUp",
					"pivot": [-6, 22, 0],
					"cubes": [
						{"origin": [-8, 18, -2], "size": [4, 6, 4], "inflate": 0.25, "uv": [54.875, 1134]}
					]
				},
				{
					"name": "rightArmDown",
					"parent": "rightSleeveUp",
					"pivot": [-6, 18, 2],
					"cubes": [
						{"origin": [-8, 12, -2], "size": [4, 6, 4], "uv": [87, 905]}
					]
				},
				{
					"name": "rightSleeveDown",
					"parent": "rightArmDown",
					"pivot": [-6, 18, 0],
					"cubes": [
						{"origin": [-8, 12, -2], "size": [4, 6, 4], "inflate": 0.25, "uv": [54.875, 1134]}
					]
				},
				{
					"name": "rightItem",
					"parent": "rightArmDown",
					"pivot": [-6, 15, 1]
				},
				{
					"name": "gun",
					"parent": "rightArmDown",
					"pivot": [0, 0, 0],
					"rotation": [0, -90, 0]
				},
				{
					"name": "svi",
					"parent": "gun",
					"pivot": [0, 0, 44],
					"rotation": [90, 0, 0],
					"cubes": [
						{"origin": [-29.53682, -6.59451, 46.74432], "size": [26.1184, 4.7488, 84.2912], "pivot": [0, 0, 0], "rotation": [0, 15, -90], "uv": [0, 20]},
						{"origin": [44.98511, -61.70303, 141.63291], "size": [94.0868, 3.5628, 3.266], "inflate": 0.01, "pivot": [0, 0, 0], "rotation": [22.5, 0, -90], "uv": [276, 391]},
						{"origin": [44.98571, -2.80481, 151.19999], "size": [94.0856, 3.5616, 3.2648], "pivot": [0, 0, 0], "rotation": [0, 0, -90], "uv": [82, 389]},
						{"origin": [44.98511, 55.26982, 137.49853], "size": [94.0868, 3.5628, 3.266], "inflate": 0.01, "pivot": [0, 0, 0], "rotation": [-22.5, 0, -90], "uv": [376, 296]},
						{"origin": [44.98571, 103.68186, 102.61676], "size": [94.0856, 3.5616, 3.2648], "pivot": [0, 0, 0], "rotation": [-45, 0, -90], "uv": [376, 290]},
						{"origin": [44.98511, 135.05868, 51.8628], "size": [94.0868, 3.5628, 3.266], "inflate": 0.01, "pivot": [0, 0, 0], "rotation": [-67.5, 0, -90], "uv": [376, 284]},
						{"origin": [44.98571, -148.18736, 3.76942], "size": [94.0856, 3.5616, 3.2648], "pivot": [0, 0, 0], "rotation": [90, 0, -90], "uv": [359, 114]},
						{"origin": [44.98511, 130.92431, -65.11005], "size": [94.0868, 3.5628, 3.266], "inflate": 0.01, "pivot": [0, 0, 0], "rotation": [-112.5, 0, -90], "uv": [359, 108]},
						{"origin": [44.98571, 96.04253, -113.52088], "size": [94.0856, 3.5616, 3.2648], "pivot": [0, 0, 0], "rotation": [-135, 0, -90], "uv": [359, 102]},
						{"origin": [44.98511, 45.28857, -144.89891], "size": [94.0868, 3.5628, 3.266], "inflate": 0.01, "pivot": [0, 0, 0], "rotation": [-157.5, 0, -90], "uv": [359, 96]},
						{"origin": [44.98571, -13.60845, -154.46479], "size": [94.0856, 3.5616, 3.2648], "pivot": [0, 0, 0], "rotation": [180, 0, -90], "uv": [359, 90]},
						{"origin": [44.98571, -13.60845, -151.19999], "size": [31.164, 3.5616, 10.6848], "pivot": [0, 0, 0], "rotation": [180, 0, -90], "uv": [0, 89]},
						{"origin": [44.98571, -2.80481, 140.51519], "size": [31.164, 3.5616, 10.6848], "pivot": [0, 0, 0], "rotation": [0, 0, -90], "uv": [136, 164]},
						{"origin": [44.98511, -71.68428, -140.76453], "size": [94.0868, 3.5628, 3.266], "inflate": 0.01, "pivot": [0, 0, 0], "rotation": [157.5, 0, -90], "uv": [359, 84]},
						{"origin": [44.98571, -120.09511, -105.88156], "size": [94.0856, 3.5616, 3.2648], "pivot": [0, 0, 0], "rotation": [135, 0, -90], "uv": [359, 78]},
						{"origin": [44.98571, -161.03902, 3.76942], "size": [94.0856, 3.5616, 3.2648], "pivot": [0, 0, 0], "rotation": [90, 0, -90], "uv": [82, 401]},
						{"origin": [44.98511, -151.47314, -55.1288], "size": [94.0868, 3.5628, 3.266], "inflate": 0.01, "pivot": [0, 0, 0], "rotation": [112.5, 0, -90], "uv": [136, 20]},
						{"origin": [44.98511, -147.33876, 61.84405], "size": [94.0868, 3.5628, 3.266], "inflate": 0.01, "pivot": [0, 0, 0], "rotation": [67.5, 0, -90], "uv": [276, 397]},
						{"origin": [44.98571, -112.45579, 110.25608], "size": [94.0856, 3.5616, 3.2648], "pivot": [0, 0, 0], "rotation": [45, 0, -90], "uv": [82, 395]},
						{"origin": [-5.68182, -4.78436, 46.74432], "size": [4.7488, 4.7488, 84.2912], "pivot": [0, 0, 0], "rotation": [-5.85463, 13.83447, -113.21088], "uv": [92, 301]},
						{"origin": [-2.6929, -4.06312, 46.74432], "size": [4.7488, 4.7488, 84.2912], "pivot": [0, 0, 0], "rotation": [-10.72858, 10.54529, -135.99297], "uv": [0, 285]},
						{"origin": [0.34452, -4.5406, 46.74432], "size": [4.7488, 4.7488, 84.2912], "pivot": [0, 0, 0], "rotation": [-13.9042, 5.68422, -158.19367], "uv": [284, 221]},
						{"origin": [4.77815, -8.62949, 46.74432], "size": [4.7488, 4.7488, 84.2912], "pivot": [0, 0, 0], "rotation": [-13.9042, -5.68422, 158.19367], "uv": [235, 129]},
						{"origin": [-7.7168, 1.39529, 46.74432], "size": [4.7488, 4.7488, 84.2912], "pivot": [0, 0, 0], "rotation": [15, 0, 0], "uv": [267, 40]},
						{"origin": [5.49939, -11.61842, 46.74432], "size": [4.7488, 4.7488, 84.2912], "pivot": [0, 0, 0], "rotation": [-10.72858, -10.54529, 135.99297], "uv": [100, 213]},
						{"origin": [5.02192, -14.65583, 46.74432], "size": [4.7488, 4.7488, 84.2912], "pivot": [0, 0, 0], "rotation": [-5.85463, -13.83447, 113.21088], "uv": [192, 217]},
						{"origin": [-7.7168, 35.10043, 124.98039], "size": [4.7488, 4.7488, 3.5616], "uv": [0, 261]},
						{"origin": [13.24291, -35.68008, 124.98039], "size": [4.7488, 4.7488, 4.16911], "pivot": [0, 0, 0], "rotation": [0, 0, -157.5], "uv": [212, 242]},
						{"origin": [21.14023, -27.89625, 125.17516], "size": [4.7488, 4.7488, 3.72855], "pivot": [0, 0, 0], "rotation": [0, 0, -135], "uv": [192, 267]},
						{"origin": [25.45766, -17.68276, 125.65283], "size": [4.7488, 4.7488, 3.25089], "pivot": [0, 0, 0], "rotation": [0, 0, -112.5], "uv": [273, 168]},
						{"origin": [-8.12025, -39.76898, 124.98039], "size": [4.7488, 4.7488, 4.16911], "pivot": [0, 0, 0], "rotation": [0, 0, 157.5], "uv": [251, 242]},
						{"origin": [-18.33374, -35.45155, 125.21226], "size": [4.7488, 4.7488, 3.69145], "pivot": [0, 0, 0], "rotation": [0, 0, 135], "uv": [273, 175]},
						{"origin": [-26.11757, -27.55423, 125.67138], "size": [4.7488, 4.7488, 3.23234], "pivot": [0, 0, 0], "rotation": [0, 0, 112.5], "uv": [165, 274]},
						{"origin": [3.41842, -17.27931, 46.74432], "size": [26.1184, 4.7488, 84.2912], "pivot": [0, 0, 0], "rotation": [0, -15, 90], "uv": [0, 108]},
						{"origin": [-40.63798, -6.53423, 40.42954], "size": [7.15566, 4.68851, 85.16769], "pivot": [0, 0, 0], "rotation": [0, 20, -90], "uv": [135, 124]},
						{"origin": [0.98927, -23.24837, 37.32071], "size": [34.43, 4.75, 3.5628], "inflate": 0.01, "pivot": [0, 0, 0], "rotation": [0, -15, 90], "uv": [136, 95]},
						{"origin": [0.98987, -44.08785, 16.37475], "size": [34.4288, 4.7488, 11.872], "pivot": [0, 0, 0], "rotation": [40, -15, 90], "uv": [82, 425]},
						{"origin": [2.68785, -21.09934, 37.32131], "size": [7.1232, 4.7488, 3.5616], "pivot": [0, 0, 0], "rotation": [-5.85463, -13.83447, 113.21088], "uv": [99, 243]},
						{"origin": [2.68785, -42.44206, 17.75573], "size": [7.1232, 4.7488, 11.872], "pivot": [0, 0, 0], "rotation": [34.14537, -13.83447, 113.21088], "uv": [136, 145]},
						{"origin": [3.43382, -18.46525, 37.32071], "size": [7.1244, 4.75, 3.5628], "inflate": 0.01, "pivot": [0, 0, 0], "rotation": [-10.72858, -10.54529, 135.99297], "uv": [39, 249]},
						{"origin": [3.43442, -40.42377, 19.44928], "size": [7.1232, 4.7488, 11.872], "pivot": [0, 0, 0], "rotation": [29.27142, -10.54529, 135.99297], "uv": [0, 148]},
						{"origin": [3.1159, -15.74481, 37.32131], "size": [7.1232, 4.7488, 3.5616], "pivot": [0, 0, 0], "rotation": [-13.9042, -5.68422, 158.19367], "uv": [60, 261]},
						{"origin": [3.1159, -38.34026, 21.19755], "size": [7.1232, 4.7488, 11.872], "pivot": [0, 0, 0], "rotation": [26.0958, -5.68422, 158.19367], "uv": [0, 196]},
						{"origin": [-8.9046, 8.60451, 37.32071], "size": [7.1244, 4.75, 3.5628], "inflate": 0.01, "pivot": [0, 0, 0], "rotation": [15, 0, 0], "uv": [99, 266]},
						{"origin": [-14.02389, -42.44449, 45.63171], "size": [17.808, 46.3008, 1.1872], "pivot": [0, 0, 0], "rotation": [15, 0, 0], "uv": [99, 196]},
						{"origin": [-8.904, 31.75991, 22.7344], "size": [7.1232, 4.7488, 11.872], "pivot": [0, 0, 0], "rotation": [-25, 0, 0], "uv": [192, 213]},
						{"origin": [-5.72216, -11.22787, 37.32131], "size": [7.1232, 4.7488, 3.5616], "pivot": [0, 0, 0], "rotation": [-5.85463, 13.83447, -113.21088], "uv": [143, 267]},
						{"origin": [-5.72216, -34.88007, 24.10099], "size": [7.1232, 4.7488, 10.6848], "pivot": [0, 0, 0], "rotation": [34.14537, 13.83447, -113.21088], "uv": [284, 217]},
						{"origin": [-35.41927, -12.56357, 37.32071], "size": [34.43, 4.75, 3.5628], "inflate": 0.01, "pivot": [0, 0, 0], "rotation": [0, 15, -90], "uv": [135, 196]},
						{"origin": [-35.41867, -35.90282, 23.2428], "size": [34.4288, 4.7488, 11.872], "pivot": [0, 0, 0], "rotation": [40, 15, -90], "uv": [422, 434]},
						{"origin": [-0.36764, -11.65592, 37.32131], "size": [7.1232, 4.7488, 3.5616], "pivot": [0, 0, 0], "rotation": [-13.9042, 5.68422, -158.19367], "uv": [163, 267]},
						{"origin": [-0.36764, -35.20798, 23.82585], "size": [7.1232, 4.7488, 11.872], "pivot": [0, 0, 0], "rotation": [26.0958, 5.68422, -158.19367], "uv": [0, 211]},
						{"origin": [-3.00293, -10.90995, 37.32071], "size": [7.1244, 4.75, 3.5628], "inflate": 0.01, "pivot": [0, 0, 0], "rotation": [-10.72858, 10.54529, -135.99297], "uv": [273, 128]},
						{"origin": [-3.00233, -34.63608, 24.30573], "size": [7.1232, 4.7488, 11.872], "pivot": [0, 0, 0], "rotation": [29.27142, 10.54529, -135.99297], "uv": [0, 163]},
						{"origin": [-35.03814, -25.16081, 37.32131], "size": [7.1232, 4.7488, 3.5616], "pivot": [0, 0, 0], "rotation": [5.85463, 13.83447, -66.78912], "uv": [63, 173]},
						{"origin": [-35.03814, -44.84935, 17.11766], "size": [7.1232, 4.7488, 11.872], "pivot": [0, 0, 0], "rotation": [43.35463, 13.83447, -66.78912], "uv": [136, 47]},
						{"origin": [-28.67899, -36.65467, 37.32071], "size": [5.9372, 4.75, 3.5628], "inflate": 0.01, "pivot": [0, 0, 0], "rotation": [10.72858, 10.54529, -44.00703], "uv": [68, 133]},
						{"origin": [-28.67839, -53.47473, 12.46541], "size": [5.936, 4.7488, 9.4976], "pivot": [0, 0, 0], "rotation": [45.72858, 10.54529, -44.00703], "uv": [296, 309]},
						{"origin": [-19.59168, -44.83869, 37.32131], "size": [7.1232, 4.7488, 3.5616], "pivot": [0, 0, 0], "rotation": [13.9042, 5.68422, -21.80633], "uv": [200, 149]},
						{"origin": [-19.59168, -59.2729, 12.98629], "size": [7.1232, 4.7488, 9.4976], "pivot": [0, 0, 0], "rotation": [43.9042, 5.68422, -21.80633], "uv": [0, 285]},
						{"origin": [0.94072, 44.17356, 37.32071], "size": [8.80781, 4.75, 3.5628], "inflate": 0.01, "pivot": [0, 0, 0], "rotation": [-15, 0, 180], "uv": [0, 226]},
						{"origin": [0.94132, 57.52402, 13.67347], "size": [8.80661, 4.7488, 8.3104], "pivot": [0, 0, 0], "rotation": [-42.5, 0, 180], "uv": [39, 173]},
						{"origin": [2.59701, -48.92759, 37.32131], "size": [7.1232, 4.7488, 3.5616], "pivot": [0, 0, 0], "rotation": [13.9042, -5.68422, 21.80633], "uv": [192, 242]},
						{"origin": [2.59701, -62.81399, 10.94184], "size": [7.1232, 4.7488, 9.4976], "pivot": [0, 0, 0], "rotation": [43.9042, -5.68422, 21.80633], "uv": [284, 272]},
						{"origin": [15.1865, -44.20997, 37.32071], "size": [5.9372, 4.75, 3.5628], "inflate": 0.01, "pivot": [0, 0, 0], "rotation": [10.72858, -10.54529, 44.00703], "uv": [119, 243]},
						{"origin": [15.1871, -59.25217, 10.72662], "size": [5.936, 4.7488, 10.6848], "pivot": [0, 0, 0], "rotation": [43.22858, -10.54529, 44.00703], "uv": [92, 301]},
						{"origin": [23.82604, -35.03228, 37.32131], "size": [7.1232, 4.7488, 3.5616], "pivot": [0, 0, 0], "rotation": [5.85463, -13.83447, 66.78912], "uv": [231, 242]},
						{"origin": [23.82604, -52.14624, 13.39563], "size": [7.1232, 4.7488, 11.872], "pivot": [0, 0, 0], "rotation": [40.85463, -13.83447, 66.78912], "uv": [0, 125]},
						{"origin": [33.48232, -17.21903, 40.42954], "size": [7.15566, 4.68851, 85.16769], "pivot": [0, 0, 0], "rotation": [0, -20, 90], "uv": [0, 196]},
						{"origin": [-7.7168, -50.2005, 40.42954], "size": [4.7488, 4.7488, 74.48289], "pivot": [0, 0, 0], "rotation": [20, 0, 0], "uv": [184, 305]},
						{"origin": [-11.2784, -59.65151, 80.25676], "size": [11.872, 5.936, 22.5568], "pivot": [0, 0, 0], "rotation": [24, 0, 0], "uv": [99, 253]},
						{"origin": [-11.2784, -60.66691, 80.25676], "size": [11.872, 1.0154, 10.6848], "pivot": [0, 0, 0], "rotation": [24, 0, 0], "uv": [0, 549]},
						{"origin": [-21.95297, -45.24341, 40.42954], "size": [4.7488, 4.7488, 74.48289], "pivot": [0, 0, 0], "rotation": [18.58597, 7.52076, -21.26765], "uv": [268, 309]},
						{"origin": [-33.20909, -35.21631, 40.42894], "size": [4.75, 4.75, 74.48409], "inflate": 0.01, "pivot": [0, 0, 0], "rotation": [14.43276, 13.99545, -43.21918], "uv": [327, 128]},
						{"origin": [-39.76979, -21.64402, 40.42954], "size": [4.7488, 4.7488, 74.48289], "pivot": [0, 0, 0], "rotation": [7.92945, 18.42031, -66.21227], "uv": [350, 313]},
						{"origin": [30.93209, -31.51549, 40.42954], "size": [4.7488, 4.7488, 74.48289], "pivot": [0, 0, 0], "rotation": [7.92945, -18.42031, 66.21227], "uv": [359, 0]},
						{"origin": [20.90379, -42.7716, 40.42894], "size": [4.75, 4.75, 74.48409], "inflate": 0.01, "pivot": [0, 0, 0], "rotation": [14.43276, -13.99545, 43.21918], "uv": [0, 373]},
						{"origin": [7.3327, -49.3323, 40.42954], "size": [4.7488, 4.7488, 74.48289], "pivot": [0, 0, 0], "rotation": [18.58597, -7.52076, 21.26765], "uv": [376, 206]},
						{"origin": [114.68082, -21.51121, -0.5942], "size": [5.9372, 6.46124, 11.8732], "inflate": 0.01, "pivot": [0, 0, 0], "rotation": [90, -86, -90], "uv": [274, 57]},
						{"origin": [-124.97364, -37.79559, -0.5936], "size": [10.6848, 11.872, 11.872], "pivot": [0, 0, 0], "rotation": [90, 71.5, -90], "uv": [27, 401]},
						{"origin": [-108.56254, -78.08361, -0.5942], "size": [5.9372, 7.1244, 11.8732], "inflate": 0.01, "pivot": [0, 0, 0], "rotation": [90, 49, -90], "uv": [274, 39]},
						{"origin": [99.65233, 91.83417, -0.5945], "size": [1.83825, 4.7506, 11.8738], "inflate": 0.015, "pivot": [0, 0, 0], "rotation": [-90, -34, 90], "uv": [92, 315]},
						{"origin": [101.48908, 91.83447, 3.03232], "size": [7.77365, 4.75, 4.62015], "inflate": 0.01, "pivot": [0, 0, 0], "rotation": [-90, -34, 90], "uv": [187, 84]},
						{"origin": [91.73002, 91.83507, -43.42938], "size": [8.57474, 4.7488, 3.5616], "pivot": [0, 0, 0], "rotation": [-105.91071, -30.45097, 119.35639], "uv": [61, 226]},
						{"origin": [87.21443, 91.83507, 49.55149], "size": [8.57474, 4.7488, 3.5616], "pivot": [0, 0, 0], "rotation": [-74.08929, -30.45097, 60.64361], "uv": [39, 226]},
						{"origin": [66.55296, 114.49802, -0.5936], "size": [5.936, 4.7488, 11.872], "pivot": [0, 0, 0], "rotation": [-90, -19, 90], "uv": [284, 231]},
						{"origin": [-77.26172, -111.49049, -0.5936], "size": [5.936, 4.7488, 11.872], "pivot": [0, 0, 0], "rotation": [90, 26.5, -90], "uv": [284, 257]},
						{"origin": [-34.65216, -132.57177, -0.5948], "size": [24.9336, 4.7512, 11.8744], "inflate": 0.02, "pivot": [0, 0, 0], "rotation": [90, 4, -90], "uv": [0, 345]},
						{"origin": [-1.97068, -138.66513, -0.5942], "size": [26.40249, 5.28331, 11.8732], "inflate": -0.01, "pivot": [0, 0, 0], "rotation": [90, -11, -90], "uv": [327, 178]},
						{"origin": [-105.50088, -91.63923, -1.7808], "size": [5.936, 11.872, 14.2464], "pivot": [0, 0, 0], "rotation": [90, 45, -90], "uv": [313, 39]},
						{"origin": [-71.06322, -118.45607, -1.1872], "size": [5.936, 4.7488, 13.0592], "pivot": [0, 0, 0], "rotation": [90, 22.5, -90], "uv": [0, 108]},
						{"origin": [-125.51664, -47.1046, -1.7814], "size": [10.686, 11.8732, 14.2476], "inflate": 0.01, "pivot": [0, 0, 0], "rotation": [90, 67.5, -90], "uv": [210, 454]},
						{"origin": [-69.6463, -119.77713, -4.1564], "size": [5.9384, 4.92742, 18.9976], "inflate": 0.02, "pivot": [0, 0, 0], "rotation": [90, 22.5, -90], "uv": [27, 373]},
						{"origin": [-104.69669, -94.23232, -4.1561], "size": [5.9378, 12.88014, 18.997], "inflate": 0.015, "pivot": [0, 0, 0], "rotation": [90, 45, -90], "uv": [39, 196]},
						{"origin": [-125.44656, -43.10404, -4.1552], "size": [7.1232, 6.11223, 18.9952], "pivot": [0, 0, 0], "rotation": [90, 67.5, -90], "uv": [27, 451]},
						{"origin": [10.5051, -127.26294, 12.4656], "size": [14.2464, 3.73783, 1.1872], "pivot": [0, 0, 0], "rotation": [90, -10, -90], "uv": [0, 140]},
						{"origin": [-49.93396, -123.79316, 12.465], "size": [11.8732, 3.73903, 1.1884], "inflate": 0.01, "pivot": [0, 0, 0], "rotation": [90, 17.5, -90], "uv": [135, 203]},
						{"origin": [-107.00915, -82.62618, -4.1558], "size": [7.1244, 5.9372, 18.9964], "inflate": 0.01, "pivot": [0, 0, 0], "rotation": [90, 50, -90], "uv": [158, 454]},
						{"origin": [-52.31367, -127.43453, -4.1552], "size": [7.1232, 5.936, 18.9952], "pivot": [0, 0, 0], "rotation": [90, 20, -90], "uv": [79, 451]},
						{"origin": [-23.66179, -139.18598, -4.1564], "size": [7.1256, 4.99235, 18.9976], "inflate": 0.02, "pivot": [0, 0, 0], "rotation": [90, 7.5, -90], "uv": [262, 456]},
						{"origin": [26.0504, -136.30582, -1.1872], "size": [12.72994, 4.7488, 13.0592], "pivot": [0, 0, 0], "rotation": [90, -20, -90], "uv": [266, 359]},
						{"origin": [76.4982, -113.00818, -1.1884], "size": [11.54514, 4.7512, 13.0616], "inflate": 0.02, "pivot": [0, 0, 0], "rotation": [90, -42.5, -90], "uv": [0, 429]},
						{"origin": [-11.43494, -142.79789, -1.1872], "size": [11.54274, 4.7488, 13.0592], "pivot": [0, 0, 0], "rotation": [90, 0, -90], "uv": [203, 407]},
						{"origin": [-10.1959, -141.35284, -1.1872], "size": [39.74801, 13.0592, 13.0592], "pivot": [0, 0, 0], "rotation": [90, 0, -90], "uv": [432, 309]},
						{"origin": [29.55211, -141.35284, -3.5616], "size": [37.9904, 11.872, 1.1872], "pivot": [0, 0, 0], "rotation": [90, 0, -90], "uv": [136, 177]},
						{"origin": [29.55211, -141.35284, -2.3744], "size": [37.9904, 12.40995, 17.808], "pivot": [0, 0, 0], "rotation": [90, 0, -90], "uv": [156, 425]},
						{"origin": [67.54251, -141.35284, -4.7488], "size": [17.808, 12.40995, 20.1824], "pivot": [0, 0, 0], "rotation": [90, 0, -90], "uv": [184, 305]},
						{"origin": [85.35051, -130.13009, -3.5616], "size": [52.2368, 1.1872, 17.808], "pivot": [0, 0, 0], "rotation": [90, 0, -90], "uv": [82, 407]},
						{"origin": [85.35111, 88.65856, 93.70951], "size": [52.2356, 1.186, 1.66366], "inflate": -0.01, "pivot": [0, 0, 0], "rotation": [-45, 0, -90], "uv": [175, 28]},
						{"origin": [85.35111, -82.28926, 101.26481], "size": [52.2356, 1.186, 1.66366], "inflate": -0.01, "pivot": [0, 0, 0], "rotation": [45, 0, -90], "uv": [175, 26]},
						{"origin": [85.35051, -141.35284, -4.7488], "size": [52.2368, 11.22275, 20.1824], "pivot": [0, 0, 0], "rotation": [90, 0, -90], "uv": [256, 403]},
						{"origin": [2.9363, -141.40041, -5.0468], "size": [22.21139, 14.05866, 20.7784], "inflate": 0.02, "pivot": [0, 0, 0], "rotation": [90, 0, -90], "uv": [0, 20]},
						{"origin": [12.4351, -141.39921, -6.2328], "size": [18.64739, 12.48415, 23.1504], "pivot": [0, 0, 0], "rotation": [90, 0, -90], "uv": [0, 54]},
						{"origin": [31.08248, -131.60481, -6.2328], "size": [9.1637, 2.68975, 7.7168], "pivot": [0, 0, 0], "rotation": [90, 0, -90], "uv": [175, 149]},
						{"origin": [25.46178, -131.60481, -31.78523], "size": [11.5381, 2.68975, 7.7168], "pivot": [0, 0, 0], "rotation": [90, 0, -132.5], "uv": [39, 133]},
						{"origin": [31.08248, -141.39921, 12.7624], "size": [9.14979, 12.48415, 4.1552], "pivot": [0, 0, 0], "rotation": [90, 0, -90], "uv": [274, 79]},
						{"origin": [14.70757, -141.39921, 34.56211], "size": [10.33699, 12.48415, 6.5296], "pivot": [0, 0, 0], "rotation": [90, 0, -42.5], "uv": [187, 66]},
						{"origin": [4.563, -141.67377, -8.3104], "size": [12.33111, 2.597, 27.3056], "pivot": [0, 0, 0], "rotation": [90, -2.5, -90], "uv": [136, 66]},
						{"origin": [15.43319, -139.86674, -8.311], "size": [7.58351, 2.5982, 27.3068], "inflate": 0.01, "pivot": [0, 0, 0], "rotation": [90, -10, -90], "uv": [274, 79]},
						{"origin": [23.63924, -136.52069, -4.1552], "size": [10.6848, 4.9714, 18.9952], "pivot": [0, 0, 0], "rotation": [90, -17.5, -90], "uv": [350, 361]},
						{"origin": [-6.67894, -14.77552, 126.99996], "size": [12.6848, 9.2214, 19.09286], "pivot": [-5.33654, -12.66482, 136.54639], "rotation": [90, 0, -90], "uv": [4, 595]},
						{"origin": [-10.67894, -13.46032, 126.99996], "size": [4.1848, 5.2214, 19.09286], "pivot": [-5.33654, -12.84962, 136.54639], "rotation": [90, 0, -90], "uv": [466, 562]},
						{"origin": [76.49414, -92.60753, -1.7808], "size": [15.4336, 9.4976, 14.2464], "pivot": [0, 0, 0], "rotation": [90, -45, -90], "uv": [359, 39]},
						{"origin": [-95.72242, -87.40045, -5.07463], "size": [8.3116, 6.59573, 20.82821], "inflate": 0.01, "pivot": [0, 0, 0], "rotation": [90, 48.5, -90], "uv": [350, 335]},
						{"origin": [-125.26783, -6.96619, -5.07403], "size": [8.3104, 6.59453, 20.82701], "pivot": [0, 0, 0], "rotation": [90.00005, 88.5, -89.99995], "uv": [350, 309]},
						{"origin": [-50.78785, -124.59379, -5.07403], "size": [8.3104, 9.4976, 20.82701], "pivot": [0, 0, 0], "rotation": [90, 23.5, -90], "uv": [184, 337]},
						{"origin": [-22.14057, -136.99593, -1.1878], "size": [21.3708, 4.75, 13.0604], "inflate": 0.01, "pivot": [0, 0, 0], "rotation": [90, 0, -90], "uv": [92, 341]},
						{"origin": [-127.11801, -46.98691, -6.57133], "size": [4.7488, 14.2464, 4.7488], "pivot": [0, 0, 0], "rotation": [90, 82.5, -90], "uv": [39, 196]},
						{"origin": [-104.20942, -92.05621, -6.56669], "size": [4.7488, 14.2464, 4.7488], "pivot": [0, 0, 0], "rotation": [90, 60, -90], "uv": [67, 196]},
						{"origin": [-65.79736, -124.92806, -6.56205], "size": [4.7488, 14.2464, 4.7488], "pivot": [0, 0, 0], "rotation": [90, 37.5, -90], "uv": [199, 30]},
						{"origin": [-19.97431, -140.59804, -6.56498], "size": [6.98408, 14.2464, 4.73317], "pivot": [0, 0, 0], "rotation": [90, 15, -90], "uv": [0, 54]},
						{"origin": [-21.97431, -139.59804, -6.5806], "size": [10.98408, 13.2464, 23.84646], "pivot": [0, 0, 0], "rotation": [90, 15, -90], "uv": [271, 549]},
						{"origin": [-10.97431, -135.59804, -6.5806], "size": [5.48408, 9.2464, 23.84646], "pivot": [0, 0, 0], "rotation": [90, 15, -90], "uv": [350, 549]},
						{"origin": [-27.47431, -135.59804, -6.5806], "size": [5.48408, 9.2464, 23.84646], "pivot": [0, 0, 0], "rotation": [90, 15, -90], "uv": [425, 545]},
						{"origin": [30.60189, -137.53949, -6.56669], "size": [4.7488, 14.2464, 4.7488], "pivot": [0, 0, 0], "rotation": [90, -7.5, -90], "uv": [199, 124]},
						{"origin": [76.15774, -115.35908, -6.55278], "size": [4.7488, 14.2464, 4.7488], "pivot": [0, 0, 0], "rotation": [90, -30, -90], "uv": [138, 213]},
						{"origin": [109.75779, -77.43359, -6.57133], "size": [4.7488, 14.2464, 4.7488], "pivot": [0, 0, 0], "rotation": [90, -52.5, -90], "uv": [231, 217]},
						{"origin": [-127.11801, -46.98691, 12.46559], "size": [4.7488, 14.2464, 4.7488], "pivot": [0, 0, 0], "rotation": [90, 82.5, -90], "uv": [64, 20]},
						{"origin": [-104.20942, -92.05621, 12.47023], "size": [4.7488, 14.2464, 4.7488], "pivot": [0, 0, 0], "rotation": [90, 60, -90], "uv": [39, 108]},
						{"origin": [-65.79736, -124.92806, 12.47486], "size": [4.7488, 14.2464, 4.7488], "pivot": [0, 0, 0], "rotation": [90, 37.5, -90], "uv": [63, 108]},
						{"origin": [-19.97431, -140.59804, 12.5166], "size": [6.98407, 14.2464, 4.72146], "pivot": [0, 0, 0], "rotation": [90, 15, -90], "uv": [0, 20]},
						{"origin": [30.60189, -137.53949, 12.47023], "size": [4.7488, 14.2464, 4.7488], "pivot": [0, 0, 0], "rotation": [90, -7.5, -90], "uv": [39, 148]},
						{"origin": [76.15774, -115.35908, 12.48414], "size": [4.7488, 14.2464, 4.7488], "pivot": [0, 0, 0], "rotation": [90, -30, -90], "uv": [175, 30]},
						{"origin": [109.75779, -77.43359, 12.46559], "size": [4.7488, 14.2464, 4.7488], "pivot": [0, 0, 0], "rotation": [90, -52.5, -90], "uv": [175, 124]},
						{"origin": [89.81446, -103.78812, 1.45155], "size": [5.936, 3.5616, 7.7168], "pivot": [0, 0, 0], "rotation": [90, -22.5, -90], "uv": [231, 278]},
						{"origin": [115.57193, -63.89222, 1.45095], "size": [7.1244, 5.9372, 7.718], "inflate": 0.01, "pivot": [0, 0, 0], "rotation": [90, -45, -90], "uv": [138, 238]},
						{"origin": [127.76158, -11.69816, 1.45155], "size": [4.7488, 3.5616, 7.7168], "pivot": [0, 0, 0], "rotation": [90, -67.5, -90], "uv": [315, 93]},
						{"origin": [110.3448, 34.52355, 1.45215], "size": [12.1676, 7.122, 7.7156], "inflate": -0.01, "pivot": [0, 0, 0], "rotation": [0, -90, 0], "uv": [143, 253]},
						{"origin": [116.8738, 43.3713, 2.63875], "size": [1.1872, 7.1232, 5.3424], "pivot": [0, 0, 0], "rotation": [0, -90, 0], "uv": [0, 108]},
						{"origin": [113.609, 37.4353, 2.63875], "size": [7.7168, 5.936, 5.3424], "pivot": [0, 0, 0], "rotation": [0, -90, 0], "uv": [274, 95]},
						{"origin": [110.641, 37.4353, 2.63875], "size": [2.968, 8.3104, 5.3424], "pivot": [0, 0, 0], "rotation": [0, -90, 0], "uv": [252, 186]},
						{"origin": [107.673, 37.4353, 2.63875], "size": [2.968, 10.6848, 5.3424], "pivot": [0, 0, 0], "rotation": [0, -90, 0], "uv": [255, 217]},
						{"origin": [105.8916, 37.4347, 2.63815], "size": [1.782, 16.622, 5.3436], "inflate": 0.01, "pivot": [0, 0, 0], "rotation": [0, -90, 0], "uv": [263, 248]},
						{"origin": [127.2612, 37.4347, 2.63815], "size": [1.782, 17.8092, 5.3436], "inflate": 0.01, "pivot": [0, 0, 0], "rotation": [0, -90, 0], "uv": [71, 143]},
						{"origin": [124.2938, 37.4353, 2.63875], "size": [2.968, 10.6848, 5.3424], "pivot": [0, 0, 0], "rotation": [0, -90, 0], "uv": [231, 253]},
						{"origin": [121.3258, 37.4353, 2.63875], "size": [2.968, 8.3104, 5.3424], "pivot": [0, 0, 0], "rotation": [0, -90, 0], "uv": [252, 168]},
						{"origin": [84.81468, 78.32047, 1.45095], "size": [4.75, 3.5628, 7.718], "inflate": 0.01, "pivot": [0, 0, 0], "rotation": [-90, -67.5, 90], "uv": [105, 315]},
						{"origin": [43.63813, 104.81664, 1.45155], "size": [4.7488, 3.5616, 7.7168], "pivot": [0, 0, 0], "rotation": [-90, -45, 90], "uv": [323, 242]},
						{"origin": [104.40044, -79.08915, -9.16955], "size": [24.9336, 3.564, 7.7192], "inflate": 0.02, "pivot": [0, 0, 0], "rotation": [0, -90, 180], "uv": [359, 62]},
						{"origin": [129.6492, -29.93471, -9.16835], "size": [4.7488, 3.5616, 7.7168], "pivot": [0, 0, 0], "rotation": [-90, -67.5, -90], "uv": [39, 310]},
						{"origin": [126.48636, 21.95794, -9.16895], "size": [4.75, 3.5628, 7.718], "inflate": 0.01, "pivot": [0, 0, 0], "rotation": [-90, -45, -90], "uv": [61, 310]},
						{"origin": [127.58291, 17.89421, -9.2014], "size": [2.16691, 4.6387, 7.718], "inflate": 0.01, "pivot": [0, 0, 0], "rotation": [-90, -45, -90], "uv": [202, 196]},
						{"origin": [103.70584, 68.6906, -9.16925], "size": [4.7506, 3.5634, 7.7186], "inflate": 0.015, "pivot": [0, 0, 0], "rotation": [-90, -22.5, -90], "uv": [297, 178]},
						{"origin": [82.64134, -119.83534, -9.16835], "size": [4.7488, 3.5616, 7.7168], "pivot": [0, 0, 0], "rotation": [90, -67.5, 90], "uv": [313, 64]},
						{"origin": [34.87836, -145.34398, -9.16895], "size": [4.75, 4.75, 7.718], "inflate": 0.01, "pivot": [0, 0, 0], "rotation": [90, -45, 90], "uv": [297, 128]},
						{"origin": [-18.55491, -148.34783, -9.16835], "size": [6.4183, 3.5616, 7.7168], "pivot": [0, 0, 0], "rotation": [90, -22.5, 90], "uv": [273, 193]},
						{"origin": [141.80427, 22.99662, 1.45155], "size": [4.7488, 3.5616, 7.7168], "pivot": [0, 0, 0], "rotation": [90, -67.5, -90], "uv": [297, 168]},
						{"origin": [144.19721, -36.02513, 1.45095], "size": [4.75, 4.75, 7.718], "inflate": 0.01, "pivot": [0, 0, 0], "rotation": [90, -45, -90], "uv": [162, 285]},
						{"origin": [124.27705, -89.1849, 1.45155], "size": [6.33946, 3.5616, 7.7168], "pivot": [0, 0, 0], "rotation": [90, -22.5, -90], "uv": [273, 153]},
						{"origin": [-15.5132, -117.21002, 1.4831], "size": [21.0746, 3.5634, 7.7186], "inflate": 0.015, "pivot": [0, 0, 0], "rotation": [90, 22.5, -90], "uv": [184, 366]},
						{"origin": [38.02263, -107.77193, 1.4846], "size": [7.59503, 3.13839, 7.7156], "inflate": -0.01, "pivot": [0, 0, 0], "rotation": [90, 0, -90], "uv": [39, 261]},
						{"origin": [48.62826, -106.72711, 1.484], "size": [28.93336, 3.8584, 7.7168], "pivot": [0, 0, 0], "rotation": [90, 0, -90], "uv": [92, 285]},
						{"origin": [66.14006, -88.48966, 1.484], "size": [11.872, 7.1232, 7.7168], "pivot": [0, 0, 0], "rotation": [90, -22.5, -90], "uv": [192, 253]},
						{"origin": [92.27198, -49.98192, 1.4846], "size": [11.8708, 7.122, 7.7156], "inflate": -0.01, "pivot": [0, 0, 0], "rotation": [90, -47.5, -90], "uv": [192, 228]},
						{"origin": [-109.30907, -30.63528, 10.09712], "size": [2.6712, 7.1232, 14.32524], "pivot": [0, 0, 0], "rotation": [0, 90, -150], "uv": [136, 124]},
						{"origin": [-137.51287, -61.80016, -5.74038], "size": [5.09198, 30.4962, 20.26124], "pivot": [0, 0, 0], "rotation": [0, 90, 180], "uv": [266, 309]},
						{"origin": [-120.46164, -41.49718, -69.10927], "size": [4.45664, 10.19786, 3.5616], "pivot": [0, 0, 0], "rotation": [-180, 62.5, 0], "uv": [252, 142]},
						{"origin": [-135.45027, -73.88741, -5.74129], "size": [4.19874, 30.59539, 20.26304], "inflate": 0.015, "pivot": [0, 0, 0], "rotation": [90.00002, 85, -89.99998], "uv": [327, 128]},
						{"origin": [-110.24417, 12.50524, 10.09712], "size": [2.6712, 4.7488, 14.32524], "pivot": [0, 0, 0], "rotation": [-90, 67.5, 120], "uv": [0, 254]},
						{"origin": [-94.59891, 52.71972, 10.09712], "size": [2.6712, 5.936, 9.57644], "pivot": [0, 0, 0], "rotation": [-90, 45, 120], "uv": [63, 236]},
						{"origin": [-64.75517, 83.88589, 10.09712], "size": [2.6712, 4.7488, 9.57644], "pivot": [0, 0, 0], "rotation": [-90, 22.5, 120], "uv": [99, 253]},
						{"origin": [16.98539, -111.94376, 9.51478], "size": [8.6072, 10.6848, 13.13804], "pivot": [0, 0, 0], "rotation": [90, 0, -60], "uv": [323, 257]},
						{"origin": [-91.936, -70.13408, 10.09712], "size": [2.6712, 4.7488, 14.32524], "pivot": [0, 0, 0], "rotation": [90, 67.5, -60], "uv": [192, 267]},
						{"origin": [-60.76984, -99.97783, 10.09712], "size": [2.6712, 4.7488, 14.32524], "pivot": [0, 0, 0], "rotation": [90, 45, -60], "uv": [0, 236]},
						{"origin": [-69.68697, 81.84307, -10.42763], "size": [2.6712, 4.7488, 9.57644], "pivot": [0, 0, 0], "rotation": [-90, 22.5, 60], "uv": [59, 64]},
						{"origin": [-112.28698, 7.57344, -15.17643], "size": [2.6712, 4.7488, 14.32524], "pivot": [0, 0, 0], "rotation": [-90, 67.5, 60], "uv": [234, 124]},
						{"origin": [-98.37355, 48.94509, -10.42763], "size": [2.6712, 5.936, 9.57644], "pivot": [0, 0, 0], "rotation": [-90, 45, 60], "uv": [162, 213]},
						{"origin": [-109.30907, -35.97343, -15.17643], "size": [2.6712, 7.1232, 14.32524], "pivot": [0, 0, 0], "rotation": [0, 90, 150], "uv": [136, 26]},
						{"origin": [-89.89318, -75.06588, -15.17643], "size": [2.6712, 4.7488, 14.32524], "pivot": [0, 0, 0], "rotation": [90, 67.5, -120], "uv": [234, 142]},
						{"origin": [-56.9952, -103.75247, -15.17643], "size": [2.6712, 4.7488, 14.32524], "pivot": [0, 0, 0], "rotation": [90, 45, -120], "uv": [234, 168]},
						{"origin": [-60.10278, -100.64609, -6.57388], "size": [2.6724, 4.75, 23.82404], "inflate": 0.01, "pivot": [0, 0, 0], "rotation": [90, 45, -90], "uv": [339, 513]},
						{"origin": [-19.68301, -115.98441, -6.57328], "size": [2.6712, 5.936, 23.82284], "pivot": [0, 0, 0], "rotation": [90, 22.5, -90], "uv": [239, 511]},
						{"origin": [-91.57467, -71.00642, -6.57328], "size": [2.6712, 4.7488, 23.82284], "pivot": [0, 0, 0], "rotation": [90, 67.5, -90], "uv": [514, 225]},
						{"origin": [-109.30967, -31.5801, -6.57388], "size": [2.6724, 7.1244, 23.82404], "inflate": 0.01, "pivot": [0, 0, 0], "rotation": [0, 90, 180], "uv": [156, 510]},
						{"origin": [-110.6055, 11.6329, -6.57328], "size": [2.6712, 4.7488, 23.82284], "pivot": [0, 0, 0], "rotation": [-90, 67.5, 90], "uv": [514, 252]},
						{"origin": [-95.26717, 52.05146, -6.57388], "size": [2.6724, 5.9372, 23.82404], "inflate": 0.01, "pivot": [0, 0, 0], "rotation": [-90, 45, 90], "uv": [289, 512]},
						{"origin": [-65.62751, 83.52455, -6.57327], "size": [2.6712, 4.7488, 23.82284], "pivot": [0, 0, 0], "rotation": [-90, 22.5, 90], "uv": [366, 517]},
						{"origin": [-26.19998, 101.25956, -6.57267], "size": [2.67, 4.7476, 23.82164], "inflate": -0.01, "pivot": [0, 0, 0], "rotation": [-90, 0, 90], "uv": [513, 312]},
						{"origin": [79.83655, 89.73746, 2.63875], "size": [6.5296, 1.7808, 5.3424], "pivot": [0, 0, 0], "rotation": [-90, -67.5, 90], "uv": [198, 57]},
						{"origin": [33.11588, 113.50392, 2.63875], "size": [6.5296, 1.7808, 5.3424], "pivot": [0, 0, 0], "rotation": [-90, -45, 90], "uv": [154, 203]},
						{"origin": [113.9058, 49.9009, 2.63875], "size": [6.5296, 1.7808, 5.3424], "pivot": [0, 0, 0], "rotation": [0, -90, 0], "uv": [176, 203]},
						{"origin": [130.13689, 0.05897, 2.63875], "size": [6.5296, 1.7808, 5.3424], "pivot": [0, 0, 0], "rotation": [90, -67.5, -90], "uv": [162, 227]},
						{"origin": [126.05878, -52.20033, 2.63875], "size": [6.5296, 1.7808, 5.3424], "pivot": [0, 0, 0], "rotation": [90, -45, -90], "uv": [159, 238]},
						{"origin": [136.00623, -67.1675, 0.99098], "size": [1.782, 4.75, 4.75], "inflate": 0.01, "pivot": [0, 0, 0], "rotation": [0, -90, -180], "uv": [0, 89]},
						{"origin": [149.57559, -10.00776, 0.99038], "size": [1.7832, 4.7512, 4.7512], "inflate": 0.02, "pivot": [0, 0, 0], "rotation": [-90, -67.5, -90], "uv": [0, 125]},
						{"origin": [109.41643, 98.00957, 0.99158], "size": [1.7808, 4.7488, 4.7488], "pivot": [0, 0, 0], "rotation": [-90, -22.5, -90], "uv": [136, 47]},
						{"origin": [61.80076, 132.42149, 0.99218], "size": [1.7796, 4.7476, 4.7476], "inflate": -0.01, "pivot": [0, 0, 0], "rotation": [-90, 0, -90], "uv": [136, 66]},
						{"origin": [140.2381, 47.99432, 0.9902], "size": [1.78356, 4.75156, 4.75156], "inflate": 0.023, "pivot": [0, 0, 0], "rotation": [-90, -45, -90], "uv": [136, 145]},
						{"origin": [148.76554, -13.13375, -0.02782], "size": [2.968, 2.3744, 4.7488], "pivot": [0, 0, 0], "rotation": [-90, -67.5, -90], "uv": [63, 161]},
						{"origin": [139.49891, 44.7955, -0.02842], "size": [2.9692, 2.3756, 4.75], "inflate": 0.01, "pivot": [0, 0, 0], "rotation": [-90, -45, -90], "uv": [161, 145]},
						{"origin": [108.85813, 95.58655, -0.02782], "size": [2.87989, 1.5582, 4.7488], "pivot": [0, 0, 0], "rotation": [-90, -22.5, -90], "uv": [0, 72]},
						{"origin": [31.05002, 128.94289, 2.3744], "size": [36.49249, 2.5599, 2.3744], "pivot": [0, 0, 0], "rotation": [-90, 0, -90], "uv": [0, 188]},
						{"origin": [101.59401, -114.78467, 0.99008], "size": [1.7838, 4.7518, 4.7518], "inflate": 0.025, "pivot": [0, 0, 0], "rotation": [90, -67.5, 90], "uv": [0, 148]},
						{"origin": [51.58074, -145.60712, 0.99068], "size": [1.7826, 4.7506, 4.7506], "inflate": 0.015, "pivot": [0, 0, 0], "rotation": [90, -45, 90], "uv": [0, 163]},
						{"origin": [71.77688, -123.95803, 0.99158], "size": [4.1552, 3.72855, 4.7488], "pivot": [0, 0, 0], "rotation": [90, -45, 90], "uv": [273, 135]},
						{"origin": [61.79956, 136.62418, 0.99098], "size": [1.782, 4.75, 4.75], "inflate": 0.01, "pivot": [0, 0, 0], "rotation": [-90, 0, -90], "uv": [25, 163]},
						{"origin": [-6.42182, -154.94473, 0.99038], "size": [1.7832, 4.7512, 4.7512], "inflate": 0.02, "pivot": [0, 0, 0], "rotation": [90, -22.5, 90], "uv": [136, 164]},
						{"origin": [106.69708, -30.95402, -17.49891], "size": [2.4858, 7.46237, 25.61471], "inflate": 0.015, "pivot": [0, 0, 0], "rotation": [0, -90, -180], "uv": [85, 539]},
						{"origin": [55.31616, -99.09176, -17.49897], "size": [3.51897, 7.03383, 25.61477], "pivot": [0, 0, 0], "rotation": [90, -45, 90], "uv": [500, 529]},
						{"origin": [93.81523, -60.59243, -8.11538], "size": [3.51897, 7.034, 25.61441], "pivot": [0, 0, 0], "rotation": [90, -45, -90], "uv": [500, 529]},
						{"origin": [25.98036, -111.67099, -8.11538], "size": [2.4852, 7.46177, 25.61411], "inflate": 0.01, "pivot": [0, 0, 0], "rotation": [90, 0, -90], "uv": [158, 541]},
						{"origin": [4.59661, -142.53759, -138.80121], "size": [1.484, 3.74246, 37.9533], "pivot": [0, 0, 0], "rotation": [90, 0, -180], "uv": [0, 108]},
						{"origin": [47.44503, -134.01451, 100.84791], "size": [1.484, 3.74246, 37.9533], "pivot": [0, 0, 0], "rotation": [90, -22.5, 0], "uv": [136, 26]},
						{"origin": [93.63462, -105.65684, 100.84791], "size": [1.484, 3.74246, 37.9533], "pivot": [0, 0, 0], "rotation": [90, -45, 0], "uv": [136, 124]},
						{"origin": [138.0653, -9.06889, 100.84791], "size": [1.484, 3.74246, 37.9533], "pivot": [0, 0, 0], "rotation": [0, -90, 90], "uv": [0, 148]},
						{"origin": [129.54222, 44.45674, 100.84791], "size": [1.484, 3.74246, 37.9533], "pivot": [0, 0, 0], "rotation": [-90, -67.5, 180], "uv": [0, 196]},
						{"origin": [101.18455, 90.64634, 100.84791], "size": [1.484, 3.74246, 37.9533], "pivot": [0, 0, 0], "rotation": [-90, -45, 180], "uv": [99, 213]},
						{"origin": [57.30948, 122.46795, 100.84791], "size": [1.484, 3.74246, 37.9533], "pivot": [0, 0, 0], "rotation": [-90, -22.5, -180], "uv": [192, 213]},
						{"origin": [4.59661, 135.07702, 100.84791], "size": [1.484, 3.74246, 37.9533], "pivot": [0, 0, 0], "rotation": [-90, 0, -180], "uv": [234, 128]},
						{"origin": [47.44503, 126.55394, -138.80121], "size": [1.484, 3.74246, 37.9533], "pivot": [0, 0, 0], "rotation": [-90, -22.5, 0], "uv": [234, 168]},
						{"origin": [125.45623, 54.3212, -138.80121], "size": [1.484, 3.74246, 37.9533], "pivot": [0, 0, 0], "rotation": [-90, -67.5, 0], "uv": [0, 236]},
						{"origin": [93.63462, 98.19626, -138.80121], "size": [1.484, 3.74246, 37.9533], "pivot": [0, 0, 0], "rotation": [-90, -45, 0], "uv": [192, 253]},
						{"origin": [138.06531, 1.60832, -138.8012], "size": [1.484, 3.74246, 37.9533], "pivot": [0, 0, 0], "rotation": [0, -90, -90], "uv": [274, 39]},
						{"origin": [129.54222, -51.91731, -138.80121], "size": [1.484, 3.74246, 37.9533], "pivot": [0, 0, 0], "rotation": [90, -67.5, 180], "uv": [284, 217]},
						{"origin": [101.18455, -98.10691, -138.80121], "size": [1.484, 3.74246, 37.9533], "pivot": [0, 0, 0], "rotation": [90, -45, -180], "uv": [284, 257]},
						{"origin": [57.30948, -129.92852, -138.80121], "size": [1.484, 3.74246, 37.9533], "pivot": [0, 0, 0], "rotation": [90, -22.5, -180], "uv": [0, 285]},
						{"origin": [125.45623, -61.78177, 100.84791], "size": [1.484, 3.74246, 37.9533], "pivot": [0, 0, 0], "rotation": [90, -67.5, 0], "uv": [92, 301]},
						{"origin": [40.28279, -46.3926, -7.52208], "size": [3.09619, 6.40143, 25.52654], "pivot": [0, 0, 0], "rotation": [90, -45, -90], "uv": [46, 549]},
						{"origin": [-2.13107, -63.47845, -7.52214], "size": [2.33722, 6.71613, 25.52642], "inflate": 0.01, "pivot": [0, 0, 0], "rotation": [90, 0, -90], "uv": [46, 549]},
						{"origin": [41.64391, -45.03152, -18.00446], "size": [3.09615, 6.40143, 25.5266], "pivot": [0, 0, 0], "rotation": [90, -45, 90], "uv": [46, 549]},
						{"origin": [58.95159, -2.39555, -18.00446], "size": [2.33704, 6.71595, 25.52624], "inflate": 0.005, "pivot": [0, 0, 0], "rotation": [0, -90, -180], "uv": [46, 549]},
						{"origin": [15.86893, -131.47845, -7.52214], "size": [2.33722, 6.71613, 25.52642], "inflate": 0.01, "pivot": [0, 0, 0], "rotation": [90, 0, -90], "uv": [46, 549]},
						{"origin": [101.09397, -81.74794, -7.52208], "size": [3.09619, 6.40143, 25.52654], "pivot": [0, 0, 0], "rotation": [90, -45, -90], "uv": [46, 549]},
						{"origin": [126.95159, -20.39555, -18.00446], "size": [2.33704, 6.71595, 25.52624], "inflate": 0.005, "pivot": [0, 0, 0], "rotation": [0, -90, -180], "uv": [46, 549]},
						{"origin": [76.99925, -105.8427, -18.00446], "size": [3.09615, 6.40143, 25.5266], "pivot": [0, 0, 0], "rotation": [90, -45, 90], "uv": [46, 549]},
						{"origin": [138.82198, -53.81998, 10.49774], "size": [3.09619, 6.40143, 5.52654], "pivot": [0, 0, 0], "rotation": [90, -45, -90], "uv": [12, 570]},
						{"origin": [62.29471, -138.40814, 10.54065], "size": [2.33722, 6.71613, 5.52642], "inflate": 0.01, "pivot": [0, 0, 0], "rotation": [90, 0, -90], "uv": [12, 570]},
						{"origin": [49.07151, -143.58515, -16.0341], "size": [3.09615, 6.40143, 5.5266], "pivot": [0, 0, 0], "rotation": [90, -45, 90], "uv": [12, 570]},
						{"origin": [133.89164, -66.83139, -16.0341], "size": [2.33704, 6.71595, 5.52624], "inflate": 0.005, "pivot": [0, 0, 0], "rotation": [0, -90, -180], "uv": [12, 570]},
						{"origin": [21.65885, 105.66109, -17.49753], "size": [3.5604, 2.7442, 4.7476], "inflate": -0.01, "pivot": [0, 0, 0], "rotation": [-90, 0, -90], "uv": [166, 244]},
						{"origin": [59.39855, 90.02794, 12.74933], "size": [1.1872, 3.35291, 4.7488], "pivot": [0, 0, 0], "rotation": [-90, -45, 90], "uv": [25, 196]},
						{"origin": [106.50815, 20.81787, 12.74844], "size": [3.06719, 3.35471, 4.7506], "inflate": 0.015, "pivot": [0, 0, 0], "rotation": [0, -90, 0], "uv": [0, 254]},
						{"origin": [92.20193, -62.75974, 12.74933], "size": [1.1872, 3.35291, 4.7488], "pivot": [0, 0, 0], "rotation": [90, -45, -90], "uv": [208, 160]},
						{"origin": [21.65765, -110.41452, 12.74873], "size": [3.5628, 2.7466, 4.75], "inflate": 0.01, "pivot": [0, 0, 0], "rotation": [90, 0, -90], "uv": [63, 250]}
					]
				},
				{
					"name": "mag",
					"parent": "svi",
					"pivot": [-8.3104, 1.25211, 76.5744],
					"cubes": [
						{"origin": [-30.72402, -3.03291, 33.68512], "size": [27.3056, 16.6208, 77.168], "pivot": [0, 0, 0], "rotation": [0, 15, -90], "uv": [143, 31]},
						{"origin": [-26.49554, -4.22011, 29.59442], "size": [32.0544, 18.9952, 11.872], "pivot": [0, 0, 0], "rotation": [0, 7.5, -90], "uv": [432, 335]},
						{"origin": [12.00327, 3.15834, 29.59382], "size": [2.3756, 3.35875, 11.8732], "inflate": 0.01, "pivot": [0, 0, 0], "rotation": [-5.31847, 5.29571, -135.24614], "uv": [315, 79]},
						{"origin": [4.53978, 0.9464, 29.59382], "size": [2.3756, 3.35875, 11.8732], "inflate": 0.01, "pivot": [0, 0, 0], "rotation": [5.31847, 5.29571, -44.75386], "uv": [313, 311]},
						{"origin": [5.55886, -1.84571, 29.59442], "size": [2.3744, 14.2464, 11.872], "pivot": [0, 0, 0], "rotation": [0, 7.5, -90], "uv": [136, 66]},
						{"origin": [-30.72402, 1.71589, 110.85312], "size": [27.3056, 7.1232, 16.6208], "inflate": -0.01, "pivot": [0, 0, 0], "rotation": [0, 15, -90], "uv": [352, 434]},
						{"origin": [-30.72402, -31.62047, 106.29092], "size": [27.3056, 5.936, 17.808], "inflate": 0.015, "pivot": [0, 0, 0], "rotation": [15, 15, -90], "uv": [264, 434]},
						{"origin": [-30.72402, 35.87979, 103.55909], "size": [27.3056, 5.936, 17.808], "inflate": 0.01, "pivot": [0, 0, 0], "rotation": [-15, 15, -90], "uv": [432, 364]}
					]
				},
				{
					"name": "hammer",
					"parent": "svi",
					"pivot": [-5.37868, -15.18218, 150.33584],
					"rotation": [-10.5, 0, 0],
					"cubes": [
						{"origin": [-127.4763, -8.35945, 84.16694], "size": [2.0091, 5.96154, 1.98461], "inflate": 0.015, "pivot": [0, 0, 0], "rotation": [0, 65.5, 90], "uv": [154, 26]},
						{"origin": [13.23271, -8.35915, 150.27656], "size": [2.70412, 5.96094, 2.09067], "inflate": 0.01, "pivot": [0, 0, 0], "rotation": [0, 3.5, 90], "uv": [59, 64]},
						{"origin": [-121.32441, -8.35855, -96.69445], "size": [24.98166, 5.95974, 2.08947], "pivot": [0, 0, 0], "rotation": [-180, 42.5, -90], "uv": [327, 206]},
						{"origin": [73.79882, -8.35855, -130.01309], "size": [6.58785, 5.95974, 2.08947], "pivot": [0, 0, 0], "rotation": [-180, -41.5, -90], "uv": [210, 267]},
						{"origin": [-126.89315, -8.35915, 76.95391], "size": [1.79387, 5.96094, 2.09067], "inflate": 0.01, "pivot": [0, 0, 0], "rotation": [0, 70, 90], "uv": [39, 133]},
						{"origin": [-145.82694, -8.35945, 23.0631], "size": [1.79447, 5.96154, 2.09127], "inflate": 0.015, "pivot": [0, 0, 0], "rotation": [-180, 87.5, -90], "uv": [136, 108]},
						{"origin": [-142.6959, -8.35915, -33.97049], "size": [1.79387, 5.96094, 2.09067], "inflate": 0.01, "pivot": [0, 0, 0], "rotation": [-180, 65, -90], "uv": [136, 115]},
						{"origin": [-75.43473, -8.35915, -123.5801], "size": [1.79387, 5.96094, 2.09067], "inflate": 0.01, "pivot": [0, 0, 0], "rotation": [-180, 20, -90], "uv": [39, 173]},
						{"origin": [-117.97694, -8.35855, -85.46423], "size": [1.79267, 5.95974, 2.08947], "pivot": [0, 0, 0], "rotation": [-180, 42.5, -90], "uv": [78, 140]},
						{"origin": [-21.54451, -8.35945, -142.51389], "size": [1.79447, 5.96154, 2.09127], "inflate": 0.015, "pivot": [0, 0, 0], "rotation": [-180, -2.5, -90], "uv": [175, 149]},
						{"origin": [53.10694, -8.35855, -133.57528], "size": [5.22368, 5.95974, 2.08947], "pivot": [0, 0, 0], "rotation": [-180, -32.5, -90], "uv": [22, 226]},
						{"origin": [-3.58675, -8.35945, -145.7128], "size": [2.09127, 5.96154, 2.09127], "inflate": 0.015, "pivot": [0, 0, 0], "rotation": [-180, -7.5, -90], "uv": [63, 148]},
						{"origin": [135.10648, -8.35855, -54.42424], "size": [4.1578, 5.95974, 1.57471], "pivot": [0, 0, 0], "rotation": [-180, -77, -90], "uv": [273, 142]},
						{"origin": [115.56105, -8.35915, -87.85359], "size": [4.159, 5.96094, 1.4136], "inflate": 0.01, "pivot": [0, 0, 0], "rotation": [-180, -62, -90], "uv": [49, 236]},
						{"origin": [147.1996, -8.35945, 0.09104], "size": [3.07906, 5.96154, 2.57821], "inflate": 0.015, "pivot": [0, 0, 0], "rotation": [0, -81.5, 90], "uv": [0, 196]},
						{"origin": [-113.14942, -8.35855, -92.51551], "size": [12.05787, 5.95974, 2.08947], "pivot": [0, 0, 0], "rotation": [-180, 42.5, -90], "uv": [175, 55]}
					]
				},
				{
					"name": "slide",
					"parent": "svi",
					"pivot": [-10.11346, -5.31903, 143.43281],
					"cubes": [
						{"origin": [-141.56637, -5.79542, -137.88351], "size": [3.6717, 9.69581, 4.7476], "inflate": -0.01, "pivot": [0, 0, 0], "rotation": [0, 90, 90], "uv": [234, 168]},
						{"origin": [125.21685, 49.16513, -137.88471], "size": [3.6741, 9.4988, 4.75], "inflate": 0.01, "pivot": [0, 0, 0], "rotation": [-90, -67.5, 0], "uv": [234, 186]},
						{"origin": [93.30933, 93.34185, -137.8841], "size": [3.56938, 9.4976, 4.7488], "pivot": [0, 0, 0], "rotation": [-90, -45, 0], "uv": [234, 142]},
						{"origin": [-7.3713, 130.61935, -137.88411], "size": [4.05318, 9.4976, 4.7488], "pivot": [0, 0, 0], "rotation": [-90, 0, 0], "uv": [252, 124]},
						{"origin": [46.924, 121.94396, -137.88471], "size": [3.5628, 9.4988, 4.75], "inflate": 0.01, "pivot": [0, 0, 0], "rotation": [-90, -22.5, 0], "uv": [234, 124]},
						{"origin": [-104.42622, 85.78656, -137.88411], "size": [3.5616, 9.4976, 4.7488], "pivot": [0, 0, 0], "rotation": [-90, 45, 0], "uv": [136, 124]},
						{"origin": [-60.35827, 117.85506, -137.88471], "size": [3.5628, 9.4988, 4.75], "inflate": 0.01, "pivot": [0, 0, 0], "rotation": [-90, 22.5, 0], "uv": [0, 236]},
						{"origin": [-141.35224, -14.5426, -137.88351], "size": [3.5604, 9.4964, 4.7476], "inflate": -0.01, "pivot": [0, 0, 0], "rotation": [0, 90, 90], "uv": [23, 108]},
						{"origin": [-132.86854, 39.29366, -137.88471], "size": [3.5628, 9.4988, 4.75], "inflate": 0.01, "pivot": [0, 0, 0], "rotation": [-90, 67.5, 0], "uv": [136, 26]},
						{"origin": [-9.53274, -157.38004, -4.7488], "size": [147.41685, 16.0272, 4.7488], "pivot": [0, 0, 0], "rotation": [90, 0, -90], "uv": [0, 0]},
						{"origin": [-24.37174, -147.13541, -4.73025], "size": [2.54599, 7.14639, 6.2328], "pivot": [0, 0, 0], "rotation": [90, 5, -90], "uv": [39, 236]},
						{"origin": [-43.36886, -151.58619, -4.73085], "size": [2.48226, 8.89129, 6.234], "inflate": 0.01, "pivot": [0, 0, 0], "rotation": [90, 12.5, -90], "uv": [154, 124]},
						{"origin": [-43.38612, -151.58016, 9.19092], "size": [2.48226, 8.89129, 6.234], "inflate": 0.01, "pivot": [0, 0, 0], "rotation": [90, 12.5, -90], "uv": [154, 26]},
						{"origin": [-24.38964, -147.13169, 9.19152], "size": [2.56454, 7.14175, 6.2328], "pivot": [0, 0, 0], "rotation": [90, 5, -90], "uv": [18, 236]},
						{"origin": [132.83851, -147.13116, 0], "size": [5.0456, 5.77832, 10.6848], "pivot": [0, 0, 0], "rotation": [90, 0, -90], "uv": [0, 298]},
						{"origin": [75.85291, -157.38004, 10.6848], "size": [62.0312, 16.0272, 4.7488], "pivot": [0, 0, 0], "rotation": [90, 0, -90], "uv": [409, 128]},
						{"origin": [-9.53274, -157.38004, 10.6848], "size": [57.18965, 16.0272, 4.7488], "pivot": [0, 0, 0], "rotation": [90, 0, -90], "uv": [302, 0]},
						{"origin": [-8.34554, -158.3029, -1.1872], "size": [53.67443, 16.90369, 15.4336], "pivot": [0, 0, 0], "rotation": [90, 0, -90], "uv": [400, 403]},
						{"origin": [47.61011, -148.47604, 10.6848], "size": [28.2896, 7.1232, 4.7488], "pivot": [0, 0, 0], "rotation": [90, 0, -90], "uv": [92, 358]},
						{"origin": [75.85291, -162.12884, 0], "size": [62.0312, 3.5616, 10.6848], "pivot": [0, 0, 0], "rotation": [90, 0, -90], "uv": [274, 26]},
						{"origin": [125.71531, -165.69044, 3.8584], "size": [12.1688, 3.5616, 2.968], "pivot": [0, 0, 0], "rotation": [90, 0, -90], "uv": [0, 178]},
						{"origin": [-9.53738, -162.12884, 0], "size": [54.81989, 4.86474, 10.6848], "pivot": [0, 0, 0], "rotation": [90, 0, -90], "uv": [409, 166]},
						{"origin": [-9.62549, -165.09684, -3.2648], "size": [10.9816, 6.5296, 17.2144], "pivot": [0, 0, 0], "rotation": [90, 0, -90], "uv": [458, 257]},
						{"origin": [3.60671, -168.32762, -3.8584], "size": [1.1872, 2.968, 7.42], "pivot": [0, 0, 0], "rotation": [90, -5, -90], "uv": [18, 254]},
						{"origin": [3.60671, -168.32762, 7.1232], "size": [1.1872, 2.968, 7.42], "pivot": [0, 0, 0], "rotation": [90, -5, -90], "uv": [203, 95]},
						{"origin": [3.60671, -165.35962, -3.8584], "size": [1.1872, 6.5296, 18.4016], "pivot": [0, 0, 0], "rotation": [90, -5, -90], "uv": [303, 341]},
						{"origin": [1.35611, -164.80004, -1.1872], "size": [23.744, 7.42, 13.0592], "pivot": [0, 0, 0], "rotation": [90, 0, -90], "uv": [0, 325]},
						{"origin": [75.85231, -114.643, 107.9267], "size": [62.0324, 3.5628, 6.7163], "inflate": 0.01, "pivot": [0, 0, 0], "rotation": [45, 0, -90], "uv": [409, 157]},
						{"origin": [47.36011, -114.6424, 107.9273], "size": [28.4928, 3.5616, 5.5279], "pivot": [0, 0, 0], "rotation": [45, 0, -90], "uv": [327, 194]},
						{"origin": [-9.53334, -114.643, 107.9267], "size": [56.89405, 3.5628, 6.7163], "inflate": 0.01, "pivot": [0, 0, 0], "rotation": [45, 0, -90], "uv": [409, 189]},
						{"origin": [75.85231, 118.63549, 100.3714], "size": [62.0324, 3.5628, 6.7163], "inflate": 0.01, "pivot": [0, 0, 0], "rotation": [-45, 0, -90], "uv": [409, 148]},
						{"origin": [-9.53334, 118.63549, 100.3714], "size": [57.19085, 3.5628, 6.7163], "inflate": 0.01, "pivot": [0, 0, 0], "rotation": [-45, 0, -90], "uv": [409, 180]},
						{"origin": [1.86512, -146.21513, -138.20761], "size": [6.94234, 7.42, 20.1453], "pivot": [0, 0, 0], "rotation": [90, 0, -180], "uv": [512, 198]},
						{"origin": [93.27693, -107.43824, 118.06171], "size": [2.19474, 5.52446, 20.1465], "inflate": 0.01, "pivot": [0, 0, 0], "rotation": [90, -45, 0], "uv": [175, 30]},
						{"origin": [125.09914, -63.56257, 118.06231], "size": [2.19354, 5.52326, 20.1453], "pivot": [0, 0, 0], "rotation": [90, -67.5, 0], "uv": [39, 108]},
						{"origin": [129.18514, 42.67594, 118.06231], "size": [2.19354, 5.52326, 20.1453], "pivot": [0, 0, 0], "rotation": [-90, -67.5, 180], "uv": [39, 285]},
						{"origin": [137.70762, -10.85029, 118.06171], "size": [2.19474, 5.52446, 20.1465], "inflate": 0.01, "pivot": [0, 0, 0], "rotation": [0, -90, 90], "uv": [39, 148]},
						{"origin": [100.82686, 88.86494, 118.06171], "size": [2.19474, 5.52446, 20.1465], "inflate": 0.01, "pivot": [0, 0, 0], "rotation": [-90, -45, 180], "uv": [273, 168]},
						{"origin": [56.9524, 120.68715, 118.06231], "size": [2.19354, 5.52326, 20.1453], "pivot": [0, 0, 0], "rotation": [-90, -22.5, -180], "uv": [131, 301]},
						{"origin": [4.23892, 133.29562, 118.06171], "size": [2.19474, 5.52446, 20.1465], "inflate": 0.01, "pivot": [0, 0, 0], "rotation": [-90, 0, -180], "uv": [273, 128]},
						{"origin": [47.08794, 124.77314, -138.20761], "size": [2.19354, 5.52326, 20.1453], "pivot": [0, 0, 0], "rotation": [-90, -22.5, 0], "uv": [323, 217]},
						{"origin": [93.27693, 96.41486, -138.20821], "size": [2.19474, 5.52446, 20.1465], "inflate": 0.01, "pivot": [0, 0, 0], "rotation": [-90, -45, 0], "uv": [231, 253]},
						{"origin": [125.09914, 52.5404, -138.20761], "size": [2.19354, 5.52326, 20.1453], "pivot": [0, 0, 0], "rotation": [-90, -67.5, 0], "uv": [39, 236]},
						{"origin": [137.70762, -0.17308, -138.2082], "size": [2.19474, 5.52446, 20.1465], "inflate": 0.01, "pivot": [0, 0, 0], "rotation": [0, -90, -90], "uv": [231, 217]},
						{"origin": [129.18514, -53.69811, -138.20761], "size": [2.19354, 5.52326, 20.1453], "pivot": [0, 0, 0], "rotation": [90, -67.5, 180], "uv": [138, 213]},
						{"origin": [100.82686, -99.88831, -138.20821], "size": [2.19474, 5.52446, 20.1465], "inflate": 0.01, "pivot": [0, 0, 0], "rotation": [90, -45, -180], "uv": [175, 124]},
						{"origin": [167.52668, -13.85579, -15.41505], "size": [2.968, 2.3744, 4.7488], "pivot": [0, 0, 0], "rotation": [-90, -67.5, -90], "uv": [161, 47]},
						{"origin": [157.10825, 51.30801, -15.41565], "size": [2.9692, 2.3756, 4.75], "inflate": 0.01, "pivot": [0, 0, 0], "rotation": [-90, -45, -90], "uv": [151, 66]},
						{"origin": [122.63481, 107.52593, -15.41505], "size": [2.87989, 2.3744, 4.7488], "pivot": [0, 0, 0], "rotation": [-90, -22.5, -90], "uv": [25, 148]},
						{"origin": [8.52484, 154.7868, 10.65698], "size": [2.87989, 2.3744, 4.7488], "pivot": [0, 0, 0], "rotation": [-90, -22.5, 90], "uv": [72, 64]},
						{"origin": [69.77034, 138.63936, 10.65637], "size": [2.9692, 2.3756, 4.75], "inflate": 0.01, "pivot": [0, 0, 0], "rotation": [-90, -45, 90], "uv": [72, 89]},
						{"origin": [120.25724, 100.25063, 10.65697], "size": [2.968, 2.3744, 4.7488], "pivot": [0, 0, 0], "rotation": [-90, -67.5, 90], "uv": [25, 125]}
					]
				},
				{
					"name": "leftArmA",
					"parent": "body",
					"pivot": [5, 22, 0]
				},
				{
					"name": "leftArm",
					"parent": "leftArmA",
					"pivot": [5, 22, 0]
				},
				{
					"name": "leftArmUp",
					"parent": "leftArm",
					"pivot": [6, 22, 0],
					"cubes": [
						{"origin": [4, 18, -2], "size": [4, 6, 4], "uv": [87, 905]}
					]
				},
				{
					"name": "leftSleeveUp",
					"parent": "leftArmUp",
					"pivot": [6, 22, 0],
					"cubes": [
						{"origin": [4, 18, -2], "size": [4, 6, 4], "inflate": 0.25, "uv": [54.875, 1134]}
					]
				},
				{
					"name": "leftArmDown",
					"parent": "leftSleeveUp",
					"pivot": [6, 18, 2],
					"cubes": [
						{"origin": [4, 12, -2], "size": [4, 6, 4], "uv": [87, 905]}
					]
				},
				{
					"name": "leftSleeveDown",
					"parent": "leftArmDown",
					"pivot": [6, 18, 0],
					"cubes": [
						{"origin": [4, 12, -2], "size": [4, 6, 4], "inflate": 0.25, "uv": [54.875, 1134]}
					]
				},
				{
					"name": "leftItem",
					"parent": "leftArmDown",
					"pivot": [6, 15, 1]
				},
				{
					"name": "rightLegA",
					"parent": "root",
					"pivot": [0, 0, 0]
				},
				{
					"name": "rightLeg",
					"parent": "rightLegA",
					"pivot": [-1.9, 12, 0]
				},
				{
					"name": "rightLegUp",
					"parent": "rightLeg",
					"pivot": [-1.9, 12, 0]
				},
				{
					"name": "rightPantsUp",
					"parent": "rightLegUp",
					"pivot": [-1.9, 12, 0]
				},
				{
					"name": "rightLegDown",
					"parent": "rightPantsUp",
					"pivot": [-1.9, 6, -2]
				},
				{
					"name": "rightPantsDown",
					"parent": "rightLegDown",
					"pivot": [-1.9, 6, 0]
				},
				{
					"name": "leftLegA",
					"parent": "root",
					"pivot": [0, 0, 0]
				},
				{
					"name": "leftLeg",
					"parent": "leftLegA",
					"pivot": [1.9, 12, 0]
				},
				{
					"name": "leftLegUp",
					"parent": "leftLeg",
					"pivot": [1.9, 12, 0]
				},
				{
					"name": "leftPantsUp",
					"parent": "leftLegUp",
					"pivot": [1.9, 12, 0]
				},
				{
					"name": "leftLegDown",
					"parent": "leftPantsUp",
					"pivot": [1.9, 6, -2]
				},
				{
					"name": "leftPantsDown",
					"parent": "leftLegDown",
					"pivot": [1.9, 6, 0]
				}
			]
		}
	]
}