{"animations":{"animation.herobrine":{"animation_length":0.1,"loop":true,"timeline":{"0.0":["/function herobrine"]}},"animation.herobrine.effect":{"animation_length":0.1,"loop":false,"timeline":{"0.0":["/effect @e[type=!kvn:herobrine,type=!kvn:ammo,type=!kvn:bedrock_spike,type=!kvn:ender_spike,type=!kvn:explode,type=!kvn:explode2,type=!kvn:nether_sword,type=!kvn:obsidian_ex_skill,type=!kvn:obsidian_skill,type=!kvn:obsidian_spike,type=!kvn:obsidian_sword,type=!kvn:obsidian_trident,type=!minecraft:tnt] nausea 10 255","/effect @e[type=!kvn:herobrine,type=!kvn:ammo,type=!kvn:bedrock_spike,type=!kvn:ender_spike,type=!kvn:explode,type=!kvn:explode2,type=!kvn:nether_sword,type=!kvn:obsidian_ex_skill,type=!kvn:obsidian_skill,type=!kvn:obsidian_spike,type=!kvn:obsidian_sword,type=!kvn:obsidian_trident,type=!minecraft:tnt] weakness 10 255","/effect @e[type=!kvn:herobrine,type=!kvn:ammo,type=!kvn:bedrock_spike,type=!kvn:ender_spike,type=!kvn:explode,type=!kvn:explode2,type=!kvn:nether_sword,type=!kvn:obsidian_ex_skill,type=!kvn:obsidian_skill,type=!kvn:obsidian_spike,type=!kvn:obsidian_sword,type=!kvn:obsidian_trident,type=!minecraft:tnt] wither 10 255","/effect @e[type=!kvn:herobrine,type=!kvn:ammo,type=!kvn:bedrock_spike,type=!kvn:ender_spike,type=!kvn:explode,type=!kvn:explode2,type=!kvn:nether_sword,type=!kvn:obsidian_ex_skill,type=!kvn:obsidian_skill,type=!kvn:obsidian_spike,type=!kvn:obsidian_sword,type=!kvn:obsidian_trident,type=!minecraft:tnt] blindness 5 255"]}},"animation.herobrine.kill":{"animation_length":3,"loop":true,"timeline":{"0.0":["/kill @e[type=!minecraft:tnt,type=!minecraft:lightning_bolt]"]}},"animation.herobrine.kill2":{"animation_length":10,"loop":true,"timeline":{"0.0":["/execute @e[type=kvn:herobrine] ~ ~ ~ kill @e[type=!kvn:herobrine,type=!kvn:ammo,type=!kvn:bedrock_spike,type=!kvn:ender_spike,type=!kvn:explode,type=!kvn:explode2,type=!kvn:nether_sword,type=!kvn:obsidian_ex_skill,type=!kvn:obsidian_skill,type=!kvn:obsidian_spike,type=!kvn:obsidian_sword,type=!kvn:obsidian_trident,type=!minecraft:tnt,type=!minecraft:lightning_bolt,r=99999]","/execute @e[type=kvn:herobrine] ~ ~ ~ tp @e[type=!kvn:herobrine,type=!kvn:ammo,type=!kvn:bedrock_spike,type=!kvn:ender_spike,type=!kvn:explode,type=!kvn:explode2,type=!kvn:nether_sword,type=!kvn:obsidian_ex_skill,type=!kvn:obsidian_skill,type=!kvn:obsidian_spike,type=!kvn:obsidian_sword,type=!kvn:obsidian_trident,type=!minecraft:tnt,type=!minecraft:lightning_bolt,type=!player,r=99999] 9999999999 99999999999 9999999999"]}},"animation.herobrine.kill3":{"animation_length":0.1,"loop":true,"timeline":{"0.0":["/execute @e[type=kvn:bedrock_spike] ~ ~ ~ kill @e[type=!kvn:herobrine,type=!kvn:ammo,type=!kvn:bedrock_spike,type=!kvn:ender_spike,type=!kvn:explode,type=!kvn:explode2,type=!kvn:nether_sword,type=!kvn:obsidian_ex_skill,type=!kvn:obsidian_skill,type=!kvn:obsidian_spike,type=!kvn:obsidian_sword,type=!kvn:obsidian_trident,type=!minecraft:tnt,r=1]","/execute @e[type=kvn:bedrock_spike] ~ ~ ~ tp @e[type=!kvn:herobrine,type=!kvn:ammo,type=!kvn:bedrock_spike,type=!kvn:ender_spike,type=!kvn:explode,type=!kvn:explode2,type=!kvn:nether_sword,type=!kvn:obsidian_ex_skill,type=!kvn:obsidian_skill,type=!kvn:obsidian_spike,type=!kvn:obsidian_sword,type=!kvn:obsidian_trident,type=!minecraft:tnt,type=!player,r=1] 9999999999 99999999999 9999999999","/execute @e[type=kvn:nether_sword] ~ ~ ~ kill @e[type=!kvn:herobrine,type=!kvn:ammo,type=!kvn:bedrock_spike,type=!kvn:ender_spike,type=!kvn:explode,type=!kvn:explode2,type=!kvn:nether_sword,type=!kvn:obsidian_ex_skill,type=!kvn:obsidian_skill,type=!kvn:obsidian_spike,type=!kvn:obsidian_sword,type=!kvn:obsidian_trident,type=!minecraft:tnt,r=1]","/execute @e[type=kvn:nether_sword] ~ ~ ~ tp @e[type=!kvn:herobrine,type=!kvn:ammo,type=!kvn:bedrock_spike,type=!kvn:ender_spike,type=!kvn:explode,type=!kvn:explode2,type=!kvn:nether_sword,type=!kvn:obsidian_ex_skill,type=!kvn:obsidian_skill,type=!kvn:obsidian_spike,type=!kvn:obsidian_sword,type=!kvn:obsidian_trident,type=!minecraft:tnt,type=!player,r=1] 9999999999 99999999999 9999999999","/execute @e[type=kvn:obsidian_spike] ~ ~ ~ kill @e[type=!kvn:herobrine,type=!kvn:ammo,type=!kvn:bedrock_spike,type=!kvn:ender_spike,type=!kvn:explode,type=!kvn:explode2,type=!kvn:nether_sword,type=!kvn:obsidian_ex_skill,type=!kvn:obsidian_skill,type=!kvn:obsidian_spike,type=!kvn:obsidian_sword,type=!kvn:obsidian_trident,type=!minecraft:tnt,r=1]","/execute @e[type=kvn:obsidian_spike] ~ ~ ~ tp @e[type=!kvn:herobrine,type=!kvn:ammo,type=!kvn:bedrock_spike,type=!kvn:ender_spike,type=!kvn:explode,type=!kvn:explode2,type=!kvn:nether_sword,type=!kvn:obsidian_ex_skill,type=!kvn:obsidian_skill,type=!kvn:obsidian_spike,type=!kvn:obsidian_sword,type=!kvn:obsidian_trident,type=!minecraft:tnt,type=!player,r=1] 9999999999 99999999999 9999999999","/execute @e[type=kvn:obsidian_sword] ~ ~ ~ kill @e[type=!kvn:herobrine,type=!kvn:ammo,type=!kvn:bedrock_spike,type=!kvn:ender_spike,type=!kvn:explode,type=!kvn:explode2,type=!kvn:nether_sword,type=!kvn:obsidian_ex_skill,type=!kvn:obsidian_skill,type=!kvn:obsidian_spike,type=!kvn:obsidian_sword,type=!kvn:obsidian_trident,type=!minecraft:tnt,r=1]","/execute @e[type=kvn:obsidian_sword] ~ ~ ~ tp @e[type=!kvn:herobrine,type=!kvn:ammo,type=!kvn:bedrock_spike,type=!kvn:ender_spike,type=!kvn:explode,type=!kvn:explode2,type=!kvn:nether_sword,type=!kvn:obsidian_ex_skill,type=!kvn:obsidian_skill,type=!kvn:obsidian_spike,type=!kvn:obsidian_sword,type=!kvn:obsidian_trident,type=!minecraft:tnt,type=!player,r=1] 9999999999 99999999999 9999999999","/execute @e[type=kvn:obsidian_trident] ~ ~ ~ kill @e[type=!kvn:herobrine,type=!kvn:ammo,type=!kvn:bedrock_spike,type=!kvn:ender_spike,type=!kvn:explode,type=!kvn:explode2,type=!kvn:nether_sword,type=!kvn:obsidian_ex_skill,type=!kvn:obsidian_skill,type=!kvn:obsidian_spike,type=!kvn:obsidian_sword,type=!kvn:obsidian_trident,type=!minecraft:tnt,r=1]","/execute @e[type=kvn:obsidian_trident] ~ ~ ~ tp @e[type=!kvn:herobrine,type=!kvn:ammo,type=!kvn:bedrock_spike,type=!kvn:ender_spike,type=!kvn:explode,type=!kvn:explode2,type=!kvn:nether_sword,type=!kvn:obsidian_ex_skill,type=!kvn:obsidian_skill,type=!kvn:obsidian_spike,type=!kvn:obsidian_sword,type=!kvn:obsidian_trident,type=!minecraft:tnt,type=!player,r=1] 9999999999 99999999999 9999999999","/execute @e[type=kvn:ammo] ~ ~ ~ kill @e[type=!kvn:herobrine,type=!kvn:ammo,type=!kvn:bedrock_spike,type=!kvn:ender_spike,type=!kvn:explode,type=!kvn:explode2,type=!kvn:nether_sword,type=!kvn:obsidian_ex_skill,type=!kvn:obsidian_skill,type=!kvn:obsidian_spike,type=!kvn:obsidian_sword,type=!kvn:obsidian_trident,type=!minecraft:tnt,r=1]"]}},"animation.herobrine.particle":{"animation_length":0.1,"loop":true,"timeline":{"0.0":["/execute @e[type=kvn:herobrine] ~ ~ ~ particle kvn:fire_red ~ ~ ~","/execute @e[type=kvn:herobrine] ~ ~ ~ particle kvn:fire_blue ~ ~ ~","/execute @e[type=kvn:herobrine] ~ ~ ~ particle kvn:snow_red ~ ~ ~","/execute @e[type=kvn:herobrine] ~ ~ ~ particle kvn:snow_blue ~ ~ ~","/execute @e[type=kvn:herobrine] ~ ~ ~ particle kvn:error ~ ~ ~","/execute @a ~ ~ ~ particle kvn:fire_red ~ ~ ~","/execute @a ~ ~ ~ particle kvn:fire_blue ~ ~ ~","/execute @e[type=kvn:ender_spike] ~ ~ ~ particle kvn:fire_purple ~ ~ ~"]}},"animation.herobrine.say":{"animation_length":0.1,"loop":false,"timeline":{"0.0":["/say §l§4I am \"Legend of Minecraft\" !!!!!","/say §l§4This World Is Mine, You Must Leave Me Or Erase Your World !!!"]}},"animation.herobrine.summon":{"animation_length":0.1,"loop":false,"timeline":{"0.0":["/execute @e[type=kvn:herobrine] ~ ~ ~ summon kvn:explode ~ ~ ~","/execute @e[type=kvn:herobrine] ~ ~ ~ summon kvn:explode2 ~ ~ ~","/execute @e[type=kvn:herobrine] ~ ~ ~ summon lightning_bolt ~ ~ ~"]}},"animation.herobrine.time":{"animation_length":0.1,"loop":true,"timeline":{"0.0":["/time set midnight"]}},"animation.obsidian.trident":{"animation_length":0.1,"loop":false,"timeline":{"0.0":["/summon lightning_bolt ~ ~ ~","/summon kvn:explode2 ~ ~ ~"]}}},"format_version":"1.10.0"}