{
	"format_version": "1.13.0",
	"minecraft:feature_rules": {
		"description": {
			"identifier": "dragonmounts:aether_dragon_nest_je0_feature",
			"places_feature": "dragonmounts:aether_dragon_nest_je0_structure"
		},
		"conditions": {
			"placement_pass": "surface_pass",
			"minecraft:biome_filter": [
				{
					"any_of": [
						{
							"test": "has_biome_tag",
							"operator": "==",
							"value": "overworld"
						},
						{
							"test": "has_biome_tag",
							"operator": "==",
							"value": "overworld_generation"
						}
					]
				}
			]
		},
		"distribution": {
			"iterations": 1,
			"scatter_chance": 0.01,
			"x": {
				"distribution": "uniform",
				"extent": [
					0,
					16
				]
			},
			"y": "query.heightmap(variable.worldx, variable.worldz) + Math.random(32, 56)",
			"z": {
				"distribution": "uniform",
				"extent": [
					0,
					16
				]
			}
		}
	}
}