{
	"format_version": "1.13.0",
	"minecraft:feature_rules": {
		"description": {
			"identifier": "dragonmounts:forest_dragon_nest_je0_feature",
			"places_feature": "dragonmounts:forest_dragon_nest_je0_structure"
		},
		"conditions": {
			"placement_pass": "surface_pass",
			"minecraft:biome_filter": [
				{
					"all_of": [
						{
							"test": "has_biome_tag",
							"operator": "!=",
							"value": "ocean"
						},
						{
							"test": "has_biome_tag",
							"operator": "!=",
							"value": "river"
						},
						{
							"test": "has_biome_tag",
							"operator": "!=",
							"value": "lakes"
						},
						{
							"any_of": [
								{
									"test": "has_biome_tag",
									"operator": "==",
									"value": "forest"
								},
								{
									"test": "has_biome_tag",
									"operator": "==",
									"value": "plain"
								},
								{
									"test": "has_biome_tag",
									"operator": "==",
									"value": "taiga"
								},
								{
									"test": "has_biome_tag",
									"operator": "==",
									"value": "swamp"
								},
								{
									"test": "has_biome_tag",
									"operator": "==",
									"value": "jungle"
								},
								{
									"test": "has_biome_tag",
									"operator": "==",
									"value": "jungle_hills"
								},
								{
									"test": "has_biome_tag",
									"operator": "==",
									"value": "jungle_edge"
								},
								{
									"test": "has_biome_tag",
									"operator": "==",
									"value": "birch_forest"
								},
								{
									"test": "has_biome_tag",
									"operator": "==",
									"value": "birch_forest_hills"
								},
								{
									"test": "has_biome_tag",
									"operator": "==",
									"value": "dark_forest"
								},
								{
									"test": "has_biome_tag",
									"operator": "==",
									"value": "taiga_mountains"
								},
								{
									"test": "has_biome_tag",
									"operator": "==",
									"value": "modified_jungle"
								},
								{
									"test": "has_biome_tag",
									"operator": "==",
									"value": "jungle_edge"
								},
								{
									"test": "has_biome_tag",
									"operator": "==",
									"value": "modified_jungle_edge"
								},
								{
									"test": "has_biome_tag",
									"operator": "==",
									"value": "tall_birch_forest"
								},
								{
									"test": "has_biome_tag",
									"operator": "==",
									"value": "tall_birch_hills"
								},
								{
									"test": "has_biome_tag",
									"operator": "==",
									"value": "dark_forest_hills"
								},
								{
									"test": "has_biome_tag",
									"operator": "==",
									"value": "flower_forest"
								}
							]
						}
					]
				}
			]
		},
		"distribution": {
			"iterations": 1,
			"scatter_chance": 0.12,
			"x": {
				"distribution": "uniform",
				"extent": [
					0,
					16
				]
			},
			"y": "query.heightmap(variable.worldx, variable.worldz) - 2",
			"z": {
				"distribution": "uniform",
				"extent": [
					0,
					16
				]
			}
		}
	}
}