{
  "format_version": "1.10.0",
  "minecraft:client_entity": {
    "description": {
      "identifier": "mod:mutant_enderman_dead",
      "materials": {
	    "default": "spider"
	  },
      "textures": {
        "default": "textures/entity/mutant/mutant_enderman"
      },
      "animations": {
        "move": "animation.mutant_endermanY.dead",
        "target": "animation.mutant_endermanY.has_target",
        "root": "controller.animation.endermandead.effect"
      },
      "scripts": {
        "pre_animation": [
          "variable.shake = query.shake_time - query.frame_alpha;",
          "variable.shake_power = variable.shake > 0.0 ? -Math.sin(variable.shake * 200.0) * variable.shake : 0.0;"
        ],
        "animate": [
          "move",
          "target",
          "root"
        ]
      },
      "particle_effects": {
        "effect": "mod:enderman_dead_particle"
      },
      "geometry": {
        "default": "geometry.mutant_endermanY"
      },
      "render_controllers": [ "controller.render.iron_golem" ]
    }
  }
}