{
	"format_version": "1.8.0",
	"animations": {
		"animation.onix.quiet": {
			"loop": true,
			"animation_length": 1.2,
			"bones": {
				"onix": {
					"position": {
						"0.0": {
							"post": [0, 0, -6],
							"lerp_mode": "catmullrom"
						},
						"0.6": {
							"post": [-4, -2, -6],
							"lerp_mode": "catmullrom"
						},
						"1.2": {
							"post": [0, 0, -6],
							"lerp_mode": "catmullrom"
						}
					}
				},
				"head": {
					"position": {
						"0.0": {
							"post": [0, 2, 4],
							"lerp_mode": "catmullrom"
						},
						"0.7": {
							"post": [0, 1, 4],
							"lerp_mode": "catmullrom"
						},
						"1.2": {
							"post": [0, 2, 4],
							"lerp_mode": "catmullrom"
						}
					}
				},
				"mouth": {
					"rotation": {
						"0.0": {
							"post": [5, 0, 0],
							"lerp_mode": "catmullrom"
						},
						"0.8": {
							"post": [10, 0, 0],
							"lerp_mode": "catmullrom"
						},
						"1.2": {
							"post": [5, 0, 0],
							"lerp_mode": "catmullrom"
						}
					}
				},
				"body1": {
					"rotation": {
						"0.0": {
							"post": [60, 0, 0],
							"lerp_mode": "catmullrom"
						},
						"0.7": {
							"post": [65, 0, 0],
							"lerp_mode": "catmullrom"
						},
						"1.2": {
							"post": [60, 0, 0],
							"lerp_mode": "catmullrom"
						}
					}
				},
				"body2": {
					"rotation": {
						"0.0": {
							"post": [-60, 0, 0],
							"lerp_mode": "catmullrom"
						},
						"0.7": {
							"post": [-70, 0, 0],
							"lerp_mode": "catmullrom"
						},
						"1.2": {
							"post": [-60, 0, 0],
							"lerp_mode": "catmullrom"
						}
					}
				},
				"body3": {
					"rotation": {
						"0.0": {
							"post": [-45, 0, 0],
							"lerp_mode": "catmullrom"
						},
						"0.6": {
							"post": [-45, -10, -10],
							"lerp_mode": "catmullrom"
						},
						"1.2": {
							"post": [-45, 0, 0],
							"lerp_mode": "catmullrom"
						}
					}
				},
				"body4": {
					"rotation": {
						"0.0": {
							"post": [90, 0, 0],
							"lerp_mode": "catmullrom"
						},
						"0.6": {
							"post": [90, 10, 0],
							"lerp_mode": "catmullrom"
						},
						"1.2": {
							"post": [90, 0, 0],
							"lerp_mode": "catmullrom"
						}
					}
				},
				"body5": {
					"rotation": {
						"0.0": {
							"post": [45, 0, 0],
							"lerp_mode": "catmullrom"
						},
						"0.5": {
							"post": [45, 10, -10],
							"lerp_mode": "catmullrom"
						},
						"1.2": {
							"post": [45, 0, 0],
							"lerp_mode": "catmullrom"
						}
					}
				},
				"body6": {
					"rotation": {
						"0.0": {
							"post": [35, 0, 0],
							"lerp_mode": "catmullrom"
						},
						"0.5": {
							"post": [30, 15, -25],
							"lerp_mode": "catmullrom"
						},
						"1.2": {
							"post": [35, 0, 0],
							"lerp_mode": "catmullrom"
						}
					}
				},
				"body7": {
					"rotation": {
						"0.0": {
							"post": [0, 0, 0],
							"lerp_mode": "catmullrom"
						},
						"0.6": {
							"post": [0, 0, -10],
							"lerp_mode": "catmullrom"
						},
						"1.2": {
							"post": [0, 0, 0],
							"lerp_mode": "catmullrom"
						}
					}
				}
			}
		},
		"animation.onix.walk": {
			"loop": true,
			"animation_length": 1.2,
			"bones": {
				"onix": {
					"position": {
						"0.0": {
							"post": [0, 0, -6],
							"lerp_mode": "catmullrom"
						},
						"0.4": {
							"post": [0, -3, -7],
							"lerp_mode": "catmullrom"
						},
						"1.2": {
							"post": [0, 0, -6],
							"lerp_mode": "catmullrom"
						}
					}
				},
				"head": {
					"position": {
						"0.0": {
							"post": [0, 2, 4],
							"lerp_mode": "catmullrom"
						},
						"0.8": {
							"post": [0, 1, 4],
							"lerp_mode": "catmullrom"
						},
						"1.2": {
							"post": [0, 2, 4],
							"lerp_mode": "catmullrom"
						}
					}
				},
				"body1": {
					"rotation": {
						"0.0": {
							"post": [60, 0, 0],
							"lerp_mode": "catmullrom"
						},
						"0.4": {
							"post": [70, 0, 0],
							"lerp_mode": "catmullrom"
						},
						"1.2": {
							"post": [60, 0, 0],
							"lerp_mode": "catmullrom"
						}
					}
				},
				"body2": {
					"rotation": {
						"0.0": {
							"post": [-60, 0, 0],
							"lerp_mode": "catmullrom"
						},
						"0.5": {
							"post": [-50, 0, 0],
							"lerp_mode": "catmullrom"
						},
						"1.2": {
							"post": [-60, 0, 0],
							"lerp_mode": "catmullrom"
						}
					}
				},
				"body3": {
					"rotation": {
						"0.0": {
							"post": [-45, 0, 0],
							"lerp_mode": "catmullrom"
						},
						"0.6": {
							"post": [-27.5, 0, 0],
							"lerp_mode": "catmullrom"
						},
						"1.2": {
							"post": [-45, 0, 0],
							"lerp_mode": "catmullrom"
						}
					}
				},
				"body4": {
					"rotation": {
						"0.0": {
							"post": [90, 0, 0],
							"lerp_mode": "catmullrom"
						},
						"0.6": {
							"post": [75, 0, 0],
							"lerp_mode": "catmullrom"
						},
						"1.2": {
							"post": [90, 0, 0],
							"lerp_mode": "catmullrom"
						}
					}
				},
				"body5": {
					"rotation": {
						"0.0": {
							"post": [45, 0, 0],
							"lerp_mode": "catmullrom"
						},
						"0.5": {
							"post": [30, 0, 0],
							"lerp_mode": "catmullrom"
						},
						"1.2": {
							"post": [45, 0, 0],
							"lerp_mode": "catmullrom"
						}
					}
				},
				"body6": {
					"rotation": {
						"0.0": {
							"post": [35, 0, 0],
							"lerp_mode": "catmullrom"
						},
						"0.4": {
							"post": [0, 0, 0],
							"lerp_mode": "catmullrom"
						},
						"1.2": {
							"post": [35, 0, 0],
							"lerp_mode": "catmullrom"
						}
					}
				}
			}
		},
		"animation.onix.sitting": {
			"loop": true,
			"bones": {
				"onix": {
					"position": [0, -6.5, -5]
				},
				"head": {
					"position": [0, 0, 3]
				},
				"body1": {
					"rotation": [25, 0, 25]
				},
				"body2": {
					"rotation": [-25, 0, -25]
				},
				"body3": {
					"rotation": [0, 0, -60]
				},
				"body4": {
					"rotation": [90, 0, -35],
					"position": [0, 2, -2]
				},
				"body5": {
					"rotation": [45, 0, 0]
				},
				"body6": {
					"rotation": [45, 0, 0]
				},
				"body7": {
					"rotation": [30, 0, 0]
				}
			}
		},
		"animation.onix.attack": {
			"loop": true,
			"bones": {
				"onix": {
					"position": [0, -8, -7]
				},
				"head": {
					"position": [0, 0, 4]
				},
				"mouth": {
					"rotation": [45, 0, 0]
				},
				"body1": {
					"rotation": [115, 0, 0]
				},
				"body2": {
					"rotation": [-60, 0, 0]
				},
				"body3": {
					"rotation": [-45, 0, 0]
				},
				"body4": {
					"rotation": [-45, 0, 0]
				},
				"body5": {
					"rotation": [45, 0, 0]
				},
				"body6": {
					"rotation": [60, 0, 0]
				}
			}
		}
	}
}