{
	"format_version": "1.8.0",
	"animations": {
		"animation.venonat.quiet": {
			"loop": true,
			"animation_length": 1.6,
			"bones": {
				"body": {
					"rotation": {
						"0.0": [-5, 0, 0],
						"0.8": [5, 0, 0],
						"1.6": [-5, 0, 0]
					}
				},
				"feelers": {
					"rotation": {
						"0.0": [-5, 0, 0],
						"0.8": [5, 0, 0],
						"1.6": [-5, 0, 0]
					}
				},
				"arms": {
					"rotation": {
						"0.0": [-20, 0, 0],
						"0.8": [10, 0, 0],
						"1.6": [-20, 0, 0]
					}
				}
			}
		},
		"animation.venonat.walk": {
			"loop": true,
			"animation_length": 0.8,
			"bones": {
				"venonat": {
					"position": {
						"0.0": [0, 1, 0],
						"0.2": [0, 0, 0],
						"0.4": [0, 1, 0],
						"0.6": [0, 0, 0],
						"0.8": [0, 1, 0]
					}
				},
				"body": {
					"rotation": {
						"0.0": [0, 0, -5],
						"0.4": [0, 0, 5],
						"0.8": [0, 0, -5]
					}
				},
				"feelers": {
					"rotation": {
						"0.0": [0, 0, -10],
						"0.2": [0, 0, -10],
						"0.4": [0, 0, 10],
						"0.6": [0, 0, 10],
						"0.8": [0, 0, -10]
					}
				},
				"arms": {
					"rotation": {
						"0.0": [-17.5, 0, 0],
						"0.2": [12.5, 0, 0],
						"0.4": [-17.5, 0, 0],
						"0.6": [12.5, 0, 0],
						"0.8": [-17.5, 0, 0]
					}
				},
				"right_leg": {
					"rotation": {
						"0.0": [25, 0, 0],
						"0.4": [-50, 0, 0],
						"0.8": [25, 0, 0]
					},
					"position": {
						"0.0": [0, 0, 2],
						"0.4": [0, 0, -2],
						"0.8": [0, 0, 2]
					}
				},
				"left_leg": {
					"rotation": {
						"0.0": [-50, 0, 0],
						"0.4": [25, 0, 0],
						"0.8": [-50, 0, 0]
					},
					"position": {
						"0.0": [0, 0, -2],
						"0.4": [0, 0, 2],
						"0.8": [0, 0, -2]
					}
				}
			}
		},
		"animation.venonat.sitting": {
			"loop": true,
			"bones": {
				"venonat": {
					"position": [0, -1.5, 0]
				},
				"legs": {
					"rotation": [-90, 0, 0],
					"position": [0, 0, -3]
				},
				"right_leg": {
					"rotation": [0, 0, 30],
					"position": [-1, -1, 0]
				},
				"left_leg": {
					"rotation": [0, 0, -30],
					"position": [1, -1, 0]
				}
			}
		},
		"animation.venonat.jump": {
			"loop": true,
			"bones": {
				"venonat": {
					"position": [0, 2, 0]
				},
				"feelers": {
					"rotation": [-20, 0, 0]
				},
				"arms": {
					"rotation": [-15, 0, 0],
					"position": [0, 1, 0]
				},
				"legs": {
					"rotation": [60, 0, 0]
				}
			}
		},
		"animation.venonat.swimming": {
			"loop": true,
			"animation_length": 0.8,
			"bones": {
				"feelers": {
					"rotation": [-20, 0, 0]
				},
				"right_arm": {
					"rotation": {
						"0.0": [0, 50, 0],
						"0.4": [0, 0, 0],
						"0.8": [0, 50, 0]
					},
					"position": {
						"0.0": [0, 0, 0],
						"0.4": [1, 0, 0],
						"0.8": [0, 0, 0]
					}
				},
				"left_arm": {
					"rotation": {
						"0.0": [0, 0, 0],
						"0.4": [0, -50, 0],
						"0.8": [0, 0, 0]
					},
					"position": {
						"0.0": [-1, 0, 0],
						"0.4": [0, 0, 0],
						"0.8": [-1, 0, 0]
					}
				},
				"legs": {
					"rotation": [60, 0, 0]
				},
				"right_leg": {
					"rotation": {
						"0.0": [-30, 0, 0],
						"0.4": [-10, 0, 0],
						"0.8": [-30, 0, 0]
					}
				},
				"left_leg": {
					"rotation": {
						"0.0": [-10, 0, 0],
						"0.4": [-30, 0, 0],
						"0.8": [-10, 0, 0]
					}
				}
			}
		},
		"animation.venonat.attack": {
			"loop": true,
			"bones": {
				"feelers": {
					"rotation": [75, 0, 0]
				},
				"legs": {
					"rotation": [-60, 0, 0],
					"position": [0, 1, -3]
				}
			}
		},
        "animation.venonat.health_bar":{
            "loop":true,
            "bones":{
                "health_hover":{
    "rotation":["q.camera_rotation(0)","q.camera_rotation(1)-q.body_y_rotation",0],
	"position": [0,26,0],
    "scale":"query.is_in_ui?0:1.5"
                },
				"bar_green": {
					"scale": ["query.health/query.max_health*1", 1, 1]
				},
				"bar_black": {
					"scale": ["(1)+(query.health/query.max_health*-1)", 1, 1]
				}
			}
        }
	}
}