{
    "format_version": "1.10.0",
    "animation_controllers": {
        "controller.animation.particle_system": {
            "states": {
                "default": {
                    "transitions": [
						{
							"pg": "query.variant==1"
						},
						{
							"pg_glados": "query.variant==2"
						}
                    ]
                },
					"pg":{
						"transitions":[		
						{							
						"repeat": "(1.0)"
						}
						],
						"on_entry":[
							"v.sec = 0;",
							"/execute @e[type=pg:portal_b] ~ ~ ~ particle pg:blue ~ ~0.3 ~",
							"/execute @e[type=pg:portal_o] ~ ~ ~ particle pg:orange ~ ~0.3 ~"
							
						]
					},					
					"pg_glados":{
						"transitions":[		
						{							
						"repeat": "(1.0)"
						}
						],
						"on_entry":[
							"v.sec = 0;",
							"/execute @e[type=pg:portal_b_glados] ~ ~ ~ particle pg:yellow ~ ~0.3 ~",
							"/execute @e[type=pg:portal_o_glados] ~ ~ ~ particle pg:red ~ ~0.3 ~"
							
						]
					},
					 "repeat": {
                    "transitions": [
						
						{
							"pg_glados": "v.sec==10 && query.variant==2"
						},
						{
							"pg": "v.sec==10 && query.variant==1"
						},
						{
							"repeat2": "1"
						}
                    ],
					"on_entry":[
						"v.sec = v.sec + 1;",
						"v.sec = v.sec>10 ? 0 : v.sec;"
					]
                },
				 "repeat2": {
                    "transitions": [
						{
							"repeat": "1"
						}
                    ]
                }
            }
        }
    }
}