{
    "format_version": "1.10.0",
    "animation_controllers": {
        "controller.animation.portal": {
            "states": {
                "default": {
                    "transitions": [
						{
							"switch-gun": "(v.switch??0)"
						},
						{
							"blackhole-gun": "(v.bh??0)"
						},
						{
							"levitation-gun": "(v.bl??0)"
						},
						{
							"shoot": "((v.switch??0) == 0 && (v.bh??0) == 0)"
						}
                    ],
					"on_entry":[
					"v.switch = 0; for_each(v.player, query.get_nearby_entities(1, 'minecraft:player'), {v.switch = v.switch + v.player->query.is_sneaking;});",
					"v.bh = 0; for_each(v.player, query.get_nearby_entities(1, 'minecraft:player'), {v.bh = v.bh + v.player->query.target_x_rotation<=-85;});",
					"v.bl = 0; for_each(v.player, query.get_nearby_entities(1, 'minecraft:player'), {v.bl = v.bl + v.player->query.target_x_rotation>=85;});",
					"/execute @s[type=pg:bullet_b_glados] ~ ~ ~ replaceitem entity @p[c=1,r=2] slot.weapon.mainhand 0 pg:portal_gun_orange_beta 1 0",
					"/execute @s[type=pg:bullet_o_glados] ~ ~ ~ replaceitem entity @p[c=1,r=2] slot.weapon.mainhand 0 pg:portal_gun_blue_beta 1 0",
					"/execute @s[type=pg:bullet_b] ~ ~ ~ replaceitem entity @p[c=1,r=2] slot.weapon.mainhand 0 pg:portal_gun_orange_glados_beta 1 0",
					"/execute @s[type=pg:bullet_o] ~ ~ ~ replaceitem entity @p[c=1,r=2] slot.weapon.mainhand 0 pg:portal_gun_blue_glados_beta 1 0",
					"/execute @s[type=pg:bullet_rnm1] ~ ~ ~ replaceitem entity @p[c=1,r=2] slot.weapon.mainhand 0 pg:portal_gun_rnm2 1 0",
					"/execute @s[type=pg:bullet_rnm2] ~ ~ ~ replaceitem entity @p[c=1,r=2] slot.weapon.mainhand 0 pg:portal_gun_rnm1 1 0",
					"/stopsound @p gun.shoot"
					]
                },
				 "shoot": {
                    "transitions": [
						{
							"delay": "(query.variant==2 && query.is_on_ground)"
						},
						{
							"delay": "(query.variant==1 && query.is_on_ground)"
						},
						{
							"delay": "(query.variant==0 && query.is_on_ground)"
						}
                    ],
					"on_entry":[
						"v.sec = 0;",
						"/stopsound @p gun.shoot",
						"/execute @p[c=1] ~ ~ ~ playsound gun.shoot @s ~ ~ ~ 1"
					]
                },
				"delay": {
                    "transitions": [
						{
							"portal_glados": "(query.variant==2 && query.is_on_ground) && v.sec==5"
						},
						{
							"portal": "(query.variant==1 && query.is_on_ground) && v.sec==5"
						},
						{
							"rnm": "(query.variant==0 && query.is_on_ground) && v.sec==5"
						},
						{
							"delay2": "1"
						}
                    ],
					"on_entry":[						
						"v.sec = v.sec + 1;",
						"v.sec = v.sec>20 ? 0 : v.sec;",	
						"/execute @s[tag=creator] ~ ~ ~ detect ~ ~-0.5 ~ pg:white_portal_block 0 tag @s add keep",
						"/execute @s[tag=creator] ~ ~ ~ detect ~ ~0.5 ~ pg:white_portal_block 0 tag @s add keep",
						"/execute @s[tag=creator] ~ ~ ~ detect ~-0.5 ~ ~ pg:white_portal_block 0 tag @s add keep",
						"/execute @s[tag=creator] ~ ~ ~ detect ~0.5 ~ ~ pg:white_portal_block 0 tag @s add keep",
						"/execute @s[tag=creator] ~ ~ ~ detect ~ ~ ~-0.5 pg:white_portal_block 0 tag @s add keep",
						"/execute @s[tag=creator] ~ ~ ~ detect ~ ~ ~0.5 pg:white_portal_block 0 tag @s add keep",
						"/execute @s[tag=creator,tag=!keep] ~ ~ ~ event entity @s despawn"
					]
                },
				"delay2": {
                    "transitions": [
						{
							"delay": "1"
						}
                    ]
                },
				 "rnm": {
                    "transitions": [
						{
							"default": "0"
						}
                    ],
					"on_entry":[
						"/gamerule sendcommandfeedback false",
							
							//"/execute @s[type=pg:bullet_rnm1] ~ ~ ~ event entity @e[type=pg:portal_rnm1,tag=pgb] despawn",
						
							//"/execute @s[type=pg:bullet_rnm2] ~ ~ ~ event entity @e[type=pg:portal_rnm2,tag=pgo] despawn",
							
							"/execute @s[type=pg:bullet_rnm1] ~ ~ ~ tag @s add pg1",
							"/execute @s[type=pg:bullet_rnm2] ~ ~ ~ tag @s add pg2",
							
							"/execute @s ~ ~ ~ tp ~ ~ ~ facing @p",
							"/execute @s ~ ~ ~ tp ~ ~ ~ ~ 0",
							
							"@s portal",		
							"/gamerule sendcommandfeedback true"
					]
                },
				 "levitation-gun": {
                    "transitions": [
						{
							"default": "0"
						}
                    ],
					"on_entry":[
						"/tp @s @p[c=1]",
						"/stopsound @p gun.shoot",
						"/playsound gun.activate @p[c=1] ~ ~ ~",
						"/execute @s[type=pg:bullet_b_glados] ~ ~ ~ replaceitem entity @p[c=1,r=2] slot.weapon.mainhand 0 pg:portal_gun_levitation_beta 1 0",
						"/execute @s[type=pg:bullet_o_glados] ~ ~ ~ replaceitem entity @p[c=1,r=2] slot.weapon.mainhand 0 pg:portal_gun_levitation_beta 1 0",
						"/execute @s[type=pg:bullet_b] ~ ~ ~ replaceitem entity @p[c=1,r=2] slot.weapon.mainhand 0 pg:portal_gun_levitation2_beta 1 0",
						"/execute @s[type=pg:bullet_o] ~ ~ ~ replaceitem entity @p[c=1,r=2] slot.weapon.mainhand 0 pg:portal_gun_levitation2_beta 1 0",
						"/event entity @s despawn"
					]
                },
				 "blackhole-gun": {
                    "transitions": [
						{
							"default": "0"
						}
                    ],
					"on_entry":[
						"/tp @s @p[c=1]",
						"/stopsound @p gun.shoot",
						"/playsound gun.activate @p[c=1] ~ ~ ~",
						"/execute @s[type=pg:bullet_b_glados] ~ ~ ~ replaceitem entity @p[c=1,r=2] slot.weapon.mainhand 0 pg:portal_gun_blackhole_beta 1 0",
						"/execute @s[type=pg:bullet_o_glados] ~ ~ ~ replaceitem entity @p[c=1,r=2] slot.weapon.mainhand 0 pg:portal_gun_blackhole_beta 1 0",
						"/execute @s[type=pg:bullet_b] ~ ~ ~ replaceitem entity @p[c=1,r=2] slot.weapon.mainhand 0 pg:portal_gun_blackhole2_beta 1 0",
						"/execute @s[type=pg:bullet_o] ~ ~ ~ replaceitem entity @p[c=1,r=2] slot.weapon.mainhand 0 pg:portal_gun_blackhole2_beta 1 0",
						"/event entity @s despawn"
					]
                },
					"portal_glados":{
						"transitions":[		
						{							
						"default": "0"
						}
						],
						"on_entry":[							
							"/gamerule sendcommandfeedback false",
							"/tp @s ~ ~ ~",							
							//"/execute @s[type=pg:bullet_b_glados] ~ ~ ~ event entity @e[type=pg:portal_b_glados,tag=pgb] despawn",							
							//"/execute @s[type=pg:bullet_o_glados] ~ ~ ~ event entity @e[type=pg:portal_o_glados,tag=pgo] despawn",
							
							"/execute @s[type=pg:bullet_b_glados] ~ ~ ~ tag @s add pg1",
							"/execute @s[type=pg:bullet_o_glados] ~ ~ ~ tag @s add pg2",																					
							
							"/execute @s ~ ~ ~ tp ~ ~ ~ facing @p",
							"/execute @s ~ ~ ~ tp ~ ~ ~ ~ 0",														
							
							"@s portal",		
							"/gamerule sendcommandfeedback true"
														
						]
					},
					"portal":{
						"transitions":[		
						{							
						"default": "0"
						}
						],
						"on_entry":[
							"/gamerule sendcommandfeedback false",							
							//"/execute @s[type=pg:bullet_b] ~ ~ ~ event entity @e[type=pg:portal_b,tag=pgb] despawn",							
							//"/execute @s[type=pg:bullet_o] ~ ~ ~ event entity @e[type=pg:portal_o,tag=pgo] despawn",
							
							"/execute @s[type=pg:bullet_b] ~ ~ ~ tag @s add pg1",
							"/execute @s[type=pg:bullet_o] ~ ~ ~ tag @s add pg2",
							
							"/execute @s ~ ~ ~ tp ~ ~ ~ facing @p",
							"/execute @s ~ ~ ~ tp ~ ~ ~ ~ 0",
							
							"@s portal",		
							"/gamerule sendcommandfeedback true"					
						]
					},
					 "switch-gun": {
                    "transitions": [
						{
							"default": "0"
						}
                    ],
					"on_entry":[
					"/tp @s @p[c=1]",
					"/stopsound @p gun.shoot",
					"/playsound gun.activate @p[c=1] ~ ~ ~",
					"/event entity @s despawn"
					]
                }
            }
        }
    }
}