{
	"format_version": "1.12.0",
	"minecraft:geometry": [
		{
			"description": {
				"identifier": "geometry.serpslowbro",
				"texture_width": 80,
				"texture_height": 80,
				"visible_bounds_width": 4,
				"visible_bounds_height": 2.5,
				"visible_bounds_offset": [0, 0.75, 0]
			},
			"bones": [
				{
					"name": "slowbro",
					"pivot": [0, 0, 0]
				},
				{
					"name": "body_root",
					"parent": "slowbro",
					"pivot": [0, 4, 4.5]
				},
				{
					"name": "head",
					"parent": "body_root",
					"pivot": [0, 14, -3],
					"cubes": [
						{"origin": [-4, 13, -6.5], "size": [8, 6, 6], "uv": [0, 20]},
						{"origin": [-3, 13, -8], "size": [6, 3, 2], "uv": [55, 55]},
						{"origin": [-3, 16, -8], "size": [6, 1.3, 0], "pivot": [0, 16, -8], "rotation": [-45, 0, 0], "uv": [33, 13]},
						{"origin": [-6, 19, -3.5], "size": [3, 3, 0], "pivot": [-3, 19, -3.5], "rotation": [-10, 30, -20], "uv": [67, 6]},
						{"origin": [3, 19, -3.5], "size": [3, 3, 0], "pivot": [3, 19, -3.5], "rotation": [-10, -30, 20], "uv": [67, 6], "mirror": true},
						{"origin": [-5.00111, 13, -5.99889], "size": [1, 3, 2], "uv": [26, 0]},
						{"origin": [4.00111, 13, -5.99889], "size": [1, 3, 2], "uv": [26, 0], "mirror": true},
						{"origin": [-3, 13, -8], "size": [2, 3, 2.83], "pivot": [-3, 14, -8], "rotation": [0, -45, 0], "uv": [51, 66]},
						{"origin": [1, 13, -8], "size": [2, 3, 2.83], "pivot": [3, 14, -8], "rotation": [0, 45, 0], "uv": [51, 66], "mirror": true},
						{"origin": [-3.5, 18.5, -6], "size": [7, 1, 5], "uv": [47, 8]},
						{"origin": [-3.5, 13.5, -7], "size": [7, 5, 1], "uv": [0, 51]},
						{"origin": [-3.5, 13.5, -1], "size": [7, 5, 1], "uv": [0, 51]},
						{"origin": [-4.5, 13.5, -6], "size": [1, 5, 5], "uv": [12, 53]},
						{"origin": [3.5, 13.5, -6], "size": [1, 5, 5], "uv": [12, 53], "mirror": true}
					]
				},
				{
					"name": "open_eyes",
					"parent": "head",
					"pivot": [0, 16, -4],
					"cubes": [
						{"origin": [-4, 15.5, -7], "size": [3, 3, 0], "pivot": [-4, 16, -7], "rotation": [0, 10, 0], "uv": [0, 69]},
						{"origin": [1, 15.5, -7], "size": [3, 3, 0], "pivot": [4, 16, -7], "rotation": [0, -10, 0], "uv": [0, 69], "mirror": true}
					]
				},
				{
					"name": "closed_eyes",
					"parent": "head",
					"pivot": [0, 16, -4],
					"cubes": [
						{"origin": [-4, 15.5, -7], "size": [3, 3, 0], "pivot": [-4, 16, -7], "rotation": [0, 10, 0], "uv": [0, 72]},
						{"origin": [1, 15.5, -7], "size": [3, 3, 0], "pivot": [4, 16, -7], "rotation": [0, -10, 0], "uv": [0, 72], "mirror": true}
					]
				},
				{
					"name": "angry_eyes",
					"parent": "head",
					"pivot": [0, 16, -4],
					"cubes": [
						{"origin": [-4, 15.5, -7], "size": [3, 3, 0], "pivot": [-4, 16, -7], "rotation": [0, 10, 0], "uv": [0, 75]},
						{"origin": [1, 15.5, -7], "size": [3, 3, 0], "pivot": [4, 16, -7], "rotation": [0, -10, 0], "uv": [0, 75], "mirror": true}
					]
				},
				{
					"name": "body",
					"parent": "body_root",
					"pivot": [0, 4, 5],
					"rotation": [20, 0, 0],
					"cubes": [
						{"origin": [-4.5, 3, -1.5], "size": [9, 12, 7], "uv": [0, 0]},
						{"origin": [-4, 3.5, -2], "size": [8, 11, 1], "uv": [38, 37]},
						{"origin": [-4, 3.5, 5], "size": [8, 11, 1], "uv": [33, 0]},
						{"origin": [-5, 3.5, -1], "size": [1, 11, 6], "uv": [23, 37]},
						{"origin": [4, 3.5, -1], "size": [1, 11, 6], "uv": [23, 37]},
						{"origin": [-4, 14.5, -1], "size": [8, 1, 6], "uv": [0, 33]},
						{"origin": [-4, 2.5, -1], "size": [8, 1, 6], "uv": [23, 29]}
					]
				},
				{
					"name": "tail",
					"parent": "body",
					"pivot": [0, 5, 6],
					"cubes": [
						{"origin": [-2, 3, 5], "size": [4, 4, 4], "uv": [38, 50]},
						{"origin": [-1.5, 3, 9], "size": [3, 3, 4], "pivot": [0, 3, 9], "rotation": [20, 0, 0], "uv": [25, 55]}
					]
				},
				{
					"name": "shellder",
					"parent": "tail",
					"pivot": [0, 5, 10],
					"rotation": [15, 0, 0],
					"cubes": [
						{"origin": [-4, 1, 9], "size": [8, 8, 4], "uv": [29, 16]},
						{"origin": [-3.5, 8.5, 9.5], "size": [7, 1, 3], "uv": [50, 15]},
						{"origin": [-3.5, 0.5, 9.5], "size": [7, 1, 3], "uv": [50, 15]},
						{"origin": [-2.5, 7.5, 13.5], "size": [5, 1, 2], "uv": [54, 20]},
						{"origin": [-2.5, 1.5, 13.5], "size": [5, 1, 2], "uv": [54, 20]},
						{"origin": [-1.5, 6.5, 16.5], "size": [3, 1, 2], "uv": [63, 24]},
						{"origin": [-1.5, 2.5, 16.5], "size": [3, 1, 2], "uv": [63, 24]},
						{"origin": [3.5, 1.5, 9.5], "size": [1, 7, 3], "uv": [0, 58]},
						{"origin": [-4.5, 1.5, 9.5], "size": [1, 7, 3], "uv": [0, 58], "mirror": true},
						{"origin": [2.5, 2.5, 13.5], "size": [1, 5, 2], "uv": [35, 65]},
						{"origin": [-3.5, 2.5, 13.5], "size": [1, 5, 2], "uv": [35, 65], "mirror": true},
						{"origin": [1.5, 3.5, 16.5], "size": [1, 3, 2], "uv": [0, 0]},
						{"origin": [-2.5, 3.5, 16.5], "size": [1, 3, 2], "uv": [0, 0], "mirror": true},
						{"origin": [-3, 1, 9], "size": [6, 3, 2], "pivot": [0, 1, 9], "rotation": [65, 0, 0], "uv": [52, 0]},
						{"origin": [-3, 2, 13], "size": [6, 6, 3], "uv": [0, 41]},
						{"origin": [-2, 3, 16], "size": [4, 4, 3], "uv": [55, 47]},
						{"origin": [-1, 4, 19], "size": [2, 2, 3], "uv": [61, 63]},
						{"origin": [0, 6, 20], "size": [0, 2, 2], "uv": [23, 20]},
						{"origin": [0, 8.5, 13.5], "size": [0, 2, 2], "uv": [23, 20]},
						{"origin": [2, 7, 16.5], "size": [0, 2, 2], "pivot": [2, 7, 18], "rotation": [0, 0, 45], "uv": [23, 20]},
						{"origin": [-2, 7, 16.5], "size": [0, 2, 2], "pivot": [-2, 7, 18], "rotation": [0, 0, -45], "uv": [23, 20], "mirror": true},
						{"origin": [0, 6, 20], "size": [0, 2, 2], "pivot": [0, 5, 11], "rotation": [0, 0, -180], "uv": [23, 20]},
						{"origin": [3, 2, 13.5], "size": [0, 2, 2], "pivot": [3, 2, 14], "rotation": [0, 0, 135], "uv": [23, 20]},
						{"origin": [-3, 2, 13.5], "size": [0, 2, 2], "pivot": [-3, 2, 14], "rotation": [0, 0, -135], "uv": [23, 20], "mirror": true}
					]
				},
				{
					"name": "arms",
					"parent": "body_root",
					"pivot": [0, 10, -2.5],
					"rotation": [-40, 0, 0]
				},
				{
					"name": "right_arm",
					"parent": "arms",
					"pivot": [-5, 10, -2.5],
					"rotation": [0, 0, -25],
					"cubes": [
						{"origin": [-6.5, 6, -4], "size": [3, 5, 3], "uv": [57, 35]},
						{"origin": [-6.5, 5, -4], "size": [3, 1, 3], "uv": [22, 63]}
					]
				},
				{
					"name": "left_arm",
					"parent": "arms",
					"pivot": [5, 10, -2.5],
					"rotation": [0, 0, 25],
					"cubes": [
						{"origin": [3.5, 6, -4], "size": [3, 5, 3], "uv": [57, 35], "mirror": true},
						{"origin": [3.5, 5, -4], "size": [3, 1, 3], "uv": [22, 63], "mirror": true}
					]
				},
				{
					"name": "legs",
					"parent": "slowbro",
					"pivot": [0, 5, 1.5]
				},
				{
					"name": "right_leg",
					"parent": "legs",
					"pivot": [-4, 5, 1.5],
					"cubes": [
						{"origin": [-7, 1.5, -0.5], "size": [1, 4, 3], "uv": [9, 64]},
						{"origin": [-6, 5.5, -0.5], "size": [3, 1, 3], "uv": [51, 61]},
						{"origin": [-6, 1.5, -1.5], "size": [3, 4, 1], "uv": [42, 65]},
						{"origin": [-6.5, 1, -1], "size": [4, 5, 4], "uv": [50, 25]},
						{"origin": [-6, 0, -2], "size": [3, 1, 4], "uv": [36, 59]},
						{"origin": [-6, 1, -4], "size": [3, 0, 2], "pivot": [-4, 1, -2], "rotation": [25, 0, 0], "uv": [57, 44]}
					]
				},
				{
					"name": "left_leg",
					"parent": "legs",
					"pivot": [4, 5, 1.5],
					"cubes": [
						{"origin": [6, 1.5, -0.5], "size": [1, 4, 3], "uv": [9, 64], "mirror": true},
						{"origin": [3, 5.5, -0.5], "size": [3, 1, 3], "uv": [51, 61], "mirror": true},
						{"origin": [3, 1.5, -1.5], "size": [3, 4, 1], "uv": [42, 65], "mirror": true},
						{"origin": [2.5, 1, -1], "size": [4, 5, 4], "uv": [50, 25], "mirror": true},
						{"origin": [3, 0, -2], "size": [3, 1, 4], "uv": [36, 59], "mirror": true},
						{"origin": [3, 1, -4], "size": [3, 0, 2], "pivot": [4, 1, -2], "rotation": [25, 0, 0], "uv": [57, 44], "mirror": true}
					]
				}
			]
		},
		{
			"description": {
				"identifier": "geometry.serpslowbro_mega",
				"texture_width": 80,
				"texture_height": 80,
				"visible_bounds_width": 4,
				"visible_bounds_height": 3.5,
				"visible_bounds_offset": [0, 1.25, 0]
			},
			"bones": [
				{
					"name": "slowbro",
					"pivot": [0, 0, 0]
				},
				{
					"name": "body_root",
					"parent": "slowbro",
					"pivot": [0, 6, 0]
				},
				{
					"name": "head",
					"parent": "body_root",
					"pivot": [0, 22, 0],
					"cubes": [
						{"origin": [-4, 21, -3.5], "size": [8, 6, 6], "uv": [46, 50]},
						{"origin": [-3, 21, -5], "size": [6, 3, 2], "uv": [61, 18]},
						{"origin": [-3, 24, -5], "size": [6, 1.3, 0], "pivot": [0, 24, -5], "rotation": [-45, 0, 0], "uv": [0, 11]},
						{"origin": [-6, 27, -0.5], "size": [3, 3, 0], "pivot": [-3, 27, -0.5], "rotation": [-10, 30, -20], "uv": [34, 25]},
						{"origin": [3, 27, -0.5], "size": [3, 3, 0], "pivot": [3, 27, -0.5], "rotation": [-10, -30, 20], "uv": [34, 25], "mirror": true},
						{"origin": [-5.00111, 21, -2.99889], "size": [1, 3, 2], "uv": [28, 37]},
						{"origin": [4.00111, 21, -2.99889], "size": [1, 3, 2], "uv": [28, 37], "mirror": true},
						{"origin": [-3, 21, -5], "size": [2, 3, 2.83], "pivot": [-3, 22, -5], "rotation": [0, -45, 0], "uv": [0, 36]},
						{"origin": [1, 21, -5], "size": [2, 3, 2.83], "pivot": [3, 22, -5], "rotation": [0, 45, 0], "uv": [0, 36], "mirror": true},
						{"origin": [-3.5, 26.5, -3], "size": [7, 1, 5], "uv": [0, 51]},
						{"origin": [-3.5, 21.5, -4], "size": [7, 5, 1], "uv": [25, 56]},
						{"origin": [-3.5, 21.5, 2], "size": [7, 5, 1], "uv": [25, 56]},
						{"origin": [-4.5, 21.5, -3], "size": [1, 5, 5], "uv": [0, 0]},
						{"origin": [3.5, 21.5, -3], "size": [1, 5, 5], "uv": [0, 0], "mirror": true}
					]
				},
				{
					"name": "open_eyes",
					"parent": "head",
					"pivot": [0, 24, -1],
					"cubes": [
						{"origin": [-4, 23.5, -4], "size": [3, 3, 0], "pivot": [-4, 24, -4], "rotation": [0, 10, 0], "uv": [0, 65]},
						{"origin": [1, 23.5, -4], "size": [3, 3, 0], "pivot": [4, 24, -4], "rotation": [0, -10, 0], "uv": [0, 65], "mirror": true}
					]
				},
				{
					"name": "closed_eyes",
					"parent": "head",
					"pivot": [0, 24, -1],
					"cubes": [
						{"origin": [-4, 23.5, -4], "size": [3, 3, 0], "pivot": [-4, 24, -4], "rotation": [0, 10, 0], "uv": [0, 68]},
						{"origin": [1, 23.5, -4], "size": [3, 3, 0], "pivot": [4, 24, -4], "rotation": [0, -10, 0], "uv": [0, 68], "mirror": true}
					]
				},
				{
					"name": "angry_eyes",
					"parent": "head",
					"pivot": [0, 24, -1],
					"cubes": [
						{"origin": [-4, 23.5, -4], "size": [3, 3, 0], "pivot": [-4, 24, -4], "rotation": [0, 10, 0], "uv": [0, 71]},
						{"origin": [1, 23.5, -4], "size": [3, 3, 0], "pivot": [4, 24, -4], "rotation": [0, -10, 0], "uv": [0, 71], "mirror": true}
					]
				},
				{
					"name": "body",
					"parent": "body_root",
					"pivot": [0, 9, 1],
					"cubes": [
						{"origin": [-6.5, 16, -6.5], "size": [13, 5, 13], "uv": [0, 0]},
						{"origin": [-5.5, 21, -5.5], "size": [11, 2, 11], "uv": [34, 25]},
						{"origin": [-5.5, 11, -5.5], "size": [11, 5, 11], "uv": [0, 19]},
						{"origin": [-4.5, 6, -4.5], "size": [9, 5, 9], "uv": [0, 36]},
						{"origin": [-5.5, 7, -8.5], "size": [2, 0, 5], "pivot": [-4.5, 7, -4.5], "rotation": [45, 45, 0], "uv": [12, 60]},
						{"origin": [-5.5, 7, 0.5], "size": [2, 0, 5], "pivot": [-4.5, 7, 4.5], "rotation": [-135, 45, -180], "uv": [12, 60]},
						{"origin": [3.5, 7, 0.5], "size": [2, 0, 5], "pivot": [4.5, 7, 4.5], "rotation": [-135, -45, 180], "uv": [12, 60], "mirror": true},
						{"origin": [3.5, 7, -8.5], "size": [2, 0, 5], "pivot": [4.5, 7, -4.5], "rotation": [45, -45, 0], "uv": [12, 60], "mirror": true},
						{"origin": [-6, 16.5, 6], "size": [12, 4, 1], "uv": [34, 19]},
						{"origin": [-6, 16.5, -7], "size": [12, 4, 1], "uv": [34, 19]},
						{"origin": [-5, 11.5, -6], "size": [10, 4, 1], "uv": [0, 75]},
						{"origin": [-5, 11.5, 5], "size": [10, 4, 1], "uv": [0, 75]},
						{"origin": [-4, 6.5, -5], "size": [8, 4, 1], "uv": [23, 75]},
						{"origin": [-4, 6.5, 4], "size": [8, 4, 1], "uv": [23, 75]},
						{"origin": [-4, 5.5, -4], "size": [8, 1, 8], "uv": [40, 0]},
						{"origin": [-7, 16.5, -6], "size": [1, 4, 12], "uv": [25, 39]},
						{"origin": [6, 16.5, -6], "size": [1, 4, 12], "uv": [25, 39], "mirror": true},
						{"origin": [-6, 11.5, -5], "size": [1, 4, 10], "uv": [58, 63]},
						{"origin": [5, 11.5, -5], "size": [1, 4, 10], "uv": [58, 63], "mirror": true},
						{"origin": [-5, 6.5, -4], "size": [1, 4, 8], "uv": [34, 56]},
						{"origin": [4, 6.5, -4], "size": [1, 4, 8], "uv": [34, 56], "mirror": true},
						{"origin": [-4, 6.5, -2], "size": [8, 1, 6], "uv": [40, 39]}
					]
				},
				{
					"name": "arms",
					"parent": "body_root",
					"pivot": [0, 19, -4.5]
				},
				{
					"name": "right_arm",
					"parent": "arms",
					"pivot": [-6, 19, -4.5],
					"rotation": [0, -45, 0],
					"cubes": [
						{"origin": [-10.5, 17, -6], "size": [5, 3, 3], "uv": [0, 58]},
						{"origin": [-11.5, 17, -4], "size": [1, 3, 0], "pivot": [-10.5, 19, -4], "rotation": [0, -25, 0], "uv": [0, 0]}
					]
				},
				{
					"name": "left_arm",
					"parent": "arms",
					"pivot": [6, 19, -4.5],
					"rotation": [0, 45, 0],
					"cubes": [
						{"origin": [5.5, 17, -6], "size": [5, 3, 3], "uv": [0, 58], "mirror": true},
						{"origin": [10.5, 17, -4], "size": [1, 3, 0], "pivot": [10.5, 19, -4], "rotation": [0, 25, 0], "uv": [0, 0], "mirror": true}
					]
				},
				{
					"name": "tail",
					"parent": "slowbro",
					"pivot": [0, 6, 0],
					"cubes": [
						{"origin": [-2, 3, -2], "size": [4, 3, 4], "uv": [53, 10]},
						{"origin": [-1, 0, -1], "size": [2, 3, 2], "uv": [0, 19]}
					]
				}
			]
		}
	]
}