{
	"format_version": "1.12.0",
	"minecraft:geometry": [
		{
			"description": {
				"identifier": "geometry.formidibomb",
				"texture_width": 256,
				"texture_height": 128,
				"visible_bounds_width": 5,
				"visible_bounds_height": 4,
				"visible_bounds_offset": [0, 1, 0]
			},
			"bones": [
				{
					"name": "3d_particle",
					"pivot": [0, 0, 0]
				},
				{
					"name": "particle_group1",
					"parent": "3d_particle",
					"pivot": [0, 9, 0],
					"cubes": [
						{
							"origin": [-0.08, 4.12, -1.12],
							"size": [0, 9.52, 26.88],
							"pivot": [0, 9, 0],
							"rotation": [-25.03818, -28.87909, 134.04461],
							"uv": {
								"north": {"uv": [461, -99], "uv_size": [0, 218]},
								"east": {"uv": [1, 0], "uv_size": [132, 128]},
								"south": {"uv": [922, -99], "uv_size": [0, 218]},
								"west": {"uv": [461, -99], "uv_size": [461, 218]},
								"up": {"uv": [461, -560], "uv_size": [0, 461]},
								"down": {"uv": [461, -99], "uv_size": [0, -461]}
							}
						},
						{
							"origin": [-0.08, 4.12, -1.12],
							"size": [0, 9.52, 26.88],
							"pivot": [0, 9, 0],
							"rotation": [-157.9556, 29.41119, 171.78952],
							"uv": {
								"north": {"uv": [461, -99], "uv_size": [0, 218]},
								"east": {"uv": [1, 0], "uv_size": [132, 128]},
								"south": {"uv": [922, -99], "uv_size": [0, 218]},
								"west": {"uv": [461, -99], "uv_size": [461, 218]},
								"up": {"uv": [461, -560], "uv_size": [0, 461]},
								"down": {"uv": [461, -99], "uv_size": [0, -461]}
							}
						},
						{
							"origin": [-0.08, 4.12, -1.12],
							"size": [0, 9.52, 26.88],
							"pivot": [0, 9, 0],
							"rotation": [-130.83563, -54.08146, 22.64627],
							"uv": {
								"north": {"uv": [461, -99], "uv_size": [0, 218]},
								"east": {"uv": [1, 0], "uv_size": [132, 128]},
								"south": {"uv": [922, -99], "uv_size": [0, 218]},
								"west": {"uv": [461, -99], "uv_size": [461, 218]},
								"up": {"uv": [461, -560], "uv_size": [0, 461]},
								"down": {"uv": [461, -99], "uv_size": [0, -461]}
							}
						},
						{
							"origin": [-0.08, 4.12, -1.12],
							"size": [0, 9.52, 26.88],
							"pivot": [0, 9, 0],
							"rotation": [-47.327, 39.60172, 89.9753],
							"uv": {
								"north": {"uv": [461, -99], "uv_size": [0, 218]},
								"east": {"uv": [1, 0], "uv_size": [132, 128]},
								"south": {"uv": [922, -99], "uv_size": [0, 218]},
								"west": {"uv": [461, -99], "uv_size": [461, 218]},
								"up": {"uv": [461, -560], "uv_size": [0, 461]},
								"down": {"uv": [461, -99], "uv_size": [0, -461]}
							}
						},
						{
							"origin": [-0.08, 4.12, -1.12],
							"size": [0, 9.52, 26.88],
							"pivot": [0, 9, 0],
							"rotation": [70.173, 39.60172, 89.9753],
							"uv": {
								"north": {"uv": [461, -99], "uv_size": [0, 218]},
								"east": {"uv": [1, 0], "uv_size": [132, 128]},
								"south": {"uv": [922, -99], "uv_size": [0, 218]},
								"west": {"uv": [461, -99], "uv_size": [461, 218]},
								"up": {"uv": [461, -560], "uv_size": [0, 461]},
								"down": {"uv": [461, -99], "uv_size": [0, -461]}
							}
						},
						{
							"origin": [-0.08, 4.12, -1.12],
							"size": [0, 9.52, 26.88],
							"pivot": [0, 9, 0],
							"rotation": [-149.827, 39.60172, 89.9753],
							"uv": {
								"north": {"uv": [461, -99], "uv_size": [0, 218]},
								"east": {"uv": [1, 0], "uv_size": [132, 128]},
								"south": {"uv": [922, -99], "uv_size": [0, 218]},
								"west": {"uv": [461, -99], "uv_size": [461, 218]},
								"up": {"uv": [461, -560], "uv_size": [0, 461]},
								"down": {"uv": [461, -99], "uv_size": [0, -461]}
							}
						}
					]
				},
				{
					"name": "particle_group2",
					"parent": "3d_particle",
					"pivot": [0, 9, 0],
					"rotation": [-157.5, 0, 55],
					"cubes": [
						{
							"origin": [-0.1, 2.9, -1.4],
							"size": [0, 11.9, 33.6],
							"pivot": [0, 9, 0],
							"rotation": [-25.03818, -28.87909, 134.04461],
							"uv": {
								"north": {"uv": [461, -99], "uv_size": [0, 218]},
								"east": {"uv": [1, 0], "uv_size": [132, 128]},
								"south": {"uv": [922, -99], "uv_size": [0, 218]},
								"west": {"uv": [461, -99], "uv_size": [461, 218]},
								"up": {"uv": [461, -560], "uv_size": [0, 461]},
								"down": {"uv": [461, -99], "uv_size": [0, -461]}
							}
						},
						{
							"origin": [-0.1, 2.9, -1.4],
							"size": [0, 11.9, 33.6],
							"pivot": [0, 9, 0],
							"rotation": [-157.9556, 29.41119, 171.78952],
							"uv": {
								"north": {"uv": [461, -99], "uv_size": [0, 218]},
								"east": {"uv": [1, 0], "uv_size": [132, 128]},
								"south": {"uv": [922, -99], "uv_size": [0, 218]},
								"west": {"uv": [461, -99], "uv_size": [461, 218]},
								"up": {"uv": [461, -560], "uv_size": [0, 461]},
								"down": {"uv": [461, -99], "uv_size": [0, -461]}
							}
						},
						{
							"origin": [-0.1, 2.9, -1.4],
							"size": [0, 11.9, 33.6],
							"pivot": [0, 9, 0],
							"rotation": [-130.83563, -54.08146, 22.64627],
							"uv": {
								"north": {"uv": [461, -99], "uv_size": [0, 218]},
								"east": {"uv": [1, 0], "uv_size": [132, 128]},
								"south": {"uv": [922, -99], "uv_size": [0, 218]},
								"west": {"uv": [461, -99], "uv_size": [461, 218]},
								"up": {"uv": [461, -560], "uv_size": [0, 461]},
								"down": {"uv": [461, -99], "uv_size": [0, -461]}
							}
						},
						{
							"origin": [-0.1, 2.9, -1.4],
							"size": [0, 11.9, 33.6],
							"pivot": [0, 9, 0],
							"rotation": [-47.327, 39.60172, 89.9753],
							"uv": {
								"north": {"uv": [461, -99], "uv_size": [0, 218]},
								"east": {"uv": [1, 0], "uv_size": [132, 128]},
								"south": {"uv": [922, -99], "uv_size": [0, 218]},
								"west": {"uv": [461, -99], "uv_size": [461, 218]},
								"up": {"uv": [461, -560], "uv_size": [0, 461]},
								"down": {"uv": [461, -99], "uv_size": [0, -461]}
							}
						},
						{
							"origin": [-0.1, 2.9, -1.4],
							"size": [0, 11.9, 33.6],
							"pivot": [0, 9, 0],
							"rotation": [70.173, 39.60172, 89.9753],
							"uv": {
								"north": {"uv": [461, -99], "uv_size": [0, 218]},
								"east": {"uv": [1, 0], "uv_size": [132, 128]},
								"south": {"uv": [922, -99], "uv_size": [0, 218]},
								"west": {"uv": [461, -99], "uv_size": [461, 218]},
								"up": {"uv": [461, -560], "uv_size": [0, 461]},
								"down": {"uv": [461, -99], "uv_size": [0, -461]}
							}
						},
						{
							"origin": [-0.1, 2.9, -1.4],
							"size": [0, 11.9, 33.6],
							"pivot": [0, 9, 0],
							"rotation": [-149.827, 39.60172, 89.9753],
							"uv": {
								"north": {"uv": [461, -99], "uv_size": [0, 218]},
								"east": {"uv": [1, 0], "uv_size": [132, 128]},
								"south": {"uv": [922, -99], "uv_size": [0, 218]},
								"west": {"uv": [461, -99], "uv_size": [461, 218]},
								"up": {"uv": [461, -560], "uv_size": [0, 461]},
								"down": {"uv": [461, -99], "uv_size": [0, -461]}
							}
						}
					]
				},
				{
					"name": "root",
					"pivot": [0, 8, 0],
					"cubes": [
						{
							"origin": [-8, -0.125, -8],
							"size": [16, 16, 16],
							"inflate": 0.05,
							"uv": {
								"north": {"uv": [239.59567, 107.89892], "uv_size": [16.40433, 20.10108]},
								"east": {"uv": [240, 112], "uv_size": [16, 16]},
								"south": {"uv": [240, 112], "uv_size": [16, 16]},
								"west": {"uv": [255.01805, 128], "uv_size": [0.98195, 0]},
								"up": {"uv": [256, 128], "uv_size": [0, 0]},
								"down": {"uv": [256, 128], "uv_size": [-2.36823, 0]}
							}
						}
					],
					"locators": {
						"command_block": [0, 7.875, 0]
					}
				},
				{
					"name": "model",
					"parent": "root",
					"pivot": [0, 0, 0]
				},
				{
					"name": "rightitem",
					"parent": "model",
					"pivot": [0, 0, 0]
				}
			]
		}
	]
}