{
  "format_version": "1.12.0",
  "minecraft:geometry": [
    {
      "description": {
        "identifier": "geometry.tainted_dust1",
        "texture_width": 16,
        "texture_height": 16,
        "visible_bounds_width": 2,
        "visible_bounds_height": 1.5,
        "visible_bounds_offset": [
          0,
          0.25,
          0
        ]
      },
      "bones": [
        {
          "name": "bone",
          "cubes": [
            {
              "origin": [
                -8.0,
                0.0,
                0.0
              ],
              "size": [
                1.0,
                0.5,
                1.0
              ],
              "uv": {
                "north": {
                  "uv": [
                    4,
                    8
                  ],
                  "uv_size": [
                    1,
                    1
                  ]
                },
                "east": {
                  "uv": [
                    4,
                    8
                  ],
                  "uv_size": [
                    1,
                    1
                  ]
                },
                "south": {
                  "uv": [
                    4,
                    8
                  ],
                  "uv_size": [
                    1,
                    1
                  ]
                },
                "west": {
                  "uv": [
                    4,
                    8
                  ],
                  "uv_size": [
                    1,
                    1
                  ]
                },
                "up": {
                  "uv": [
                    5,
                    9
                  ],
                  "uv_size": [
                    -1,
                    -1
                  ]
                },
                "down": {
                  "uv": [
                    5,
                    9
                  ],
                  "uv_size": [
                    -1,
                    -1
                  ]
                }
              },
              "inflate": 0
            },
            {
              "origin": [
                -7.0,
                0.0,
                -1.0
              ],
              "size": [
                3.0,
                0.5,
                1.0
              ],
              "uv": {
                "north": {
                  "uv": [
                    4,
                    8
                  ],
                  "uv_size": [
                    1,
                    1
                  ]
                },
                "east": {
                  "uv": [
                    4,
                    8
                  ],
                  "uv_size": [
                    1,
                    1
                  ]
                },
                "south": {
                  "uv": [
                    4,
                    8
                  ],
                  "uv_size": [
                    1,
                    1
                  ]
                },
                "west": {
                  "uv": [
                    4,
                    8
                  ],
                  "uv_size": [
                    1,
                    1
                  ]
                },
                "up": {
                  "uv": [
                    5,
                    9
                  ],
                  "uv_size": [
                    -1,
                    -1
                  ]
                },
                "down": {
                  "uv": [
                    5,
                    9
                  ],
                  "uv_size": [
                    -1,
                    -1
                  ]
                }
              },
              "inflate": 0
            },
            {
              "origin": [
                -3.0,
                0.0,
                -1.0
              ],
              "size": [
                1.0,
                0.5,
                1.0
              ],
              "uv": {
                "north": {
                  "uv": [
                    4,
                    8
                  ],
                  "uv_size": [
                    1,
                    1
                  ]
                },
                "east": {
                  "uv": [
                    4,
                    8
                  ],
                  "uv_size": [
                    1,
                    1
                  ]
                },
                "south": {
                  "uv": [
                    4,
                    8
                  ],
                  "uv_size": [
                    1,
                    1
                  ]
                },
                "west": {
                  "uv": [
                    4,
                    8
                  ],
                  "uv_size": [
                    1,
                    1
                  ]
                },
                "up": {
                  "uv": [
                    5,
                    9
                  ],
                  "uv_size": [
                    -1,
                    -1
                  ]
                },
                "down": {
                  "uv": [
                    5,
                    9
                  ],
                  "uv_size": [
                    -1,
                    -1
                  ]
                }
              },
              "inflate": 0
            },
            {
              "origin": [
                -2.0,
                0.0,
                0.0
              ],
              "size": [
                1.0,
                0.5,
                1.0
              ],
              "uv": {
                "north": {
                  "uv": [
                    4,
                    8
                  ],
                  "uv_size": [
                    1,
                    1
                  ]
                },
                "east": {
                  "uv": [
                    4,
                    8
                  ],
                  "uv_size": [
                    1,
                    1
                  ]
                },
                "south": {
                  "uv": [
                    4,
                    8
                  ],
                  "uv_size": [
                    1,
                    1
                  ]
                },
                "west": {
                  "uv": [
                    4,
                    8
                  ],
                  "uv_size": [
                    1,
                    1
                  ]
                },
                "up": {
                  "uv": [
                    5,
                    9
                  ],
                  "uv_size": [
                    -1,
                    -1
                  ]
                },
                "down": {
                  "uv": [
                    5,
                    9
                  ],
                  "uv_size": [
                    -1,
                    -1
                  ]
                }
              },
              "inflate": 0
            },
            {
              "origin": [
                -4.0,
                0.0,
                1.0
              ],
              "size": [
                1.0,
                0.5,
                1.0
              ],
              "uv": {
                "north": {
                  "uv": [
                    4,
                    8
                  ],
                  "uv_size": [
                    1,
                    1
                  ]
                },
                "east": {
                  "uv": [
                    4,
                    8
                  ],
                  "uv_size": [
                    1,
                    1
                  ]
                },
                "south": {
                  "uv": [
                    4,
                    8
                  ],
                  "uv_size": [
                    1,
                    1
                  ]
                },
                "west": {
                  "uv": [
                    4,
                    8
                  ],
                  "uv_size": [
                    1,
                    1
                  ]
                },
                "up": {
                  "uv": [
                    5,
                    9
                  ],
                  "uv_size": [
                    -1,
                    -1
                  ]
                },
                "down": {
                  "uv": [
                    5,
                    9
                  ],
                  "uv_size": [
                    -1,
                    -1
                  ]
                }
              },
              "inflate": 0
            },
            {
              "origin": [
                -1.0,
                0.0,
                -1.0
              ],
              "size": [
                1.0,
                0.5,
                1.0
              ],
              "uv": {
                "north": {
                  "uv": [
                    4,
                    8
                  ],
                  "uv_size": [
                    1,
                    1
                  ]
                },
                "east": {
                  "uv": [
                    4,
                    8
                  ],
                  "uv_size": [
                    1,
                    1
                  ]
                },
                "south": {
                  "uv": [
                    4,
                    8
                  ],
                  "uv_size": [
                    1,
                    1
                  ]
                },
                "west": {
                  "uv": [
                    4,
                    8
                  ],
                  "uv_size": [
                    1,
                    1
                  ]
                },
                "up": {
                  "uv": [
                    5,
                    9
                  ],
                  "uv_size": [
                    -1,
                    -1
                  ]
                },
                "down": {
                  "uv": [
                    5,
                    9
                  ],
                  "uv_size": [
                    -1,
                    -1
                  ]
                }
              },
              "inflate": 0
            },
            {
              "origin": [
                1.0,
                0.0,
                -2.0
              ],
              "size": [
                1.0,
                0.5,
                2.0
              ],
              "uv": {
                "north": {
                  "uv": [
                    4,
                    8
                  ],
                  "uv_size": [
                    1,
                    1
                  ]
                },
                "east": {
                  "uv": [
                    4,
                    8
                  ],
                  "uv_size": [
                    1,
                    1
                  ]
                },
                "south": {
                  "uv": [
                    4,
                    8
                  ],
                  "uv_size": [
                    1,
                    1
                  ]
                },
                "west": {
                  "uv": [
                    4,
                    8
                  ],
                  "uv_size": [
                    1,
                    1
                  ]
                },
                "up": {
                  "uv": [
                    5,
                    9
                  ],
                  "uv_size": [
                    -1,
                    -1
                  ]
                },
                "down": {
                  "uv": [
                    5,
                    9
                  ],
                  "uv_size": [
                    -1,
                    -1
                  ]
                }
              },
              "inflate": 0
            },
            {
              "origin": [
                3.0,
                0.0,
                0.0
              ],
              "size": [
                1.0,
                0.5,
                1.0
              ],
              "uv": {
                "north": {
                  "uv": [
                    4,
                    8
                  ],
                  "uv_size": [
                    1,
                    1
                  ]
                },
                "east": {
                  "uv": [
                    4,
                    8
                  ],
                  "uv_size": [
                    1,
                    1
                  ]
                },
                "south": {
                  "uv": [
                    4,
                    8
                  ],
                  "uv_size": [
                    1,
                    1
                  ]
                },
                "west": {
                  "uv": [
                    4,
                    8
                  ],
                  "uv_size": [
                    1,
                    1
                  ]
                },
                "up": {
                  "uv": [
                    5,
                    9
                  ],
                  "uv_size": [
                    -1,
                    -1
                  ]
                },
                "down": {
                  "uv": [
                    5,
                    9
                  ],
                  "uv_size": [
                    -1,
                    -1
                  ]
                }
              },
              "inflate": 0
            },
            {
              "origin": [
                4.0,
                0.0,
                0.0
              ],
              "size": [
                1.0,
                0.5,
                1.0
              ],
              "uv": {
                "north": {
                  "uv": [
                    4,
                    8
                  ],
                  "uv_size": [
                    1,
                    1
                  ]
                },
                "east": {
                  "uv": [
                    4,
                    8
                  ],
                  "uv_size": [
                    1,
                    1
                  ]
                },
                "south": {
                  "uv": [
                    4,
                    8
                  ],
                  "uv_size": [
                    1,
                    1
                  ]
                },
                "west": {
                  "uv": [
                    4,
                    8
                  ],
                  "uv_size": [
                    1,
                    1
                  ]
                },
                "up": {
                  "uv": [
                    5,
                    9
                  ],
                  "uv_size": [
                    -1,
                    -1
                  ]
                },
                "down": {
                  "uv": [
                    5,
                    9
                  ],
                  "uv_size": [
                    -1,
                    -1
                  ]
                }
              },
              "inflate": 0
            },
            {
              "origin": [
                4.0,
                0.0,
                -1.0
              ],
              "size": [
                1.0,
                0.5,
                1.0
              ],
              "uv": {
                "north": {
                  "uv": [
                    3,
                    7
                  ],
                  "uv_size": [
                    1,
                    1
                  ]
                },
                "east": {
                  "uv": [
                    3,
                    7
                  ],
                  "uv_size": [
                    1,
                    1
                  ]
                },
                "south": {
                  "uv": [
                    3,
                    7
                  ],
                  "uv_size": [
                    1,
                    1
                  ]
                },
                "west": {
                  "uv": [
                    3,
                    7
                  ],
                  "uv_size": [
                    1,
                    1
                  ]
                },
                "up": {
                  "uv": [
                    4,
                    8
                  ],
                  "uv_size": [
                    -1,
                    -1
                  ]
                },
                "down": {
                  "uv": [
                    4,
                    8
                  ],
                  "uv_size": [
                    -1,
                    -1
                  ]
                }
              },
              "inflate": 0
            },
            {
              "origin": [
                0.0,
                0.0,
                0.0
              ],
              "size": [
                1.0,
                0.5,
                1.0
              ],
              "uv": {
                "north": {
                  "uv": [
                    3,
                    7
                  ],
                  "uv_size": [
                    1,
                    1
                  ]
                },
                "east": {
                  "uv": [
                    3,
                    7
                  ],
                  "uv_size": [
                    1,
                    1
                  ]
                },
                "south": {
                  "uv": [
                    3,
                    7
                  ],
                  "uv_size": [
                    1,
                    1
                  ]
                },
                "west": {
                  "uv": [
                    3,
                    7
                  ],
                  "uv_size": [
                    1,
                    1
                  ]
                },
                "up": {
                  "uv": [
                    4,
                    8
                  ],
                  "uv_size": [
                    -1,
                    -1
                  ]
                },
                "down": {
                  "uv": [
                    4,
                    8
                  ],
                  "uv_size": [
                    -1,
                    -1
                  ]
                }
              },
              "inflate": 0
            },
            {
              "origin": [
                -5.0,
                0.0,
                0.0
              ],
              "size": [
                1.0,
                0.5,
                1.0
              ],
              "uv": {
                "north": {
                  "uv": [
                    3,
                    7
                  ],
                  "uv_size": [
                    1,
                    1
                  ]
                },
                "east": {
                  "uv": [
                    3,
                    7
                  ],
                  "uv_size": [
                    1,
                    1
                  ]
                },
                "south": {
                  "uv": [
                    3,
                    7
                  ],
                  "uv_size": [
                    1,
                    1
                  ]
                },
                "west": {
                  "uv": [
                    3,
                    7
                  ],
                  "uv_size": [
                    1,
                    1
                  ]
                },
                "up": {
                  "uv": [
                    4,
                    8
                  ],
                  "uv_size": [
                    -1,
                    -1
                  ]
                },
                "down": {
                  "uv": [
                    4,
                    8
                  ],
                  "uv_size": [
                    -1,
                    -1
                  ]
                }
              },
              "inflate": 0
            },
            {
              "origin": [
                5.0,
                0.0,
                -1.0
              ],
              "size": [
                1.0,
                0.5,
                1.0
              ],
              "uv": {
                "north": {
                  "uv": [
                    4,
                    8
                  ],
                  "uv_size": [
                    1,
                    1
                  ]
                },
                "east": {
                  "uv": [
                    4,
                    8
                  ],
                  "uv_size": [
                    1,
                    1
                  ]
                },
                "south": {
                  "uv": [
                    4,
                    8
                  ],
                  "uv_size": [
                    1,
                    1
                  ]
                },
                "west": {
                  "uv": [
                    4,
                    8
                  ],
                  "uv_size": [
                    1,
                    1
                  ]
                },
                "up": {
                  "uv": [
                    5,
                    9
                  ],
                  "uv_size": [
                    -1,
                    -1
                  ]
                },
                "down": {
                  "uv": [
                    5,
                    9
                  ],
                  "uv_size": [
                    -1,
                    -1
                  ]
                }
              },
              "inflate": 0
            },
            {
              "origin": [
                7.0,
                0.0,
                -1.0
              ],
              "size": [
                1.0,
                0.5,
                1.0
              ],
              "uv": {
                "north": {
                  "uv": [
                    4,
                    6
                  ],
                  "uv_size": [
                    1,
                    1
                  ]
                },
                "east": {
                  "uv": [
                    4,
                    6
                  ],
                  "uv_size": [
                    1,
                    1
                  ]
                },
                "south": {
                  "uv": [
                    4,
                    6
                  ],
                  "uv_size": [
                    1,
                    1
                  ]
                },
                "west": {
                  "uv": [
                    4,
                    6
                  ],
                  "uv_size": [
                    1,
                    1
                  ]
                },
                "up": {
                  "uv": [
                    5,
                    7
                  ],
                  "uv_size": [
                    -1,
                    -1
                  ]
                },
                "down": {
                  "uv": [
                    5,
                    7
                  ],
                  "uv_size": [
                    -1,
                    -1
                  ]
                }
              },
              "inflate": 0
            },
            {
              "origin": [
                2.0,
                0.0,
                -2.0
              ],
              "size": [
                1.0,
                0.5,
                1.0
              ],
              "uv": {
                "north": {
                  "uv": [
                    4,
                    6
                  ],
                  "uv_size": [
                    1,
                    1
                  ]
                },
                "east": {
                  "uv": [
                    4,
                    6
                  ],
                  "uv_size": [
                    1,
                    1
                  ]
                },
                "south": {
                  "uv": [
                    4,
                    6
                  ],
                  "uv_size": [
                    1,
                    1
                  ]
                },
                "west": {
                  "uv": [
                    4,
                    6
                  ],
                  "uv_size": [
                    1,
                    1
                  ]
                },
                "up": {
                  "uv": [
                    5,
                    7
                  ],
                  "uv_size": [
                    -1,
                    -1
                  ]
                },
                "down": {
                  "uv": [
                    5,
                    7
                  ],
                  "uv_size": [
                    -1,
                    -1
                  ]
                }
              },
              "inflate": 0
            },
            {
              "origin": [
                -3.0,
                0.0,
                0.0
              ],
              "size": [
                1.0,
                0.5,
                1.0
              ],
              "uv": {
                "north": {
                  "uv": [
                    4,
                    6
                  ],
                  "uv_size": [
                    1,
                    1
                  ]
                },
                "east": {
                  "uv": [
                    4,
                    6
                  ],
                  "uv_size": [
                    1,
                    1
                  ]
                },
                "south": {
                  "uv": [
                    4,
                    6
                  ],
                  "uv_size": [
                    1,
                    1
                  ]
                },
                "west": {
                  "uv": [
                    4,
                    6
                  ],
                  "uv_size": [
                    1,
                    1
                  ]
                },
                "up": {
                  "uv": [
                    5,
                    7
                  ],
                  "uv_size": [
                    -1,
                    -1
                  ]
                },
                "down": {
                  "uv": [
                    5,
                    7
                  ],
                  "uv_size": [
                    -1,
                    -1
                  ]
                }
              },
              "inflate": 0
            },
            {
              "origin": [
                3.0,
                0.0,
                -2.0
              ],
              "size": [
                1.0,
                0.5,
                1.0
              ],
              "uv": {
                "north": {
                  "uv": [
                    4,
                    6
                  ],
                  "uv_size": [
                    1,
                    1
                  ]
                },
                "east": {
                  "uv": [
                    4,
                    6
                  ],
                  "uv_size": [
                    1,
                    1
                  ]
                },
                "south": {
                  "uv": [
                    4,
                    6
                  ],
                  "uv_size": [
                    1,
                    1
                  ]
                },
                "west": {
                  "uv": [
                    4,
                    6
                  ],
                  "uv_size": [
                    1,
                    1
                  ]
                },
                "up": {
                  "uv": [
                    5,
                    7
                  ],
                  "uv_size": [
                    -1,
                    -1
                  ]
                },
                "down": {
                  "uv": [
                    5,
                    7
                  ],
                  "uv_size": [
                    -1,
                    -1
                  ]
                }
              },
              "inflate": 0
            }
          ]
        }
      ]
    }
  ]
}