{
	"format_version": "1.12.0",
	"minecraft:geometry": [
		{
			"description": {
				"identifier": "geometry.tainted_zombie_sitting",
				"texture_width": 64,
				"texture_height": 32,
				"visible_bounds_width": 3,
				"visible_bounds_height": 2.5,
				"visible_bounds_offset": [0, 0.75, 0]
			},
			"bones": [
				{
					"name": "zombie",
					"pivot": [0, 3.33151, 8.39645],
					"rotation": [0, 180, 0],
					"cubes": [
						{"origin": [-4, 0.92807, 18.61104], "size": [8, 12, 4], "pivot": [0, 6.92807, 20.61104], "rotation": [22.5, 0, 0], "uv": [16, 16]},
						{"origin": [4, 0.46088, 15.68297], "size": [4, 12, 4], "pivot": [6, 6.46088, 17.68297], "rotation": [-22.5, 0, 0], "uv": [40, 16]},
						{"origin": [3.5, 1.46088, 20], "size": [4, 12, 4], "pivot": [6, 6.46088, 17.68297], "rotation": [-90, -45, 0], "uv": [0, 16]},
						{"origin": [-8.75, 0.71088, 17.68297], "size": [4, 12, 4], "pivot": [-6, 6.46088, 17.68297], "rotation": [0, 22.5, 0], "uv": [40, 16]},
						{"origin": [-6.25, 0.71088, 20], "size": [4, 12, 4], "pivot": [-6, 6.46088, 17.68297], "rotation": [-90, 22.5, 0], "uv": [0, 16]}
					]
				},
				{
					"name": "headlayer",
					"parent": "zombie",
					"pivot": [0, 8, 17],
					"cubes": [
						{"origin": [-4, 9.17214, 11.98277], "size": [8, 8, 8], "pivot": [0, 12.92214, 13.98277], "rotation": [45, 0, 0], "uv": [0, 0]}
					]
				}
			]
		}
	]
}