{
	"format_version": "1.12.0",
	"minecraft:geometry": [
		{
			"description": {
				"identifier": "geometry.kirby_copy8",
				"texture_width": 64,
				"texture_height": 64,
				"visible_bounds_width": 4,
				"visible_bounds_height": 5,
				"visible_bounds_offset": [0, 1.5, 0]
			},
			"bones": [
				{
					"name": "root",
					"pivot": [0, 0, 0]
				},
				{
					"name": "waist",
					"parent": "root",
					"pivot": [0, 12, 0]
				},
				{
					"name": "body",
					"parent": "waist",
					"pivot": [0, 13, 0]
				},
				{
					"name": "body2",
					"parent": "body",
					"pivot": [0, 3, 0]
				},
				{
					"name": "copy8_helmet",
					"parent": "body2",
					"pivot": [0, 16.5, 0],
					"cubes": [
						{
							"origin": [-9.85, 17.40815, -9.85754],
							"size": [19.7, 6, 0],
							"pivot": [-0.1, 18.90815, 0.01746],
							"rotation": [-4.5, 0, 0],
							"uv": {
								"north": {"uv": [0, 52], "uv_size": [31.5, 9.5]},
								"east": {"uv": [0, 0], "uv_size": [0, 0]},
								"south": {"uv": [0, 0], "uv_size": [0, 0]},
								"west": {"uv": [0, 0], "uv_size": [0, 0]},
								"up": {"uv": [0, 0], "uv_size": [0, 0]},
								"down": {"uv": [0, 0], "uv_size": [0, 0]}
							}
						},
						{
							"origin": [-9.7, 17.5, -9.7],
							"size": [19.4, 4, 19.65],
							"inflate": 0.1,
							"pivot": [0, 19, 0.125],
							"rotation": [-4.5, 0, 0],
							"uv": {
								"north": {"uv": [60, 11], "uv_size": [-29, 6]},
								"east": {"uv": [47, 8], "uv_size": [17, 4]},
								"south": {"uv": [31.5, 11], "uv_size": [28, 6]},
								"west": {"uv": [27, 8], "uv_size": [18, 4]},
								"up": {"uv": [53.5, 13], "uv_size": [-16, -13]},
								"down": {"uv": [37.5, 41], "uv_size": [-16, -15]}
							}
						},
						{
							"origin": [-9.85, 17.39254, 10.09085],
							"size": [19.7, 6, 0],
							"pivot": [0.1, 18.89254, 0.21585],
							"rotation": [-4.5, 0, 0],
							"uv": {
								"north": {"uv": [0, 0], "uv_size": [0, 0]},
								"east": {"uv": [0, 0], "uv_size": [0, 0]},
								"south": {"uv": [0, 52], "uv_size": [31.5, 9.5]},
								"west": {"uv": [0, 0], "uv_size": [0, 0]},
								"up": {"uv": [0, 0], "uv_size": [0, 0]},
								"down": {"uv": [0, 0], "uv_size": [0, 0]}
							}
						},
						{
							"origin": [-9.849, 17.40815, -9.85754],
							"size": [0, 6, 19.95],
							"pivot": [-0.099, 18.90815, 0.01746],
							"rotation": [-4.5, 0, 0],
							"uv": {
								"north": {"uv": [0, 0], "uv_size": [0, 0]},
								"east": {"uv": [0, 52], "uv_size": [31.5, 9.5]},
								"south": {"uv": [0, 0], "uv_size": [0, 0]},
								"west": {"uv": [0, 0], "uv_size": [0, 0]},
								"up": {"uv": [0, 0], "uv_size": [0, 0]},
								"down": {"uv": [0, 0], "uv_size": [0, 0]}
							}
						},
						{
							"origin": [9.849, 17.40815, -9.85754],
							"size": [0, 6, 19.95],
							"pivot": [0.099, 18.90815, 0.01746],
							"rotation": [-4.5, 0, 0],
							"uv": {
								"north": {"uv": [0, 0], "uv_size": [0, 0]},
								"east": {"uv": [0, 0], "uv_size": [0, 0]},
								"south": {"uv": [0, 0], "uv_size": [0, 0]},
								"west": {"uv": [31.5, 52], "uv_size": [-31.5, 9.5]},
								"up": {"uv": [0, 0], "uv_size": [0, 0]},
								"down": {"uv": [0, 0], "uv_size": [0, 0]}
							}
						},
						{
							"origin": [-9.25, 18.75, -8.75],
							"size": [18.5, 4.5, 18.5],
							"pivot": [0, 22.25, 0],
							"rotation": [-9, 0, 0],
							"uv": {
								"north": {"uv": [60.5, 11], "uv_size": [-30, 7]},
								"east": {"uv": [46, 0], "uv_size": [18, 7]},
								"south": {"uv": [30.5, 11], "uv_size": [30, 7]},
								"west": {"uv": [27, 11], "uv_size": [18, 7]},
								"up": {"uv": [54.5, 18], "uv_size": [-18, -18]},
								"down": {"uv": [54.5, 18], "uv_size": [-18, -18]}
							}
						}
					]
				},
				{
					"name": "copy8_helmet3",
					"parent": "copy8_helmet",
					"pivot": [4, 21.25, 0],
					"rotation": [0, 0, 7.5],
					"cubes": [
						{
							"origin": [-0.25, 20.25, -6.2],
							"size": [9.25, 5, 14.25],
							"pivot": [0.25, 22.25, 0.3],
							"rotation": [-19, 5, 0],
							"uv": {
								"north": {"uv": [45, 0], "uv_size": [-18, 7]},
								"east": {"uv": [45, 0], "uv_size": [-18, 7]},
								"south": {"uv": [45, 0], "uv_size": [-18, 7]},
								"west": {"uv": [45, 0], "uv_size": [-18, 7]},
								"up": {"uv": [27, 18], "uv_size": [18, -18]},
								"down": {"uv": [27, 18], "uv_size": [18, -18]}
							}
						},
						{
							"origin": [0.6857, 22.92174, -3.74297],
							"size": [8, 5, 11],
							"pivot": [4.4357, 25.42174, 2.25703],
							"rotation": [-28.85239, 9.67017, 6.31932],
							"uv": {
								"north": {"uv": [45, 0], "uv_size": [-18, 7]},
								"east": {"uv": [45, 0], "uv_size": [-18, 7]},
								"south": {"uv": [45, 0], "uv_size": [-18, 7]},
								"west": {"uv": [45, 0], "uv_size": [-18, 7]},
								"up": {"uv": [27, 18], "uv_size": [18, -18]},
								"down": {"uv": [27, 18], "uv_size": [18, -18]}
							}
						},
						{
							"origin": [2.08086, 25.64222, -1.17696],
							"size": [6.25, 5, 8.5],
							"pivot": [4.58086, 28.14222, 3.07304],
							"rotation": [-35.81791, 18.3683, 15.82127],
							"uv": {
								"north": {"uv": [45, 0], "uv_size": [-18, 7]},
								"east": {"uv": [45, 0], "uv_size": [-18, 7]},
								"south": {"uv": [45, 0], "uv_size": [-18, 7]},
								"west": {"uv": [45, 0], "uv_size": [-18, 7]},
								"up": {"uv": [27, 18], "uv_size": [18, -18]},
								"down": {"uv": [27, 18], "uv_size": [18, -18]}
							}
						},
						{
							"origin": [3.56773, 27.26533, 0.96686],
							"size": [4.75, 5, 5.5],
							"pivot": [4.56773, 29.76533, 3.71686],
							"rotation": [-49.21536, 18.9176, 12.57223],
							"uv": {
								"north": {"uv": [45, 0], "uv_size": [-18, 7]},
								"east": {"uv": [45, 0], "uv_size": [-18, 7]},
								"south": {"uv": [45, 0], "uv_size": [-18, 7]},
								"west": {"uv": [45, 0], "uv_size": [-18, 7]},
								"up": {"uv": [27, 18], "uv_size": [18, -18]},
								"down": {"uv": [27, 18], "uv_size": [18, -18]}
							}
						},
						{
							"origin": [4.06773, 30.51533, 0.71686],
							"size": [3.5, 4, 3.5],
							"pivot": [4.56773, 29.76533, 3.71686],
							"rotation": [-73.96426, 21.32187, 13.30205],
							"uv": {
								"north": {"uv": [45, 0], "uv_size": [-18, 7]},
								"east": {"uv": [45, 0], "uv_size": [-18, 7]},
								"south": {"uv": [45, 0], "uv_size": [-18, 7]},
								"west": {"uv": [45, 0], "uv_size": [-18, 7]},
								"up": {"uv": [27, 18], "uv_size": [18, -18]},
								"down": {"uv": [27, 18], "uv_size": [18, -18]}
							}
						},
						{
							"origin": [7.07862, 29.6343, 6.8063],
							"size": [2.25, 4, 2.25],
							"pivot": [7.95362, 31.6343, 7.9313],
							"rotation": [-94.01492, 28.895, 11.83582],
							"uv": {
								"north": {"uv": [45, 0], "uv_size": [-18, 7]},
								"east": {"uv": [45, 0], "uv_size": [-18, 7]},
								"south": {"uv": [45, 0], "uv_size": [-18, 7]},
								"west": {"uv": [45, 0], "uv_size": [-18, 7]},
								"up": {"uv": [27, 18], "uv_size": [18, -18]},
								"down": {"uv": [27, 18], "uv_size": [18, -18]}
							}
						},
						{
							"origin": [6.07862, 32.6343, 5.8063],
							"size": [4.25, 4.5, 4.25],
							"inflate": -0.5,
							"pivot": [7.95362, 31.6343, 7.9313],
							"rotation": [-94.01492, 28.895, 11.83582],
							"uv": {
								"north": {"uv": [33, 33], "uv_size": [-11, -5]},
								"east": {"uv": [33, 33], "uv_size": [-11, -5]},
								"south": {"uv": [33, 33], "uv_size": [-11, -5]},
								"west": {"uv": [33, 33], "uv_size": [-11, -5]},
								"up": {"uv": [22, 39], "uv_size": [11, -6]},
								"down": {"uv": [22, 39], "uv_size": [11, -6]}
							}
						}
					]
				},
				{
					"name": "copy8_helmet2",
					"parent": "copy8_helmet",
					"pivot": [-4, 21.25, 0],
					"rotation": [0, 0, -7.5],
					"cubes": [
						{
							"origin": [-9, 20.25, -6.2],
							"size": [9.25, 5, 14.25],
							"pivot": [-0.25, 22.25, 0.3],
							"rotation": [-19, -5, 0],
							"uv": {
								"north": {"uv": [53, 3], "uv_size": [11, 6]},
								"east": {"uv": [48, 7], "uv_size": [16, 7]},
								"south": {"uv": [50, 5], "uv_size": [12, 8]},
								"west": {"uv": [49, 6.5], "uv_size": [15, 8]},
								"up": {"uv": [64, 18], "uv_size": [-18, -18]},
								"down": {"uv": [64, 18], "uv_size": [-18, -18]}
							}
						},
						{
							"origin": [-8.6857, 22.92174, -3.74297],
							"size": [8, 5, 11],
							"pivot": [-4.4357, 25.42174, 2.25703],
							"rotation": [-28.85239, -9.67017, -6.31932],
							"uv": {
								"north": {"uv": [52, 3], "uv_size": [12, 8]},
								"east": {"uv": [50, 2.5], "uv_size": [14, 8]},
								"south": {"uv": [63.25, 3.5], "uv_size": [-12, 8]},
								"west": {"uv": [52, 3.75], "uv_size": [12, 8]},
								"up": {"uv": [64, 18], "uv_size": [-18, -18]},
								"down": {"uv": [64, 18], "uv_size": [-18, -18]}
							}
						},
						{
							"origin": [-8.33086, 25.64222, -1.17696],
							"size": [6.25, 5, 8.5],
							"pivot": [-4.58086, 28.14222, 3.07304],
							"rotation": [-35.81791, -18.3683, -15.82127],
							"uv": {
								"north": {"uv": [52, 4], "uv_size": [12, 9]},
								"east": {"uv": [52, 7], "uv_size": [12, 8]},
								"south": {"uv": [64, 4], "uv_size": [-12, 8]},
								"west": {"uv": [52, 4], "uv_size": [12, 8]},
								"up": {"uv": [64, 18], "uv_size": [-18, -18]},
								"down": {"uv": [64, 18], "uv_size": [-18, -18]}
							}
						},
						{
							"origin": [-8.31773, 27.26533, 0.96686],
							"size": [4.75, 5, 5.5],
							"pivot": [-4.56773, 29.76533, 3.71686],
							"rotation": [-49.21536, -18.9176, -12.57223],
							"uv": {
								"north": {"uv": [52, 4], "uv_size": [12, 10]},
								"east": {"uv": [48, 7], "uv_size": [12, 8]},
								"south": {"uv": [51, 7], "uv_size": [10, 8]},
								"west": {"uv": [53.25, 6.75], "uv_size": [10, 8]},
								"up": {"uv": [64, 18], "uv_size": [-18, -18]},
								"down": {"uv": [64, 18], "uv_size": [-18, -18]}
							}
						},
						{
							"origin": [-7.56773, 30.51533, 0.71686],
							"size": [3.5, 4, 3.5],
							"pivot": [-4.56773, 29.76533, 3.71686],
							"rotation": [-73.96426, -21.32187, -13.30205],
							"uv": {
								"north": {"uv": [53.5, 3.5], "uv_size": [9, 8]},
								"east": {"uv": [54, 2.5], "uv_size": [8, 8]},
								"south": {"uv": [54.5, 6.5], "uv_size": [8, 8]},
								"west": {"uv": [54, 3.75], "uv_size": [9, 8]},
								"up": {"uv": [64, 18], "uv_size": [-18, -18]},
								"down": {"uv": [64, 18], "uv_size": [-18, -18]}
							}
						},
						{
							"origin": [-9.32862, 29.6343, 6.8063],
							"size": [2.25, 4, 2.25],
							"pivot": [-7.95362, 31.6343, 7.9313],
							"rotation": [-94.01492, -28.895, -11.83582],
							"uv": {
								"north": {"uv": [46, 11], "uv_size": [18, 7]},
								"east": {"uv": [46, 0], "uv_size": [18, 7]},
								"south": {"uv": [46, 0], "uv_size": [18, 7]},
								"west": {"uv": [46, 0], "uv_size": [18, 7]},
								"up": {"uv": [64, 18], "uv_size": [-18, -18]},
								"down": {"uv": [64, 18], "uv_size": [-18, -18]}
							}
						},
						{
							"origin": [-10.32862, 32.6343, 5.8063],
							"size": [4.25, 4.5, 4.25],
							"inflate": -0.5,
							"pivot": [-7.95362, 31.6343, 7.9313],
							"rotation": [-94.01492, -28.895, -11.83582],
							"uv": {
								"north": {"uv": [22, 33], "uv_size": [11, -5]},
								"east": {"uv": [22, 33], "uv_size": [11, -5]},
								"south": {"uv": [22, 33], "uv_size": [11, -5]},
								"west": {"uv": [22, 33], "uv_size": [11, -5]},
								"up": {"uv": [33, 39], "uv_size": [-11, -6]},
								"down": {"uv": [33, 39], "uv_size": [-11, -6]}
							}
						}
					]
				},
				{
					"name": "k_helmet",
					"parent": "body2",
					"pivot": [0, 0, 0]
				},
				{
					"name": "rightArm",
					"parent": "body",
					"pivot": [-5, 21, 0]
				},
				{
					"name": "rightArm2",
					"parent": "rightArm",
					"pivot": [-5, 14, 0]
				},
				{
					"name": "rightItem",
					"parent": "rightArm",
					"pivot": [-7.5, 15, 0],
					"locators": {
						"rod": [-8.5, 11, -16]
					}
				},
				{
					"name": "cape",
					"parent": "body",
					"pivot": [0, 19, 3]
				}
			]
		}
	]
}