{
	"format_version": "1.12.0",
	"minecraft:geometry": [
		{
			"description": {
				"identifier": "geometry.copy2_sword",
				"texture_width": 64,
				"texture_height": 64,
				"visible_bounds_width": 4,
				"visible_bounds_height": 3,
				"visible_bounds_offset": [0, 0.5, 0]
			},
			"bones": [
				{
					"name": "rightItem",
					"pivot": [0, 0, 0]
				},
				{
					"name": "all",
					"parent": "rightItem",
					"pivot": [0, 0, -16],
					"rotation": [-90, 0, 0],
					"cubes": [
						{
							"origin": [-0.5, -1.75, -24.25],
							"size": [1, 3.5, 6.25],
							"pivot": [0, 0, -16],
							"rotation": [90, 0, 0],
							"uv": {
								"north": {"uv": [15, 20], "uv_size": [1, 3]},
								"east": {"uv": [0, 20], "uv_size": [15, 3]},
								"south": {"uv": [31, 20], "uv_size": [1, 3]},
								"west": {"uv": [16, 20], "uv_size": [15, 3]},
								"up": {"uv": [15, 5], "uv_size": [1, 15]},
								"down": {"uv": [16, 20], "uv_size": [1, -15]}
							}
						},
						{
							"origin": [-0.5, -1.75, -27.5],
							"size": [1, 3.5, 3.5],
							"pivot": [0, 0, -16],
							"rotation": [90, 0, 0],
							"uv": {
								"north": {"uv": [57, 8], "uv_size": [1, 3]},
								"east": {"uv": [54, 8], "uv_size": [3, 3]},
								"south": {"uv": [61, 8], "uv_size": [1, 3]},
								"west": {"uv": [58, 8], "uv_size": [3, 3]},
								"up": {"uv": [57, 5], "uv_size": [1, 3]},
								"down": {"uv": [58, 8], "uv_size": [1, -3]}
							}
						},
						{
							"origin": [-0.75, -1.75, -4],
							"size": [1.5, 3.5, 6],
							"pivot": [0, 0, -16],
							"rotation": [90, 0, 0],
							"uv": {
								"north": {"uv": [54, 61], "uv_size": [2, 3]},
								"east": {"uv": [48, 61], "uv_size": [6, 3]},
								"south": {"uv": [62, 61], "uv_size": [2, 3]},
								"west": {"uv": [56, 61], "uv_size": [6, 3]},
								"up": {"uv": [54, 55], "uv_size": [2, 6]},
								"down": {"uv": [56, 61], "uv_size": [2, -6]}
							}
						},
						{
							"origin": [-1, 8.375, -17.875],
							"size": [2, 5.5, 3.75],
							"pivot": [0, 11.125, -16],
							"rotation": [90, 0, 0],
							"uv": {
								"north": {"uv": [10, 58], "uv_size": [2, 5]},
								"east": {"uv": [7, 58], "uv_size": [3, 5]},
								"south": {"uv": [15, 58], "uv_size": [2, 5]},
								"west": {"uv": [12, 58], "uv_size": [3, 5]},
								"up": {"uv": [10, 55], "uv_size": [2, 3]},
								"down": {"uv": [12, 58], "uv_size": [2, -3]}
							}
						},
						{
							"origin": [-1, 15.875, -15.875],
							"size": [2, 4.25, 2.25],
							"pivot": [0, 11.125, -14],
							"rotation": [90, 0, 0],
							"uv": {
								"north": {"uv": [58, 41], "uv_size": [2, 4]},
								"east": {"uv": [56, 41], "uv_size": [2, 4]},
								"south": {"uv": [62, 41], "uv_size": [2, 4]},
								"west": {"uv": [60, 41], "uv_size": [2, 4]},
								"up": {"uv": [58, 39], "uv_size": [2, 2]},
								"down": {"uv": [60, 41], "uv_size": [2, -2]}
							}
						},
						{
							"origin": [-1, 4.86348, -22.44725],
							"size": [2, 4.5, 1.75],
							"pivot": [0, 9.61348, -22.57225],
							"rotation": [110, 0, 0],
							"uv": {
								"north": {"uv": [51, 43], "uv_size": [2, 4]},
								"east": {"uv": [50, 43], "uv_size": [1, 4]},
								"south": {"uv": [54, 43], "uv_size": [2, 4]},
								"west": {"uv": [53, 43], "uv_size": [1, 4]},
								"up": {"uv": [51, 42], "uv_size": [2, 1]},
								"down": {"uv": [53, 43], "uv_size": [2, -1]}
							}
						},
						{
							"origin": [-1.05, 4.86348, -21.19725],
							"size": [2.1, 4.5, 0.5],
							"pivot": [0, 9.61348, -22.57225],
							"rotation": [110, 0, 0],
							"uv": {
								"north": {"uv": [52, 26], "uv_size": [2, 4]},
								"east": {"uv": [52, 26], "uv_size": [0, 4]},
								"south": {"uv": [54, 26], "uv_size": [2, 4]},
								"west": {"uv": [54, 26], "uv_size": [0, 4]},
								"up": {"uv": [52, 26], "uv_size": [2, 0]},
								"down": {"uv": [54, 26], "uv_size": [2, 0]}
							}
						},
						{
							"origin": [-1.05, 4.86348, -11.30275],
							"size": [2.1, 4.5, 0.5],
							"pivot": [0, 9.61348, -9.42775],
							"rotation": [-110, 0, 0],
							"uv": {
								"north": {"uv": [52, 26], "uv_size": [2, 4]},
								"east": {"uv": [52, 26], "uv_size": [0, 4]},
								"south": {"uv": [54, 26], "uv_size": [2, 4]},
								"west": {"uv": [54, 26], "uv_size": [0, 4]},
								"up": {"uv": [52, 26], "uv_size": [2, 0]},
								"down": {"uv": [54, 26], "uv_size": [2, 0]}
							}
						},
						{
							"origin": [-1, 15.875, -18.375],
							"size": [2, 4.25, 2.25],
							"pivot": [0, 11.125, -18],
							"rotation": [-90, 0, 0],
							"uv": {
								"north": {"uv": [60, 34], "uv_size": [-2, 4]},
								"east": {"uv": [62, 34], "uv_size": [-2, 4]},
								"south": {"uv": [64, 34], "uv_size": [-2, 4]},
								"west": {"uv": [58, 34], "uv_size": [-2, 4]},
								"up": {"uv": [60, 32], "uv_size": [-2, 2]},
								"down": {"uv": [62, 34], "uv_size": [-2, -2]}
							}
						},
						{
							"origin": [-1, 4.86348, -11.30275],
							"size": [2, 4.5, 1.75],
							"pivot": [0, 9.61348, -9.42775],
							"rotation": [-110, 0, 0],
							"uv": {
								"north": {"uv": [53, 36], "uv_size": [-2, 4]},
								"east": {"uv": [54, 36], "uv_size": [-1, 4]},
								"south": {"uv": [56, 36], "uv_size": [-2, 4]},
								"west": {"uv": [51, 36], "uv_size": [-1, 4]},
								"up": {"uv": [53, 35], "uv_size": [-2, 1]},
								"down": {"uv": [55, 36], "uv_size": [-2, -1]}
							}
						},
						{
							"origin": [-0.75, -1.25, 2],
							"size": [1.5, 2.5, 2],
							"pivot": [0, 0, -16],
							"rotation": [90, 0, 0],
							"uv": {
								"north": {"uv": [42, 60], "uv_size": [2, 2]},
								"east": {"uv": [40, 60], "uv_size": [2, 2]},
								"south": {"uv": [46, 60], "uv_size": [2, 2]},
								"west": {"uv": [44, 60], "uv_size": [2, 2]},
								"up": {"uv": [42, 58], "uv_size": [2, 2]},
								"down": {"uv": [44, 60], "uv_size": [2, -2]}
							}
						},
						{
							"origin": [-1.5, -1.75, -7],
							"size": [3, 3.5, 2],
							"pivot": [0, 0, -16],
							"rotation": [90, 0, 0],
							"uv": {
								"north": {"uv": [26, 57], "uv_size": [4, 3]},
								"east": {"uv": [24, 57], "uv_size": [2, 3]},
								"south": {"uv": [32, 57], "uv_size": [4, 3]},
								"west": {"uv": [30, 57], "uv_size": [2, 3]},
								"up": {"uv": [26, 55], "uv_size": [4, 2]},
								"down": {"uv": [30, 57], "uv_size": [4, -2]}
							}
						},
						{
							"origin": [-0.5, -15.60551, -16.4622],
							"size": [1, 1.25, 2.5],
							"pivot": [0, -15.10551, -15.9622],
							"rotation": [107.5, 0, 0],
							"uv": {
								"north": {"uv": [52, 5], "uv_size": [1, 1]},
								"east": {"uv": [50, 5], "uv_size": [2, 1]},
								"south": {"uv": [55, 5], "uv_size": [1, 1]},
								"west": {"uv": [53, 5], "uv_size": [2, 1]},
								"up": {"uv": [52, 3], "uv_size": [1, 2]},
								"down": {"uv": [53, 5], "uv_size": [1, -2]}
							}
						},
						{
							"origin": [-0.5, -16.69633, -16.45196],
							"size": [1, 0.9, 0.55],
							"pivot": [0, -16.04633, -16.45196],
							"rotation": [17.5, 0, 0],
							"uv": {
								"north": {"uv": [49, 17], "uv_size": [1, 0]},
								"east": {"uv": [49, 17], "uv_size": [0, 0]},
								"south": {"uv": [50, 17], "uv_size": [1, 0]},
								"west": {"uv": [50, 17], "uv_size": [0, 0]},
								"up": {"uv": [49, 17], "uv_size": [1, 0]},
								"down": {"uv": [50, 17], "uv_size": [1, 0]}
							}
						},
						{
							"origin": [-0.5, -16.66624, -16.2565],
							"size": [1, 0.1, 0.5],
							"uv": {
								"north": {"uv": [49, 17], "uv_size": [1, 0]},
								"east": {"uv": [49, 17], "uv_size": [0, 0]},
								"south": {"uv": [50, 17], "uv_size": [1, 0]},
								"west": {"uv": [50, 17], "uv_size": [0, 0]},
								"up": {"uv": [49, 17], "uv_size": [1, 0]},
								"down": {"uv": [50, 17], "uv_size": [1, 0]}
							}
						},
						{
							"origin": [-0.5, -16.45837, -15.96956],
							"size": [1, 0.95, 0.55],
							"pivot": [0, -15.50837, -16.16956],
							"rotation": [-17.5, 0, 0],
							"uv": {
								"north": {"uv": [49, 15], "uv_size": [1, 0]},
								"east": {"uv": [49, 15], "uv_size": [0, 0]},
								"south": {"uv": [50, 15], "uv_size": [1, 0]},
								"west": {"uv": [50, 15], "uv_size": [0, 0]},
								"up": {"uv": [49, 15], "uv_size": [1, 0]},
								"down": {"uv": [50, 15], "uv_size": [1, 0]}
							}
						},
						{
							"origin": [-0.5, -16.19234, -17.5454],
							"size": [1, 1.25, 2.5],
							"pivot": [0, -15.19234, -15.5454],
							"rotation": [-105, 0, 0],
							"uv": {
								"north": {"uv": [48, 11], "uv_size": [1, 1]},
								"east": {"uv": [46, 11], "uv_size": [2, 1]},
								"south": {"uv": [51, 11], "uv_size": [1, 1]},
								"west": {"uv": [49, 11], "uv_size": [2, 1]},
								"up": {"uv": [48, 9], "uv_size": [1, 2]},
								"down": {"uv": [49, 11], "uv_size": [1, -2]}
							}
						},
						{
							"origin": [-0.5, -3.85731, -26.13099],
							"size": [1, 4, 19],
							"pivot": [0, -0.10731, -19.38099],
							"rotation": [80, 0, 0],
							"uv": {
								"north": {"uv": [19, 47], "uv_size": [1, 4]},
								"east": {"uv": [0, 47], "uv_size": [19, 4]},
								"south": {"uv": [39, 47], "uv_size": [1, 4]},
								"west": {"uv": [20, 47], "uv_size": [19, 4]},
								"up": {"uv": [19, 28], "uv_size": [1, 19]},
								"down": {"uv": [20, 47], "uv_size": [1, -19]}
							}
						},
						{
							"origin": [-0.5, -13.50272, -21.40338],
							"size": [1, 2.5, 8.5],
							"pivot": [0, -11.25272, -18.15338],
							"rotation": [117.5, 0, 0],
							"uv": {
								"north": {"uv": [54, 19], "uv_size": [1, 2]},
								"east": {"uv": [46, 19], "uv_size": [8, 2]},
								"south": {"uv": [63, 19], "uv_size": [1, 2]},
								"west": {"uv": [55, 19], "uv_size": [8, 2]},
								"up": {"uv": [54, 11], "uv_size": [1, 8]},
								"down": {"uv": [55, 19], "uv_size": [1, -8]}
							}
						},
						{
							"origin": [-0.5, -5.28206, -17.08504],
							"size": [1, 2.5, 8.5],
							"pivot": [0, -6.53206, -15.33504],
							"rotation": [-117.5, 0, 0],
							"uv": {
								"north": {"uv": [54, 17], "uv_size": [1, 2]},
								"east": {"uv": [46, 17], "uv_size": [8, 2]},
								"south": {"uv": [63, 17], "uv_size": [1, 2]},
								"west": {"uv": [55, 17], "uv_size": [8, 2]},
								"up": {"uv": [54, 9], "uv_size": [1, 8]},
								"down": {"uv": [55, 17], "uv_size": [1, -8]}
							}
						},
						{
							"origin": [-0.5, 4.45137, -23.7709],
							"size": [1, 4, 19],
							"pivot": [0, 4.70137, -17.0209],
							"rotation": [-80, 0, 0],
							"uv": {
								"north": {"uv": [41, 51], "uv_size": [1, 4]},
								"east": {"uv": [22, 51], "uv_size": [19, 4]},
								"south": {"uv": [61, 51], "uv_size": [1, 4]},
								"west": {"uv": [42, 51], "uv_size": [19, 4]},
								"up": {"uv": [41, 32], "uv_size": [1, 19]},
								"down": {"uv": [42, 51], "uv_size": [1, -19]}
							}
						}
					]
				}
			]
		}
	]
}