{
	"format_version": "1.12.0",
	"minecraft:geometry": [
		{
			"description": {
				"identifier": "geometry.copy9_plasma4",
				"texture_width": 64,
				"texture_height": 64,
				"visible_bounds_width": 5,
				"visible_bounds_height": 3,
				"visible_bounds_offset": [0, 0.5, 0]
			},
			"bones": [
				{
					"name": "main",
					"pivot": [0, 0, 0],
					"rotation": [-90, 0, 0]
				},
				{
					"name": "main2",
					"parent": "main",
					"pivot": [0, 0, 0],
					"cubes": [
						{
							"origin": [-14, -1.5, 0],
							"size": [60, 3, 0],
							"pivot": [0, 0, 0],
							"rotation": [0, 0, 90],
							"uv": {
								"north": {"uv": [0, 24], "uv_size": [64, 16]},
								"east": {"uv": [0, 0], "uv_size": [0, 30]},
								"south": {"uv": [0, 24], "uv_size": [64, 16]},
								"west": {"uv": [0, 0], "uv_size": [0, 30]},
								"up": {"uv": [16, 0], "uv_size": [-16, 0]},
								"down": {"uv": [16, 0], "uv_size": [-16, 0]}
							}
						},
						{
							"origin": [-14, -1.5, 0],
							"size": [60, 3, 0],
							"pivot": [0, 0, 0],
							"rotation": [90, 0, 90],
							"uv": {
								"north": {"uv": [0, 24], "uv_size": [64, 16]},
								"east": {"uv": [0, 0], "uv_size": [0, 30]},
								"south": {"uv": [0, 24], "uv_size": [64, 16]},
								"west": {"uv": [0, 0], "uv_size": [0, 30]},
								"up": {"uv": [16, 0], "uv_size": [-16, 0]},
								"down": {"uv": [16, 0], "uv_size": [-16, 0]}
							}
						}
					]
				},
				{
					"name": "plasma1",
					"parent": "main2",
					"pivot": [0, -35.5, 0],
					"cubes": [
						{
							"origin": [-4.1, -32.58579, -3.08579],
							"size": [8.2, 3.25, 0],
							"pivot": [0, -35.625, -4.5],
							"rotation": [45, 0, 0],
							"uv": {
								"north": {"uv": [12, 24], "uv_size": [40, 16]},
								"east": {"uv": [0, 0], "uv_size": [0, 30]},
								"south": {"uv": [12, 24], "uv_size": [40, 16]},
								"west": {"uv": [0, 0], "uv_size": [0, 30]},
								"up": {"uv": [16, 0], "uv_size": [-16, 0]},
								"down": {"uv": [16, 0], "uv_size": [-16, 0]}
							}
						},
						{
							"origin": [-0.20289, -32.58579, -0.83579],
							"size": [8.2, 3.25, 0],
							"pivot": [3.89711, -35.625, -2.25],
							"rotation": [45, -60, 0],
							"uv": {
								"north": {"uv": [12, 24], "uv_size": [40, 16]},
								"east": {"uv": [0, 0], "uv_size": [0, 30]},
								"south": {"uv": [12, 24], "uv_size": [40, 16]},
								"west": {"uv": [0, 0], "uv_size": [0, 30]},
								"up": {"uv": [16, 0], "uv_size": [-16, 0]},
								"down": {"uv": [16, 0], "uv_size": [-16, 0]}
							}
						},
						{
							"origin": [-0.20289, -32.58579, 3.66421],
							"size": [8.2, 3.25, 0],
							"pivot": [3.89711, -35.625, 2.25],
							"rotation": [-135, -60, -180],
							"uv": {
								"north": {"uv": [12, 24], "uv_size": [40, 16]},
								"east": {"uv": [0, 0], "uv_size": [0, 30]},
								"south": {"uv": [12, 24], "uv_size": [40, 16]},
								"west": {"uv": [0, 0], "uv_size": [0, 30]},
								"up": {"uv": [16, 0], "uv_size": [-16, 0]},
								"down": {"uv": [16, 0], "uv_size": [-16, 0]}
							}
						},
						{
							"origin": [-7.99711, -32.58579, -0.83579],
							"size": [8.2, 3.25, 0],
							"pivot": [-3.89711, -35.625, -2.25],
							"rotation": [45, 60, 0],
							"uv": {
								"north": {"uv": [12, 24], "uv_size": [40, 16]},
								"east": {"uv": [0, 0], "uv_size": [0, 30]},
								"south": {"uv": [12, 24], "uv_size": [40, 16]},
								"west": {"uv": [0, 0], "uv_size": [0, 30]},
								"up": {"uv": [16, 0], "uv_size": [-16, 0]},
								"down": {"uv": [16, 0], "uv_size": [-16, 0]}
							}
						},
						{
							"origin": [-7.99711, -32.58579, 3.66421],
							"size": [8.2, 3.25, 0],
							"pivot": [-3.89711, -35.625, 2.25],
							"rotation": [-135, 60, 180],
							"uv": {
								"north": {"uv": [12, 24], "uv_size": [40, 16]},
								"east": {"uv": [0, 0], "uv_size": [0, 30]},
								"south": {"uv": [12, 24], "uv_size": [40, 16]},
								"west": {"uv": [0, 0], "uv_size": [0, 30]},
								"up": {"uv": [16, 0], "uv_size": [-16, 0]},
								"down": {"uv": [16, 0], "uv_size": [-16, 0]}
							}
						},
						{
							"origin": [-4.1, -32.58579, 5.91421],
							"size": [8.2, 3.25, 0],
							"pivot": [0, -35.625, 4.5],
							"rotation": [-135, 0, 180],
							"uv": {
								"north": {"uv": [12, 24], "uv_size": [40, 16]},
								"east": {"uv": [0, 0], "uv_size": [0, 30]},
								"south": {"uv": [12, 24], "uv_size": [40, 16]},
								"west": {"uv": [0, 0], "uv_size": [0, 30]},
								"up": {"uv": [16, 0], "uv_size": [-16, 0]},
								"down": {"uv": [16, 0], "uv_size": [-16, 0]}
							}
						}
					]
				},
				{
					"name": "plasma2",
					"parent": "main2",
					"pivot": [0, -17.5, 0],
					"cubes": [
						{
							"origin": [-4.1, -14.58579, -3.08579],
							"size": [8.2, 3.25, 0],
							"pivot": [0, -17.625, -4.5],
							"rotation": [45, 0, 0],
							"uv": {
								"north": {"uv": [12, 24], "uv_size": [40, 16]},
								"east": {"uv": [0, 0], "uv_size": [0, 30]},
								"south": {"uv": [12, 24], "uv_size": [40, 16]},
								"west": {"uv": [0, 0], "uv_size": [0, 30]},
								"up": {"uv": [16, 0], "uv_size": [-16, 0]},
								"down": {"uv": [16, 0], "uv_size": [-16, 0]}
							}
						},
						{
							"origin": [-0.20289, -14.58579, -0.83579],
							"size": [8.2, 3.25, 0],
							"pivot": [3.89711, -17.625, -2.25],
							"rotation": [45, -60, 0],
							"uv": {
								"north": {"uv": [12, 24], "uv_size": [40, 16]},
								"east": {"uv": [0, 0], "uv_size": [0, 30]},
								"south": {"uv": [12, 24], "uv_size": [40, 16]},
								"west": {"uv": [0, 0], "uv_size": [0, 30]},
								"up": {"uv": [16, 0], "uv_size": [-16, 0]},
								"down": {"uv": [16, 0], "uv_size": [-16, 0]}
							}
						},
						{
							"origin": [-0.20289, -14.58579, 3.66421],
							"size": [8.2, 3.25, 0],
							"pivot": [3.89711, -17.625, 2.25],
							"rotation": [-135, -60, -180],
							"uv": {
								"north": {"uv": [12, 24], "uv_size": [40, 16]},
								"east": {"uv": [0, 0], "uv_size": [0, 30]},
								"south": {"uv": [12, 24], "uv_size": [40, 16]},
								"west": {"uv": [0, 0], "uv_size": [0, 30]},
								"up": {"uv": [16, 0], "uv_size": [-16, 0]},
								"down": {"uv": [16, 0], "uv_size": [-16, 0]}
							}
						},
						{
							"origin": [-7.99711, -14.58579, -0.83579],
							"size": [8.2, 3.25, 0],
							"pivot": [-3.89711, -17.625, -2.25],
							"rotation": [45, 60, 0],
							"uv": {
								"north": {"uv": [12, 24], "uv_size": [40, 16]},
								"east": {"uv": [0, 0], "uv_size": [0, 30]},
								"south": {"uv": [12, 24], "uv_size": [40, 16]},
								"west": {"uv": [0, 0], "uv_size": [0, 30]},
								"up": {"uv": [16, 0], "uv_size": [-16, 0]},
								"down": {"uv": [16, 0], "uv_size": [-16, 0]}
							}
						},
						{
							"origin": [-7.99711, -14.58579, 3.66421],
							"size": [8.2, 3.25, 0],
							"pivot": [-3.89711, -17.625, 2.25],
							"rotation": [-135, 60, 180],
							"uv": {
								"north": {"uv": [12, 24], "uv_size": [40, 16]},
								"east": {"uv": [0, 0], "uv_size": [0, 30]},
								"south": {"uv": [12, 24], "uv_size": [40, 16]},
								"west": {"uv": [0, 0], "uv_size": [0, 30]},
								"up": {"uv": [16, 0], "uv_size": [-16, 0]},
								"down": {"uv": [16, 0], "uv_size": [-16, 0]}
							}
						},
						{
							"origin": [-4.1, -14.58579, 5.91421],
							"size": [8.2, 3.25, 0],
							"pivot": [0, -17.625, 4.5],
							"rotation": [-135, 0, 180],
							"uv": {
								"north": {"uv": [12, 24], "uv_size": [40, 16]},
								"east": {"uv": [0, 0], "uv_size": [0, 30]},
								"south": {"uv": [12, 24], "uv_size": [40, 16]},
								"west": {"uv": [0, 0], "uv_size": [0, 30]},
								"up": {"uv": [16, 0], "uv_size": [-16, 0]},
								"down": {"uv": [16, 0], "uv_size": [-16, 0]}
							}
						}
					]
				},
				{
					"name": "plasma3",
					"parent": "main2",
					"pivot": [0, -16.5, 0],
					"cubes": [
						{
							"origin": [-4.1, 3.41421, -3.08579],
							"size": [8.2, 3.25, 0],
							"pivot": [0, 0.375, -4.5],
							"rotation": [45, 0, 0],
							"uv": {
								"north": {"uv": [12, 24], "uv_size": [40, 16]},
								"east": {"uv": [0, 0], "uv_size": [0, 30]},
								"south": {"uv": [12, 24], "uv_size": [40, 16]},
								"west": {"uv": [0, 0], "uv_size": [0, 30]},
								"up": {"uv": [16, 0], "uv_size": [-16, 0]},
								"down": {"uv": [16, 0], "uv_size": [-16, 0]}
							}
						},
						{
							"origin": [-0.20289, 3.41421, -0.83579],
							"size": [8.2, 3.25, 0],
							"pivot": [3.89711, 0.375, -2.25],
							"rotation": [45, -60, 0],
							"uv": {
								"north": {"uv": [12, 24], "uv_size": [40, 16]},
								"east": {"uv": [0, 0], "uv_size": [0, 30]},
								"south": {"uv": [12, 24], "uv_size": [40, 16]},
								"west": {"uv": [0, 0], "uv_size": [0, 30]},
								"up": {"uv": [16, 0], "uv_size": [-16, 0]},
								"down": {"uv": [16, 0], "uv_size": [-16, 0]}
							}
						},
						{
							"origin": [-0.20289, 3.41421, 3.66421],
							"size": [8.2, 3.25, 0],
							"pivot": [3.89711, 0.375, 2.25],
							"rotation": [-135, -60, -180],
							"uv": {
								"north": {"uv": [12, 24], "uv_size": [40, 16]},
								"east": {"uv": [0, 0], "uv_size": [0, 30]},
								"south": {"uv": [12, 24], "uv_size": [40, 16]},
								"west": {"uv": [0, 0], "uv_size": [0, 30]},
								"up": {"uv": [16, 0], "uv_size": [-16, 0]},
								"down": {"uv": [16, 0], "uv_size": [-16, 0]}
							}
						},
						{
							"origin": [-7.99711, 3.41421, -0.83579],
							"size": [8.2, 3.25, 0],
							"pivot": [-3.89711, 0.375, -2.25],
							"rotation": [45, 60, 0],
							"uv": {
								"north": {"uv": [12, 24], "uv_size": [40, 16]},
								"east": {"uv": [0, 0], "uv_size": [0, 30]},
								"south": {"uv": [12, 24], "uv_size": [40, 16]},
								"west": {"uv": [0, 0], "uv_size": [0, 30]},
								"up": {"uv": [16, 0], "uv_size": [-16, 0]},
								"down": {"uv": [16, 0], "uv_size": [-16, 0]}
							}
						},
						{
							"origin": [-7.99711, 3.41421, 3.66421],
							"size": [8.2, 3.25, 0],
							"pivot": [-3.89711, 0.375, 2.25],
							"rotation": [-135, 60, 180],
							"uv": {
								"north": {"uv": [12, 24], "uv_size": [40, 16]},
								"east": {"uv": [0, 0], "uv_size": [0, 30]},
								"south": {"uv": [12, 24], "uv_size": [40, 16]},
								"west": {"uv": [0, 0], "uv_size": [0, 30]},
								"up": {"uv": [16, 0], "uv_size": [-16, 0]},
								"down": {"uv": [16, 0], "uv_size": [-16, 0]}
							}
						},
						{
							"origin": [-4.1, 3.41421, 5.91421],
							"size": [8.2, 3.25, 0],
							"pivot": [0, 0.375, 4.5],
							"rotation": [-135, 0, 180],
							"uv": {
								"north": {"uv": [12, 24], "uv_size": [40, 16]},
								"east": {"uv": [0, 0], "uv_size": [0, 30]},
								"south": {"uv": [12, 24], "uv_size": [40, 16]},
								"west": {"uv": [0, 0], "uv_size": [0, 30]},
								"up": {"uv": [16, 0], "uv_size": [-16, 0]},
								"down": {"uv": [16, 0], "uv_size": [-16, 0]}
							}
						}
					]
				},
				{
					"name": "plasma4",
					"parent": "main2",
					"pivot": [0, -17.5, 0],
					"cubes": [
						{
							"origin": [-4.1, -23.58579, -3.08579],
							"size": [8.2, 3.25, 0],
							"pivot": [0, -26.625, -4.5],
							"rotation": [45, 0, 0],
							"uv": {
								"north": {"uv": [12, 24], "uv_size": [40, 16]},
								"east": {"uv": [0, 0], "uv_size": [0, 30]},
								"south": {"uv": [12, 24], "uv_size": [40, 16]},
								"west": {"uv": [0, 0], "uv_size": [0, 30]},
								"up": {"uv": [16, 0], "uv_size": [-16, 0]},
								"down": {"uv": [16, 0], "uv_size": [-16, 0]}
							}
						},
						{
							"origin": [-0.20289, -23.58579, -0.83579],
							"size": [8.2, 3.25, 0],
							"pivot": [3.89711, -26.625, -2.25],
							"rotation": [45, -60, 0],
							"uv": {
								"north": {"uv": [12, 24], "uv_size": [40, 16]},
								"east": {"uv": [0, 0], "uv_size": [0, 30]},
								"south": {"uv": [12, 24], "uv_size": [40, 16]},
								"west": {"uv": [0, 0], "uv_size": [0, 30]},
								"up": {"uv": [16, 0], "uv_size": [-16, 0]},
								"down": {"uv": [16, 0], "uv_size": [-16, 0]}
							}
						},
						{
							"origin": [-0.20289, -23.58579, 3.66421],
							"size": [8.2, 3.25, 0],
							"pivot": [3.89711, -26.625, 2.25],
							"rotation": [-135, -60, -180],
							"uv": {
								"north": {"uv": [12, 24], "uv_size": [40, 16]},
								"east": {"uv": [0, 0], "uv_size": [0, 30]},
								"south": {"uv": [12, 24], "uv_size": [40, 16]},
								"west": {"uv": [0, 0], "uv_size": [0, 30]},
								"up": {"uv": [16, 0], "uv_size": [-16, 0]},
								"down": {"uv": [16, 0], "uv_size": [-16, 0]}
							}
						},
						{
							"origin": [-7.99711, -23.58579, -0.83579],
							"size": [8.2, 3.25, 0],
							"pivot": [-3.89711, -26.625, -2.25],
							"rotation": [45, 60, 0],
							"uv": {
								"north": {"uv": [12, 24], "uv_size": [40, 16]},
								"east": {"uv": [0, 0], "uv_size": [0, 30]},
								"south": {"uv": [12, 24], "uv_size": [40, 16]},
								"west": {"uv": [0, 0], "uv_size": [0, 30]},
								"up": {"uv": [16, 0], "uv_size": [-16, 0]},
								"down": {"uv": [16, 0], "uv_size": [-16, 0]}
							}
						},
						{
							"origin": [-7.99711, -23.58579, 3.66421],
							"size": [8.2, 3.25, 0],
							"pivot": [-3.89711, -26.625, 2.25],
							"rotation": [-135, 60, 180],
							"uv": {
								"north": {"uv": [12, 24], "uv_size": [40, 16]},
								"east": {"uv": [0, 0], "uv_size": [0, 30]},
								"south": {"uv": [12, 24], "uv_size": [40, 16]},
								"west": {"uv": [0, 0], "uv_size": [0, 30]},
								"up": {"uv": [16, 0], "uv_size": [-16, 0]},
								"down": {"uv": [16, 0], "uv_size": [-16, 0]}
							}
						},
						{
							"origin": [-4.1, -23.58579, 5.91421],
							"size": [8.2, 3.25, 0],
							"pivot": [0, -26.625, 4.5],
							"rotation": [-135, 0, 180],
							"uv": {
								"north": {"uv": [12, 24], "uv_size": [40, 16]},
								"east": {"uv": [0, 0], "uv_size": [0, 30]},
								"south": {"uv": [12, 24], "uv_size": [40, 16]},
								"west": {"uv": [0, 0], "uv_size": [0, 30]},
								"up": {"uv": [16, 0], "uv_size": [-16, 0]},
								"down": {"uv": [16, 0], "uv_size": [-16, 0]}
							}
						}
					]
				},
				{
					"name": "plasma5",
					"parent": "main2",
					"pivot": [0, -17.5, 0],
					"cubes": [
						{
							"origin": [-4.1, -5.58579, -3.08579],
							"size": [8.2, 3.25, 0],
							"pivot": [0, -8.625, -4.5],
							"rotation": [45, 0, 0],
							"uv": {
								"north": {"uv": [12, 24], "uv_size": [40, 16]},
								"east": {"uv": [0, 0], "uv_size": [0, 30]},
								"south": {"uv": [12, 24], "uv_size": [40, 16]},
								"west": {"uv": [0, 0], "uv_size": [0, 30]},
								"up": {"uv": [16, 0], "uv_size": [-16, 0]},
								"down": {"uv": [16, 0], "uv_size": [-16, 0]}
							}
						},
						{
							"origin": [-0.20289, -5.58579, -0.83579],
							"size": [8.2, 3.25, 0],
							"pivot": [3.89711, -8.625, -2.25],
							"rotation": [45, -60, 0],
							"uv": {
								"north": {"uv": [12, 24], "uv_size": [40, 16]},
								"east": {"uv": [0, 0], "uv_size": [0, 30]},
								"south": {"uv": [12, 24], "uv_size": [40, 16]},
								"west": {"uv": [0, 0], "uv_size": [0, 30]},
								"up": {"uv": [16, 0], "uv_size": [-16, 0]},
								"down": {"uv": [16, 0], "uv_size": [-16, 0]}
							}
						},
						{
							"origin": [-0.20289, -5.58579, 3.66421],
							"size": [8.2, 3.25, 0],
							"pivot": [3.89711, -8.625, 2.25],
							"rotation": [-135, -60, -180],
							"uv": {
								"north": {"uv": [12, 24], "uv_size": [40, 16]},
								"east": {"uv": [0, 0], "uv_size": [0, 30]},
								"south": {"uv": [12, 24], "uv_size": [40, 16]},
								"west": {"uv": [0, 0], "uv_size": [0, 30]},
								"up": {"uv": [16, 0], "uv_size": [-16, 0]},
								"down": {"uv": [16, 0], "uv_size": [-16, 0]}
							}
						},
						{
							"origin": [-7.99711, -5.58579, -0.83579],
							"size": [8.2, 3.25, 0],
							"pivot": [-3.89711, -8.625, -2.25],
							"rotation": [45, 60, 0],
							"uv": {
								"north": {"uv": [12, 24], "uv_size": [40, 16]},
								"east": {"uv": [0, 0], "uv_size": [0, 30]},
								"south": {"uv": [12, 24], "uv_size": [40, 16]},
								"west": {"uv": [0, 0], "uv_size": [0, 30]},
								"up": {"uv": [16, 0], "uv_size": [-16, 0]},
								"down": {"uv": [16, 0], "uv_size": [-16, 0]}
							}
						},
						{
							"origin": [-7.99711, -5.58579, 3.66421],
							"size": [8.2, 3.25, 0],
							"pivot": [-3.89711, -8.625, 2.25],
							"rotation": [-135, 60, 180],
							"uv": {
								"north": {"uv": [12, 24], "uv_size": [40, 16]},
								"east": {"uv": [0, 0], "uv_size": [0, 30]},
								"south": {"uv": [12, 24], "uv_size": [40, 16]},
								"west": {"uv": [0, 0], "uv_size": [0, 30]},
								"up": {"uv": [16, 0], "uv_size": [-16, 0]},
								"down": {"uv": [16, 0], "uv_size": [-16, 0]}
							}
						},
						{
							"origin": [-4.1, -5.58579, 5.91421],
							"size": [8.2, 3.25, 0],
							"pivot": [0, -8.625, 4.5],
							"rotation": [-135, 0, 180],
							"uv": {
								"north": {"uv": [12, 24], "uv_size": [40, 16]},
								"east": {"uv": [0, 0], "uv_size": [0, 30]},
								"south": {"uv": [12, 24], "uv_size": [40, 16]},
								"west": {"uv": [0, 0], "uv_size": [0, 30]},
								"up": {"uv": [16, 0], "uv_size": [-16, 0]},
								"down": {"uv": [16, 0], "uv_size": [-16, 0]}
							}
						}
					]
				},
				{
					"name": "plasma6",
					"parent": "main2",
					"pivot": [0, -29.5, 0],
					"cubes": [
						{
							"origin": [-3.1, -28.08579, -3.08579],
							"size": [6.2, 1.75, 0],
							"pivot": [0, -29.625, -4.5],
							"rotation": [45, 0, 0],
							"uv": {
								"north": {"uv": [12, 24], "uv_size": [40, 16]},
								"east": {"uv": [0, 0], "uv_size": [0, 30]},
								"south": {"uv": [12, 24], "uv_size": [40, 16]},
								"west": {"uv": [0, 0], "uv_size": [0, 30]},
								"up": {"uv": [16, 0], "uv_size": [-16, 0]},
								"down": {"uv": [16, 0], "uv_size": [-16, 0]}
							}
						},
						{
							"origin": [0.79711, -28.08579, -0.83579],
							"size": [6.2, 1.75, 0],
							"pivot": [3.89711, -29.625, -2.25],
							"rotation": [45, -60, 0],
							"uv": {
								"north": {"uv": [12, 24], "uv_size": [40, 16]},
								"east": {"uv": [0, 0], "uv_size": [0, 30]},
								"south": {"uv": [12, 24], "uv_size": [40, 16]},
								"west": {"uv": [0, 0], "uv_size": [0, 30]},
								"up": {"uv": [16, 0], "uv_size": [-16, 0]},
								"down": {"uv": [16, 0], "uv_size": [-16, 0]}
							}
						},
						{
							"origin": [0.79711, -28.08579, 3.66421],
							"size": [6.2, 1.75, 0],
							"pivot": [3.89711, -29.625, 2.25],
							"rotation": [-135, -60, -180],
							"uv": {
								"north": {"uv": [12, 24], "uv_size": [40, 16]},
								"east": {"uv": [0, 0], "uv_size": [0, 30]},
								"south": {"uv": [12, 24], "uv_size": [40, 16]},
								"west": {"uv": [0, 0], "uv_size": [0, 30]},
								"up": {"uv": [16, 0], "uv_size": [-16, 0]},
								"down": {"uv": [16, 0], "uv_size": [-16, 0]}
							}
						},
						{
							"origin": [-6.99711, -28.08579, -0.83579],
							"size": [6.2, 1.75, 0],
							"pivot": [-3.89711, -29.625, -2.25],
							"rotation": [45, 60, 0],
							"uv": {
								"north": {"uv": [12, 24], "uv_size": [40, 16]},
								"east": {"uv": [0, 0], "uv_size": [0, 30]},
								"south": {"uv": [12, 24], "uv_size": [40, 16]},
								"west": {"uv": [0, 0], "uv_size": [0, 30]},
								"up": {"uv": [16, 0], "uv_size": [-16, 0]},
								"down": {"uv": [16, 0], "uv_size": [-16, 0]}
							}
						},
						{
							"origin": [-6.99711, -28.08579, 3.66421],
							"size": [6.2, 1.75, 0],
							"pivot": [-3.89711, -29.625, 2.25],
							"rotation": [-135, 60, 180],
							"uv": {
								"north": {"uv": [12, 24], "uv_size": [40, 16]},
								"east": {"uv": [0, 0], "uv_size": [0, 30]},
								"south": {"uv": [12, 24], "uv_size": [40, 16]},
								"west": {"uv": [0, 0], "uv_size": [0, 30]},
								"up": {"uv": [16, 0], "uv_size": [-16, 0]},
								"down": {"uv": [16, 0], "uv_size": [-16, 0]}
							}
						},
						{
							"origin": [-3.1, -28.08579, 5.91421],
							"size": [6.2, 1.75, 0],
							"pivot": [0, -29.625, 4.5],
							"rotation": [-135, 0, 180],
							"uv": {
								"north": {"uv": [12, 24], "uv_size": [40, 16]},
								"east": {"uv": [0, 0], "uv_size": [0, 30]},
								"south": {"uv": [12, 24], "uv_size": [40, 16]},
								"west": {"uv": [0, 0], "uv_size": [0, 30]},
								"up": {"uv": [16, 0], "uv_size": [-16, 0]},
								"down": {"uv": [16, 0], "uv_size": [-16, 0]}
							}
						}
					]
				},
				{
					"name": "plasma7",
					"parent": "main2",
					"pivot": [0, -20.5, 0],
					"cubes": [
						{
							"origin": [-3.1, -19.08579, -3.08579],
							"size": [6.2, 1.75, 0],
							"pivot": [0, -20.625, -4.5],
							"rotation": [45, 0, 0],
							"uv": {
								"north": {"uv": [12, 24], "uv_size": [40, 16]},
								"east": {"uv": [0, 0], "uv_size": [0, 30]},
								"south": {"uv": [12, 24], "uv_size": [40, 16]},
								"west": {"uv": [0, 0], "uv_size": [0, 30]},
								"up": {"uv": [16, 0], "uv_size": [-16, 0]},
								"down": {"uv": [16, 0], "uv_size": [-16, 0]}
							}
						},
						{
							"origin": [0.79711, -19.08579, -0.83579],
							"size": [6.2, 1.75, 0],
							"pivot": [3.89711, -20.625, -2.25],
							"rotation": [45, -60, 0],
							"uv": {
								"north": {"uv": [12, 24], "uv_size": [40, 16]},
								"east": {"uv": [0, 0], "uv_size": [0, 30]},
								"south": {"uv": [12, 24], "uv_size": [40, 16]},
								"west": {"uv": [0, 0], "uv_size": [0, 30]},
								"up": {"uv": [16, 0], "uv_size": [-16, 0]},
								"down": {"uv": [16, 0], "uv_size": [-16, 0]}
							}
						},
						{
							"origin": [0.79711, -19.08579, 3.66421],
							"size": [6.2, 1.75, 0],
							"pivot": [3.89711, -20.625, 2.25],
							"rotation": [-135, -60, -180],
							"uv": {
								"north": {"uv": [12, 24], "uv_size": [40, 16]},
								"east": {"uv": [0, 0], "uv_size": [0, 30]},
								"south": {"uv": [12, 24], "uv_size": [40, 16]},
								"west": {"uv": [0, 0], "uv_size": [0, 30]},
								"up": {"uv": [16, 0], "uv_size": [-16, 0]},
								"down": {"uv": [16, 0], "uv_size": [-16, 0]}
							}
						},
						{
							"origin": [-6.99711, -19.08579, -0.83579],
							"size": [6.2, 1.75, 0],
							"pivot": [-3.89711, -20.625, -2.25],
							"rotation": [45, 60, 0],
							"uv": {
								"north": {"uv": [12, 24], "uv_size": [40, 16]},
								"east": {"uv": [0, 0], "uv_size": [0, 30]},
								"south": {"uv": [12, 24], "uv_size": [40, 16]},
								"west": {"uv": [0, 0], "uv_size": [0, 30]},
								"up": {"uv": [16, 0], "uv_size": [-16, 0]},
								"down": {"uv": [16, 0], "uv_size": [-16, 0]}
							}
						},
						{
							"origin": [-6.99711, -19.08579, 3.66421],
							"size": [6.2, 1.75, 0],
							"pivot": [-3.89711, -20.625, 2.25],
							"rotation": [-135, 60, 180],
							"uv": {
								"north": {"uv": [12, 24], "uv_size": [40, 16]},
								"east": {"uv": [0, 0], "uv_size": [0, 30]},
								"south": {"uv": [12, 24], "uv_size": [40, 16]},
								"west": {"uv": [0, 0], "uv_size": [0, 30]},
								"up": {"uv": [16, 0], "uv_size": [-16, 0]},
								"down": {"uv": [16, 0], "uv_size": [-16, 0]}
							}
						},
						{
							"origin": [-3.1, -19.08579, 5.91421],
							"size": [6.2, 1.75, 0],
							"pivot": [0, -20.625, 4.5],
							"rotation": [-135, 0, 180],
							"uv": {
								"north": {"uv": [12, 24], "uv_size": [40, 16]},
								"east": {"uv": [0, 0], "uv_size": [0, 30]},
								"south": {"uv": [12, 24], "uv_size": [40, 16]},
								"west": {"uv": [0, 0], "uv_size": [0, 30]},
								"up": {"uv": [16, 0], "uv_size": [-16, 0]},
								"down": {"uv": [16, 0], "uv_size": [-16, 0]}
							}
						}
					]
				},
				{
					"name": "plasma8",
					"parent": "main2",
					"pivot": [0, -11.5, 0],
					"cubes": [
						{
							"origin": [-3.1, -10.08579, -3.08579],
							"size": [6.2, 1.75, 0],
							"pivot": [0, -11.625, -4.5],
							"rotation": [45, 0, 0],
							"uv": {
								"north": {"uv": [12, 24], "uv_size": [40, 16]},
								"east": {"uv": [0, 0], "uv_size": [0, 30]},
								"south": {"uv": [12, 24], "uv_size": [40, 16]},
								"west": {"uv": [0, 0], "uv_size": [0, 30]},
								"up": {"uv": [16, 0], "uv_size": [-16, 0]},
								"down": {"uv": [16, 0], "uv_size": [-16, 0]}
							}
						},
						{
							"origin": [0.79711, -10.08579, -0.83579],
							"size": [6.2, 1.75, 0],
							"pivot": [3.89711, -11.625, -2.25],
							"rotation": [45, -60, 0],
							"uv": {
								"north": {"uv": [12, 24], "uv_size": [40, 16]},
								"east": {"uv": [0, 0], "uv_size": [0, 30]},
								"south": {"uv": [12, 24], "uv_size": [40, 16]},
								"west": {"uv": [0, 0], "uv_size": [0, 30]},
								"up": {"uv": [16, 0], "uv_size": [-16, 0]},
								"down": {"uv": [16, 0], "uv_size": [-16, 0]}
							}
						},
						{
							"origin": [0.79711, -10.08579, 3.66421],
							"size": [6.2, 1.75, 0],
							"pivot": [3.89711, -11.625, 2.25],
							"rotation": [-135, -60, -180],
							"uv": {
								"north": {"uv": [12, 24], "uv_size": [40, 16]},
								"east": {"uv": [0, 0], "uv_size": [0, 30]},
								"south": {"uv": [12, 24], "uv_size": [40, 16]},
								"west": {"uv": [0, 0], "uv_size": [0, 30]},
								"up": {"uv": [16, 0], "uv_size": [-16, 0]},
								"down": {"uv": [16, 0], "uv_size": [-16, 0]}
							}
						},
						{
							"origin": [-6.99711, -10.08579, -0.83579],
							"size": [6.2, 1.75, 0],
							"pivot": [-3.89711, -11.625, -2.25],
							"rotation": [45, 60, 0],
							"uv": {
								"north": {"uv": [12, 24], "uv_size": [40, 16]},
								"east": {"uv": [0, 0], "uv_size": [0, 30]},
								"south": {"uv": [12, 24], "uv_size": [40, 16]},
								"west": {"uv": [0, 0], "uv_size": [0, 30]},
								"up": {"uv": [16, 0], "uv_size": [-16, 0]},
								"down": {"uv": [16, 0], "uv_size": [-16, 0]}
							}
						},
						{
							"origin": [-6.99711, -10.08579, 3.66421],
							"size": [6.2, 1.75, 0],
							"pivot": [-3.89711, -11.625, 2.25],
							"rotation": [-135, 60, 180],
							"uv": {
								"north": {"uv": [12, 24], "uv_size": [40, 16]},
								"east": {"uv": [0, 0], "uv_size": [0, 30]},
								"south": {"uv": [12, 24], "uv_size": [40, 16]},
								"west": {"uv": [0, 0], "uv_size": [0, 30]},
								"up": {"uv": [16, 0], "uv_size": [-16, 0]},
								"down": {"uv": [16, 0], "uv_size": [-16, 0]}
							}
						},
						{
							"origin": [-3.1, -10.08579, 5.91421],
							"size": [6.2, 1.75, 0],
							"pivot": [0, -11.625, 4.5],
							"rotation": [-135, 0, 180],
							"uv": {
								"north": {"uv": [12, 24], "uv_size": [40, 16]},
								"east": {"uv": [0, 0], "uv_size": [0, 30]},
								"south": {"uv": [12, 24], "uv_size": [40, 16]},
								"west": {"uv": [0, 0], "uv_size": [0, 30]},
								"up": {"uv": [16, 0], "uv_size": [-16, 0]},
								"down": {"uv": [16, 0], "uv_size": [-16, 0]}
							}
						}
					]
				},
				{
					"name": "plasma9",
					"parent": "main2",
					"pivot": [0, -2.5, 0],
					"cubes": [
						{
							"origin": [-3.1, -1.08579, -3.08579],
							"size": [6.2, 1.75, 0],
							"pivot": [0, -2.625, -4.5],
							"rotation": [45, 0, 0],
							"uv": {
								"north": {"uv": [12, 24], "uv_size": [40, 16]},
								"east": {"uv": [0, 0], "uv_size": [0, 30]},
								"south": {"uv": [12, 24], "uv_size": [40, 16]},
								"west": {"uv": [0, 0], "uv_size": [0, 30]},
								"up": {"uv": [16, 0], "uv_size": [-16, 0]},
								"down": {"uv": [16, 0], "uv_size": [-16, 0]}
							}
						},
						{
							"origin": [0.79711, -1.08579, -0.83579],
							"size": [6.2, 1.75, 0],
							"pivot": [3.89711, -2.625, -2.25],
							"rotation": [45, -60, 0],
							"uv": {
								"north": {"uv": [12, 24], "uv_size": [40, 16]},
								"east": {"uv": [0, 0], "uv_size": [0, 30]},
								"south": {"uv": [12, 24], "uv_size": [40, 16]},
								"west": {"uv": [0, 0], "uv_size": [0, 30]},
								"up": {"uv": [16, 0], "uv_size": [-16, 0]},
								"down": {"uv": [16, 0], "uv_size": [-16, 0]}
							}
						},
						{
							"origin": [0.79711, -1.08579, 3.66421],
							"size": [6.2, 1.75, 0],
							"pivot": [3.89711, -2.625, 2.25],
							"rotation": [-135, -60, -180],
							"uv": {
								"north": {"uv": [12, 24], "uv_size": [40, 16]},
								"east": {"uv": [0, 0], "uv_size": [0, 30]},
								"south": {"uv": [12, 24], "uv_size": [40, 16]},
								"west": {"uv": [0, 0], "uv_size": [0, 30]},
								"up": {"uv": [16, 0], "uv_size": [-16, 0]},
								"down": {"uv": [16, 0], "uv_size": [-16, 0]}
							}
						},
						{
							"origin": [-6.99711, -1.08579, -0.83579],
							"size": [6.2, 1.75, 0],
							"pivot": [-3.89711, -2.625, -2.25],
							"rotation": [45, 60, 0],
							"uv": {
								"north": {"uv": [12, 24], "uv_size": [40, 16]},
								"east": {"uv": [0, 0], "uv_size": [0, 30]},
								"south": {"uv": [12, 24], "uv_size": [40, 16]},
								"west": {"uv": [0, 0], "uv_size": [0, 30]},
								"up": {"uv": [16, 0], "uv_size": [-16, 0]},
								"down": {"uv": [16, 0], "uv_size": [-16, 0]}
							}
						},
						{
							"origin": [-6.99711, -1.08579, 3.66421],
							"size": [6.2, 1.75, 0],
							"pivot": [-3.89711, -2.625, 2.25],
							"rotation": [-135, 60, 180],
							"uv": {
								"north": {"uv": [12, 24], "uv_size": [40, 16]},
								"east": {"uv": [0, 0], "uv_size": [0, 30]},
								"south": {"uv": [12, 24], "uv_size": [40, 16]},
								"west": {"uv": [0, 0], "uv_size": [0, 30]},
								"up": {"uv": [16, 0], "uv_size": [-16, 0]},
								"down": {"uv": [16, 0], "uv_size": [-16, 0]}
							}
						},
						{
							"origin": [-3.1, -1.08579, 5.91421],
							"size": [6.2, 1.75, 0],
							"pivot": [0, -2.625, 4.5],
							"rotation": [-135, 0, 180],
							"uv": {
								"north": {"uv": [12, 24], "uv_size": [40, 16]},
								"east": {"uv": [0, 0], "uv_size": [0, 30]},
								"south": {"uv": [12, 24], "uv_size": [40, 16]},
								"west": {"uv": [0, 0], "uv_size": [0, 30]},
								"up": {"uv": [16, 0], "uv_size": [-16, 0]},
								"down": {"uv": [16, 0], "uv_size": [-16, 0]}
							}
						}
					]
				},
				{
					"name": "plasma10",
					"parent": "main2",
					"pivot": [0, -17.5, 0],
					"cubes": [
						{
							"origin": [-3.1, -37.08579, -3.08579],
							"size": [6.2, 1.75, 0],
							"pivot": [0, -38.625, -4.5],
							"rotation": [45, 0, 0],
							"uv": {
								"north": {"uv": [12, 24], "uv_size": [40, 16]},
								"east": {"uv": [0, 0], "uv_size": [0, 30]},
								"south": {"uv": [12, 24], "uv_size": [40, 16]},
								"west": {"uv": [0, 0], "uv_size": [0, 30]},
								"up": {"uv": [16, 0], "uv_size": [-16, 0]},
								"down": {"uv": [16, 0], "uv_size": [-16, 0]}
							}
						},
						{
							"origin": [0.79711, -37.08579, -0.83579],
							"size": [6.2, 1.75, 0],
							"pivot": [3.89711, -38.625, -2.25],
							"rotation": [45, -60, 0],
							"uv": {
								"north": {"uv": [12, 24], "uv_size": [40, 16]},
								"east": {"uv": [0, 0], "uv_size": [0, 30]},
								"south": {"uv": [12, 24], "uv_size": [40, 16]},
								"west": {"uv": [0, 0], "uv_size": [0, 30]},
								"up": {"uv": [16, 0], "uv_size": [-16, 0]},
								"down": {"uv": [16, 0], "uv_size": [-16, 0]}
							}
						},
						{
							"origin": [0.79711, -37.08579, 3.66421],
							"size": [6.2, 1.75, 0],
							"pivot": [3.89711, -38.625, 2.25],
							"rotation": [-135, -60, -180],
							"uv": {
								"north": {"uv": [12, 24], "uv_size": [40, 16]},
								"east": {"uv": [0, 0], "uv_size": [0, 30]},
								"south": {"uv": [12, 24], "uv_size": [40, 16]},
								"west": {"uv": [0, 0], "uv_size": [0, 30]},
								"up": {"uv": [16, 0], "uv_size": [-16, 0]},
								"down": {"uv": [16, 0], "uv_size": [-16, 0]}
							}
						},
						{
							"origin": [-6.99711, -37.08579, -0.83579],
							"size": [6.2, 1.75, 0],
							"pivot": [-3.89711, -38.625, -2.25],
							"rotation": [45, 60, 0],
							"uv": {
								"north": {"uv": [12, 24], "uv_size": [40, 16]},
								"east": {"uv": [0, 0], "uv_size": [0, 30]},
								"south": {"uv": [12, 24], "uv_size": [40, 16]},
								"west": {"uv": [0, 0], "uv_size": [0, 30]},
								"up": {"uv": [16, 0], "uv_size": [-16, 0]},
								"down": {"uv": [16, 0], "uv_size": [-16, 0]}
							}
						},
						{
							"origin": [-6.99711, -37.08579, 3.66421],
							"size": [6.2, 1.75, 0],
							"pivot": [-3.89711, -38.625, 2.25],
							"rotation": [-135, 60, 180],
							"uv": {
								"north": {"uv": [12, 24], "uv_size": [40, 16]},
								"east": {"uv": [0, 0], "uv_size": [0, 30]},
								"south": {"uv": [12, 24], "uv_size": [40, 16]},
								"west": {"uv": [0, 0], "uv_size": [0, 30]},
								"up": {"uv": [16, 0], "uv_size": [-16, 0]},
								"down": {"uv": [16, 0], "uv_size": [-16, 0]}
							}
						},
						{
							"origin": [-3.1, -37.08579, 5.91421],
							"size": [6.2, 1.75, 0],
							"pivot": [0, -38.625, 4.5],
							"rotation": [-135, 0, 180],
							"uv": {
								"north": {"uv": [12, 24], "uv_size": [40, 16]},
								"east": {"uv": [0, 0], "uv_size": [0, 30]},
								"south": {"uv": [12, 24], "uv_size": [40, 16]},
								"west": {"uv": [0, 0], "uv_size": [0, 30]},
								"up": {"uv": [16, 0], "uv_size": [-16, 0]},
								"down": {"uv": [16, 0], "uv_size": [-16, 0]}
							}
						}
					]
				}
			]
		}
	]
}