{
	"format_version": "1.12.0",
	"minecraft:geometry": [
		{
			"description": {
				"identifier": "geometry.kirby_copy7",
				"texture_width": 64,
				"texture_height": 64,
				"visible_bounds_width": 4,
				"visible_bounds_height": 5,
				"visible_bounds_offset": [0, 1.5, 0]
			},
			"bones": [
				{
					"name": "root",
					"pivot": [0, 0, 0]
				},
				{
					"name": "waist",
					"parent": "root",
					"pivot": [0, 12, 0]
				},
				{
					"name": "body",
					"parent": "waist",
					"pivot": [0, 13, 0]
				},
				{
					"name": "body2",
					"parent": "body",
					"pivot": [0, 3, 0]
				},
				{
					"name": "copy7_helmet",
					"parent": "body2",
					"pivot": [0, 16.5, 0],
					"rotation": [2, 0, 0],
					"cubes": [
						{
							"origin": [-7.75, 18, 8.25],
							"size": [15.5, 1.25, 1.75],
							"inflate": 0.1,
							"pivot": [0, 19, 0.125],
							"rotation": [-4.5, 0, 0],
							"uv": {
								"north": {"uv": [5, 49], "uv_size": [42, -5]},
								"east": {"uv": [64, 44], "uv_size": [-20, 3]},
								"south": {"uv": [5, 49], "uv_size": [42, -5]},
								"west": {"uv": [64, 44], "uv_size": [-20, 3]},
								"up": {"uv": [42, 44], "uv_size": [-42, 5]},
								"down": {"uv": [8.5, 49], "uv_size": [42, -5]}
							}
						},
						{
							"origin": [-5.75, 18.04502, 9.94283],
							"size": [4.5, 1.5, 1.75],
							"inflate": 0.1,
							"pivot": [-3, 17.92002, 9.06783],
							"rotation": [18.67612, 27.4361, 43.28506],
							"uv": {
								"north": {"uv": [8, 44], "uv_size": [3, 3]},
								"east": {"uv": [8, 44], "uv_size": [3, 3]},
								"south": {"uv": [8, 44], "uv_size": [3, 3]},
								"west": {"uv": [8, 44], "uv_size": [3, 3]},
								"up": {"uv": [11, 47], "uv_size": [-3, -3]},
								"down": {"uv": [11, 47], "uv_size": [-3, -3]}
							}
						},
						{
							"origin": [1.25, 18.04502, 9.94283],
							"size": [4.5, 1.5, 1.75],
							"inflate": 0.1,
							"pivot": [3, 17.92002, 9.06783],
							"rotation": [18.67612, -27.4361, -43.28506],
							"uv": {
								"north": {"uv": [19, 45], "uv_size": [-3, 3]},
								"east": {"uv": [19, 45], "uv_size": [-3, 3]},
								"south": {"uv": [19, 45], "uv_size": [-3, 3]},
								"west": {"uv": [19, 45], "uv_size": [-3, 3]},
								"up": {"uv": [16, 48], "uv_size": [3, -3]},
								"down": {"uv": [16, 48], "uv_size": [3, -3]}
							}
						},
						{
							"origin": [-1.5, 17.25, 8.25],
							"size": [2.5, 2.75, 2.5],
							"inflate": 0.1,
							"pivot": [0, 19, 0.125],
							"rotation": [-4.5, 0, 0],
							"uv": {
								"north": {"uv": [5, 49], "uv_size": [7, -5]},
								"east": {"uv": [39, 49], "uv_size": [8, -5]},
								"south": {"uv": [5, 49], "uv_size": [7, -5]},
								"west": {"uv": [45, 44], "uv_size": [8, 5]},
								"up": {"uv": [7, 44], "uv_size": [-7, 5]},
								"down": {"uv": [8.5, 49], "uv_size": [7, -5]}
							}
						},
						{
							"origin": [6.8766, 17.40101, 7.48147],
							"size": [2.6, 1.15, 1.75],
							"inflate": 0.1,
							"pivot": [8.2266, 17.97601, 8.35647],
							"rotation": [-6.2438, 43.82968, -4.33285],
							"uv": {
								"north": {"uv": [8, 43], "uv_size": [12, -5]},
								"east": {"uv": [64, 38], "uv_size": [-20, 3]},
								"south": {"uv": [8, 43], "uv_size": [12, -5]},
								"west": {"uv": [64, 38], "uv_size": [-20, 3]},
								"up": {"uv": [15, 38], "uv_size": [-12, 5]},
								"down": {"uv": [11, 43], "uv_size": [12, -5]}
							}
						},
						{
							"origin": [-9.4766, 17.40101, 7.48147],
							"size": [2.6, 1.15, 1.75],
							"inflate": 0.1,
							"pivot": [-8.2266, 17.97601, 8.35647],
							"rotation": [-6.2438, -43.82968, 4.33285],
							"uv": {
								"north": {"uv": [20, 43], "uv_size": [-12, -5]},
								"east": {"uv": [44, 38], "uv_size": [20, 3]},
								"south": {"uv": [8, 43], "uv_size": [12, -5]},
								"west": {"uv": [44, 38], "uv_size": [20, 3]},
								"up": {"uv": [15, 38], "uv_size": [-12, 5]},
								"down": {"uv": [23, 43], "uv_size": [-12, -5]}
							}
						},
						{
							"origin": [6.91575, 18.7, -9.01641],
							"size": [2.6, 1.15, 1.75],
							"inflate": 0.1,
							"pivot": [8.26575, 19.32458, -8.14141],
							"rotation": [-6.2438, -43.82968, 4.33285],
							"uv": {
								"north": {"uv": [8, 43], "uv_size": [12, -5]},
								"east": {"uv": [44, 38], "uv_size": [20, 3]},
								"south": {"uv": [20, 43], "uv_size": [-12, -5]},
								"west": {"uv": [44, 38], "uv_size": [20, 3]},
								"up": {"uv": [3, 43], "uv_size": [12, -5]},
								"down": {"uv": [11, 43], "uv_size": [12, -5]}
							}
						},
						{
							"origin": [-9.43745, 18.7, -9.01641],
							"size": [2.6, 1.15, 1.75],
							"inflate": 0.1,
							"pivot": [-8.18745, 19.32458, -8.14141],
							"rotation": [-7.2438, 43.82968, -4.33285],
							"uv": {
								"north": {"uv": [8, 43], "uv_size": [12, -5]},
								"east": {"uv": [64, 38], "uv_size": [-20, 3]},
								"south": {"uv": [8, 43], "uv_size": [12, -5]},
								"west": {"uv": [64, 38], "uv_size": [-20, 3]},
								"up": {"uv": [3, 43], "uv_size": [12, -5]},
								"down": {"uv": [23, 38], "uv_size": [-12, 5]}
							}
						},
						{
							"origin": [-7.95, 18, -9.65],
							"size": [15.9, 1.25, 1.75],
							"inflate": 0.1,
							"pivot": [0, 19, 0.125],
							"rotation": [-90, 85.5, -90],
							"uv": {
								"north": {"uv": [5, 49], "uv_size": [42, -5]},
								"east": {"uv": [64, 44], "uv_size": [-20, 3]},
								"south": {"uv": [5, 49], "uv_size": [42, -5]},
								"west": {"uv": [64, 44], "uv_size": [-20, 3]},
								"up": {"uv": [0, 49], "uv_size": [42, -5]},
								"down": {"uv": [10, 49], "uv_size": [42, -5]}
							}
						},
						{
							"origin": [-7.8, 18, -9.75],
							"size": [15.6, 1.25, 1.75],
							"inflate": 0.1,
							"pivot": [0, 19, 0.125],
							"rotation": [-4.5, 0, 0],
							"uv": {
								"north": {"uv": [5, 49], "uv_size": [42, -5]},
								"east": {"uv": [64, 44], "uv_size": [-20, 3]},
								"south": {"uv": [5, 49], "uv_size": [42, -5]},
								"west": {"uv": [64, 44], "uv_size": [-20, 3]},
								"up": {"uv": [0, 49], "uv_size": [42, -5]},
								"down": {"uv": [10, 49], "uv_size": [42, -5]}
							}
						},
						{
							"origin": [-7.95, 18, 8.15],
							"size": [15.9, 1.25, 1.75],
							"inflate": 0.1,
							"pivot": [0, 19, 0.125],
							"rotation": [-90, 85.5, -90],
							"uv": {
								"north": {"uv": [5, 49], "uv_size": [42, -5]},
								"east": {"uv": [64, 44], "uv_size": [-20, 3]},
								"south": {"uv": [5, 49], "uv_size": [42, -5]},
								"west": {"uv": [64, 44], "uv_size": [-20, 3]},
								"up": {"uv": [42, 44], "uv_size": [-42, 5]},
								"down": {"uv": [8.5, 49], "uv_size": [42, -5]}
							}
						}
					]
				},
				{
					"name": "k_helmet",
					"parent": "body2",
					"pivot": [0, 0, 0]
				},
				{
					"name": "rightArm",
					"parent": "body2",
					"pivot": [-5, 21, 0]
				},
				{
					"name": "rightArm2",
					"parent": "rightArm",
					"pivot": [-5, 14, 0]
				},
				{
					"name": "rightItem",
					"parent": "rightArm",
					"pivot": [-7.5, 15, 0],
					"locators": {
						"lead_hold": [-6, 14, 1],
						"hammer": [-7.5, 15, -21]
					}
				},
				{
					"name": "cape",
					"parent": "body",
					"pivot": [0, 19, 3]
				},
				{
					"name": "kaiten_hammer",
					"parent": "root",
					"pivot": [0, 0, 0]
				}
			]
		}
	]
}