{
	"format_version": "1.12.0",
	"minecraft:geometry": [
		{
			"description": {
				"identifier": "geometry.copy9_plasma1",
				"texture_width": 64,
				"texture_height": 64,
				"visible_bounds_width": 4,
				"visible_bounds_height": 3,
				"visible_bounds_offset": [0, 0.5, 0]
			},
			"bones": [
				{
					"name": "main",
					"pivot": [0, 0, 0],
					"rotation": [-90, 0, 0]
				},
				{
					"name": "main2",
					"parent": "main",
					"pivot": [0, 0, 0],
					"cubes": [
						{
							"origin": [-14, -2, 0],
							"size": [28, 4, 0],
							"pivot": [0, 0, 0],
							"rotation": [0, 0, 90],
							"uv": {
								"north": {"uv": [0, 24], "uv_size": [64, 16]},
								"east": {"uv": [0, 0], "uv_size": [0, 30]},
								"south": {"uv": [0, 24], "uv_size": [64, 16]},
								"west": {"uv": [0, 0], "uv_size": [0, 30]},
								"up": {"uv": [16, 0], "uv_size": [-16, 0]},
								"down": {"uv": [16, 0], "uv_size": [-16, 0]}
							}
						},
						{
							"origin": [-14, -2, 0],
							"size": [28, 4, 0],
							"pivot": [0, 0, 0],
							"rotation": [90, 0, 90],
							"uv": {
								"north": {"uv": [0, 24], "uv_size": [64, 16]},
								"east": {"uv": [0, 0], "uv_size": [0, 30]},
								"south": {"uv": [0, 24], "uv_size": [64, 16]},
								"west": {"uv": [0, 0], "uv_size": [0, 30]},
								"up": {"uv": [16, 0], "uv_size": [-16, 0]},
								"down": {"uv": [16, 0], "uv_size": [-16, 0]}
							}
						}
					]
				}
			]
		}
	]
}