{
	"format_version": "1.12.0",
	"minecraft:geometry": [
		{
			"description": {
				"identifier": "geometry.kirby_copy7_hammer",
				"texture_width": 64,
				"texture_height": 64,
				"visible_bounds_width": 5,
				"visible_bounds_height": 3,
				"visible_bounds_offset": [0, 0.5, 0]
			},
			"bones": [
				{
					"name": "root",
					"pivot": [0, 0, 0]
				},
				{
					"name": "kaiten_hammer",
					"parent": "root",
					"pivot": [0, 0, 0]
				},
				{
					"name": "kaiten_hammer2",
					"parent": "kaiten_hammer",
					"pivot": [0, 0, -26],
					"rotation": [-90, 0, 0],
					"cubes": [
						{
							"origin": [-0.75, -0.75, -40.75],
							"size": [1.5, 1.5, 31.75],
							"inflate": 0.3,
							"pivot": [0, 0, -26],
							"rotation": [90, 0, 0],
							"uv": {
								"north": {"uv": [16, 42], "uv_size": [2, 3]},
								"east": {"uv": [10, 42], "uv_size": [6, 3]},
								"south": {"uv": [24, 42], "uv_size": [2, 3]},
								"west": {"uv": [18, 42], "uv_size": [6, 3]},
								"up": {"uv": [16, 36], "uv_size": [2, 6]},
								"down": {"uv": [18, 42], "uv_size": [2, -6]}
							}
						},
						{
							"origin": [-6.5, -10.75, -37.5],
							"size": [13, 22, 13],
							"pivot": [0, 0, -26],
							"rotation": [90, 0, 0],
							"uv": {
								"north": {"uv": [54, 61], "uv_size": [2, 3]},
								"east": {"uv": [48, 61], "uv_size": [6, 3]},
								"south": {"uv": [62, 61], "uv_size": [2, 3]},
								"west": {"uv": [56, 61], "uv_size": [6, 3]},
								"up": {"uv": [54, 55], "uv_size": [2, 6]},
								"down": {"uv": [56, 61], "uv_size": [2, -6]}
							}
						},
						{
							"origin": [6.5, -11.25, -37.5],
							"size": [1, 23, 13],
							"pivot": [0, 0, -26],
							"rotation": [90, 0, 0],
							"uv": {
								"north": {"uv": [14, 11], "uv_size": [1, 24]},
								"east": {"uv": [13, 40], "uv_size": [17, 24]},
								"south": {"uv": [14, 11], "uv_size": [1, 24]},
								"west": {"uv": [13, 40], "uv_size": [17, 24]},
								"up": {"uv": [44, 28], "uv_size": [2, 6]},
								"down": {"uv": [44, 34], "uv_size": [2, -6]}
							}
						},
						{
							"origin": [5.5, -11.25, -37.5],
							"size": [1, 23, 1],
							"pivot": [0, 0, -26],
							"rotation": [90, 0, 0],
							"uv": {
								"north": {"uv": [51, 27], "uv_size": [-2, 6]},
								"east": {"uv": [51, 27], "uv_size": [-2, 6]},
								"south": {"uv": [51, 27], "uv_size": [-2, 6]},
								"west": {"uv": [51, 27], "uv_size": [-2, 6]},
								"up": {"uv": [49, 27], "uv_size": [2, 6]},
								"down": {"uv": [49, 33], "uv_size": [2, -6]}
							}
						},
						{
							"origin": [-6.5, -11.25, -37.5],
							"size": [1, 23, 1],
							"pivot": [0, 0, -26],
							"rotation": [90, 0, 0],
							"uv": {
								"north": {"uv": [51, 27], "uv_size": [-2, 6]},
								"east": {"uv": [51, 27], "uv_size": [-2, 6]},
								"south": {"uv": [51, 27], "uv_size": [-2, 6]},
								"west": {"uv": [51, 27], "uv_size": [-2, 6]},
								"up": {"uv": [49, 27], "uv_size": [2, 6]},
								"down": {"uv": [49, 33], "uv_size": [2, -6]}
							}
						},
						{
							"origin": [5.5, -11.25, -25.5],
							"size": [1, 23, 1],
							"pivot": [0, 0, -26],
							"rotation": [90, 0, 0],
							"uv": {
								"north": {"uv": [51, 27], "uv_size": [-2, 6]},
								"east": {"uv": [51, 27], "uv_size": [-2, 6]},
								"south": {"uv": [51, 27], "uv_size": [-2, 6]},
								"west": {"uv": [51, 27], "uv_size": [-2, 6]},
								"up": {"uv": [49, 27], "uv_size": [2, 6]},
								"down": {"uv": [49, 33], "uv_size": [2, -6]}
							}
						},
						{
							"origin": [-6.5, -11.25, -25.5],
							"size": [1, 23, 1],
							"pivot": [0, 0, -26],
							"rotation": [90, 0, 0],
							"uv": {
								"north": {"uv": [51, 27], "uv_size": [-2, 6]},
								"east": {"uv": [51, 27], "uv_size": [-2, 6]},
								"south": {"uv": [51, 27], "uv_size": [-2, 6]},
								"west": {"uv": [51, 27], "uv_size": [-2, 6]},
								"up": {"uv": [49, 27], "uv_size": [2, 6]},
								"down": {"uv": [49, 33], "uv_size": [2, -6]}
							}
						},
						{
							"origin": [-8.5, -8.25, -38.5],
							"size": [17, 17, 15],
							"inflate": -0.25,
							"pivot": [0, 0, -26],
							"rotation": [90, 0, 0],
							"uv": {
								"north": {"uv": [17, 49], "uv_size": [6, 9]},
								"east": {"uv": [11, 49], "uv_size": [10, 9]},
								"south": {"uv": [25, 49], "uv_size": [6, 9]},
								"west": {"uv": [19, 49], "uv_size": [13, 9]},
								"up": {"uv": [21, 47], "uv_size": [-2, 4]},
								"down": {"uv": [23, 55], "uv_size": [-2, -12]}
							}
						},
						{
							"origin": [-7.5, -11.25, -37.5],
							"size": [1, 23, 13],
							"pivot": [0, 0, -26],
							"rotation": [90, 0, 0],
							"uv": {
								"north": {"uv": [15, 11], "uv_size": [-1, 24]},
								"east": {"uv": [30, 40], "uv_size": [-17, 24]},
								"south": {"uv": [15, 11], "uv_size": [-1, 24]},
								"west": {"uv": [30, 40], "uv_size": [-17, 24]},
								"up": {"uv": [46, 28], "uv_size": [-2, 6]},
								"down": {"uv": [46, 34], "uv_size": [-2, -6]}
							}
						},
						{
							"origin": [-6.5, -11.25, -24.5],
							"size": [13, 23, 1],
							"pivot": [0, 0, -26],
							"rotation": [90, 0, 0],
							"uv": {
								"north": {"uv": [13, 40], "uv_size": [17, 24]},
								"east": {"uv": [13, 11], "uv_size": [2, 24]},
								"south": {"uv": [13, 40], "uv_size": [17, 24]},
								"west": {"uv": [13, 11], "uv_size": [1, 24]},
								"up": {"uv": [44, 28], "uv_size": [2, 6]},
								"down": {"uv": [44, 34], "uv_size": [2, -6]}
							}
						},
						{
							"origin": [-7.5, -8.25, -39.5],
							"size": [15, 17, 17],
							"inflate": -0.25,
							"pivot": [0, 0, -26],
							"rotation": [90, 0, 0],
							"uv": {
								"north": {"uv": [17, 49], "uv_size": [6, 9]},
								"east": {"uv": [11, 49], "uv_size": [10, 9]},
								"south": {"uv": [25, 49], "uv_size": [6, 9]},
								"west": {"uv": [19, 49], "uv_size": [13, 9]},
								"up": {"uv": [21, 47], "uv_size": [-2, 4]},
								"down": {"uv": [23, 55], "uv_size": [-2, -12]}
							}
						},
						{
							"origin": [-6.5, -11.25, -38.5],
							"size": [13, 23, 1],
							"pivot": [0, 0, -26],
							"rotation": [90, 0, 0],
							"uv": {
								"north": {"uv": [13, 40], "uv_size": [17, 24]},
								"east": {"uv": [13, 11], "uv_size": [2, 24]},
								"south": {"uv": [13, 40], "uv_size": [17, 24]},
								"west": {"uv": [13, 11], "uv_size": [1, 24]},
								"up": {"uv": [44, 28], "uv_size": [2, 6]},
								"down": {"uv": [44, 34], "uv_size": [2, -6]}
							}
						}
					]
				},
				{
					"name": "hammer_star3",
					"parent": "kaiten_hammer2",
					"pivot": [0, -4.3, -31.75]
				},
				{
					"name": "stone2_star2",
					"parent": "hammer_star3",
					"pivot": [0, -4.3, -31.75],
					"cubes": [
						{
							"origin": [-0.5, -10.8, -37.5],
							"size": [1, 2, 1],
							"uv": {
								"north": {"uv": [52, 4], "uv_size": [8, 8]},
								"east": {"uv": [52, 4], "uv_size": [8, 8]},
								"south": {"uv": [52, 4], "uv_size": [8, 8]},
								"west": {"uv": [52, 4], "uv_size": [8, 8]},
								"up": {"uv": [60, 11], "uv_size": [-8, -8]},
								"down": {"uv": [60, 11], "uv_size": [-8, -8]}
							}
						},
						{
							"origin": [-1.25, -8.8, -37.5],
							"size": [2.5, 4, 1],
							"uv": {
								"north": {"uv": [52, 6], "uv_size": [9.5, 8]},
								"east": {"uv": [52, 6], "uv_size": [8, 8]},
								"south": {"uv": [52, 6], "uv_size": [9.5, 8]},
								"west": {"uv": [52, 6], "uv_size": [8, 8]},
								"up": {"uv": [61.5, 11], "uv_size": [-9.5, -8]},
								"down": {"uv": [61.5, 11], "uv_size": [-9.5, -8]}
							}
						},
						{
							"origin": [-0.85355, -11.32809, -37.5],
							"size": [1, 4.25, 1],
							"pivot": [-2.29685, -10.08869, -37],
							"rotation": [0, 0, -20],
							"uv": {
								"north": {"uv": [52, 6], "uv_size": [8, 8]},
								"east": {"uv": [52, 6], "uv_size": [8, 8]},
								"south": {"uv": [52, 6], "uv_size": [8, 8]},
								"west": {"uv": [52, 6], "uv_size": [8, 8]},
								"up": {"uv": [60, 11], "uv_size": [-8, -8]},
								"down": {"uv": [60, 11], "uv_size": [-8, -8]}
							}
						},
						{
							"origin": [-0.41783, -9.78899, -37.5],
							"size": [1, 4.25, 1],
							"pivot": [-2.20315, -10.08869, -37],
							"rotation": [0, 0, 20],
							"uv": {
								"north": {"uv": [52, 6], "uv_size": [8, 8]},
								"east": {"uv": [52, 6], "uv_size": [8, 8]},
								"south": {"uv": [52, 6], "uv_size": [8, 8]},
								"west": {"uv": [52, 6], "uv_size": [8, 8]},
								"up": {"uv": [60, 11], "uv_size": [-8, -8]},
								"down": {"uv": [60, 11], "uv_size": [-8, -8]}
							}
						}
					]
				},
				{
					"name": "stone2_star3",
					"parent": "hammer_star3",
					"pivot": [0, -4.3, -31.75],
					"rotation": [0, 0, 72],
					"cubes": [
						{
							"origin": [-0.02447, -10.45451, -37.5],
							"size": [1, 2, 1],
							"uv": {
								"north": {"uv": [52, 4], "uv_size": [8, 8]},
								"east": {"uv": [52, 4], "uv_size": [8, 8]},
								"south": {"uv": [52, 4], "uv_size": [8, 8]},
								"west": {"uv": [52, 4], "uv_size": [8, 8]},
								"up": {"uv": [60, 11], "uv_size": [-8, -8]},
								"down": {"uv": [60, 11], "uv_size": [-8, -8]}
							}
						},
						{
							"origin": [-0.77447, -8.45451, -37.5],
							"size": [2.5, 4, 1],
							"uv": {
								"north": {"uv": [52, 6], "uv_size": [9.5, 8]},
								"east": {"uv": [52, 6], "uv_size": [8, 8]},
								"south": {"uv": [52, 6], "uv_size": [9.5, 8]},
								"west": {"uv": [52, 6], "uv_size": [8, 8]},
								"up": {"uv": [61.5, 11], "uv_size": [-9.5, -8]},
								"down": {"uv": [61.5, 11], "uv_size": [-9.5, -8]}
							}
						},
						{
							"origin": [-0.28853, -11.16607, -37.5],
							"size": [1, 4.25, 1],
							"pivot": [-2.29685, -10.08869, -37],
							"rotation": [0, 0, -20],
							"uv": {
								"north": {"uv": [52, 6], "uv_size": [8, 8]},
								"east": {"uv": [52, 6], "uv_size": [8, 8]},
								"south": {"uv": [52, 6], "uv_size": [8, 8]},
								"west": {"uv": [52, 6], "uv_size": [8, 8]},
								"up": {"uv": [60, 11], "uv_size": [-8, -8]},
								"down": {"uv": [60, 11], "uv_size": [-8, -8]}
							}
						},
						{
							"origin": [-0.08914, -9.30169, -37.5],
							"size": [1, 4.25, 1],
							"pivot": [-2.20315, -10.08869, -37],
							"rotation": [0, 0, 20],
							"uv": {
								"north": {"uv": [52, 6], "uv_size": [8, 8]},
								"east": {"uv": [52, 6], "uv_size": [8, 8]},
								"south": {"uv": [52, 6], "uv_size": [8, 8]},
								"west": {"uv": [52, 6], "uv_size": [8, 8]},
								"up": {"uv": [60, 11], "uv_size": [-8, -8]},
								"down": {"uv": [60, 11], "uv_size": [-8, -8]}
							}
						}
					]
				},
				{
					"name": "stone2_star4",
					"parent": "hammer_star3",
					"pivot": [0, -4.3, -31.75],
					"rotation": [0, 0, 144],
					"cubes": [
						{
							"origin": [-0.20611, -9.89549, -37.5],
							"size": [1, 2, 1],
							"uv": {
								"north": {"uv": [52, 4], "uv_size": [8, 8]},
								"east": {"uv": [52, 4], "uv_size": [8, 8]},
								"south": {"uv": [52, 4], "uv_size": [8, 8]},
								"west": {"uv": [52, 4], "uv_size": [8, 8]},
								"up": {"uv": [60, 11], "uv_size": [-8, -8]},
								"down": {"uv": [60, 11], "uv_size": [-8, -8]}
							}
						},
						{
							"origin": [-0.95611, -7.89549, -37.5],
							"size": [2.5, 4, 1],
							"uv": {
								"north": {"uv": [52, 6], "uv_size": [9.5, 8]},
								"east": {"uv": [52, 6], "uv_size": [8, 8]},
								"south": {"uv": [52, 6], "uv_size": [9.5, 8]},
								"west": {"uv": [52, 6], "uv_size": [8, 8]},
								"up": {"uv": [61.5, 11], "uv_size": [-9.5, -8]},
								"down": {"uv": [61.5, 11], "uv_size": [-9.5, -8]}
							}
						},
						{
							"origin": [-0.26802, -10.57864, -37.5],
							"size": [1, 4.25, 1],
							"pivot": [-2.29685, -10.08869, -37],
							"rotation": [0, 0, -20],
							"uv": {
								"north": {"uv": [52, 6], "uv_size": [8, 8]},
								"east": {"uv": [52, 6], "uv_size": [8, 8]},
								"south": {"uv": [52, 6], "uv_size": [8, 8]},
								"west": {"uv": [52, 6], "uv_size": [8, 8]},
								"up": {"uv": [60, 11], "uv_size": [-8, -8]},
								"down": {"uv": [60, 11], "uv_size": [-8, -8]}
							}
						},
						{
							"origin": [-0.45102, -8.83851, -37.5],
							"size": [1, 4.25, 1],
							"pivot": [-2.20315, -10.08869, -37],
							"rotation": [0, 0, 20],
							"uv": {
								"north": {"uv": [52, 6], "uv_size": [8, 8]},
								"east": {"uv": [52, 6], "uv_size": [8, 8]},
								"south": {"uv": [52, 6], "uv_size": [8, 8]},
								"west": {"uv": [52, 6], "uv_size": [8, 8]},
								"up": {"uv": [60, 11], "uv_size": [-8, -8]},
								"down": {"uv": [60, 11], "uv_size": [-8, -8]}
							}
						}
					]
				},
				{
					"name": "stone2_star5",
					"parent": "hammer_star3",
					"pivot": [0, -4.3, -31.75],
					"rotation": [0, 0, -144],
					"cubes": [
						{
							"origin": [-0.79389, -9.89549, -37.5],
							"size": [1, 2, 1],
							"uv": {
								"north": {"uv": [52, 4], "uv_size": [8, 8]},
								"east": {"uv": [52, 4], "uv_size": [8, 8]},
								"south": {"uv": [52, 4], "uv_size": [8, 8]},
								"west": {"uv": [52, 4], "uv_size": [8, 8]},
								"up": {"uv": [60, 11], "uv_size": [-8, -8]},
								"down": {"uv": [60, 11], "uv_size": [-8, -8]}
							}
						},
						{
							"origin": [-1.54389, -7.89549, -37.5],
							"size": [2.5, 4, 1],
							"uv": {
								"north": {"uv": [52, 6], "uv_size": [9.5, 8]},
								"east": {"uv": [52, 6], "uv_size": [8, 8]},
								"south": {"uv": [52, 6], "uv_size": [9.5, 8]},
								"west": {"uv": [52, 6], "uv_size": [8, 8]},
								"up": {"uv": [61.5, 11], "uv_size": [-9.5, -8]},
								"down": {"uv": [61.5, 11], "uv_size": [-9.5, -8]}
							}
						},
						{
							"origin": [-0.82036, -10.37761, -37.5],
							"size": [1, 4.25, 1],
							"pivot": [-2.29685, -10.08869, -37],
							"rotation": [0, 0, -20],
							"uv": {
								"north": {"uv": [52, 6], "uv_size": [8, 8]},
								"east": {"uv": [52, 6], "uv_size": [8, 8]},
								"south": {"uv": [52, 6], "uv_size": [8, 8]},
								"west": {"uv": [52, 6], "uv_size": [8, 8]},
								"up": {"uv": [60, 11], "uv_size": [-8, -8]},
								"down": {"uv": [60, 11], "uv_size": [-8, -8]}
							}
						},
						{
							"origin": [-1.00336, -9.03954, -37.5],
							"size": [1, 4.25, 1],
							"pivot": [-2.20315, -10.08869, -37],
							"rotation": [0, 0, 20],
							"uv": {
								"north": {"uv": [52, 6], "uv_size": [8, 8]},
								"east": {"uv": [52, 6], "uv_size": [8, 8]},
								"south": {"uv": [52, 6], "uv_size": [8, 8]},
								"west": {"uv": [52, 6], "uv_size": [8, 8]},
								"up": {"uv": [60, 11], "uv_size": [-8, -8]},
								"down": {"uv": [60, 11], "uv_size": [-8, -8]}
							}
						}
					]
				},
				{
					"name": "stone2_star6",
					"parent": "hammer_star3",
					"pivot": [0, -4.3, -31.75],
					"rotation": [0, 0, -72],
					"cubes": [
						{
							"origin": [-0.97553, -10.45451, -37.5],
							"size": [1, 2, 1],
							"uv": {
								"north": {"uv": [52, 4], "uv_size": [8, 8]},
								"east": {"uv": [52, 4], "uv_size": [8, 8]},
								"south": {"uv": [52, 4], "uv_size": [8, 8]},
								"west": {"uv": [52, 4], "uv_size": [8, 8]},
								"up": {"uv": [60, 11], "uv_size": [-8, -8]},
								"down": {"uv": [60, 11], "uv_size": [-8, -8]}
							}
						},
						{
							"origin": [-1.72553, -8.45451, -37.5],
							"size": [2.5, 4, 1],
							"uv": {
								"north": {"uv": [52, 6], "uv_size": [9.5, 8]},
								"east": {"uv": [52, 6], "uv_size": [8, 8]},
								"south": {"uv": [52, 6], "uv_size": [9.5, 8]},
								"west": {"uv": [52, 6], "uv_size": [8, 8]},
								"up": {"uv": [61.5, 11], "uv_size": [-9.5, -8]},
								"down": {"uv": [61.5, 11], "uv_size": [-9.5, -8]}
							}
						},
						{
							"origin": [-1.18224, -10.84079, -37.5],
							"size": [1, 4.25, 1],
							"pivot": [-2.29685, -10.08869, -37],
							"rotation": [0, 0, -20],
							"uv": {
								"north": {"uv": [52, 6], "uv_size": [8, 8]},
								"east": {"uv": [52, 6], "uv_size": [8, 8]},
								"south": {"uv": [52, 6], "uv_size": [8, 8]},
								"west": {"uv": [52, 6], "uv_size": [8, 8]},
								"up": {"uv": [60, 11], "uv_size": [-8, -8]},
								"down": {"uv": [60, 11], "uv_size": [-8, -8]}
							}
						},
						{
							"origin": [-0.98285, -9.62697, -37.5],
							"size": [1, 4.25, 1],
							"pivot": [-2.20315, -10.08869, -37],
							"rotation": [0, 0, 20],
							"uv": {
								"north": {"uv": [52, 6], "uv_size": [8, 8]},
								"east": {"uv": [52, 6], "uv_size": [8, 8]},
								"south": {"uv": [52, 6], "uv_size": [8, 8]},
								"west": {"uv": [52, 6], "uv_size": [8, 8]},
								"up": {"uv": [60, 11], "uv_size": [-8, -8]},
								"down": {"uv": [60, 11], "uv_size": [-8, -8]}
							}
						}
					]
				},
				{
					"name": "hammer_star4",
					"parent": "kaiten_hammer2",
					"pivot": [0, -4.3, -10.25]
				},
				{
					"name": "stone2_star7",
					"parent": "hammer_star4",
					"pivot": [0, -4.3, -10.25],
					"cubes": [
						{
							"origin": [-0.5, -10.8, -16],
							"size": [1, 2, 1],
							"uv": {
								"north": {"uv": [52, 4], "uv_size": [8, 8]},
								"east": {"uv": [52, 4], "uv_size": [8, 8]},
								"south": {"uv": [52, 4], "uv_size": [8, 8]},
								"west": {"uv": [52, 4], "uv_size": [8, 8]},
								"up": {"uv": [60, 11], "uv_size": [-8, -8]},
								"down": {"uv": [60, 11], "uv_size": [-8, -8]}
							}
						},
						{
							"origin": [-1.25, -8.8, -16],
							"size": [2.5, 4, 1],
							"uv": {
								"north": {"uv": [52, 6], "uv_size": [9.5, 8]},
								"east": {"uv": [52, 6], "uv_size": [8, 8]},
								"south": {"uv": [52, 6], "uv_size": [9.5, 8]},
								"west": {"uv": [52, 6], "uv_size": [8, 8]},
								"up": {"uv": [61.5, 11], "uv_size": [-9.5, -8]},
								"down": {"uv": [61.5, 11], "uv_size": [-9.5, -8]}
							}
						},
						{
							"origin": [-0.85355, -11.32809, -16],
							"size": [1, 4.25, 1],
							"pivot": [-2.29685, -10.08869, -15.5],
							"rotation": [0, 0, -20],
							"uv": {
								"north": {"uv": [52, 6], "uv_size": [8, 8]},
								"east": {"uv": [52, 6], "uv_size": [8, 8]},
								"south": {"uv": [52, 6], "uv_size": [8, 8]},
								"west": {"uv": [52, 6], "uv_size": [8, 8]},
								"up": {"uv": [60, 11], "uv_size": [-8, -8]},
								"down": {"uv": [60, 11], "uv_size": [-8, -8]}
							}
						},
						{
							"origin": [-0.41783, -9.78899, -16],
							"size": [1, 4.25, 1],
							"pivot": [-2.20315, -10.08869, -15.5],
							"rotation": [0, 0, 20],
							"uv": {
								"north": {"uv": [52, 6], "uv_size": [8, 8]},
								"east": {"uv": [52, 6], "uv_size": [8, 8]},
								"south": {"uv": [52, 6], "uv_size": [8, 8]},
								"west": {"uv": [52, 6], "uv_size": [8, 8]},
								"up": {"uv": [60, 11], "uv_size": [-8, -8]},
								"down": {"uv": [60, 11], "uv_size": [-8, -8]}
							}
						}
					]
				},
				{
					"name": "stone2_star8",
					"parent": "hammer_star4",
					"pivot": [0, -4.3, -10.25],
					"rotation": [0, 0, 72],
					"cubes": [
						{
							"origin": [-0.02447, -10.45451, -16],
							"size": [1, 2, 1],
							"uv": {
								"north": {"uv": [52, 4], "uv_size": [8, 8]},
								"east": {"uv": [52, 4], "uv_size": [8, 8]},
								"south": {"uv": [52, 4], "uv_size": [8, 8]},
								"west": {"uv": [52, 4], "uv_size": [8, 8]},
								"up": {"uv": [60, 11], "uv_size": [-8, -8]},
								"down": {"uv": [60, 11], "uv_size": [-8, -8]}
							}
						},
						{
							"origin": [-0.77447, -8.45451, -16],
							"size": [2.5, 4, 1],
							"uv": {
								"north": {"uv": [52, 6], "uv_size": [9.5, 8]},
								"east": {"uv": [52, 6], "uv_size": [8, 8]},
								"south": {"uv": [52, 6], "uv_size": [9.5, 8]},
								"west": {"uv": [52, 6], "uv_size": [8, 8]},
								"up": {"uv": [61.5, 11], "uv_size": [-9.5, -8]},
								"down": {"uv": [61.5, 11], "uv_size": [-9.5, -8]}
							}
						},
						{
							"origin": [-0.28853, -11.16607, -16],
							"size": [1, 4.25, 1],
							"pivot": [-2.29685, -10.08869, -15.5],
							"rotation": [0, 0, -20],
							"uv": {
								"north": {"uv": [52, 6], "uv_size": [8, 8]},
								"east": {"uv": [52, 6], "uv_size": [8, 8]},
								"south": {"uv": [52, 6], "uv_size": [8, 8]},
								"west": {"uv": [52, 6], "uv_size": [8, 8]},
								"up": {"uv": [60, 11], "uv_size": [-8, -8]},
								"down": {"uv": [60, 11], "uv_size": [-8, -8]}
							}
						},
						{
							"origin": [-0.08914, -9.30169, -16],
							"size": [1, 4.25, 1],
							"pivot": [-2.20315, -10.08869, -15.5],
							"rotation": [0, 0, 20],
							"uv": {
								"north": {"uv": [52, 6], "uv_size": [8, 8]},
								"east": {"uv": [52, 6], "uv_size": [8, 8]},
								"south": {"uv": [52, 6], "uv_size": [8, 8]},
								"west": {"uv": [52, 6], "uv_size": [8, 8]},
								"up": {"uv": [60, 11], "uv_size": [-8, -8]},
								"down": {"uv": [60, 11], "uv_size": [-8, -8]}
							}
						}
					]
				},
				{
					"name": "stone2_star9",
					"parent": "hammer_star4",
					"pivot": [0, -4.3, -10.25],
					"rotation": [0, 0, 144],
					"cubes": [
						{
							"origin": [-0.20611, -9.89549, -16],
							"size": [1, 2, 1],
							"uv": {
								"north": {"uv": [52, 4], "uv_size": [8, 8]},
								"east": {"uv": [52, 4], "uv_size": [8, 8]},
								"south": {"uv": [52, 4], "uv_size": [8, 8]},
								"west": {"uv": [52, 4], "uv_size": [8, 8]},
								"up": {"uv": [60, 11], "uv_size": [-8, -8]},
								"down": {"uv": [60, 11], "uv_size": [-8, -8]}
							}
						},
						{
							"origin": [-0.95611, -7.89549, -16],
							"size": [2.5, 4, 1],
							"uv": {
								"north": {"uv": [52, 6], "uv_size": [9.5, 8]},
								"east": {"uv": [52, 6], "uv_size": [8, 8]},
								"south": {"uv": [52, 6], "uv_size": [9.5, 8]},
								"west": {"uv": [52, 6], "uv_size": [8, 8]},
								"up": {"uv": [61.5, 11], "uv_size": [-9.5, -8]},
								"down": {"uv": [61.5, 11], "uv_size": [-9.5, -8]}
							}
						},
						{
							"origin": [-0.26802, -10.57864, -16],
							"size": [1, 4.25, 1],
							"pivot": [-2.29685, -10.08869, -15.5],
							"rotation": [0, 0, -20],
							"uv": {
								"north": {"uv": [52, 6], "uv_size": [8, 8]},
								"east": {"uv": [52, 6], "uv_size": [8, 8]},
								"south": {"uv": [52, 6], "uv_size": [8, 8]},
								"west": {"uv": [52, 6], "uv_size": [8, 8]},
								"up": {"uv": [60, 11], "uv_size": [-8, -8]},
								"down": {"uv": [60, 11], "uv_size": [-8, -8]}
							}
						},
						{
							"origin": [-0.45102, -8.83851, -16],
							"size": [1, 4.25, 1],
							"pivot": [-2.20315, -10.08869, -15.5],
							"rotation": [0, 0, 20],
							"uv": {
								"north": {"uv": [52, 6], "uv_size": [8, 8]},
								"east": {"uv": [52, 6], "uv_size": [8, 8]},
								"south": {"uv": [52, 6], "uv_size": [8, 8]},
								"west": {"uv": [52, 6], "uv_size": [8, 8]},
								"up": {"uv": [60, 11], "uv_size": [-8, -8]},
								"down": {"uv": [60, 11], "uv_size": [-8, -8]}
							}
						}
					]
				},
				{
					"name": "stone2_star10",
					"parent": "hammer_star4",
					"pivot": [0, -4.3, -10.25],
					"rotation": [0, 0, -144],
					"cubes": [
						{
							"origin": [-0.79389, -9.89549, -16],
							"size": [1, 2, 1],
							"uv": {
								"north": {"uv": [52, 4], "uv_size": [8, 8]},
								"east": {"uv": [52, 4], "uv_size": [8, 8]},
								"south": {"uv": [52, 4], "uv_size": [8, 8]},
								"west": {"uv": [52, 4], "uv_size": [8, 8]},
								"up": {"uv": [60, 11], "uv_size": [-8, -8]},
								"down": {"uv": [60, 11], "uv_size": [-8, -8]}
							}
						},
						{
							"origin": [-1.54389, -7.89549, -16],
							"size": [2.5, 4, 1],
							"uv": {
								"north": {"uv": [52, 6], "uv_size": [9.5, 8]},
								"east": {"uv": [52, 6], "uv_size": [8, 8]},
								"south": {"uv": [52, 6], "uv_size": [9.5, 8]},
								"west": {"uv": [52, 6], "uv_size": [8, 8]},
								"up": {"uv": [61.5, 11], "uv_size": [-9.5, -8]},
								"down": {"uv": [61.5, 11], "uv_size": [-9.5, -8]}
							}
						},
						{
							"origin": [-0.82036, -10.37761, -16],
							"size": [1, 4.25, 1],
							"pivot": [-2.29685, -10.08869, -15.5],
							"rotation": [0, 0, -20],
							"uv": {
								"north": {"uv": [52, 6], "uv_size": [8, 8]},
								"east": {"uv": [52, 6], "uv_size": [8, 8]},
								"south": {"uv": [52, 6], "uv_size": [8, 8]},
								"west": {"uv": [52, 6], "uv_size": [8, 8]},
								"up": {"uv": [60, 11], "uv_size": [-8, -8]},
								"down": {"uv": [60, 11], "uv_size": [-8, -8]}
							}
						},
						{
							"origin": [-1.00336, -9.03954, -16],
							"size": [1, 4.25, 1],
							"pivot": [-2.20315, -10.08869, -15.5],
							"rotation": [0, 0, 20],
							"uv": {
								"north": {"uv": [52, 6], "uv_size": [8, 8]},
								"east": {"uv": [52, 6], "uv_size": [8, 8]},
								"south": {"uv": [52, 6], "uv_size": [8, 8]},
								"west": {"uv": [52, 6], "uv_size": [8, 8]},
								"up": {"uv": [60, 11], "uv_size": [-8, -8]},
								"down": {"uv": [60, 11], "uv_size": [-8, -8]}
							}
						}
					]
				},
				{
					"name": "stone2_star11",
					"parent": "hammer_star4",
					"pivot": [0, -4.3, -10.25],
					"rotation": [0, 0, -72],
					"cubes": [
						{
							"origin": [-0.97553, -10.45451, -16],
							"size": [1, 2, 1],
							"uv": {
								"north": {"uv": [52, 4], "uv_size": [8, 8]},
								"east": {"uv": [52, 4], "uv_size": [8, 8]},
								"south": {"uv": [52, 4], "uv_size": [8, 8]},
								"west": {"uv": [52, 4], "uv_size": [8, 8]},
								"up": {"uv": [60, 11], "uv_size": [-8, -8]},
								"down": {"uv": [60, 11], "uv_size": [-8, -8]}
							}
						},
						{
							"origin": [-1.72553, -8.45451, -16],
							"size": [2.5, 4, 1],
							"uv": {
								"north": {"uv": [52, 6], "uv_size": [9.5, 8]},
								"east": {"uv": [52, 6], "uv_size": [8, 8]},
								"south": {"uv": [52, 6], "uv_size": [9.5, 8]},
								"west": {"uv": [52, 6], "uv_size": [8, 8]},
								"up": {"uv": [61.5, 11], "uv_size": [-9.5, -8]},
								"down": {"uv": [61.5, 11], "uv_size": [-9.5, -8]}
							}
						},
						{
							"origin": [-1.18224, -10.84079, -16],
							"size": [1, 4.25, 1],
							"pivot": [-2.29685, -10.08869, -15.5],
							"rotation": [0, 0, -20],
							"uv": {
								"north": {"uv": [52, 6], "uv_size": [8, 8]},
								"east": {"uv": [52, 6], "uv_size": [8, 8]},
								"south": {"uv": [52, 6], "uv_size": [8, 8]},
								"west": {"uv": [52, 6], "uv_size": [8, 8]},
								"up": {"uv": [60, 11], "uv_size": [-8, -8]},
								"down": {"uv": [60, 11], "uv_size": [-8, -8]}
							}
						},
						{
							"origin": [-0.98285, -9.62697, -16],
							"size": [1, 4.25, 1],
							"pivot": [-2.20315, -10.08869, -15.5],
							"rotation": [0, 0, 20],
							"uv": {
								"north": {"uv": [52, 6], "uv_size": [8, 8]},
								"east": {"uv": [52, 6], "uv_size": [8, 8]},
								"south": {"uv": [52, 6], "uv_size": [8, 8]},
								"west": {"uv": [52, 6], "uv_size": [8, 8]},
								"up": {"uv": [60, 11], "uv_size": [-8, -8]},
								"down": {"uv": [60, 11], "uv_size": [-8, -8]}
							}
						}
					]
				}
			]
		}
	]
}