{
	"format_version": "1.12.0",
	"minecraft:geometry": [
		{
			"description": {
				"identifier": "geometry.knight",
				"texture_width": 128,
				"texture_height": 128,
				"visible_bounds_width": 5,
				"visible_bounds_height": 4.5,
				"visible_bounds_offset": [0, 1.75, 0]
			},
			"bones": [
				{
					"name": "root",
					"pivot": [0, 0, 0]
				},
				{
					"name": "waist",
					"parent": "root",
					"pivot": [0, 12, 0]
				},
				{
					"name": "body",
					"parent": "waist",
					"pivot": [0, 13, 0]
				},
				{
					"name": "body2",
					"parent": "body",
					"pivot": [0, 3, 0],
					"cubes": [
						{"origin": [-1.75, 5.75, -2], "size": [3.5, 5.75, 5.5], "inflate": 2.4, "uv": [94, 92]},
						{"origin": [-2.5, 9.75, 2], "size": [5, 2.75, 2.5], "inflate": 2.4, "uv": [93, 44]},
						{"origin": [-4.25, 10.25, -8], "size": [8.5, 10.5, 6.5], "inflate": 0.4, "pivot": [0, 16.625, -0.75], "rotation": [37.5, 0, 0], "uv": [0, 55]},
						{"origin": [-4.25, 12.25, -2], "size": [8.5, 8.5, 9.5], "inflate": -0.85, "pivot": [0, 16.625, -0.75], "rotation": [37.5, 0, 0], "uv": [0, 87]},
						{"origin": [-5.25, 11.25, -15], "size": [10.5, 10.5, 10.5], "inflate": -2, "pivot": [0, 16.625, -0.75], "rotation": [37.5, 0, 0], "uv": [0, 21]},
						{"origin": [-2.5, 14.75, -15.5], "size": [1, 3.75, 2.5], "pivot": [0, 16.625, -0.75], "rotation": [37.5, 0, 0], "uv": [115, 40]},
						{"origin": [1.5, 14.75, -15.5], "size": [1, 3.75, 2.5], "pivot": [0, 16.625, -0.75], "rotation": [37.5, 0, 0], "uv": [115, 40], "mirror": true},
						{"origin": [-1.5, 17.5, -15.5], "size": [3, 1, 2.5], "pivot": [0, 16.625, -0.75], "rotation": [37.5, 0, 0], "uv": [115, 40], "mirror": true},
						{"origin": [-0.25, 13, -12.75], "size": [0.5, 2.25, 6], "inflate": 1.15, "pivot": [0, 16.625, -0.75], "rotation": [37.5, 0, 0], "uv": [51, 26]},
						{"origin": [-4.25, 12.25, 4], "size": [8.5, 8.5, 3.5], "pivot": [0, 16.625, -0.75], "rotation": [37.5, 0, 0], "uv": [0, 116]},
						{"origin": [-1.75, 21.22221, 5.55298], "size": [3.5, 3.25, 4.5], "pivot": [0, 23.22221, 8.05298], "rotation": [25, 0, 0], "uv": [81, 108]},
						{"origin": [-1.75, 22.05823, 8.75066], "size": [3.5, 3.25, 5.5], "inflate": -0.5, "pivot": [0, 23.83323, 10.25066], "rotation": [-2.5, 0, 0], "uv": [81, 108]}
					]
				},
				{
					"name": "leftArm",
					"parent": "body",
					"pivot": [7.25, 13.75, 0]
				},
				{
					"name": "leftArm2",
					"parent": "leftArm",
					"pivot": [5, 14, 0],
					"cubes": [
						{"origin": [7.75, 4.75, -1.5], "size": [3, 3, 3], "inflate": 1, "uv": [48, 80]},
						{"origin": [3, 17.25, -4.25], "size": [12.5, 1.75, 8.5], "pivot": [10.25, 15.5, 0], "rotation": [0, 0, -15], "uv": [73, 60], "mirror": true},
						{"origin": [3, 11.25, 2.5], "size": [10.5, 6, 1.75], "pivot": [10.25, 15.5, 0], "rotation": [0, 0, -15], "uv": [65, 40], "mirror": true},
						{"origin": [13.5, 11.25, -4.25], "size": [2, 6, 8.5], "pivot": [10.25, 15.5, 0], "rotation": [0, 0, -15], "uv": [93, 35], "mirror": true},
						{"origin": [3, 11.25, -4.25], "size": [10.5, 6, 1.75], "pivot": [10.25, 15.5, 0], "rotation": [0, 0, -15], "uv": [65, 40], "mirror": true}
					]
				},
				{
					"name": "leftItem",
					"parent": "leftArm",
					"pivot": [6, 15, 0]
				},
				{
					"name": "rightArm",
					"parent": "body",
					"pivot": [-7.25, 13.75, 0]
				},
				{
					"name": "rightArm2",
					"parent": "rightArm",
					"pivot": [-0.25, 14, 0],
					"cubes": [
						{"origin": [-10.75, 4.5, -1.5], "size": [3, 3, 3], "inflate": 1, "uv": [48, 80]},
						{"origin": [-15.5, 17.25, -4.25], "size": [12.5, 1.75, 8.5], "pivot": [-10.25, 15.5, 0], "rotation": [0, 0, 15], "uv": [73, 60]},
						{"origin": [-13.5, 11.25, 2.5], "size": [10.5, 6, 1.75], "pivot": [-10.25, 15.5, 0], "rotation": [0, 0, 15], "uv": [65, 40]},
						{"origin": [-13.5, 11.25, -4.25], "size": [10.5, 6, 1.75], "pivot": [-10.25, 15.5, 0], "rotation": [0, 0, 15], "uv": [65, 40]},
						{"origin": [-15.5, 11.25, -4.25], "size": [2, 6, 8.5], "pivot": [-10.25, 15.5, 0], "rotation": [0, 0, 15], "uv": [93, 35]}
					]
				},
				{
					"name": "rightItem",
					"parent": "rightArm2",
					"pivot": [-9, 6, -1]
				},
				{
					"name": "all",
					"parent": "rightItem",
					"pivot": [-9, 6, -17],
					"rotation": [-90, 0, 0],
					"cubes": [
						{"origin": [-9.5, 4.25, -25.25], "size": [1, 3.5, 6.25], "pivot": [-9, 6, -17], "rotation": [90, 0, 0], "uv": [36, 105]},
						{"origin": [-9.5, 4.25, -28.5], "size": [1, 3.5, 3.5], "pivot": [-9, 6, -17], "rotation": [90, 0, 0], "uv": [36, 105]},
						{"origin": [-9.75, 4.25, -5], "size": [1.5, 3.5, 6], "pivot": [-9, 6, -17], "rotation": [90, 0, 0], "uv": [114, 24]},
						{"origin": [-10, 14.375, -18.875], "size": [2, 5.5, 3.75], "pivot": [-9, 17.125, -17], "rotation": [90, 0, 0], "uv": [96, 16]},
						{"origin": [-10, 21.875, -16.875], "size": [2, 4.25, 2.25], "pivot": [-9, 17.125, -15], "rotation": [90, 0, 0], "uv": [96, 16]},
						{"origin": [-10, 10.86348, -23.44725], "size": [2, 4.5, 1.75], "pivot": [-9, 15.61348, -23.57225], "rotation": [110, 0, 0], "uv": [96, 16]},
						{"origin": [-10.05, 10.86348, -22.19725], "size": [2.1, 4.5, 0.5], "pivot": [-9, 15.61348, -23.57225], "rotation": [110, 0, 0], "uv": [96, 16]},
						{"origin": [-10.05, 10.86348, -12.30275], "size": [2.1, 4.5, 0.5], "pivot": [-9, 15.61348, -10.42775], "rotation": [-110, 0, 0], "uv": [96, 16]},
						{"origin": [-10, 21.875, -19.375], "size": [2, 4.25, 2.25], "pivot": [-9, 17.125, -19], "rotation": [-90, 0, 0], "uv": [96, 16]},
						{"origin": [-10, 10.86348, -12.30275], "size": [2, 4.5, 1.75], "pivot": [-9, 15.61348, -10.42775], "rotation": [-110, 0, 0], "uv": [96, 16]},
						{"origin": [-9.75, 4.75, 1], "size": [1.5, 2.5, 2], "pivot": [-9, 6, -17], "rotation": [90, 0, 0], "uv": [114, 24]},
						{"origin": [-10.5, 4.25, -8], "size": [3, 3.5, 2], "pivot": [-9, 6, -17], "rotation": [90, 0, 0], "uv": [116, 17]},
						{"origin": [-9.5, -9.60551, -17.4622], "size": [1, 1.25, 2.5], "pivot": [-9, -9.10551, -16.9622], "rotation": [107.5, 0, 0], "uv": [36, 105]},
						{"origin": [-9.5, -10.69633, -17.45196], "size": [1, 0.9, 0.55], "pivot": [-9, -10.04633, -17.45196], "rotation": [17.5, 0, 0], "uv": [36, 105]},
						{"origin": [-9.5, -10.66624, -17.2565], "size": [1, 0.1, 0.5], "uv": [36, 105]},
						{"origin": [-9.5, -10.45837, -16.96956], "size": [1, 0.95, 0.55], "pivot": [-9, -9.50837, -17.16956], "rotation": [-17.5, 0, 0], "uv": [36, 105]},
						{"origin": [-9.5, -10.19234, -18.5454], "size": [1, 1.25, 2.5], "pivot": [-9, -9.19234, -16.5454], "rotation": [-105, 0, 0], "uv": [36, 105]},
						{"origin": [-9.5, 2.14269, -27.13099], "size": [1, 4, 19], "pivot": [-9, 5.89269, -20.38099], "rotation": [80, 0, 0], "uv": [36, 105]},
						{"origin": [-9.5, -7.50272, -22.40338], "size": [1, 2.5, 8.5], "pivot": [-9, -5.25272, -19.15338], "rotation": [117.5, 0, 0], "uv": [36, 105]},
						{"origin": [-9.5, 0.71794, -18.08504], "size": [1, 2.5, 8.5], "pivot": [-9, -0.53206, -16.33504], "rotation": [-117.5, 0, 0], "uv": [36, 105]},
						{"origin": [-9.5, 10.45137, -24.7709], "size": [1, 4, 19], "pivot": [-9, 10.70137, -18.0209], "rotation": [-80, 0, 0], "uv": [36, 105]}
					]
				},
				{
					"name": "legs",
					"parent": "root",
					"pivot": [0, 14, 0]
				},
				{
					"name": "leftLeg",
					"parent": "legs",
					"pivot": [5.65, 5, 0],
					"rotation": [0, -12.5, 0],
					"cubes": [
						{"origin": [2.15, 0, -8], "size": [7, 2, 13.5], "uv": [46, 7]},
						{"origin": [3.15, 1, -5], "size": [5, 2, 10.25], "uv": [52, 10]}
					]
				},
				{
					"name": "rightLeg",
					"parent": "legs",
					"pivot": [-5.65, 5, 0],
					"rotation": [0, 12.5, 0],
					"cubes": [
						{"origin": [-9.15, 0, -8], "size": [7, 2, 13.5], "uv": [46, 7]},
						{"origin": [-8.15, 1, -5], "size": [5, 2, 10.5], "uv": [51, 10]}
					]
				}
			]
		}
	]
}