{
	"format_version": "1.12.0",
	"minecraft:geometry": [
		{
			"description": {
				"identifier": "geometry.hakidashi_star",
				"texture_width": 16,
				"texture_height": 16,
				"visible_bounds_width": 3,
				"visible_bounds_height": 3,
				"visible_bounds_offset": [0, 0.5, 0]
			},
			"bones": [
				{
					"name": "h_star1",
					"pivot": [0, 0, 0],
					"rotation": [-90, 0, 0]
				},
				{
					"name": "h_star2",
					"parent": "h_star1",
					"pivot": [0, 0, 0]
				},
				{
					"name": "star_1",
					"parent": "h_star2",
					"pivot": [0, -1.25, 0]
				},
				{
					"name": "star1",
					"parent": "star_1",
					"pivot": [0, 0.5, 0],
					"cubes": [
						{"origin": [-0.5, -1.25, -14], "size": [1, 2.5, 2], "uv": [0, 0]},
						{"origin": [-1.85, -1.25, -7], "size": [3.7, 2.5, 7], "uv": [0, 0]},
						{"origin": [-0.5, -1.25, -14], "size": [1, 2.5, 2], "pivot": [0, 0.75, -12], "rotation": [0, 27.5, 0], "uv": [0, 0]},
						{"origin": [-0.5, -1.25, -14], "size": [1, 2.5, 2], "pivot": [0, 0.75, -12], "rotation": [0, 55, 0], "uv": [0, 0]},
						{"origin": [-2.34584, -1.25, -12.62236], "size": [4, 2.5, 9.75], "pivot": [-1.84584, 0.75, -11.62236], "rotation": [0, -22.5, 0], "uv": [0, 0]},
						{"origin": [-1.65416, -1.25, -12.62236], "size": [4, 2.5, 9.75], "pivot": [1.84584, 0.75, -11.62236], "rotation": [0, 22.5, 0], "uv": [0, 0]},
						{"origin": [-0.5, -1.25, -14], "size": [1, 2.5, 2], "pivot": [0, 0.75, -12], "rotation": [0, -55, 0], "uv": [0, 0]},
						{"origin": [-0.5, -1.25, -14], "size": [1, 2.5, 2], "pivot": [0, 0.75, -12], "rotation": [0, -27.5, 0], "uv": [0, 0]}
					]
				},
				{
					"name": "star2",
					"parent": "star_1",
					"pivot": [0, 0.5, 0],
					"rotation": [0, -72, 0],
					"cubes": [
						{"origin": [-0.5, -1.25, -14], "size": [1, 2.5, 2], "uv": [0, 0]},
						{"origin": [-1.85, -1.25, -7], "size": [3.7, 2.5, 7], "uv": [0, 0]},
						{"origin": [-0.5, -1.25, -14], "size": [1, 2.5, 2], "pivot": [0, -0.5, -12], "rotation": [0, 27.5, 0], "uv": [0, 0]},
						{"origin": [-0.5, -1.25, -14], "size": [1, 2.5, 2], "pivot": [0, -0.5, -12], "rotation": [0, 55, 0], "uv": [0, 0]},
						{"origin": [-2.34584, -1.25, -12.62236], "size": [4, 2.5, 9.75], "pivot": [-1.84584, -0.5, -11.62236], "rotation": [0, -22.5, 0], "uv": [0, 0]},
						{"origin": [-1.65416, -1.25, -12.62236], "size": [4, 2.5, 9.75], "pivot": [1.84584, -0.5, -11.62236], "rotation": [0, 22.5, 0], "uv": [0, 0]},
						{"origin": [-0.5, -1.25, -14], "size": [1, 2.5, 2], "pivot": [0, -0.5, -12], "rotation": [0, -55, 0], "uv": [0, 0]},
						{"origin": [-0.5, -1.25, -14], "size": [1, 2.5, 2], "pivot": [0, -0.5, -12], "rotation": [0, -27.5, 0], "uv": [0, 0]}
					]
				},
				{
					"name": "star3",
					"parent": "star_1",
					"pivot": [0, 0.5, 0],
					"rotation": [0, -144, 0],
					"cubes": [
						{"origin": [-0.5, -1.25, -14], "size": [1, 2.5, 2], "uv": [0, 0]},
						{"origin": [-1.85, -1.25, -7], "size": [3.7, 2.5, 7], "uv": [0, 0]},
						{"origin": [-0.5, -1.25, -14], "size": [1, 2.5, 2], "pivot": [0, -0.5, -12], "rotation": [0, 27.5, 0], "uv": [0, 0]},
						{"origin": [-0.5, -1.25, -14], "size": [1, 2.5, 2], "pivot": [0, -0.5, -12], "rotation": [0, 55, 0], "uv": [0, 0]},
						{"origin": [-2.34584, -1.25, -12.62236], "size": [4, 2.5, 9.75], "pivot": [-1.84584, -0.5, -11.62236], "rotation": [0, -22.5, 0], "uv": [0, 0]},
						{"origin": [-1.65416, -1.25, -12.62236], "size": [4, 2.5, 9.75], "pivot": [1.84584, -0.5, -11.62236], "rotation": [0, 22.5, 0], "uv": [0, 0]},
						{"origin": [-0.5, -1.25, -14], "size": [1, 2.5, 2], "pivot": [0, -0.5, -12], "rotation": [0, -55, 0], "uv": [0, 0]},
						{"origin": [-0.5, -1.25, -14], "size": [1, 2.5, 2], "pivot": [0, -0.5, -12], "rotation": [0, -27.5, 0], "uv": [0, 0]}
					]
				},
				{
					"name": "star4",
					"parent": "star_1",
					"pivot": [0, 0.5, 0],
					"rotation": [0, 144, 0],
					"cubes": [
						{"origin": [-0.5, -1.25, -14], "size": [1, 2.5, 2], "uv": [0, 0]},
						{"origin": [-1.85, -1.25, -7], "size": [3.7, 2.5, 7], "uv": [0, 0]},
						{"origin": [-0.5, -1.25, -14], "size": [1, 2.5, 2], "pivot": [0, -0.5, -12], "rotation": [0, 27.5, 0], "uv": [0, 0]},
						{"origin": [-0.5, -1.25, -14], "size": [1, 2.5, 2], "pivot": [0, -0.5, -12], "rotation": [0, 55, 0], "uv": [0, 0]},
						{"origin": [-2.34584, -1.25, -12.62236], "size": [4, 2.5, 9.75], "pivot": [-1.84584, -0.5, -11.62236], "rotation": [0, -22.5, 0], "uv": [0, 0]},
						{"origin": [-1.65416, -1.25, -12.62236], "size": [4, 2.5, 9.75], "pivot": [1.84584, -0.5, -11.62236], "rotation": [0, 22.5, 0], "uv": [0, 0]},
						{"origin": [-0.5, -1.25, -14], "size": [1, 2.5, 2], "pivot": [0, -0.5, -12], "rotation": [0, -55, 0], "uv": [0, 0]},
						{"origin": [-0.5, -1.25, -14], "size": [1, 2.5, 2], "pivot": [0, -0.5, -12], "rotation": [0, -27.5, 0], "uv": [0, 0]}
					]
				},
				{
					"name": "star5",
					"parent": "star_1",
					"pivot": [0, 0.5, 0],
					"rotation": [0, 72, 0],
					"cubes": [
						{"origin": [-0.5, -1.25, -14], "size": [1, 2.5, 2], "uv": [0, 0]},
						{"origin": [-1.85, -1.25, -7], "size": [3.7, 2.5, 7], "uv": [0, 0]},
						{"origin": [-0.5, -1.25, -14], "size": [1, 2.5, 2], "pivot": [0, -0.5, -12], "rotation": [0, 27.5, 0], "uv": [0, 0]},
						{"origin": [-0.5, -1.25, -14], "size": [1, 2.5, 2], "pivot": [0, -0.5, -12], "rotation": [0, 55, 0], "uv": [0, 0]},
						{"origin": [-2.34584, -1.25, -12.62236], "size": [4, 2.5, 9.75], "pivot": [-1.84584, -0.5, -11.62236], "rotation": [0, -22.5, 0], "uv": [0, 0]},
						{"origin": [-1.65416, -1.25, -12.62236], "size": [4, 2.5, 9.75], "pivot": [1.84584, -0.5, -11.62236], "rotation": [0, 22.5, 0], "uv": [0, 0]},
						{"origin": [-0.5, -1.25, -14], "size": [1, 2.5, 2], "pivot": [0, -0.5, -12], "rotation": [0, -55, 0], "uv": [0, 0]},
						{"origin": [-0.5, -1.25, -14], "size": [1, 2.5, 2], "pivot": [0, -0.5, -12], "rotation": [0, -27.5, 0], "uv": [0, 0]}
					]
				},
				{
					"name": "star_2",
					"parent": "h_star2",
					"pivot": [0, -1.25, 0]
				},
				{
					"name": "star6",
					"parent": "star_2",
					"pivot": [0, 0.5, 0],
					"cubes": [
						{"origin": [-0.5, -1.25, -14], "size": [1, 2.5, 2], "uv": [0, 0]},
						{"origin": [-1.85, -1.25, -7], "size": [3.7, 2.5, 7], "uv": [0, 0]},
						{"origin": [-0.5, -1.25, -14], "size": [1, 2.5, 2], "pivot": [0, 0.75, -12], "rotation": [0, 27.5, 0], "uv": [0, 0]},
						{"origin": [-0.5, -1.25, -14], "size": [1, 2.5, 2], "pivot": [0, 0.75, -12], "rotation": [0, 55, 0], "uv": [0, 0]},
						{"origin": [-2.34584, -1.25, -12.62236], "size": [4, 2.5, 9.75], "pivot": [-1.84584, 0.75, -11.62236], "rotation": [0, -22.5, 0], "uv": [0, 0]},
						{"origin": [-1.65416, -1.25, -12.62236], "size": [4, 2.5, 9.75], "pivot": [1.84584, 0.75, -11.62236], "rotation": [0, 22.5, 0], "uv": [0, 0]},
						{"origin": [-0.5, -1.25, -14], "size": [1, 2.5, 2], "pivot": [0, 0.75, -12], "rotation": [0, -55, 0], "uv": [0, 0]},
						{"origin": [-0.5, -1.25, -14], "size": [1, 2.5, 2], "pivot": [0, 0.75, -12], "rotation": [0, -27.5, 0], "uv": [0, 0]}
					]
				},
				{
					"name": "star7",
					"parent": "star_2",
					"pivot": [0, 0.5, 0],
					"rotation": [0, -72, 0],
					"cubes": [
						{"origin": [-0.5, -1.25, -14], "size": [1, 2.5, 2], "uv": [0, 0]},
						{"origin": [-1.85, -1.25, -7], "size": [3.7, 2.5, 7], "uv": [0, 0]},
						{"origin": [-0.5, -1.25, -14], "size": [1, 2.5, 2], "pivot": [0, -0.5, -12], "rotation": [0, 27.5, 0], "uv": [0, 0]},
						{"origin": [-0.5, -1.25, -14], "size": [1, 2.5, 2], "pivot": [0, -0.5, -12], "rotation": [0, 55, 0], "uv": [0, 0]},
						{"origin": [-2.34584, -1.25, -12.62236], "size": [4, 2.5, 9.75], "pivot": [-1.84584, -0.5, -11.62236], "rotation": [0, -22.5, 0], "uv": [0, 0]},
						{"origin": [-1.65416, -1.25, -12.62236], "size": [4, 2.5, 9.75], "pivot": [1.84584, -0.5, -11.62236], "rotation": [0, 22.5, 0], "uv": [0, 0]},
						{"origin": [-0.5, -1.25, -14], "size": [1, 2.5, 2], "pivot": [0, -0.5, -12], "rotation": [0, -55, 0], "uv": [0, 0]},
						{"origin": [-0.5, -1.25, -14], "size": [1, 2.5, 2], "pivot": [0, -0.5, -12], "rotation": [0, -27.5, 0], "uv": [0, 0]}
					]
				},
				{
					"name": "star8",
					"parent": "star_2",
					"pivot": [0, 0.5, 0],
					"rotation": [0, -144, 0],
					"cubes": [
						{"origin": [-0.5, -1.25, -14], "size": [1, 2.5, 2], "uv": [0, 0]},
						{"origin": [-1.85, -1.25, -7], "size": [3.7, 2.5, 7], "uv": [0, 0]},
						{"origin": [-0.5, -1.25, -14], "size": [1, 2.5, 2], "pivot": [0, -0.5, -12], "rotation": [0, 27.5, 0], "uv": [0, 0]},
						{"origin": [-0.5, -1.25, -14], "size": [1, 2.5, 2], "pivot": [0, -0.5, -12], "rotation": [0, 55, 0], "uv": [0, 0]},
						{"origin": [-2.34584, -1.25, -12.62236], "size": [4, 2.5, 9.75], "pivot": [-1.84584, -0.5, -11.62236], "rotation": [0, -22.5, 0], "uv": [0, 0]},
						{"origin": [-1.65416, -1.25, -12.62236], "size": [4, 2.5, 9.75], "pivot": [1.84584, -0.5, -11.62236], "rotation": [0, 22.5, 0], "uv": [0, 0]},
						{"origin": [-0.5, -1.25, -14], "size": [1, 2.5, 2], "pivot": [0, -0.5, -12], "rotation": [0, -55, 0], "uv": [0, 0]},
						{"origin": [-0.5, -1.25, -14], "size": [1, 2.5, 2], "pivot": [0, -0.5, -12], "rotation": [0, -27.5, 0], "uv": [0, 0]}
					]
				},
				{
					"name": "star9",
					"parent": "star_2",
					"pivot": [0, 0.5, 0],
					"rotation": [0, 144, 0],
					"cubes": [
						{"origin": [-0.5, -1.25, -14], "size": [1, 2.5, 2], "uv": [0, 0]},
						{"origin": [-1.85, -1.25, -7], "size": [3.7, 2.5, 7], "uv": [0, 0]},
						{"origin": [-0.5, -1.25, -14], "size": [1, 2.5, 2], "pivot": [0, -0.5, -12], "rotation": [0, 27.5, 0], "uv": [0, 0]},
						{"origin": [-0.5, -1.25, -14], "size": [1, 2.5, 2], "pivot": [0, -0.5, -12], "rotation": [0, 55, 0], "uv": [0, 0]},
						{"origin": [-2.34584, -1.25, -12.62236], "size": [4, 2.5, 9.75], "pivot": [-1.84584, -0.5, -11.62236], "rotation": [0, -22.5, 0], "uv": [0, 0]},
						{"origin": [-1.65416, -1.25, -12.62236], "size": [4, 2.5, 9.75], "pivot": [1.84584, -0.5, -11.62236], "rotation": [0, 22.5, 0], "uv": [0, 0]},
						{"origin": [-0.5, -1.25, -14], "size": [1, 2.5, 2], "pivot": [0, -0.5, -12], "rotation": [0, -55, 0], "uv": [0, 0]},
						{"origin": [-0.5, -1.25, -14], "size": [1, 2.5, 2], "pivot": [0, -0.5, -12], "rotation": [0, -27.5, 0], "uv": [0, 0]}
					]
				},
				{
					"name": "star10",
					"parent": "star_2",
					"pivot": [0, 0.5, 0],
					"rotation": [0, 72, 0],
					"cubes": [
						{"origin": [-0.5, -1.25, -14], "size": [1, 2.5, 2], "uv": [0, 0]},
						{"origin": [-1.85, -1.25, -7], "size": [3.7, 2.5, 7], "uv": [0, 0]},
						{"origin": [-0.5, -1.25, -14], "size": [1, 2.5, 2], "pivot": [0, -0.5, -12], "rotation": [0, 27.5, 0], "uv": [0, 0]},
						{"origin": [-0.5, -1.25, -14], "size": [1, 2.5, 2], "pivot": [0, -0.5, -12], "rotation": [0, 55, 0], "uv": [0, 0]},
						{"origin": [-2.34584, -1.25, -12.62236], "size": [4, 2.5, 9.75], "pivot": [-1.84584, -0.5, -11.62236], "rotation": [0, -22.5, 0], "uv": [0, 0]},
						{"origin": [-1.65416, -1.25, -12.62236], "size": [4, 2.5, 9.75], "pivot": [1.84584, -0.5, -11.62236], "rotation": [0, 22.5, 0], "uv": [0, 0]},
						{"origin": [-0.5, -1.25, -14], "size": [1, 2.5, 2], "pivot": [0, -0.5, -12], "rotation": [0, -55, 0], "uv": [0, 0]},
						{"origin": [-0.5, -1.25, -14], "size": [1, 2.5, 2], "pivot": [0, -0.5, -12], "rotation": [0, -27.5, 0], "uv": [0, 0]}
					]
				},
				{
					"name": "star_3",
					"parent": "h_star2",
					"pivot": [0, -1.25, 0]
				},
				{
					"name": "star11",
					"parent": "star_3",
					"pivot": [0, 0.5, 0],
					"cubes": [
						{"origin": [-0.5, -1.25, -14], "size": [1, 2.5, 2], "uv": [0, 0]},
						{"origin": [-1.85, -1.25, -7], "size": [3.7, 2.5, 7], "uv": [0, 0]},
						{"origin": [-0.5, -1.25, -14], "size": [1, 2.5, 2], "pivot": [0, 0.75, -12], "rotation": [0, 27.5, 0], "uv": [0, 0]},
						{"origin": [-0.5, -1.25, -14], "size": [1, 2.5, 2], "pivot": [0, 0.75, -12], "rotation": [0, 55, 0], "uv": [0, 0]},
						{"origin": [-2.34584, -1.25, -12.62236], "size": [4, 2.5, 9.75], "pivot": [-1.84584, 0.75, -11.62236], "rotation": [0, -22.5, 0], "uv": [0, 0]},
						{"origin": [-1.65416, -1.25, -12.62236], "size": [4, 2.5, 9.75], "pivot": [1.84584, 0.75, -11.62236], "rotation": [0, 22.5, 0], "uv": [0, 0]},
						{"origin": [-0.5, -1.25, -14], "size": [1, 2.5, 2], "pivot": [0, 0.75, -12], "rotation": [0, -55, 0], "uv": [0, 0]},
						{"origin": [-0.5, -1.25, -14], "size": [1, 2.5, 2], "pivot": [0, 0.75, -12], "rotation": [0, -27.5, 0], "uv": [0, 0]}
					]
				},
				{
					"name": "star12",
					"parent": "star_3",
					"pivot": [0, 0.5, 0],
					"rotation": [0, -72, 0],
					"cubes": [
						{"origin": [-0.5, -1.25, -14], "size": [1, 2.5, 2], "uv": [0, 0]},
						{"origin": [-1.85, -1.25, -7], "size": [3.7, 2.5, 7], "uv": [0, 0]},
						{"origin": [-0.5, -1.25, -14], "size": [1, 2.5, 2], "pivot": [0, -0.5, -12], "rotation": [0, 27.5, 0], "uv": [0, 0]},
						{"origin": [-0.5, -1.25, -14], "size": [1, 2.5, 2], "pivot": [0, -0.5, -12], "rotation": [0, 55, 0], "uv": [0, 0]},
						{"origin": [-2.34584, -1.25, -12.62236], "size": [4, 2.5, 9.75], "pivot": [-1.84584, -0.5, -11.62236], "rotation": [0, -22.5, 0], "uv": [0, 0]},
						{"origin": [-1.65416, -1.25, -12.62236], "size": [4, 2.5, 9.75], "pivot": [1.84584, -0.5, -11.62236], "rotation": [0, 22.5, 0], "uv": [0, 0]},
						{"origin": [-0.5, -1.25, -14], "size": [1, 2.5, 2], "pivot": [0, -0.5, -12], "rotation": [0, -55, 0], "uv": [0, 0]},
						{"origin": [-0.5, -1.25, -14], "size": [1, 2.5, 2], "pivot": [0, -0.5, -12], "rotation": [0, -27.5, 0], "uv": [0, 0]}
					]
				},
				{
					"name": "star13",
					"parent": "star_3",
					"pivot": [0, 0.5, 0],
					"rotation": [0, -144, 0],
					"cubes": [
						{"origin": [-0.5, -1.25, -14], "size": [1, 2.5, 2], "uv": [0, 0]},
						{"origin": [-1.85, -1.25, -7], "size": [3.7, 2.5, 7], "uv": [0, 0]},
						{"origin": [-0.5, -1.25, -14], "size": [1, 2.5, 2], "pivot": [0, -0.5, -12], "rotation": [0, 27.5, 0], "uv": [0, 0]},
						{"origin": [-0.5, -1.25, -14], "size": [1, 2.5, 2], "pivot": [0, -0.5, -12], "rotation": [0, 55, 0], "uv": [0, 0]},
						{"origin": [-2.34584, -1.25, -12.62236], "size": [4, 2.5, 9.75], "pivot": [-1.84584, -0.5, -11.62236], "rotation": [0, -22.5, 0], "uv": [0, 0]},
						{"origin": [-1.65416, -1.25, -12.62236], "size": [4, 2.5, 9.75], "pivot": [1.84584, -0.5, -11.62236], "rotation": [0, 22.5, 0], "uv": [0, 0]},
						{"origin": [-0.5, -1.25, -14], "size": [1, 2.5, 2], "pivot": [0, -0.5, -12], "rotation": [0, -55, 0], "uv": [0, 0]},
						{"origin": [-0.5, -1.25, -14], "size": [1, 2.5, 2], "pivot": [0, -0.5, -12], "rotation": [0, -27.5, 0], "uv": [0, 0]}
					]
				},
				{
					"name": "star14",
					"parent": "star_3",
					"pivot": [0, 0.5, 0],
					"rotation": [0, 144, 0],
					"cubes": [
						{"origin": [-0.5, -1.25, -14], "size": [1, 2.5, 2], "uv": [0, 0]},
						{"origin": [-1.85, -1.25, -7], "size": [3.7, 2.5, 7], "uv": [0, 0]},
						{"origin": [-0.5, -1.25, -14], "size": [1, 2.5, 2], "pivot": [0, -0.5, -12], "rotation": [0, 27.5, 0], "uv": [0, 0]},
						{"origin": [-0.5, -1.25, -14], "size": [1, 2.5, 2], "pivot": [0, -0.5, -12], "rotation": [0, 55, 0], "uv": [0, 0]},
						{"origin": [-2.34584, -1.25, -12.62236], "size": [4, 2.5, 9.75], "pivot": [-1.84584, -0.5, -11.62236], "rotation": [0, -22.5, 0], "uv": [0, 0]},
						{"origin": [-1.65416, -1.25, -12.62236], "size": [4, 2.5, 9.75], "pivot": [1.84584, -0.5, -11.62236], "rotation": [0, 22.5, 0], "uv": [0, 0]},
						{"origin": [-0.5, -1.25, -14], "size": [1, 2.5, 2], "pivot": [0, -0.5, -12], "rotation": [0, -55, 0], "uv": [0, 0]},
						{"origin": [-0.5, -1.25, -14], "size": [1, 2.5, 2], "pivot": [0, -0.5, -12], "rotation": [0, -27.5, 0], "uv": [0, 0]}
					]
				},
				{
					"name": "star15",
					"parent": "star_3",
					"pivot": [0, 0.5, 0],
					"rotation": [0, 72, 0],
					"cubes": [
						{"origin": [-0.5, -1.25, -14], "size": [1, 2.5, 2], "uv": [0, 0]},
						{"origin": [-1.85, -1.25, -7], "size": [3.7, 2.5, 7], "uv": [0, 0]},
						{"origin": [-0.5, -1.25, -14], "size": [1, 2.5, 2], "pivot": [0, -0.5, -12], "rotation": [0, 27.5, 0], "uv": [0, 0]},
						{"origin": [-0.5, -1.25, -14], "size": [1, 2.5, 2], "pivot": [0, -0.5, -12], "rotation": [0, 55, 0], "uv": [0, 0]},
						{"origin": [-2.34584, -1.25, -12.62236], "size": [4, 2.5, 9.75], "pivot": [-1.84584, -0.5, -11.62236], "rotation": [0, -22.5, 0], "uv": [0, 0]},
						{"origin": [-1.65416, -1.25, -12.62236], "size": [4, 2.5, 9.75], "pivot": [1.84584, -0.5, -11.62236], "rotation": [0, 22.5, 0], "uv": [0, 0]},
						{"origin": [-0.5, -1.25, -14], "size": [1, 2.5, 2], "pivot": [0, -0.5, -12], "rotation": [0, -55, 0], "uv": [0, 0]},
						{"origin": [-0.5, -1.25, -14], "size": [1, 2.5, 2], "pivot": [0, -0.5, -12], "rotation": [0, -27.5, 0], "uv": [0, 0]}
					]
				},
				{
					"name": "star_4",
					"parent": "h_star2",
					"pivot": [0, -1.25, 0]
				},
				{
					"name": "star16",
					"parent": "star_4",
					"pivot": [0, 0.5, 0],
					"cubes": [
						{"origin": [-0.5, -1.25, -14], "size": [1, 2.5, 2], "uv": [0, 0]},
						{"origin": [-1.85, -1.25, -7], "size": [3.7, 2.5, 7], "uv": [0, 0]},
						{"origin": [-0.5, -1.25, -14], "size": [1, 2.5, 2], "pivot": [0, 0.75, -12], "rotation": [0, 27.5, 0], "uv": [0, 0]},
						{"origin": [-0.5, -1.25, -14], "size": [1, 2.5, 2], "pivot": [0, 0.75, -12], "rotation": [0, 55, 0], "uv": [0, 0]},
						{"origin": [-2.34584, -1.25, -12.62236], "size": [4, 2.5, 9.75], "pivot": [-1.84584, 0.75, -11.62236], "rotation": [0, -22.5, 0], "uv": [0, 0]},
						{"origin": [-1.65416, -1.25, -12.62236], "size": [4, 2.5, 9.75], "pivot": [1.84584, 0.75, -11.62236], "rotation": [0, 22.5, 0], "uv": [0, 0]},
						{"origin": [-0.5, -1.25, -14], "size": [1, 2.5, 2], "pivot": [0, 0.75, -12], "rotation": [0, -55, 0], "uv": [0, 0]},
						{"origin": [-0.5, -1.25, -14], "size": [1, 2.5, 2], "pivot": [0, 0.75, -12], "rotation": [0, -27.5, 0], "uv": [0, 0]}
					]
				},
				{
					"name": "star17",
					"parent": "star_4",
					"pivot": [0, 0.5, 0],
					"rotation": [0, -72, 0],
					"cubes": [
						{"origin": [-0.5, -1.25, -14], "size": [1, 2.5, 2], "uv": [0, 0]},
						{"origin": [-1.85, -1.25, -7], "size": [3.7, 2.5, 7], "uv": [0, 0]},
						{"origin": [-0.5, -1.25, -14], "size": [1, 2.5, 2], "pivot": [0, -0.5, -12], "rotation": [0, 27.5, 0], "uv": [0, 0]},
						{"origin": [-0.5, -1.25, -14], "size": [1, 2.5, 2], "pivot": [0, -0.5, -12], "rotation": [0, 55, 0], "uv": [0, 0]},
						{"origin": [-2.34584, -1.25, -12.62236], "size": [4, 2.5, 9.75], "pivot": [-1.84584, -0.5, -11.62236], "rotation": [0, -22.5, 0], "uv": [0, 0]},
						{"origin": [-1.65416, -1.25, -12.62236], "size": [4, 2.5, 9.75], "pivot": [1.84584, -0.5, -11.62236], "rotation": [0, 22.5, 0], "uv": [0, 0]},
						{"origin": [-0.5, -1.25, -14], "size": [1, 2.5, 2], "pivot": [0, -0.5, -12], "rotation": [0, -55, 0], "uv": [0, 0]},
						{"origin": [-0.5, -1.25, -14], "size": [1, 2.5, 2], "pivot": [0, -0.5, -12], "rotation": [0, -27.5, 0], "uv": [0, 0]}
					]
				},
				{
					"name": "star18",
					"parent": "star_4",
					"pivot": [0, 0.5, 0],
					"rotation": [0, -144, 0],
					"cubes": [
						{"origin": [-0.5, -1.25, -14], "size": [1, 2.5, 2], "uv": [0, 0]},
						{"origin": [-1.85, -1.25, -7], "size": [3.7, 2.5, 7], "uv": [0, 0]},
						{"origin": [-0.5, -1.25, -14], "size": [1, 2.5, 2], "pivot": [0, -0.5, -12], "rotation": [0, 27.5, 0], "uv": [0, 0]},
						{"origin": [-0.5, -1.25, -14], "size": [1, 2.5, 2], "pivot": [0, -0.5, -12], "rotation": [0, 55, 0], "uv": [0, 0]},
						{"origin": [-2.34584, -1.25, -12.62236], "size": [4, 2.5, 9.75], "pivot": [-1.84584, -0.5, -11.62236], "rotation": [0, -22.5, 0], "uv": [0, 0]},
						{"origin": [-1.65416, -1.25, -12.62236], "size": [4, 2.5, 9.75], "pivot": [1.84584, -0.5, -11.62236], "rotation": [0, 22.5, 0], "uv": [0, 0]},
						{"origin": [-0.5, -1.25, -14], "size": [1, 2.5, 2], "pivot": [0, -0.5, -12], "rotation": [0, -55, 0], "uv": [0, 0]},
						{"origin": [-0.5, -1.25, -14], "size": [1, 2.5, 2], "pivot": [0, -0.5, -12], "rotation": [0, -27.5, 0], "uv": [0, 0]}
					]
				},
				{
					"name": "star19",
					"parent": "star_4",
					"pivot": [0, 0.5, 0],
					"rotation": [0, 144, 0],
					"cubes": [
						{"origin": [-0.5, -1.25, -14], "size": [1, 2.5, 2], "uv": [0, 0]},
						{"origin": [-1.85, -1.25, -7], "size": [3.7, 2.5, 7], "uv": [0, 0]},
						{"origin": [-0.5, -1.25, -14], "size": [1, 2.5, 2], "pivot": [0, -0.5, -12], "rotation": [0, 27.5, 0], "uv": [0, 0]},
						{"origin": [-0.5, -1.25, -14], "size": [1, 2.5, 2], "pivot": [0, -0.5, -12], "rotation": [0, 55, 0], "uv": [0, 0]},
						{"origin": [-2.34584, -1.25, -12.62236], "size": [4, 2.5, 9.75], "pivot": [-1.84584, -0.5, -11.62236], "rotation": [0, -22.5, 0], "uv": [0, 0]},
						{"origin": [-1.65416, -1.25, -12.62236], "size": [4, 2.5, 9.75], "pivot": [1.84584, -0.5, -11.62236], "rotation": [0, 22.5, 0], "uv": [0, 0]},
						{"origin": [-0.5, -1.25, -14], "size": [1, 2.5, 2], "pivot": [0, -0.5, -12], "rotation": [0, -55, 0], "uv": [0, 0]},
						{"origin": [-0.5, -1.25, -14], "size": [1, 2.5, 2], "pivot": [0, -0.5, -12], "rotation": [0, -27.5, 0], "uv": [0, 0]}
					]
				},
				{
					"name": "star20",
					"parent": "star_4",
					"pivot": [0, 0.5, 0],
					"rotation": [0, 72, 0],
					"cubes": [
						{"origin": [-0.5, -1.25, -14], "size": [1, 2.5, 2], "uv": [0, 0]},
						{"origin": [-1.85, -1.25, -7], "size": [3.7, 2.5, 7], "uv": [0, 0]},
						{"origin": [-0.5, -1.25, -14], "size": [1, 2.5, 2], "pivot": [0, -0.5, -12], "rotation": [0, 27.5, 0], "uv": [0, 0]},
						{"origin": [-0.5, -1.25, -14], "size": [1, 2.5, 2], "pivot": [0, -0.5, -12], "rotation": [0, 55, 0], "uv": [0, 0]},
						{"origin": [-2.34584, -1.25, -12.62236], "size": [4, 2.5, 9.75], "pivot": [-1.84584, -0.5, -11.62236], "rotation": [0, -22.5, 0], "uv": [0, 0]},
						{"origin": [-1.65416, -1.25, -12.62236], "size": [4, 2.5, 9.75], "pivot": [1.84584, -0.5, -11.62236], "rotation": [0, 22.5, 0], "uv": [0, 0]},
						{"origin": [-0.5, -1.25, -14], "size": [1, 2.5, 2], "pivot": [0, -0.5, -12], "rotation": [0, -55, 0], "uv": [0, 0]},
						{"origin": [-0.5, -1.25, -14], "size": [1, 2.5, 2], "pivot": [0, -0.5, -12], "rotation": [0, -27.5, 0], "uv": [0, 0]}
					]
				},
				{
					"name": "star_5",
					"parent": "h_star2",
					"pivot": [0, -1.25, 0]
				},
				{
					"name": "star21",
					"parent": "star_5",
					"pivot": [0, 0.5, 0],
					"cubes": [
						{"origin": [-0.5, -1.25, -14], "size": [1, 2.5, 2], "uv": [0, 0]},
						{"origin": [-1.85, -1.25, -7], "size": [3.7, 2.5, 7], "uv": [0, 0]},
						{"origin": [-0.5, -1.25, -14], "size": [1, 2.5, 2], "pivot": [0, 0.75, -12], "rotation": [0, 27.5, 0], "uv": [0, 0]},
						{"origin": [-0.5, -1.25, -14], "size": [1, 2.5, 2], "pivot": [0, 0.75, -12], "rotation": [0, 55, 0], "uv": [0, 0]},
						{"origin": [-2.34584, -1.25, -12.62236], "size": [4, 2.5, 9.75], "pivot": [-1.84584, 0.75, -11.62236], "rotation": [0, -22.5, 0], "uv": [0, 0]},
						{"origin": [-1.65416, -1.25, -12.62236], "size": [4, 2.5, 9.75], "pivot": [1.84584, 0.75, -11.62236], "rotation": [0, 22.5, 0], "uv": [0, 0]},
						{"origin": [-0.5, -1.25, -14], "size": [1, 2.5, 2], "pivot": [0, 0.75, -12], "rotation": [0, -55, 0], "uv": [0, 0]},
						{"origin": [-0.5, -1.25, -14], "size": [1, 2.5, 2], "pivot": [0, 0.75, -12], "rotation": [0, -27.5, 0], "uv": [0, 0]}
					]
				},
				{
					"name": "star22",
					"parent": "star_5",
					"pivot": [0, 0.5, 0],
					"rotation": [0, -72, 0],
					"cubes": [
						{"origin": [-0.5, -1.25, -14], "size": [1, 2.5, 2], "uv": [0, 0]},
						{"origin": [-1.85, -1.25, -7], "size": [3.7, 2.5, 7], "uv": [0, 0]},
						{"origin": [-0.5, -1.25, -14], "size": [1, 2.5, 2], "pivot": [0, -0.5, -12], "rotation": [0, 27.5, 0], "uv": [0, 0]},
						{"origin": [-0.5, -1.25, -14], "size": [1, 2.5, 2], "pivot": [0, -0.5, -12], "rotation": [0, 55, 0], "uv": [0, 0]},
						{"origin": [-2.34584, -1.25, -12.62236], "size": [4, 2.5, 9.75], "pivot": [-1.84584, -0.5, -11.62236], "rotation": [0, -22.5, 0], "uv": [0, 0]},
						{"origin": [-1.65416, -1.25, -12.62236], "size": [4, 2.5, 9.75], "pivot": [1.84584, -0.5, -11.62236], "rotation": [0, 22.5, 0], "uv": [0, 0]},
						{"origin": [-0.5, -1.25, -14], "size": [1, 2.5, 2], "pivot": [0, -0.5, -12], "rotation": [0, -55, 0], "uv": [0, 0]},
						{"origin": [-0.5, -1.25, -14], "size": [1, 2.5, 2], "pivot": [0, -0.5, -12], "rotation": [0, -27.5, 0], "uv": [0, 0]}
					]
				},
				{
					"name": "star23",
					"parent": "star_5",
					"pivot": [0, 0.5, 0],
					"rotation": [0, -144, 0],
					"cubes": [
						{"origin": [-0.5, -1.25, -14], "size": [1, 2.5, 2], "uv": [0, 0]},
						{"origin": [-1.85, -1.25, -7], "size": [3.7, 2.5, 7], "uv": [0, 0]},
						{"origin": [-0.5, -1.25, -14], "size": [1, 2.5, 2], "pivot": [0, -0.5, -12], "rotation": [0, 27.5, 0], "uv": [0, 0]},
						{"origin": [-0.5, -1.25, -14], "size": [1, 2.5, 2], "pivot": [0, -0.5, -12], "rotation": [0, 55, 0], "uv": [0, 0]},
						{"origin": [-2.34584, -1.25, -12.62236], "size": [4, 2.5, 9.75], "pivot": [-1.84584, -0.5, -11.62236], "rotation": [0, -22.5, 0], "uv": [0, 0]},
						{"origin": [-1.65416, -1.25, -12.62236], "size": [4, 2.5, 9.75], "pivot": [1.84584, -0.5, -11.62236], "rotation": [0, 22.5, 0], "uv": [0, 0]},
						{"origin": [-0.5, -1.25, -14], "size": [1, 2.5, 2], "pivot": [0, -0.5, -12], "rotation": [0, -55, 0], "uv": [0, 0]},
						{"origin": [-0.5, -1.25, -14], "size": [1, 2.5, 2], "pivot": [0, -0.5, -12], "rotation": [0, -27.5, 0], "uv": [0, 0]}
					]
				},
				{
					"name": "star24",
					"parent": "star_5",
					"pivot": [0, 0.5, 0],
					"rotation": [0, 144, 0],
					"cubes": [
						{"origin": [-0.5, -1.25, -14], "size": [1, 2.5, 2], "uv": [0, 0]},
						{"origin": [-1.85, -1.25, -7], "size": [3.7, 2.5, 7], "uv": [0, 0]},
						{"origin": [-0.5, -1.25, -14], "size": [1, 2.5, 2], "pivot": [0, -0.5, -12], "rotation": [0, 27.5, 0], "uv": [0, 0]},
						{"origin": [-0.5, -1.25, -14], "size": [1, 2.5, 2], "pivot": [0, -0.5, -12], "rotation": [0, 55, 0], "uv": [0, 0]},
						{"origin": [-2.34584, -1.25, -12.62236], "size": [4, 2.5, 9.75], "pivot": [-1.84584, -0.5, -11.62236], "rotation": [0, -22.5, 0], "uv": [0, 0]},
						{"origin": [-1.65416, -1.25, -12.62236], "size": [4, 2.5, 9.75], "pivot": [1.84584, -0.5, -11.62236], "rotation": [0, 22.5, 0], "uv": [0, 0]},
						{"origin": [-0.5, -1.25, -14], "size": [1, 2.5, 2], "pivot": [0, -0.5, -12], "rotation": [0, -55, 0], "uv": [0, 0]},
						{"origin": [-0.5, -1.25, -14], "size": [1, 2.5, 2], "pivot": [0, -0.5, -12], "rotation": [0, -27.5, 0], "uv": [0, 0]}
					]
				},
				{
					"name": "star25",
					"parent": "star_5",
					"pivot": [0, 0.5, 0],
					"rotation": [0, 72, 0],
					"cubes": [
						{"origin": [-0.5, -1.25, -14], "size": [1, 2.5, 2], "uv": [0, 0]},
						{"origin": [-1.85, -1.25, -7], "size": [3.7, 2.5, 7], "uv": [0, 0]},
						{"origin": [-0.5, -1.25, -14], "size": [1, 2.5, 2], "pivot": [0, -0.5, -12], "rotation": [0, 27.5, 0], "uv": [0, 0]},
						{"origin": [-0.5, -1.25, -14], "size": [1, 2.5, 2], "pivot": [0, -0.5, -12], "rotation": [0, 55, 0], "uv": [0, 0]},
						{"origin": [-2.34584, -1.25, -12.62236], "size": [4, 2.5, 9.75], "pivot": [-1.84584, -0.5, -11.62236], "rotation": [0, -22.5, 0], "uv": [0, 0]},
						{"origin": [-1.65416, -1.25, -12.62236], "size": [4, 2.5, 9.75], "pivot": [1.84584, -0.5, -11.62236], "rotation": [0, 22.5, 0], "uv": [0, 0]},
						{"origin": [-0.5, -1.25, -14], "size": [1, 2.5, 2], "pivot": [0, -0.5, -12], "rotation": [0, -55, 0], "uv": [0, 0]},
						{"origin": [-0.5, -1.25, -14], "size": [1, 2.5, 2], "pivot": [0, -0.5, -12], "rotation": [0, -27.5, 0], "uv": [0, 0]}
					]
				},
				{
					"name": "star_6",
					"parent": "h_star2",
					"pivot": [0, -1.25, 0]
				},
				{
					"name": "star26",
					"parent": "star_6",
					"pivot": [0, 0.5, 0],
					"cubes": [
						{"origin": [-0.5, -1.25, -14], "size": [1, 2.5, 2], "uv": [0, 0]},
						{"origin": [-1.85, -1.25, -7], "size": [3.7, 2.5, 7], "uv": [0, 0]},
						{"origin": [-0.5, -1.25, -14], "size": [1, 2.5, 2], "pivot": [0, 0.75, -12], "rotation": [0, 27.5, 0], "uv": [0, 0]},
						{"origin": [-0.5, -1.25, -14], "size": [1, 2.5, 2], "pivot": [0, 0.75, -12], "rotation": [0, 55, 0], "uv": [0, 0]},
						{"origin": [-2.34584, -1.25, -12.62236], "size": [4, 2.5, 9.75], "pivot": [-1.84584, 0.75, -11.62236], "rotation": [0, -22.5, 0], "uv": [0, 0]},
						{"origin": [-1.65416, -1.25, -12.62236], "size": [4, 2.5, 9.75], "pivot": [1.84584, 0.75, -11.62236], "rotation": [0, 22.5, 0], "uv": [0, 0]},
						{"origin": [-0.5, -1.25, -14], "size": [1, 2.5, 2], "pivot": [0, 0.75, -12], "rotation": [0, -55, 0], "uv": [0, 0]},
						{"origin": [-0.5, -1.25, -14], "size": [1, 2.5, 2], "pivot": [0, 0.75, -12], "rotation": [0, -27.5, 0], "uv": [0, 0]}
					]
				},
				{
					"name": "star27",
					"parent": "star_6",
					"pivot": [0, 0.5, 0],
					"rotation": [0, -72, 0],
					"cubes": [
						{"origin": [-0.5, -1.25, -14], "size": [1, 2.5, 2], "uv": [0, 0]},
						{"origin": [-1.85, -1.25, -7], "size": [3.7, 2.5, 7], "uv": [0, 0]},
						{"origin": [-0.5, -1.25, -14], "size": [1, 2.5, 2], "pivot": [0, -0.5, -12], "rotation": [0, 27.5, 0], "uv": [0, 0]},
						{"origin": [-0.5, -1.25, -14], "size": [1, 2.5, 2], "pivot": [0, -0.5, -12], "rotation": [0, 55, 0], "uv": [0, 0]},
						{"origin": [-2.34584, -1.25, -12.62236], "size": [4, 2.5, 9.75], "pivot": [-1.84584, -0.5, -11.62236], "rotation": [0, -22.5, 0], "uv": [0, 0]},
						{"origin": [-1.65416, -1.25, -12.62236], "size": [4, 2.5, 9.75], "pivot": [1.84584, -0.5, -11.62236], "rotation": [0, 22.5, 0], "uv": [0, 0]},
						{"origin": [-0.5, -1.25, -14], "size": [1, 2.5, 2], "pivot": [0, -0.5, -12], "rotation": [0, -55, 0], "uv": [0, 0]},
						{"origin": [-0.5, -1.25, -14], "size": [1, 2.5, 2], "pivot": [0, -0.5, -12], "rotation": [0, -27.5, 0], "uv": [0, 0]}
					]
				},
				{
					"name": "star28",
					"parent": "star_6",
					"pivot": [0, 0.5, 0],
					"rotation": [0, -144, 0],
					"cubes": [
						{"origin": [-0.5, -1.25, -14], "size": [1, 2.5, 2], "uv": [0, 0]},
						{"origin": [-1.85, -1.25, -7], "size": [3.7, 2.5, 7], "uv": [0, 0]},
						{"origin": [-0.5, -1.25, -14], "size": [1, 2.5, 2], "pivot": [0, -0.5, -12], "rotation": [0, 27.5, 0], "uv": [0, 0]},
						{"origin": [-0.5, -1.25, -14], "size": [1, 2.5, 2], "pivot": [0, -0.5, -12], "rotation": [0, 55, 0], "uv": [0, 0]},
						{"origin": [-2.34584, -1.25, -12.62236], "size": [4, 2.5, 9.75], "pivot": [-1.84584, -0.5, -11.62236], "rotation": [0, -22.5, 0], "uv": [0, 0]},
						{"origin": [-1.65416, -1.25, -12.62236], "size": [4, 2.5, 9.75], "pivot": [1.84584, -0.5, -11.62236], "rotation": [0, 22.5, 0], "uv": [0, 0]},
						{"origin": [-0.5, -1.25, -14], "size": [1, 2.5, 2], "pivot": [0, -0.5, -12], "rotation": [0, -55, 0], "uv": [0, 0]},
						{"origin": [-0.5, -1.25, -14], "size": [1, 2.5, 2], "pivot": [0, -0.5, -12], "rotation": [0, -27.5, 0], "uv": [0, 0]}
					]
				},
				{
					"name": "star29",
					"parent": "star_6",
					"pivot": [0, 0.5, 0],
					"rotation": [0, 144, 0],
					"cubes": [
						{"origin": [-0.5, -1.25, -14], "size": [1, 2.5, 2], "uv": [0, 0]},
						{"origin": [-1.85, -1.25, -7], "size": [3.7, 2.5, 7], "uv": [0, 0]},
						{"origin": [-0.5, -1.25, -14], "size": [1, 2.5, 2], "pivot": [0, -0.5, -12], "rotation": [0, 27.5, 0], "uv": [0, 0]},
						{"origin": [-0.5, -1.25, -14], "size": [1, 2.5, 2], "pivot": [0, -0.5, -12], "rotation": [0, 55, 0], "uv": [0, 0]},
						{"origin": [-2.34584, -1.25, -12.62236], "size": [4, 2.5, 9.75], "pivot": [-1.84584, -0.5, -11.62236], "rotation": [0, -22.5, 0], "uv": [0, 0]},
						{"origin": [-1.65416, -1.25, -12.62236], "size": [4, 2.5, 9.75], "pivot": [1.84584, -0.5, -11.62236], "rotation": [0, 22.5, 0], "uv": [0, 0]},
						{"origin": [-0.5, -1.25, -14], "size": [1, 2.5, 2], "pivot": [0, -0.5, -12], "rotation": [0, -55, 0], "uv": [0, 0]},
						{"origin": [-0.5, -1.25, -14], "size": [1, 2.5, 2], "pivot": [0, -0.5, -12], "rotation": [0, -27.5, 0], "uv": [0, 0]}
					]
				},
				{
					"name": "star30",
					"parent": "star_6",
					"pivot": [0, 0.5, 0],
					"rotation": [0, 72, 0],
					"cubes": [
						{"origin": [-0.5, -1.25, -14], "size": [1, 2.5, 2], "uv": [0, 0]},
						{"origin": [-1.85, -1.25, -7], "size": [3.7, 2.5, 7], "uv": [0, 0]},
						{"origin": [-0.5, -1.25, -14], "size": [1, 2.5, 2], "pivot": [0, -0.5, -12], "rotation": [0, 27.5, 0], "uv": [0, 0]},
						{"origin": [-0.5, -1.25, -14], "size": [1, 2.5, 2], "pivot": [0, -0.5, -12], "rotation": [0, 55, 0], "uv": [0, 0]},
						{"origin": [-2.34584, -1.25, -12.62236], "size": [4, 2.5, 9.75], "pivot": [-1.84584, -0.5, -11.62236], "rotation": [0, -22.5, 0], "uv": [0, 0]},
						{"origin": [-1.65416, -1.25, -12.62236], "size": [4, 2.5, 9.75], "pivot": [1.84584, -0.5, -11.62236], "rotation": [0, 22.5, 0], "uv": [0, 0]},
						{"origin": [-0.5, -1.25, -14], "size": [1, 2.5, 2], "pivot": [0, -0.5, -12], "rotation": [0, -55, 0], "uv": [0, 0]},
						{"origin": [-0.5, -1.25, -14], "size": [1, 2.5, 2], "pivot": [0, -0.5, -12], "rotation": [0, -27.5, 0], "uv": [0, 0]}
					]
				},
				{
					"name": "star_7",
					"parent": "h_star2",
					"pivot": [0, -1.25, 0]
				},
				{
					"name": "star31",
					"parent": "star_7",
					"pivot": [0, 0.5, 0],
					"cubes": [
						{"origin": [-0.5, -1.25, -14], "size": [1, 2.5, 2], "uv": [0, 0]},
						{"origin": [-1.85, -1.25, -7], "size": [3.7, 2.5, 7], "uv": [0, 0]},
						{"origin": [-0.5, -1.25, -14], "size": [1, 2.5, 2], "pivot": [0, 0.75, -12], "rotation": [0, 27.5, 0], "uv": [0, 0]},
						{"origin": [-0.5, -1.25, -14], "size": [1, 2.5, 2], "pivot": [0, 0.75, -12], "rotation": [0, 55, 0], "uv": [0, 0]},
						{"origin": [-2.34584, -1.25, -12.62236], "size": [4, 2.5, 9.75], "pivot": [-1.84584, 0.75, -11.62236], "rotation": [0, -22.5, 0], "uv": [0, 0]},
						{"origin": [-1.65416, -1.25, -12.62236], "size": [4, 2.5, 9.75], "pivot": [1.84584, 0.75, -11.62236], "rotation": [0, 22.5, 0], "uv": [0, 0]},
						{"origin": [-0.5, -1.25, -14], "size": [1, 2.5, 2], "pivot": [0, 0.75, -12], "rotation": [0, -55, 0], "uv": [0, 0]},
						{"origin": [-0.5, -1.25, -14], "size": [1, 2.5, 2], "pivot": [0, 0.75, -12], "rotation": [0, -27.5, 0], "uv": [0, 0]}
					]
				},
				{
					"name": "star32",
					"parent": "star_7",
					"pivot": [0, 0.5, 0],
					"rotation": [0, -72, 0],
					"cubes": [
						{"origin": [-0.5, -1.25, -14], "size": [1, 2.5, 2], "uv": [0, 0]},
						{"origin": [-1.85, -1.25, -7], "size": [3.7, 2.5, 7], "uv": [0, 0]},
						{"origin": [-0.5, -1.25, -14], "size": [1, 2.5, 2], "pivot": [0, -0.5, -12], "rotation": [0, 27.5, 0], "uv": [0, 0]},
						{"origin": [-0.5, -1.25, -14], "size": [1, 2.5, 2], "pivot": [0, -0.5, -12], "rotation": [0, 55, 0], "uv": [0, 0]},
						{"origin": [-2.34584, -1.25, -12.62236], "size": [4, 2.5, 9.75], "pivot": [-1.84584, -0.5, -11.62236], "rotation": [0, -22.5, 0], "uv": [0, 0]},
						{"origin": [-1.65416, -1.25, -12.62236], "size": [4, 2.5, 9.75], "pivot": [1.84584, -0.5, -11.62236], "rotation": [0, 22.5, 0], "uv": [0, 0]},
						{"origin": [-0.5, -1.25, -14], "size": [1, 2.5, 2], "pivot": [0, -0.5, -12], "rotation": [0, -55, 0], "uv": [0, 0]},
						{"origin": [-0.5, -1.25, -14], "size": [1, 2.5, 2], "pivot": [0, -0.5, -12], "rotation": [0, -27.5, 0], "uv": [0, 0]}
					]
				},
				{
					"name": "star33",
					"parent": "star_7",
					"pivot": [0, 0.5, 0],
					"rotation": [0, -144, 0],
					"cubes": [
						{"origin": [-0.5, -1.25, -14], "size": [1, 2.5, 2], "uv": [0, 0]},
						{"origin": [-1.85, -1.25, -7], "size": [3.7, 2.5, 7], "uv": [0, 0]},
						{"origin": [-0.5, -1.25, -14], "size": [1, 2.5, 2], "pivot": [0, -0.5, -12], "rotation": [0, 27.5, 0], "uv": [0, 0]},
						{"origin": [-0.5, -1.25, -14], "size": [1, 2.5, 2], "pivot": [0, -0.5, -12], "rotation": [0, 55, 0], "uv": [0, 0]},
						{"origin": [-2.34584, -1.25, -12.62236], "size": [4, 2.5, 9.75], "pivot": [-1.84584, -0.5, -11.62236], "rotation": [0, -22.5, 0], "uv": [0, 0]},
						{"origin": [-1.65416, -1.25, -12.62236], "size": [4, 2.5, 9.75], "pivot": [1.84584, -0.5, -11.62236], "rotation": [0, 22.5, 0], "uv": [0, 0]},
						{"origin": [-0.5, -1.25, -14], "size": [1, 2.5, 2], "pivot": [0, -0.5, -12], "rotation": [0, -55, 0], "uv": [0, 0]},
						{"origin": [-0.5, -1.25, -14], "size": [1, 2.5, 2], "pivot": [0, -0.5, -12], "rotation": [0, -27.5, 0], "uv": [0, 0]}
					]
				},
				{
					"name": "star34",
					"parent": "star_7",
					"pivot": [0, 0.5, 0],
					"rotation": [0, 144, 0],
					"cubes": [
						{"origin": [-0.5, -1.25, -14], "size": [1, 2.5, 2], "uv": [0, 0]},
						{"origin": [-1.85, -1.25, -7], "size": [3.7, 2.5, 7], "uv": [0, 0]},
						{"origin": [-0.5, -1.25, -14], "size": [1, 2.5, 2], "pivot": [0, -0.5, -12], "rotation": [0, 27.5, 0], "uv": [0, 0]},
						{"origin": [-0.5, -1.25, -14], "size": [1, 2.5, 2], "pivot": [0, -0.5, -12], "rotation": [0, 55, 0], "uv": [0, 0]},
						{"origin": [-2.34584, -1.25, -12.62236], "size": [4, 2.5, 9.75], "pivot": [-1.84584, -0.5, -11.62236], "rotation": [0, -22.5, 0], "uv": [0, 0]},
						{"origin": [-1.65416, -1.25, -12.62236], "size": [4, 2.5, 9.75], "pivot": [1.84584, -0.5, -11.62236], "rotation": [0, 22.5, 0], "uv": [0, 0]},
						{"origin": [-0.5, -1.25, -14], "size": [1, 2.5, 2], "pivot": [0, -0.5, -12], "rotation": [0, -55, 0], "uv": [0, 0]},
						{"origin": [-0.5, -1.25, -14], "size": [1, 2.5, 2], "pivot": [0, -0.5, -12], "rotation": [0, -27.5, 0], "uv": [0, 0]}
					]
				},
				{
					"name": "star35",
					"parent": "star_7",
					"pivot": [0, 0.5, 0],
					"rotation": [0, 72, 0],
					"cubes": [
						{"origin": [-0.5, -1.25, -14], "size": [1, 2.5, 2], "uv": [0, 0]},
						{"origin": [-1.85, -1.25, -7], "size": [3.7, 2.5, 7], "uv": [0, 0]},
						{"origin": [-0.5, -1.25, -14], "size": [1, 2.5, 2], "pivot": [0, -0.5, -12], "rotation": [0, 27.5, 0], "uv": [0, 0]},
						{"origin": [-0.5, -1.25, -14], "size": [1, 2.5, 2], "pivot": [0, -0.5, -12], "rotation": [0, 55, 0], "uv": [0, 0]},
						{"origin": [-2.34584, -1.25, -12.62236], "size": [4, 2.5, 9.75], "pivot": [-1.84584, -0.5, -11.62236], "rotation": [0, -22.5, 0], "uv": [0, 0]},
						{"origin": [-1.65416, -1.25, -12.62236], "size": [4, 2.5, 9.75], "pivot": [1.84584, -0.5, -11.62236], "rotation": [0, 22.5, 0], "uv": [0, 0]},
						{"origin": [-0.5, -1.25, -14], "size": [1, 2.5, 2], "pivot": [0, -0.5, -12], "rotation": [0, -55, 0], "uv": [0, 0]},
						{"origin": [-0.5, -1.25, -14], "size": [1, 2.5, 2], "pivot": [0, -0.5, -12], "rotation": [0, -27.5, 0], "uv": [0, 0]}
					]
				}
			]
		}
	]
}