{
	"format_version": "1.12.0",
	"minecraft:geometry": [
		{
			"description": {
				"identifier": "geometry.kirby_foot",
				"texture_width": 64,
				"texture_height": 64,
				"visible_bounds_width": 3,
				"visible_bounds_height": 4.5,
				"visible_bounds_offset": [0, 1.75, 0]
			},
			"bones": [
				{
					"name": "root",
					"pivot": [0, 0, 0]
				},
				{
					"name": "legs",
					"parent": "root",
					"pivot": [0, 14, 0]
				},
				{
					"name": "leftLeg",
					"parent": "legs",
					"pivot": [5.65, 5, 0],
					"rotation": [0, -12.5, 0],
					"cubes": [
						{
							"origin": [1.65, 0, -8],
							"size": [8, 2, 13.5],
							"inflate": 0.02,
							"uv": {
								"north": {"uv": [12, 4], "uv_size": [1, 1]},
								"east": {"uv": [12, 4], "uv_size": [1, 1]},
								"south": {"uv": [12, 4], "uv_size": [1, 1]},
								"west": {"uv": [12, 4], "uv_size": [1, 1]},
								"up": {"uv": [13, 5], "uv_size": [-1, -1]},
								"down": {"uv": [13, 5], "uv_size": [-1, -1]}
							}
						},
						{
							"origin": [1.65, 0, -8],
							"size": [8, 2, 13.5],
							"inflate": 0.04,
							"uv": {
								"north": {"uv": [44, 4], "uv_size": [1, 1]},
								"east": {"uv": [44, 4], "uv_size": [1, 1]},
								"south": {"uv": [44, 4], "uv_size": [1, 1]},
								"west": {"uv": [44, 4], "uv_size": [1, 1]},
								"up": {"uv": [45, 5], "uv_size": [-1, -1]},
								"down": {"uv": [45, 5], "uv_size": [-1, -1]}
							}
						}
					],
					"locators": {
						"sliding": [5, 1, -8.25]
					}
				},
				{
					"name": "rightLeg",
					"parent": "legs",
					"pivot": [-5.65, 5, 0],
					"rotation": [0, 12.5, 0],
					"cubes": [
						{
							"origin": [-9.65, 0, -8],
							"size": [8, 2, 13.5],
							"inflate": 0.02,
							"uv": {
								"north": {"uv": [12, 4], "uv_size": [1, 1]},
								"east": {"uv": [12, 4], "uv_size": [1, 1]},
								"south": {"uv": [12, 4], "uv_size": [1, 1]},
								"west": {"uv": [12, 4], "uv_size": [1, 1]},
								"up": {"uv": [13, 5], "uv_size": [-1, -1]},
								"down": {"uv": [13, 5], "uv_size": [-1, -1]}
							}
						},
						{
							"origin": [-9.65, 0, -8],
							"size": [8, 2, 13.5],
							"inflate": 0.04,
							"uv": {
								"north": {"uv": [44, 4], "uv_size": [1, 1]},
								"east": {"uv": [44, 4], "uv_size": [1, 1]},
								"south": {"uv": [44, 4], "uv_size": [1, 1]},
								"west": {"uv": [44, 4], "uv_size": [1, 1]},
								"up": {"uv": [45, 5], "uv_size": [-1, -1]},
								"down": {"uv": [45, 5], "uv_size": [-1, -1]}
							}
						}
					]
				}
			]
		}
	]
}