{
	"format_version": "1.12.0",
	"minecraft:geometry": [
		{
			"description": {
				"identifier": "geometry.serpjigglypuff",
				"texture_width": 64,
				"texture_height": 64,
				"visible_bounds_width": 3,
				"visible_bounds_height": 2.5,
				"visible_bounds_offset": [0, 0.75, 0]
			},
			"bones": [
				{
					"name": "jigglypuff",
					"pivot": [0, 0, 0]
				},
				{
					"name": "body_root",
					"parent": "jigglypuff",
					"pivot": [0, 7, 0]
				},
				{
					"name": "body",
					"parent": "body_root",
					"pivot": [0, 7, 0],
					"cubes": [
						{"origin": [-5, 2, -5], "size": [10, 10, 10], "uv": [0, 0]},
						{"origin": [-6, 11, -1], "size": [4, 4, 0.05], "inflate": 0.01, "pivot": [-4, 11, 1], "rotation": [0, 0, -45], "uv": [0, 0]},
						{"origin": [2, 11, -1], "size": [4, 4, 0.05], "inflate": 0.01, "pivot": [4, 11, 1], "rotation": [0, 0, 45], "uv": [0, 0], "mirror": true},
						{"origin": [-2.5, 8, -5], "size": [5, 7, 0], "pivot": [0, 12, -5], "rotation": [-45, 0, 0], "uv": [28, 40]},
						{"origin": [-4, 3, -6], "size": [8, 8, 1], "uv": [0, 31]},
						{"origin": [-4, 3, 5], "size": [8, 8, 1], "uv": [0, 31]},
						{"origin": [-6, 3, -4], "size": [1, 8, 8], "uv": [25, 23]},
						{"origin": [5, 3, -4], "size": [1, 8, 8], "uv": [25, 23], "mirror": true},
						{"origin": [-4, 12, -4], "size": [8, 1, 8], "uv": [0, 21]},
						{"origin": [-4, 1, -4], "size": [8, 1, 8], "uv": [0, 21]}
					]
				},
				{
					"name": "open_eyes",
					"parent": "body",
					"pivot": [0, 6, 0],
					"cubes": [
						{"origin": [-5, 5, -6.1], "size": [10, 5, 0], "uv": [0, 44]}
					]
				},
				{
					"name": "closed_eyes",
					"parent": "body",
					"pivot": [0, 6, 0],
					"cubes": [
						{"origin": [-5, 5, -6.1], "size": [10, 5, 0], "uv": [0, 49]}
					]
				},
				{
					"name": "angry_eyes",
					"parent": "body",
					"pivot": [0, 6, 0],
					"cubes": [
						{"origin": [-5, 5, -6.1], "size": [10, 5, 0], "uv": [0, 54]}
					]
				},
				{
					"name": "arms",
					"parent": "body_root",
					"pivot": [0, 5, -5]
				},
				{
					"name": "right_arm",
					"parent": "arms",
					"pivot": [-5, 5, -4],
					"rotation": [45, 30, 0],
					"cubes": [
						{"origin": [-6, 4, -7], "size": [2, 2, 3], "uv": [16, 38]}
					]
				},
				{
					"name": "left_arm",
					"parent": "arms",
					"pivot": [5, 5, -4],
					"rotation": [45, -30, 0],
					"cubes": [
						{"origin": [4, 4, -7], "size": [2, 2, 3], "uv": [16, 38], "mirror": true}
					]
				},
				{
					"name": "legs",
					"parent": "jigglypuff",
					"pivot": [0, 1, 0]
				},
				{
					"name": "right_leg",
					"parent": "legs",
					"pivot": [-2.5, 1, 0],
					"rotation": [0, 25, 0],
					"cubes": [
						{"origin": [-4, 0, -5], "size": [3, 1.5, 5], "uv": [31, 0]}
					]
				},
				{
					"name": "left_leg",
					"parent": "legs",
					"pivot": [2.5, 1, 0],
					"rotation": [0, -25, 0],
					"cubes": [
						{"origin": [1, 0, -5], "size": [3, 1.5, 5], "uv": [31, 0], "mirror": true}
					]
				}
			]
		}
	]
}