{
	"format_version": "1.12.0",
	"minecraft:geometry": [
		{
			"description": {
				"identifier": "geometry.serpwigglytuff",
				"texture_width": 80,
				"texture_height": 80,
				"visible_bounds_width": 3,
				"visible_bounds_height": 3.5,
				"visible_bounds_offset": [0, 1.25, 0]
			},
			"bones": [
				{
					"name": "wigglytuff",
					"pivot": [0, 0, 0]
				},
				{
					"name": "body_root",
					"parent": "wigglytuff",
					"pivot": [0, 2, 0]
				},
				{
					"name": "body",
					"parent": "body_root",
					"pivot": [0, 2, 0],
					"cubes": [
						{"origin": [-5, 19, -5], "size": [10, 1, 10], "uv": [0, 29]},
						{"origin": [-5, 2, -5], "size": [10, 1, 10], "uv": [0, 29]},
						{"origin": [-6, 3, -6], "size": [12, 16, 12], "uv": [0, 0]},
						{"origin": [-8, 18, -2], "size": [4, 11, 0.05], "inflate": 0.01, "pivot": [-6, 19, -2], "rotation": [-15, 25, -35], "uv": [0, 0]},
						{"origin": [4, 18, -2], "size": [4, 11, 0.05], "inflate": 0.01, "pivot": [6, 19, -2], "rotation": [-15, -25, 35], "uv": [0, 0], "mirror": true},
						{"origin": [-3, 16, -6], "size": [6, 7, 0], "pivot": [0, 19, -6], "rotation": [-45, 0, 0], "uv": [54, 41]},
						{"origin": [-5, 4, 6], "size": [10, 14, 1], "pivot": [0, 4, 6], "rotation": [2, 0, 0], "uv": [49, 0]},
						{"origin": [-5, 4, -7], "size": [10, 14, 1], "pivot": [0, 4, -6], "rotation": [-2, 0, 0], "uv": [0, 41]},
						{"origin": [6, 4, -5], "size": [1, 14, 10], "pivot": [6, 4, 0], "rotation": [0, 0, -2], "uv": [31, 31]},
						{"origin": [-7, 4, -5], "size": [1, 14, 10], "pivot": [-6, 4, 0], "rotation": [0, 0, 2], "uv": [31, 31]}
					]
				},
				{
					"name": "open_eyes",
					"parent": "body",
					"pivot": [0, 1, 0],
					"cubes": [
						{"origin": [-5.5, 12, -6.8], "size": [11, 5, 0], "uv": [0, 57]}
					]
				},
				{
					"name": "closed_eyes",
					"parent": "body",
					"pivot": [0, 1, 0],
					"cubes": [
						{"origin": [-5.5, 12, -6.8], "size": [11, 5, 0], "uv": [0, 62]}
					]
				},
				{
					"name": "angry_eyes",
					"parent": "body",
					"pivot": [0, 1, 0],
					"cubes": [
						{"origin": [-5.5, 12, -6.8], "size": [11, 5, 0], "uv": [0, 67]}
					]
				},
				{
					"name": "arms",
					"parent": "body_root",
					"pivot": [0, 10.5, -3]
				},
				{
					"name": "right_arm",
					"parent": "arms",
					"pivot": [-6, 10.5, -5],
					"rotation": [0, 45, 0],
					"cubes": [
						{"origin": [-7.5, 9, -9], "size": [3, 3, 5], "uv": [44, 32]}
					]
				},
				{
					"name": "left_arm",
					"parent": "arms",
					"pivot": [6, 10.5, -5],
					"rotation": [0, -45, 0],
					"cubes": [
						{"origin": [4.5, 9, -9], "size": [3, 3, 5], "uv": [44, 32], "mirror": true}
					]
				},
				{
					"name": "legs",
					"parent": "wigglytuff",
					"pivot": [0, 1, 0]
				},
				{
					"name": "right_leg",
					"parent": "legs",
					"pivot": [-3.5, 1, 0],
					"rotation": [0, 15, 0],
					"cubes": [
						{"origin": [-5, 0, -7], "size": [3, 2, 7], "uv": [44, 22]}
					]
				},
				{
					"name": "left_leg",
					"parent": "legs",
					"pivot": [3.5, 1, 0],
					"rotation": [0, -15, 0],
					"cubes": [
						{"origin": [2, 0, -7], "size": [3, 2, 7], "uv": [44, 22], "mirror": true}
					]
				}
			]
		}
	]
}