{
  "format_version": "1.10.0",
  "animation_controllers": {
    "controller.animation.chemical_chemical_x": {
      "initial_state": "default",
      "states": {
        "default": {
          "transitions": [
            {
              "shoot": "query.mark_variant == 1 && query.get_equipped_item_name=='chemical_x' && query.item_remaining_use_duration > 0"
            }
          ]
        },
        "shoot": {
          "transitions": [
            {
              "default": "query.mark_variant == 1 && query.get_equipped_item_name=='chemical_x' && query.item_remaining_use_duration > 0"
            }
          ],
          "on_entry": [
            "@s chemical:chemical_x_fire",
            "/clear @s chemical:chemical_x 0 1",
            "/playsound chemical_chemical_x_shot"
          ]
        }
      }
    }
  }
}