{
  "format_version": "1.10.0",
  "minecraft:client_entity": {
    "description": {
      "identifier": "ny:reo",
      "materials": {
        "default": "entity_alphatest",
        "animated": "player_animated",
        "goggles": "slime_outer"
      },
      "textures": {
        "default": "textures/enemy/reo",
        "kirby_copy4_fire": "textures/blocks/fire_0"
      },
      "geometry": {
        "default": "geometry.reo",
        "kirby_copy4_fire": "geometry.reo_fire"
      },
      "scripts": {
        "scale": "0.86",
        "initialize": [
          "variable.is_holding_right = 0.0;",
          "variable.is_blinking = 0.0;",
          "variable.last_blink_time = 0.0;",
          "variable.hand_bob = 0.0;",
          "v.eye=0;",
          "v.sleep=0;",
          "v.getcopy=0;",
          "variable.on_ground = 0.0;",
          "variable.hit_on_ground = 0.0;",
          "variable.hit_on_ground_max = 0.0;",
          "v.tenmetsu = 5;",
          "v.death = 0;"
        ],
        "pre_animation": [
          "v.eye = (!q.is_sleeping && v.sleep < 2900) ? math.mod(v.eye + (v.eye > 970 ? 1.0*(110*query.delta_time) : math.random(0.5 , 2.5))*(110*query.delta_time),1000 ) : 0.0; ",
          "v.sleep=(!q.is_moving && !q.is_sleeping && !v.attack_time && q.vertical_speed==0 )? v.sleep + 1*(110*query.delta_time) : 0; ",
          "v.hit_on_ground = query.vertical_speed > 0.0 ? 0.0 : v.hit_on_ground;",
          "v.hit_on_ground = !q.is_on_ground ? -query.vertical_speed : v.hit_on_ground;",
          "v.hit_on_ground = q.is_on_ground  ? math.max(v.hit_on_ground - (1.0 - 0.01 * math.min(v.hit_on_ground_max,10) )*(110*query.delta_time), 0) : ( v.on_ground ? 0.0 : v.hit_on_ground ) ;",
          "v.hit_on_ground_max = !q.is_on_ground ? ( v.on_ground ? 0.0 : v.hit_on_ground ) : v.hit_on_ground_max;",
          "v.on_ground = q.is_on_ground;",

          //バニラ
          "variable.helmet_layer_visible = 1.0;",
          "variable.leg_layer_visible = 1.0;",
          "variable.boot_layer_visible = 1.0;",
          "variable.chest_layer_visible = 1.0;",
          "variable.attack_body_rot_y = Math.sin(360*Math.sqrt(variable.attack_time)) * 5.0;",
          "variable.tcos0 = (0.2+0.8*q.is_on_ground) * (math.cos(query.modified_distance_moved * 38.17) * query.modified_move_speed / variable.gliding_speed_value) * 57.3;",
          "variable.first_person_rotation_factor = math.sin((1 - variable.attack_time) * 180.0);",
          "variable.hand_bob = query.life_time < 0.01 ? 0.0 : variable.hand_bob + ((query.is_on_ground && query.is_alive ? math.clamp(math.sqrt(math.pow(query.position_delta(0), 2.0) + math.pow(query.position_delta(2), 2.0)), 0.0, 0.1) : 0.0) - variable.hand_bob) * 0.02;",

          "variable.map_angle = math.clamp(1 - variable.player_x_rotation / 45.1, 0.0, 1.0);",
          "variable.item_use_normalized = query.main_hand_item_use_duration / query.main_hand_item_max_duration;"
        ],
        "animate": [
          "root",
          "base_controller",
          "look_at_target",

          "kirby_in_water",
          "waddledee",
          {"waddledee_ride":"q.is_riding"},
          "move.arms",
          "move.legs"
        ]
      },
      "particle_effects": {
        "bubble": "ny:bubble"
      },
      "animations": {
        "kirby_in_water": "controller.animation.kirby.in_water",
        "waddledee": "animation.waddledee.root",
        "waddledee_ride": "animation.waddledee.ride",
        "root": "controller.animation.player.root",
        "base_controller": "controller.animation.player.base",
        "look_at_target": "controller.animation.humanoid.look_at_target",
        "look_at_target_default": "animation.humanoid.look_at_target.default",
        "look_at_target_gliding": "animation.humanoid.look_at_target.gliding",
        "look_at_target_swimming": "animation.humanoid.look_at_target.swimming",
        "look_at_target_inverted": "animation.player.look_at_target.inverted",
        "move.arms": "animation.player.move.arms",
        "move.legs": "animation.player.move.legs",
        "swimming": "animation.player.swim",
        "swimming.legs": "animation.player.swim.legs",
        "riding.arms": "animation.player.riding.arms",
        "riding.legs": "animation.player.riding.legs",
        "holding": "animation.player.holding",
        "brandish_spear": "animation.humanoid.brandish_spear",
        "holding_spyglass": "animation.humanoid.holding_spyglass",
        "charging": "animation.humanoid.charging",
        "attack.positions": "animation.player.attack.positions",
        "attack.rotations": "animation.player.attack.rotations",
        "bob": "animation.player.bob",
        "damage_nearby_mobs": "animation.humanoid.damage_nearby_mobs",
        "bow_and_arrow": "animation.humanoid.bow_and_arrow",
        "use_item_progress": "animation.humanoid.use_item_progress"
      },
      "render_controllers": [
        "controller.render.kirby_entity","controller.render.kirby_copy4_fire"
      ],
      "enable_attachables": true
    }
  }
}
