{
  "format_version": "1.8.0",
  "minecraft:client_entity": {
    "description": {
      "identifier": "ybh:x_blue_bone",
      "materials": {
        "default": "entity_alphatest"
      },
      "textures": {
        "default": "textures/xans/blue_bone"
      },
      "geometry": {
        "default": "geometry.xans_bone"
      },
       "animations": {
          "bone": "animation.xans.bone"
        },
           "animation_controllers": [
 {"bone": "controller.animation.xans.bone"}
      ],
      "render_controllers": [ "controller.render.xans.ybhx" ],
        "enable_attachables": true
    }
  }
}
