{
  "format_version": "1.10.0",
  "minecraft:client_entity": {
    "description": {
      "identifier": "ybh:xans",
      "materials": {
            "default": "entity_alphatest",
            "wings": "entity_alphatest",
            "x": "entity_alphatest",
            "a": "uuu",
            "b": "entity_alphatest",
            "c": "entity_alphatest",
            "d": "entity_alphatest"
            },
      "textures": {
        "default": "textures/xans/sansx",
        "wings": "textures/xans/x_wings",
        "x": "textures/xans/x_wings",
        "a": "textures/xans/wings2",
        "b": "textures/xans/xans_eyes",
        "c": "textures/xans/xans_mouth",
        "d": "textures/xans/xans_hat"
      },
      "geometry": {
        "default": "geometry.xans_model",
        "wings": "geometry.xans_wings",
        "x": "geometry.xans_hl2",
        "a": "geometry.xans_wings2",
        "b": "geometry.xans_eyes",
        "c": "geometry.xans_mouth",
        "d": "geometry.xans_hat"
      },
      "spawn_egg": {
       "texture": "xans",
         "texture_index": 999
         },
         "particle_effects": {
        "virus": "ybh:virus",
        "error": "ybh:x_error_sans",
        "0_a_1_error": "ybh:0_a_1_error",
        "x_error": "ybh:x_error",
        "virus2": "ybh:virus2",
        "01": "ybh:01"
      },
      "scripts": {
       "animate": [
       "move",
       "p"
       ],
        "pre_animation": [
          "variable.tcos0 = (Math.cos(query.modified_distance_moved * 38.17) * query.modified_move_speed / variable.gliding_speed_value) * 57.3;",
          "variable.tcos1 = -variable.tcos0;"
        ]
      },
      "animations": {
        "move": "animation.xans.move",
        "p": "controller.animation.xans.p"
      },
      "render_controllers": [ 
      "controller.render.xans.ybh", 
      "controller.render.xans.wings", 
      "controller.render.xans.xansx2", 
      "controller.render.xans.xa", 
      "controller.render.xans.xb",
      "controller.render.xans.xc",
      "controller.render.xans.xd"
       ],
       "enable_attachables": true
    }
  }
}
