{
  "format_version":"1.16.0",
  "minecraft:entity":{
    "description":{
      "identifier":"plant:cherry_bomb",
      "is_spawnable":true,
      "is_summonable":true,
      "is_experimental":false
    },
    "component_groups":{
      "serp:set":{"minecraft:is_shaking":{},"minecraft:timer":{"looping":true,"time":3,"time_down_event":{"event":"serp:exploding"}}},
      "serp:despawn":{"minecraft:transformation":{"into":"serp:despawn","delay":{"value":0.1}}}
    },
    "components":{
      "minecraft:mark_variant":{"value":3},
	    "minecraft:is_shaking":{},
      "minecraft:knockback_resistance":{"value":1},
      "minecraft:type_family":{"family":["plants","cherry_bomb"]},
      "minecraft:health":{"value":1},
      "minecraft:damage_sensor":{"triggers":[{"on_damage":{"filters":{"test":"has_damage","value":"fatal"}},"deals_damage":false}]},
      "minecraft:collision_box":{"width":0.65,"height":0.75},
      "minecraft:physics":{},
      "minecraft:pushable":{"is_pushable":false,"is_pushable_by_piston":true}
    },
    "events":{
"minecraft:entity_spawned":{"add":{"component_groups":["serp:set"]}},
"serp:exploding":{"queue_command":{"command":["particle serp:powie ~~~","particle serp:powie_mol ~~~","playsound mob.cherry_bomb.explode @p ~~~ 2","damage @e[family=!player,family=!plants,r=3,tag=!riding] 50 none","event entity @e[family=!player,family=!plants,r=3,tag=!riding] serp:burned"]},"add":{"component_groups":["serp:despawn"]}},
"serp:remove":{"add":{"component_groups":["serp:despawn"]}}
    }
  }
}