{
  "format_version":"1.16.0",
  "minecraft:entity":{
    "description":{
      "identifier":"plant:doom_shroom",
      "is_spawnable":true,
      "is_summonable":true,
      "is_experimental":false
    },
    "component_groups":{
      "serp:night":{"minecraft:is_shaking":{},"minecraft:timer":{"looping":true,"time":5,"time_down_event":{"event":"serp:exploding"}}},
      "serp:despawn":{"minecraft:instant_despawn":{}}
    },
    "components":{
      "minecraft:mark_variant":{"value":3},
      "minecraft:type_family":{"family":["plants","doom_shroom"]},
      "minecraft:ageable":{"duration":600,"grow_up":{"event":"serp:remove"}},
      "minecraft:knockback_resistance":{"value":1},
      "minecraft:collision_box":{"width":0.5,"height":0.8},
      "minecraft:health":{"value":10},
      "minecraft:scheduler":{
        "scheduled_events":[
{"filters":{"test":"is_daytime","value":true},"event":"serp:day"},
{"filters":{"test":"is_daytime","value":false},"event":"serp:night"}
        ]
      },
      "minecraft:damage_sensor":{
        "triggers":[
{"on_damage":{"filters":{"test":"is_daytime","value":false}},"deals_damage":false},
{"on_damage":{"filters":{"test":"has_damage","value":"fatal"},"event":"serp:remove"},"deals_damage":false},
{"on_damage":{"filters":{"all_of":[{"test":"is_family","subject":"other","operator":"!=","value":"monster"},{"test":"is_family","subject":"other","operator":"!=","value":"mob"}]}},"deals_damage":false}
        ]
      },
      "minecraft:physics":{},
      "minecraft:behavior.look_at_entity":{"priority":4,"look_distance":8,"probability":1,"look_time":1,"filters":{"test":"is_family","subject":"other","value":"monster"}},
      "minecraft:pushable":{"is_pushable":false,"is_pushable_by_piston":true}
   },
    "events":{
"serp:exploding":{"queue_command":{"command":["particle serp:doom_shroom1 ~~0.4~","particle serp:doom_shroom2 ~~1~","particle serp:doom_shroom3 ~~4~","playsound mob.doom_shroom.explode @p ~~~ 2","damage @e[family=!lawn_mower,family=!plants,r=15] 80 none","event entity @e[family=!lawn_mower,family=!plants,r=15] serp:burned"]},"add":{"component_groups":["serp:despawn"]}},
"serp:day":{"remove":{"component_groups":["serp:night"]}},
"serp:night":{"add":{"component_groups":["serp:night"]}},
"serp:remove":{"add":{"component_groups":["serp:despawn"]}}
    }
  }
}