{
  "format_version":"1.16.0",
  "minecraft:entity":{
    "description":{
      "identifier":"plant:jalapeno",
      "is_spawnable":true,
      "is_summonable":true,
      "is_experimental":false
    },
    "component_groups":{
      "serp:explode":{
      "minecraft:is_shaking":{},
	"minecraft:transformation":{"into":"serp:despawn","delay":{"value":1.5}},
    "minecraft:behavior.summon_entity":{
      "summon_choices":[
          {
    "min_activation_range":0,"max_activation_range":16,"weight":3,
    "cooldown_time":5.0,"cast_duration":0.8,
    "particle_color":"#FF664D59","start_sound_event":"cast.spell",
    "sequence":[
{"shape":"line","base_delay":0.7,"delay_per_summon":0.05,"num_entities_spawned":12,"entity_type":"serp:jalapeno_fire","size":12,"entity_lifespan":0.9}
              ]
            }
          ]
        }
      },
      "serp:despawn":{"minecraft:instant_despawn":{}}
    },
    "components":{
      "minecraft:mark_variant":{"value":3},
      "minecraft:type_family":{"family":["plants","jalapeno"]},
      "minecraft:ageable":{"duration":1200,"grow_up":{"event":"serp:remove"}},
      "minecraft:knockback_resistance":{"value":1},
      "minecraft:collision_box":{"width":0.5,"height":0.8},
      "minecraft:health":{"value":1},
      "minecraft:damage_sensor":{"triggers":[{"on_damage":{"filters":{"test":"has_damage","value":"fatal"}},"deals_damage":false}]},
      "minecraft:entity_sensor":{
        "sensor_range":12,"relative_range":false,"minimum_count":1,
        "event_filters":{"all_of":[{"test":"has_tag","operator":"!=","value":"exploding"},{"test":"has_target"},{"test":"is_family","subject":"other","value":"monster"}]},"event":"serp:explode"
      },
      "minecraft:behavior.nearest_attackable_target":{"priority":0,"must_see":true,"reselect_targets":true,"within_radius":16,
        "entity_types":[
{"filters":{"test":"is_family","subject":"other","value":"monster"}}
        ]
      },
      "minecraft:physics":{},
      "minecraft:behavior.look_at_entity":{"priority":4,"look_distance":8,"probability":1,"look_time":1,"filters":{"test":"is_family","subject":"other","value":"monster"}},
      "minecraft:pushable":{"is_pushable":false,"is_pushable_by_piston":true}
   },
    "events":{
"serp:explode":{"queue_command":{"command":["tag @s add exploding","tp @s ~~0.2~ facing @e[family=monster,c=1]"]},"add":{"component_groups":["serp:explode"]}},
"serp:remove":{"add":{"component_groups":["serp:despawn"]}}
    }
  }
}