{
  "format_version":"1.16.0",
  "minecraft:entity":{
    "description":{
      "identifier":"plant:potatomine",
      "is_spawnable":true,
      "is_summonable":true,
      "is_experimental":false
    },
    "component_groups":{
      "serp:off":{"minecraft:variant":{"value":0},"minecraft:type_family":{"family":["hidden","plants"]},"minecraft:collision_box":{"width":0.2,"height":0.4},"minecraft:timer":{"looping":false,"time":25,"time_down_event":{"event":"serp:on"}}},
      "serp:on":{"minecraft:variant":{"value":1},"minecraft:type_family":{"family":["plants","potatomine"]},"minecraft:collision_box":{"width":0.5,"height":0.7},"minecraft:entity_sensor":{"sensor_range":0.5,"relative_range":false,"minimum_count":1,"event_filters":{"all_of":[{"test":"is_family","subject":"other","value":"monster"},{"test":"has_tag","subject":"other","operator":"!=","value":"hypnotized"}]},"event":"serp:explode"}},
      "serp:despawn":{"minecraft:instant_despawn":{}}
    },
    "components":{
      "minecraft:mark_variant":{"value":3},
      "minecraft:knockback_resistance":{"value":1},
      "minecraft:ageable":{"duration":1200,"grow_up":{"event":"serp:remove"}},
      "minecraft:health":{"value":30},
      "minecraft:damage_sensor":{
        "triggers":[
{"on_damage":{"filters":{"test":"has_damage","value":"fatal"},"event":"serp:remove"},"deals_damage":false},
{"on_damage":{"filters":{"all_of":[{"test":"is_family","subject":"other","operator":"!=","value":"monster"},{"test":"is_family","subject":"other","operator":"!=","value":"mob"}]}},"deals_damage":false}
        ]
      },
      "minecraft:hurt_on_condition":{"damage_conditions":[{"filters":{"test":"in_lava"},"cause":"lava","damage_per_tick":4}]},
      "minecraft:physics":{},
      "minecraft:behavior.look_at_entity":{"priority":4,"look_distance":8,"probability":1,"look_time":1,"filters":{"test":"is_family","subject":"other","value":"monster"}},
      "minecraft:pushable":{"is_pushable":false,"is_pushable_by_piston":true}
    },
    "events":{
"minecraft:entity_spawned":{"add":{"component_groups":["serp:off"]},"queue_command":{"command":["tp @s ~~~ 0"]}},
"serp:rotate":{"queue_command":{"command":["tp @s ~~0.2~~90~"]}},
"serp:remove":{"add":{"component_groups":["serp:despawn"]}},
"serp:on":{"add":{"component_groups":["serp:on"]},"remove":{"component_groups":["serp:off"]}},
"serp:explode":{"add":{"component_groups":["serp:despawn"]},"remove":{"component_groups":["serp:on"]},"queue_command":{"command":["function potatomine"]}}
    }
  }
}