{
  "format_version":"1.16.0",
  "minecraft:entity":{
    "description":{
      "identifier":"plant:snow_pea",
      "is_spawnable":true,
      "is_summonable":true,
      "is_experimental":false
    },
    "component_groups":{
      "serp:despawn":{"minecraft:instant_despawn":{}}
    },
    "components":{
      "minecraft:mark_variant":{"value":2},
      "minecraft:collision_box":{"width":0.6,"height":1.1},
      "minecraft:ageable":{"duration":1200,"grow_up":{"event":"serp:remove"}},
      "minecraft:knockback_resistance":{"value":1},
      "minecraft:type_family":{"family":["plants","snow_pea"]},
      "minecraft:health":{"value":20},
      "minecraft:damage_sensor":{
        "triggers":[
{"on_damage":{"filters":{"test":"has_damage","value":"fatal"},"event":"serp:remove"},"deals_damage":false},
{"on_damage":{"filters":{"all_of":[{"test":"is_family","subject":"other","operator":"!=","value":"monster"},{"test":"is_family","subject":"other","operator":"!=","value":"mob"}]}},"deals_damage":false}
        ]
      },
      "minecraft:navigation.walk":{},
      "minecraft:hurt_on_condition":{"damage_conditions":[{"filters":{"test":"in_lava"},"cause":"lava","damage_per_tick":4}]},
      "minecraft:shooter":{"def":"serp:pea<serp:frozen>"},
      "minecraft:behavior.ranged_attack":{"priority":0,"attack_interval":0.7,"attack_radius":16.0,"swing":true},
      "minecraft:behavior.hurt_by_target":{"priority":1},
      "minecraft:behavior.nearest_attackable_target":{"priority":2,"must_see":true,"reselect_targets":true,"within_radius":16,
        "entity_types":[
{"filters":{"all_of":[{"test":"is_family","subject":"other","value":"monster"},{"test":"has_tag","subject":"other","operator":"!=","value":"hypnotized"}]}}
        ]
      },
      "minecraft:physics":{},
      "minecraft:behavior.look_at_entity":{"priority":4,"look_distance":8,"probability":1,"look_time":1,"filters":{"test":"is_family","subject":"other","value":"monster"}},
      "minecraft:pushable":{"is_pushable":false,"is_pushable_by_piston":true}
   },
    "events":{
"serp:remove":{"add":{"component_groups":["serp:despawn"]}}
    }
  }
}