{
	"format_version": "1.8.0",
	"animations": {
		"animation.spearow.quiet": {
			"loop": true,
			"animation_length": 0.8,
			"bones": {
				"head": {
					"position": {
						"0.0": {
							"post": [0, 0, 0],
							"lerp_mode": "catmullrom"
						},
						"0.4": {
							"post": [0, -1, -1],
							"lerp_mode": "catmullrom"
						},
						"0.8": {
							"post": [0, 0, 0],
							"lerp_mode": "catmullrom"
						}
					}
				},
				"body": {
					"rotation": {
						"0.0": {
							"post": [0, 0, 0],
							"lerp_mode": "catmullrom"
						},
						"0.4": {
							"post": [5, 0, 0],
							"lerp_mode": "catmullrom"
						},
						"0.8": {
							"post": [0, 0, 0],
							"lerp_mode": "catmullrom"
						}
					}
				},
				"quiet_wings": {
					"rotation": {
						"0.0": {
							"post": [0, 0, 0],
							"lerp_mode": "catmullrom"
						},
						"0.5": {
							"post": [-10, 0, 0],
							"lerp_mode": "catmullrom"
						},
						"0.8": {
							"post": [0, 0, 0],
							"lerp_mode": "catmullrom"
						}
					}
				}
			}
		},
		"animation.spearow.walk": {
			"loop": true,
			"animation_length": 0.6,
			"bones": {
				"spearow": {
					"position": {
						"0.0": {
							"post": [0, 1, 0],
							"lerp_mode": "catmullrom"
						},
						"0.3": {
							"post": [0, 0, 0],
							"lerp_mode": "catmullrom"
						},
						"0.6": {
							"post": [0, 1, 0],
							"lerp_mode": "catmullrom"
						}
					}
				},
				"head": {
					"position": {
						"0.0": {
							"post": [0, -2, -2],
							"lerp_mode": "catmullrom"
						}
					}
				},
				"flying_wing_right": {
					"rotation": {
						"0.0": {
							"post": [0, 0, -25],
							"lerp_mode": "catmullrom"
						},
						"0.4": {
							"post": [0, 0, 25],
							"lerp_mode": "catmullrom"
						},
						"0.6": {
							"post": [0, 0, -25],
							"lerp_mode": "catmullrom"
						}
					},
					"scale": {
						"0.0": {
							"post": [1.2, 1, 1.2],
							"lerp_mode": "catmullrom"
						}
					}
				},
				"legs": {
					"rotation": {
						"0.0": {
							"post": [50, 0, 0],
							"lerp_mode": "catmullrom"
						},
						"0.4": {
							"post": [30, 0, 0],
							"lerp_mode": "catmullrom"
						},
						"0.6": {
							"post": [50, 0, 0],
							"lerp_mode": "catmullrom"
						}
					}
				},
				"flying_wing_left": {
					"rotation": {
						"0.0": {
							"post": [0, 0, 25],
							"lerp_mode": "catmullrom"
						},
						"0.4": {
							"post": [0, 0, -25],
							"lerp_mode": "catmullrom"
						},
						"0.6": {
							"post": [0, 0, 25],
							"lerp_mode": "catmullrom"
						}
					},
					"scale": {
						"0.0": {
							"post": [1.2, 1, 1.2],
							"lerp_mode": "catmullrom"
						}
					}
				}
			}
		},
		"animation.spearow.sitting": {
			"loop": true,
			"bones": {
				"head": {
					"position": [0, -1, -1]
				},
				"body": {
					"rotation": [15, 0, 0],
					"position": [0, 0, 0]
				}
			}
		},
		"animation.spearow.attack": {
			"loop": true,
			"bones": {
				"flying_wings": {
					"rotation": [-47.5, 0, 0],
					"position": [0, -3, 0]
				},
				"flying_wing_right": {
					"rotation": [0, 0, -50]
				},
				"legs": {
					"rotation": [-60, 0, 0],
					"position": [0, 0, -1]
				},
				"flying_wing_left": {
					"rotation": [0, 0, 50]
				}
			}
		},
		"animation.spearow.direction": {
			"loop": true,
			"bones": {
				"spearow": {
					"rotation": ["query.vertical_speed * -3.0", 0, "-math.max(-20,math.min(20,query.yaw_speed))"]
				}
			}
		},
		"animation.spearow.health_bar": {
			"loop": true,
			"bones": {
				"health_hover": {
					"rotation": ["q.camera_rotation(0)", "q.camera_rotation(1)-q.body_y_rotation", 0],
					"position": [0, 22, 0],
					"scale": "query.is_in_ui?0:1.5"
				},
				"bar_green": {
					"scale": ["query.health/query.max_health*1", 1, 1]
				},
				"bar_black": {
					"scale": ["(1)+(query.health/query.max_health*-1)", 1, 1]
				}
			}
		}
	}
}