{
	"format_version": "1.8.0",
	"animations": {
		"animation.charizard.quiet": {
			"loop": true,
			"animation_length": 1.6,
			"bones": {
				"head": {
					"position": {
						"0.0": {
							"post": [0, -3, -7],
							"lerp_mode": "catmullrom"
						},
						"0.8": {
							"post": [0, -6, -13],
							"lerp_mode": "catmullrom"
						},
						"1.6": {
							"post": [0, -3, -7],
							"lerp_mode": "catmullrom"
						}
					},
					"scale": 0.8
				},
				"mouth": {
					"rotation": {
						"0.0": {
							"post": [10, 0, 0],
							"lerp_mode": "catmullrom"
						},
						"0.8": {
							"post": [25, 0, 0],
							"lerp_mode": "catmullrom"
						},
						"1.6": {
							"post": [10, 0, 0],
							"lerp_mode": "catmullrom"
						}
					}
				},
				"neck": {
					"rotation": {
						"0.0": {
							"post": [30, 0, 0],
							"lerp_mode": "catmullrom"
						},
						"0.8": {
							"post": [55, 0, 0],
							"lerp_mode": "catmullrom"
						},
						"1.6": {
							"post": [30, 0, 0],
							"lerp_mode": "catmullrom"
						}
					},
					"position": {
						"0.0": {
							"post": [0, 0, -4],
							"lerp_mode": "catmullrom"
						},
						"0.8": {
							"post": [0, -1, -7],
							"lerp_mode": "catmullrom"
						},
						"1.6": {
							"post": [0, 0, -4],
							"lerp_mode": "catmullrom"
						}
					},
					"scale": 0.8
				},
				"body_root": {
					"rotation": {
						"0.0": {
							"post": [10, 0, 0],
							"lerp_mode": "catmullrom"
						},
						"0.8": {
							"post": [25, 0, 0],
							"lerp_mode": "catmullrom"
						},
						"1.6": {
							"post": [10, 0, 0],
							"lerp_mode": "catmullrom"
						}
					}
				},
				"tail": {
					"rotation": {
						"0.0": {
							"post": [0, 35, 0],
							"lerp_mode": "catmullrom"
						},
						"0.8": {
							"post": [0, 15, 0],
							"lerp_mode": "catmullrom"
						},
						"1.6": {
							"post": [0, 35, 0],
							"lerp_mode": "catmullrom"
						}
					},
					"position": {
						"0.0": {
							"post": [2, 0, 0],
							"lerp_mode": "catmullrom"
						},
						"0.8": {
							"post": [0, 0, 0],
							"lerp_mode": "catmullrom"
						},
						"1.6": {
							"post": [2, 0, 0],
							"lerp_mode": "catmullrom"
						}
					}
				},
				"right_arm": {
					"rotation": {
						"0.0": {
							"post": [0, 0, 0],
							"lerp_mode": "catmullrom"
						},
						"0.8": {
							"post": [0, 0, 20],
							"lerp_mode": "catmullrom"
						},
						"1.6": {
							"post": [0, 0, 0],
							"lerp_mode": "catmullrom"
						}
					}
				},
				"left_arm": {
					"rotation": {
						"0.0": {
							"post": [0, 0, 0],
							"lerp_mode": "catmullrom"
						},
						"0.8": {
							"post": [0, 0, -20],
							"lerp_mode": "catmullrom"
						},
						"1.6": {
							"post": [0, 0, 0],
							"lerp_mode": "catmullrom"
						}
					}
				},
				"right_wing": {
					"rotation": {
						"0.0": {
							"post": [0, 40, -40],
							"lerp_mode": "catmullrom"
						},
						"0.6": {
							"post": [0, 40, -10],
							"lerp_mode": "catmullrom"
						},
						"1.6": {
							"post": [0, 40, -40],
							"lerp_mode": "catmullrom"
						}
					},
					"scale": [0.8, 1, 1]
				},
				"bone": {
					"rotation": [0, -60, 0]
				},
				"left_wing": {
					"rotation": {
						"0.0": {
							"post": [0, -40, 40],
							"lerp_mode": "catmullrom"
						},
						"0.6": {
							"post": [0, -40, 10],
							"lerp_mode": "catmullrom"
						},
						"1.6": {
							"post": [0, -40, 40],
							"lerp_mode": "catmullrom"
						}
					},
					"scale": [0.8, 1, 1]
				},
				"bone2": {
					"rotation": [0, 60, 0]
				},
				"right_leg": {
					"rotation": {
						"0.0": {
							"post": [0, 0, 0],
							"lerp_mode": "catmullrom"
						},
						"0.8": {
							"post": [0, 10, 0],
							"lerp_mode": "catmullrom"
						},
						"1.6": {
							"post": [0, 0, 0],
							"lerp_mode": "catmullrom"
						}
					}
				},
				"left_leg": {
					"rotation": [0, -15, 0],
					"position": {
						"0.0": {
							"post": [0, 0, -3],
							"lerp_mode": "catmullrom"
						},
						"0.8": {
							"post": [0, 0, -4],
							"lerp_mode": "catmullrom"
						},
						"1.6": {
							"post": [0, 0, -3],
							"lerp_mode": "catmullrom"
						}
					}
				},
				"flame": {
					"rotation": [-5, 0, -5]
				}
			}
		},
		"animation.charizard.walk": {
			"loop": true,
			"animation_length": 0.6,
			"bones": {
				"root": {
					"rotation": [15, 0, 0],
					"position": [0, 0, 4]
				},
				"charizard": {
					"position": {
						"0.0": {
							"post": [0, 0, 0],
							"lerp_mode": "catmullrom"
						},
						"0.3": {
							"post": [0, 2, 0],
							"lerp_mode": "catmullrom"
						},
						"0.6": {
							"post": [0, 0, 0],
							"lerp_mode": "catmullrom"
						}
					}
				},
				"head": {
					"position": {
						"0.0": {
							"post": [0, -10, -18],
							"lerp_mode": "catmullrom"
						},
						"0.3": {
							"post": [0, -10, -18],
							"lerp_mode": "catmullrom"
						},
						"0.6": {
							"post": [0, -10, -18],
							"lerp_mode": "catmullrom"
						}
					},
					"scale": 0.8
				},
				"neck": {
					"rotation": {
						"0.0": {
							"post": [65, 0, 0],
							"lerp_mode": "catmullrom"
						},
						"0.3": {
							"post": [65, 0, 0],
							"lerp_mode": "catmullrom"
						},
						"0.6": {
							"post": [65, 0, 0],
							"lerp_mode": "catmullrom"
						}
					},
					"position": {
						"0.0": {
							"post": [0, -3, -11],
							"lerp_mode": "catmullrom"
						},
						"0.3": {
							"post": [0, -3, -10],
							"lerp_mode": "catmullrom"
						},
						"0.6": {
							"post": [0, -3, -11],
							"lerp_mode": "catmullrom"
						}
					},
					"scale": 0.8
				},
				"body_root": {
					"rotation": [40, 0, 0]
				},
				"tail": {
					"rotation": {
						"0.0": {
							"post": [0, 0, 0],
							"lerp_mode": "catmullrom"
						},
						"0.3": {
							"post": [-15, 0, 0],
							"lerp_mode": "catmullrom"
						},
						"0.6": {
							"post": [0, 0, 0],
							"lerp_mode": "catmullrom"
						}
					}
				},
				"arms": {
					"rotation": {
						"0.0": {
							"post": [0, 0, 0],
							"lerp_mode": "catmullrom"
						},
						"0.4": {
							"post": [25, 0, 0],
							"lerp_mode": "catmullrom"
						},
						"0.6": {
							"post": [0, 0, 0],
							"lerp_mode": "catmullrom"
						}
					}
				},
				"right_wing": {
					"rotation": {
						"0.0": {
							"post": [0, 30, 0],
							"lerp_mode": "catmullrom"
						},
						"0.2": {
							"post": [0, -35, 0],
							"lerp_mode": "catmullrom"
						},
						"0.6": {
							"post": [0, 30, 0],
							"lerp_mode": "catmullrom"
						}
					},
					"scale": [1.6, 1.4, 1]
				},
				"bone": {
					"rotation": {
						"0.0": {
							"post": [0, 30, 0],
							"lerp_mode": "catmullrom"
						},
						"0.3": {
							"post": [0, -45, 0],
							"lerp_mode": "catmullrom"
						},
						"0.6": {
							"post": [0, 30, 0],
							"lerp_mode": "catmullrom"
						}
					}
				},
				"left_wing": {
					"rotation": {
						"0.0": {
							"post": [0, -30, 0],
							"lerp_mode": "catmullrom"
						},
						"0.2": {
							"post": [0, 35, 0],
							"lerp_mode": "catmullrom"
						},
						"0.6": {
							"post": [0, -30, 0],
							"lerp_mode": "catmullrom"
						}
					},
					"scale": [1.6, 1.4, 1]
				},
				"bone2": {
					"rotation": {
						"0.0": {
							"post": [0, -30, 0],
							"lerp_mode": "catmullrom"
						},
						"0.3": {
							"post": [0, 45, 0],
							"lerp_mode": "catmullrom"
						},
						"0.6": {
							"post": [0, -30, 0],
							"lerp_mode": "catmullrom"
						}
					}
				},
				"legs": {
					"rotation": {
						"0.0": {
							"post": [55, 0, 0],
							"lerp_mode": "catmullrom"
						},
						"0.2": {
							"post": [40, 0, 0],
							"lerp_mode": "catmullrom"
						},
						"0.6": {
							"post": [55, 0, 0],
							"lerp_mode": "catmullrom"
						}
					},
					"position": [0, 0, -5]
				},
				"flame": {
					"rotation": [-90, 0, 0]
				}
			}
		},
		"animation.charizard.sitting": {
			"loop": true,
			"bones": {
				"charizard": {
					"position": [0, -4, 0]
				},
				"head": {
					"position": [0, -4, -8],
					"scale": 0.8
				},
				"neck": {
					"rotation": [40, 0, 0],
					"position": [0, 0, -3],
					"scale": 0.8
				},
				"body_root": {
					"rotation": [10, 0, 0]
				},
				"tail": {
					"rotation": [70, 0, 30],
					"position": [1, 0, 0]
				},
				"right_wing": {
					"rotation": [0, 30, -30],
					"scale": [0.8, 1, 1]
				},
				"bone": {
					"rotation": [0, -50, 0]
				},
				"left_wing": {
					"rotation": [0, -30, 30],
					"scale": [0.8, 1, 1]
				},
				"bone2": {
					"rotation": [0, 50, 0]
				},
				"legs": {
					"rotation": [-60, 0, 0],
					"position": [0, -2, 0]
				},
				"right_leg": {
					"rotation": [0, 0, 15]
				},
				"left_leg": {
					"rotation": [0, 0, -15]
				},
				"flame": {
					"rotation": [-75, -30, -10]
				}
			}
		},
		"animation.charizard.attack": {
			"loop": true,
			"animation_length": 0.8,
			"bones": {
				"head": {
					"position": [0, -12, -15],
					"scale": 0.8
				},
				"mouth": {
					"rotation": [45, 0, 0],
					"position": [0, -1, 0]
				},
				"neck": {
					"rotation": [75, 0, 0],
					"position": [0, -4, -7],
					"scale": 0.8
				},
				"body_root": {
					"rotation": [40, 0, 0],
					"position": [0, 0, 3]
				},
				"tail": {
					"rotation": [0, 40, 0],
					"position": [1, 0, -2]
				},
				"right_arm": {
					"rotation": [0, 0, 35]
				},
				"left_arm": {
					"rotation": [0, 0, -35]
				},
				"right_wing": {
					"rotation": [0, -40, 0],
					"scale": [1.6, 1, 1]
				},
				"bone": {
					"rotation": [0, -40, 0]
				},
				"left_wing": {
					"rotation": [0, 40, 0],
					"scale": [1.6, 1, 1]
				},
				"bone2": {
					"rotation": [0, 40, 0]
				},
				"legs": {
					"rotation": [30, 0, 0]
				},
				"flame": {
					"rotation": [-55, 0, 0]
				},
				"root": {
					"position": [0, 2, 0]
				}
			}
		},
		"animation.charizard.direction": {
			"loop": true,
			"bones": {
				"charizard": {
					"rotation": ["query.vertical_speed * -3.0", 0, "-math.max(-20,math.min(20,query.yaw_speed))"]
				},
				"tail": {
					"rotation": [0, 0, "math.max(-35,math.min(35,query.yaw_speed))"]
				}
			}
		}
	}
}