{
	"format_version": "1.8.0",
	"animations": {
		"animation.charmeleon.quiet": {
			"loop": true,
			"animation_length": 1.6,
			"bones": {
				"tail": {
					"rotation": {
						"0.0": {
							"post": [0, 0, 0],
							"lerp_mode": "catmullrom"
						},
						"0.8": {
							"post": [5, 0, 0],
							"lerp_mode": "catmullrom"
						},
						"1.6": {
							"post": [0, 0, 0],
							"lerp_mode": "catmullrom"
						}
					}
				},
				"right_arm": {
					"rotation": {
						"0.0": {
							"post": [0, 0, -15],
							"lerp_mode": "catmullrom"
						},
						"1.1": {
							"post": [0, 0, -5],
							"lerp_mode": "catmullrom"
						},
						"1.6": {
							"post": [0, 0, -15],
							"lerp_mode": "catmullrom"
						}
					}
				},
				"left_arm": {
					"rotation": {
						"0.0": {
							"post": [0, 0, 15],
							"lerp_mode": "catmullrom"
						},
						"1.1": {
							"post": [0, 0, 5],
							"lerp_mode": "catmullrom"
						},
						"1.6": {
							"post": [0, 0, 15],
							"lerp_mode": "catmullrom"
						}
					}
				},
				"body_root": {
					"rotation": {
						"0.0": {
							"post": [5, 0, 0],
							"lerp_mode": "catmullrom"
						},
						"0.8": {
							"post": [10, 0, 0],
							"lerp_mode": "catmullrom"
						},
						"1.6": {
							"post": [5, 0, 0],
							"lerp_mode": "catmullrom"
						}
					}
				},
				"arms": {
					"rotation": {
						"0.0": {
							"post": [-15, 0, 0],
							"lerp_mode": "catmullrom"
						},
						"0.8": {
							"post": [-5, 0, 0],
							"lerp_mode": "catmullrom"
						},
						"1.6": {
							"post": [-15, 0, 0],
							"lerp_mode": "catmullrom"
						}
					}
				},
				"right_hand": {
					"rotation": {
						"0.0": {
							"post": [0, -45, 0],
							"lerp_mode": "catmullrom"
						},
						"0.6": {
							"post": [0, -20, 0],
							"lerp_mode": "catmullrom"
						},
						"1.6": {
							"post": [0, -45, 0],
							"lerp_mode": "catmullrom"
						}
					}
				},
				"left_hand": {
					"rotation": {
						"0.0": {
							"post": [0, 45, 0],
							"lerp_mode": "catmullrom"
						},
						"0.6": {
							"post": [0, 20, 0],
							"lerp_mode": "catmullrom"
						},
						"1.6": {
							"post": [0, 45, 0],
							"lerp_mode": "catmullrom"
						}
					}
				}
			}
		},
		"animation.charmeleon.walk": {
			"loop": true,
			"animation_length": 0.8,
			"bones": {
				"charmeleon": {
					"position": {
						"0.0": {
							"post": [0, 2, 0],
							"lerp_mode": "catmullrom"
						},
						"0.2": {
							"post": [0, 0, 0],
							"lerp_mode": "catmullrom"
						},
						"0.4": {
							"post": [0, 2, 0],
							"lerp_mode": "catmullrom"
						},
						"0.6": {
							"post": [0, 0, 0],
							"lerp_mode": "catmullrom"
						},
						"0.8": {
							"post": [0, 2, 0],
							"lerp_mode": "catmullrom"
						}
					}
				},
				"body": {
					"rotation": {
						"0.0": {
							"post": [5, 0, 0],
							"lerp_mode": "catmullrom"
						},
						"0.2": {
							"post": [15, 0, 0],
							"lerp_mode": "catmullrom"
						},
						"0.4": {
							"post": [5, 0, 0],
							"lerp_mode": "catmullrom"
						},
						"0.6": {
							"post": [15, 0, 0],
							"lerp_mode": "catmullrom"
						},
						"0.8": {
							"post": [5, 0, 0],
							"lerp_mode": "catmullrom"
						}
					}
				},
				"right_leg": {
					"rotation": {
						"0.0": {
							"post": [-30, 0, 0],
							"lerp_mode": "catmullrom"
						},
						"0.4": {
							"post": [30, 0, 0],
							"lerp_mode": "catmullrom"
						},
						"0.8": {
							"post": [-30, 0, 0],
							"lerp_mode": "catmullrom"
						}
					}
				},
				"left_leg": {
					"rotation": {
						"0.0": {
							"post": [30, 0, 0],
							"lerp_mode": "catmullrom"
						},
						"0.4": {
							"post": [-30, 0, 0],
							"lerp_mode": "catmullrom"
						},
						"0.8": {
							"post": [30, 0, 0],
							"lerp_mode": "catmullrom"
						}
					}
				},
				"bone": {
					"rotation": {
						"0.0": {
							"post": [0, 25, 0],
							"lerp_mode": "catmullrom"
						},
						"0.4": {
							"post": [0, -25, 0],
							"lerp_mode": "catmullrom"
						},
						"0.8": {
							"post": [0, 25, 0],
							"lerp_mode": "catmullrom"
						}
					}
				},
				"head": {
					"position": {
						"0.0": {
							"post": [0, 0, -1],
							"lerp_mode": "catmullrom"
						},
						"0.2": {
							"post": [0, -1, -4],
							"lerp_mode": "catmullrom"
						},
						"0.4": {
							"post": [0, 0, -1],
							"lerp_mode": "catmullrom"
						},
						"0.6": {
							"post": [0, -1, -4],
							"lerp_mode": "catmullrom"
						},
						"0.8": {
							"post": [0, 0, -1],
							"lerp_mode": "catmullrom"
						}
					}
				},
				"tail": {
					"rotation": {
						"0.0": {
							"post": [0, -30, 0],
							"lerp_mode": "catmullrom"
						},
						"0.4": {
							"post": [0, 30, 0],
							"lerp_mode": "catmullrom"
						},
						"0.8": {
							"post": [0, -30, 0],
							"lerp_mode": "catmullrom"
						}
					},
					"position": {
						"0.0": {
							"post": [-1, 0, 0],
							"lerp_mode": "catmullrom"
						},
						"0.4": {
							"post": [1, 0, 0],
							"lerp_mode": "catmullrom"
						},
						"0.8": {
							"post": [-1, 0, 0],
							"lerp_mode": "catmullrom"
						}
					}
				},
				"arms": {
					"rotation": {
						"0.0": {
							"post": [0, 0, 0],
							"lerp_mode": "catmullrom"
						},
						"0.2": {
							"post": [-20, 0, 0],
							"lerp_mode": "catmullrom"
						},
						"0.4": {
							"post": [0, 0, 0],
							"lerp_mode": "catmullrom"
						},
						"0.6": {
							"post": [-20, 0, 0],
							"lerp_mode": "catmullrom"
						},
						"0.8": {
							"post": [0, 0, 0],
							"lerp_mode": "catmullrom"
						}
					},
					"position": {
						"0.0": {
							"post": [0, 0, 0],
							"lerp_mode": "catmullrom"
						},
						"0.2": {
							"post": [0, -1, -3],
							"lerp_mode": "catmullrom"
						},
						"0.4": {
							"post": [0, 0, 0],
							"lerp_mode": "catmullrom"
						},
						"0.6": {
							"post": [0, -1, -3],
							"lerp_mode": "catmullrom"
						},
						"0.8": {
							"post": [0, 0, 0],
							"lerp_mode": "catmullrom"
						}
					}
				},
				"right_hand": {
					"rotation": {
						"0.0": {
							"post": [0, -45, 0],
							"lerp_mode": "catmullrom"
						},
						"0.1": {
							"post": [0, -60, 0],
							"lerp_mode": "catmullrom"
						},
						"0.4": {
							"post": [0, -45, 0],
							"lerp_mode": "catmullrom"
						},
						"0.5": {
							"post": [0, -60, 0],
							"lerp_mode": "catmullrom"
						},
						"0.8": {
							"post": [0, -45, 0],
							"lerp_mode": "catmullrom"
						}
					}
				},
				"left_hand": {
					"rotation": {
						"0.0": {
							"post": [0, 45, 0],
							"lerp_mode": "catmullrom"
						},
						"0.1": {
							"post": [0, 60, 0],
							"lerp_mode": "catmullrom"
						},
						"0.4": {
							"post": [0, 45, 0],
							"lerp_mode": "catmullrom"
						},
						"0.5": {
							"post": [0, 60, 0],
							"lerp_mode": "catmullrom"
						},
						"0.8": {
							"post": [0, 45, 0],
							"lerp_mode": "catmullrom"
						}
					}
				},
				"right_foot": {
					"rotation": {
						"0.0": {
							"post": [-25, 0, 0],
							"lerp_mode": "catmullrom"
						},
						"0.6": {
							"post": [0, 0, 0],
							"lerp_mode": "catmullrom"
						},
						"0.8": {
							"post": [-25, 0, 0],
							"lerp_mode": "catmullrom"
						}
					}
				},
				"left_foot": {
					"rotation": {
						"0.0": {
							"post": [0, 0, 0],
							"lerp_mode": "catmullrom"
						},
						"0.6": {
							"post": [-25, 0, 0],
							"lerp_mode": "catmullrom"
						},
						"0.8": {
							"post": [0, 0, 0],
							"lerp_mode": "catmullrom"
						}
					}
				},
				"flame": {
					"rotation": [-45, 0, 0]
				}
			}
		},
		"animation.charmeleon.sitting": {
			"loop": true,
			"bones": {
				"charmeleon": {
					"position": [0, -7, 0]
				},
				"tail": {
					"rotation": [90, -10, -90],
					"position": [2, -0.5, -1]
				},
				"right_leg": {
					"rotation": [0, -20, 10]
				},
				"left_leg": {
					"rotation": [0, 20, -10]
				},
				"right_arm": {
					"rotation": [0, -65, 0],
					"position": [-1, 0, 0]
				},
				"left_arm": {
					"rotation": [0, 65, 0],
					"position": [1, 0, 0]
				},
				"head": {
					"position": [0, 0, -2]
				},
				"body": {
					"rotation": [10, 0, 0],
					"position": [0, 2, 0]
				},
				"arms": {
					"rotation": [20, 0, 0]
				},
				"right_hand": {
					"rotation": [0, -35, 0]
				},
				"left_hand": {
					"rotation": [0, 35, 0]
				},
				"legs": {
					"rotation": [-80, 0, 0],
					"position": [0, 1, -2]
				},
				"flame": {
					"rotation": [-35, -45, 90]
				}
			}
		},
		"animation.charmeleon.attack": {
			"loop": true,
			"bones": {
				"tail": {
					"rotation": [55, -10, 65]
				},
				"right_arm": {
					"rotation": [0, -45, 0],
					"position": [-1, -2, -3]
				},
				"left_arm": {
					"rotation": [0, -30, -30],
					"position": [0, -2, -4]
				},
				"right_leg": {
					"rotation": [0, -15, 0],
					"position": [0, 0, -3]
				},
				"left_leg": {
					"rotation": [0, -45, 0],
					"position": [-1, 0, 0]
				},
				"head": {
					"position": [0, -2, -6]
				},
				"body": {
					"rotation": [20, 0, 0]
				},
				"flame": {
					"rotation": [-75, -30, 0]
				},
				"right_hand": {
					"rotation": [0, -30, 0]
				},
				"left_hand": {
					"rotation": [0, 20, 0]
				}
			}
		}
	}
}