{
	"format_version": "1.8.0",
	"animations": {
		"animation.charmander.quiet": {
			"loop": true,
			"animation_length": 1.6,
			"bones": {
				"head": {
					"position": {
						"0.0": {
							"post": [0, 0, 0],
							"lerp_mode": "catmullrom"
						},
						"0.8": {
							"post": [0, -0.3, 0],
							"lerp_mode": "catmullrom"
						},
						"1.6": {
							"post": [0, 0, 0],
							"lerp_mode": "catmullrom"
						}
					}
				},
				"right_arm": {
					"rotation": {
						"0.0": {
							"post": [7.5, 0, 7.5],
							"lerp_mode": "catmullrom"
						},
						"0.8": {
							"post": [-7.5, 0, 0],
							"lerp_mode": "catmullrom"
						},
						"1.6": {
							"post": [7.5, 0, 7.5],
							"lerp_mode": "catmullrom"
						}
					}
				},
				"left_arm": {
					"rotation": {
						"0.0": {
							"post": [7.5, 0, -7.5],
							"lerp_mode": "catmullrom"
						},
						"0.8": {
							"post": [-7.5, 0, 0],
							"lerp_mode": "catmullrom"
						},
						"1.6": {
							"post": [7.5, 0, -7.5],
							"lerp_mode": "catmullrom"
						}
					}
				}
			}
		},
		"animation.charmander.walk": {
			"loop": true,
			"animation_length": 0.8,
			"bones": {
				"charmander": {
					"rotation": {
						"0.0": {
							"post": [0, 0, 5],
							"lerp_mode": "catmullrom"
						},
						"0.4": {
							"post": [0, 0, -5],
							"lerp_mode": "catmullrom"
						},
						"0.8": {
							"post": [0, 0, 5],
							"lerp_mode": "catmullrom"
						}
					},
					"position": {
						"0.0": {
							"post": [0, 1, 0],
							"lerp_mode": "catmullrom"
						},
						"0.2": {
							"post": [0, 0, 0],
							"lerp_mode": "catmullrom"
						},
						"0.4": {
							"post": [0, 1, 0],
							"lerp_mode": "catmullrom"
						},
						"0.6": {
							"post": [0, 0, 0],
							"lerp_mode": "catmullrom"
						},
						"0.8": {
							"post": [0, 1, 0],
							"lerp_mode": "catmullrom"
						}
					}
				},
				"right_arm": {
					"rotation": {
						"0.0": {
							"post": [-45, 0, 0],
							"lerp_mode": "catmullrom"
						},
						"0.4": {
							"post": [45, 0, 0],
							"lerp_mode": "catmullrom"
						},
						"0.8": {
							"post": [-45, 0, 0],
							"lerp_mode": "catmullrom"
						}
					}
				},
				"left_arm": {
					"rotation": {
						"0.0": {
							"post": [45, 0, 0],
							"lerp_mode": "catmullrom"
						},
						"0.4": {
							"post": [-45, 0, 0],
							"lerp_mode": "catmullrom"
						},
						"0.8": {
							"post": [45, 0, 0],
							"lerp_mode": "catmullrom"
						}
					}
				},
				"right_leg": {
					"rotation": {
						"0.0": {
							"post": [-45, 0, 0],
							"lerp_mode": "catmullrom"
						},
						"0.4": {
							"post": [45, 0, 0],
							"lerp_mode": "catmullrom"
						},
						"0.8": {
							"post": [-45, 0, 0],
							"lerp_mode": "catmullrom"
						}
					},
					"position": {
						"0.0": {
							"post": [0, 0, -1],
							"lerp_mode": "catmullrom"
						},
						"0.4": {
							"post": [0, 0, 1],
							"lerp_mode": "catmullrom"
						},
						"0.8": {
							"post": [0, 0, -1],
							"lerp_mode": "catmullrom"
						}
					}
				},
				"left_leg": {
					"rotation": {
						"0.0": {
							"post": [45, 0, 0],
							"lerp_mode": "catmullrom"
						},
						"0.4": {
							"post": [-45, 0, 0],
							"lerp_mode": "catmullrom"
						},
						"0.8": {
							"post": [45, 0, 0],
							"lerp_mode": "catmullrom"
						}
					},
					"position": {
						"0.0": {
							"post": [0, 0, 1],
							"lerp_mode": "catmullrom"
						},
						"0.4": {
							"post": [0, 0, -1],
							"lerp_mode": "catmullrom"
						},
						"0.8": {
							"post": [0, 0, 1],
							"lerp_mode": "catmullrom"
						}
					}
				}
			}
		},
		"animation.charmander.sitting": {
			"loop": true,
			"bones": {
				"charmander": {
					"position": [0, -3, 0]
				},
				"flame": {
					"position": [0, -3, 3]
				},
				"right_leg": {
					"rotation": [-90, 15, 0],
					"position": [0, 1, -1]
				},
				"left_leg": {
					"rotation": [-90, -15, 0],
					"position": [0, 1, -1]
				}
			}
		},
		"animation.charmander.attack": {
			"loop": true,
			"animation_length": 0.8,
			"bones": {
				"charmander": {
					"rotation": [20, 0, 0]
				},
				"right_arm": {
					"rotation": [-110, -20, 0]
				},
				"left_arm": {
					"rotation": [0, -30, -30]
				},
				"right_leg": {
					"rotation": [25, 0, 42.5]
				},
				"left_leg": {
					"rotation": [-20, 0, 0]
				}
			}
        }
	}
}