{
	"format_version": "1.10.0",
	"particle_effect": {
		"description": {
			"identifier": "ag3d:dirt",
			"basic_render_parameters": {
				"material": "particles_blend",
				"texture": "textures/particle/dirt"
			}
		},
		"components": {
			"minecraft:emitter_rate_instant": {
				"num_particles": 30
			},
			"minecraft:emitter_lifetime_once": {
				"active_time": 0.1
			},
			"minecraft:emitter_shape_sphere": {
				"offset": [0, -0.5, 0],
				"radius": 0.1,
				"surface_only": true,
				"direction": ["math.random(0.3,-0.3)", 0, "math.random(0.3,-0.3)"]
			},
			"minecraft:particle_lifetime_expression": {
				"max_lifetime": 5
			},
			"minecraft:particle_initial_spin": {
				"rotation": "math.random(360,-360)",
				"rotation_rate": 10
			},
			"minecraft:particle_initial_speed": "math.random(0,7) ",
			"minecraft:particle_motion_dynamic": {
				"linear_acceleration": [0, -10, 0],
				"linear_drag_coefficient": 0.1
			},
			"minecraft:particle_appearance_billboard": {
				"size": ["v.particle_age * 0.2 + 0.3", "v.particle_age * 0.2 + 0.3"],
				"facing_camera_mode": "rotate_xyz",
				"uv": {
					"texture_width": 64,
					"texture_height": 61,
					"uv": [55, 2],
					"uv_size": [4, 4]
				}
			},
			"minecraft:particle_motion_collision": {
				"collision_drag": 1,
				"coefficient_of_restitution": 0.3,
				"collision_radius": 0.2
			},
			"minecraft:particle_appearance_lighting": {},
			"minecraft:particle_appearance_tinting": {
				"color": {
					"interpolant": "v.particle_age / v.particle_lifetime",
					"gradient": {
						"0.0": "#FFFFFFFF",
						"1.0": "#00FFFFFF"
					}
				}
			}
		}
	}
}