{
	"format_version": "1.10.0",
	"particle_effect": {
		"description": {
			"identifier": "xc:muzzle_flash",
			"basic_render_parameters": {
				"material": "particles_add",
				"texture": "textures/particle/particles"
			}
		},
		"components": {
			"minecraft:emitter_initialization": {
				"creation_expression": "variable.radius = 2.5;"
			},
			"minecraft:emitter_rate_instant": {
				"num_particles": 100
			},
			"minecraft:emitter_lifetime_once": {
				"active_time": 0.1
			},
			"minecraft:emitter_shape_point": {
				"direction": ["Math.random(-0.01, 0.01)", "Math.random(-0.01, 0.01)", "Math.random(0.3, 0)"]
			},
			"minecraft:particle_lifetime_expression": {
				"max_lifetime": 0.1
			},
			"minecraft:particle_initial_speed": "Math.random(0, 3.5)",
			"minecraft:particle_motion_dynamic": {
				"linear_drag_coefficient": 10
			},
			"minecraft:particle_appearance_billboard": {
				"size": ["0.10 + variable.particle_random_1*0.05", "0.10 + variable.particle_random_1*0.05"],
				"facing_camera_mode": "lookat_xyz",
				"uv": {
					"texture_width": 128,
					"texture_height": 128,
					"flipbook": {
						"base_UV": [8, 0],
						"size_UV": [8, 8],
						"step_UV": [8, 0],
						"frames_per_second": 8,
						"max_frame": 4,
						"stretch_to_lifetime": true,
						"loop": true
					}
				}
			},
			"minecraft:particle_appearance_tinting": {
				"color": {
					"interpolant": "v.particle_age / v.particle_lifetime",
					"gradient": {
						"0.0": "#00FFFFFF",
						"0.64": "#B5F3EA21",
						"0.77": "#D1EA0B0B",
						"0.89": "#78E46D0B"
					}
				}
			}
		}
	}
}