{
	"format_version": "1.10.0",
	"particle_effect": {
		"description": {
			"identifier": "ag3d:tickle",
			"basic_render_parameters": {
				"material": "particles_add",
				"texture": "textures/particle/orange"
			}
		},
		"components": {
			"minecraft:emitter_initialization": {
				"creation_expression": "variable.size = 0.2;variable.size_2 = 0.03;variable.lifetime = 0.6;"
			},
			"minecraft:emitter_rate_instant": {
				"num_particles": 15
			},
			"minecraft:emitter_lifetime_once": {
				"active_time": 0.01
			},
			"minecraft:emitter_shape_sphere": {
				"radius": 0.01,
				"surface_only": true,
				"direction": "outwards"
			},
			"minecraft:particle_lifetime_expression": {
				"max_lifetime": 0.6
			},
			"minecraft:particle_initial_speed": "math.random(2,20)",
			"minecraft:particle_motion_dynamic": {
				"linear_acceleration": [0, "math.random(-20,-30)", 0],
				"linear_drag_coefficient": 3
			},
			"minecraft:particle_appearance_billboard": {
				"size": ["variable.size*(variable.particle_random_1*variable.lifetime-variable.particle_age)", "variable.size_2*(variable.particle_random_1*variable.lifetime-variable.particle_age)"],
				"facing_camera_mode": "direction_x",
				"uv": {
					"texture_width": 32,
					"texture_height": 32,
					"uv": [0, 0],
					"uv_size": [32, 32]
				}
			},
			"minecraft:particle_motion_collision": {
				"enabled": 1,
				"collision_drag": 1,
				"coefficient_of_restitution": 0.3,
				"collision_radius": 0.01
			},
			"minecraft:particle_appearance_tinting": {
				"color": [1, 1, 1, 1]
			}
		}
	}
}