{
  "format_version": "1.20.80",
  "minecraft:block": {
    "description": {
      "identifier": "yes:reaper_summoner"
    },
    "components": {
			"minecraft:material_instances": {
				"*": {
					"texture": "reaper_summoner",
					"render_method": "blend"
        }
			},
      "minecraft:destructible_by_mining": false,
      "minecraft:destructible_by_explosion": false,
      "minecraft:map_color": "#000000",
      "minecraft:light_dampening": 0,
      "minecraft:light_emission": 0,
      "minecraft:loot": "loot_tables/empty.json"
    }
  }
}