{
	"format_version": "1.8.0",
	"minecraft:spawn_rules": {
		"description": {
			"identifier": "tt:blazeretorcido",
			"population_control": "monster"
		},
		"conditions": [
			{
				"minecraft:spawns_underground": {},
				"minecraft:difficulty_filter": {
					"min": "easy",
					"max": "hard"
				},
				"minecraft:weight": {
					"default": 5
				},
				"minecraft:spawns_on_block_filter": [
					"minecraft:warped_nylium"
				],
				"minecraft:biome_filter": {
					"value": "warped_forest",
					"all_of": [
						{
							"value": "nether"
						}
					]
				}
			}
		]
	}
}