{
	"format_version": "1.8.0",
	"minecraft:spawn_rules": {
		"description": {
			"identifier": "tt:fulgor",
			"population_control": "monster"
		},
		"conditions": [
			{
				"minecraft:spawns_underground": {},
				"minecraft:spawns_on_block_prevented_filter": [
					"minecraft:nether_wart_block",
					"minecraft:shroomlight"
				],
				"minecraft:difficulty_filter": {
					"min": "easy",
					"max": "hard"
				},
				"minecraft:weight": {
					"default": 10
				},
				"minecraft:herd": {
					"min_size": 1,
					"max_size": 1
				},
				"minecraft:biome_filter": {
					"test": "has_biome_tag",
					"operator": "==",
					"value": "spawn_magma_cubes"
				}
			},
			{
				"minecraft:spawns_underground": {},
				"minecraft:spawns_on_block_prevented_filter": [
					"minecraft:nether_wart_block",
					"minecraft:shroomlight"
				],
				"minecraft:difficulty_filter": {
					"min": "easy",
					"max": "hard"
				},
				"minecraft:weight": {
					"default": 100
				},
				"minecraft:herd": {
					"min_size": 1,
					"max_size": 1
				},
				"minecraft:biome_filter": {
					"test": "has_biome_tag",
					"operator": "==",
					"value": "spawn_many_magma_cubes"
				}
			}
		]
	}
}