{
	"format_version": "1.8.0",
	"minecraft:spawn_rules": {
		"description": {
			"identifier": "tt:petcarmesi",
			"population_control": "animal"
		},
		"conditions": [
			{
				"minecraft:spawns_underground": {},
				"minecraft:spawns_on_block_prevented_filter": [
					"minecraft:crimson_nylium",
					"minecraft:shroomlight"
				],
				"minecraft:difficulty_filter": {
					"min": "peaceful",
					"max": "hard"
				},
				"minecraft:weight": {
					"default": 20
				},
				"minecraft:herd": {
					"min_size": 0,
					"max_size": 1
				},
				"minecraft:biome_filter": {
					"test": "has_biome_tag",
					"operator": "==",
					"value": "crimson_forest"
				}
			}
		]
	}
}