{
    "format_version": "1.16.0",
    "minecraft:block": {
        "description": {
            "identifier": "block:body3",
            "register_to_creative_menu": true,
            "properties": {
                "models:facingdirection": [ 0, 1, 2, 3, 4 ]
            }
        },
        "components": {
            "minecraft:material_instances": {
                "*": {
                    "texture": "rskeleton",
                    "render_method": "alpha_test"
                }
            },
            "minecraft:pick_collision": {
                "origin":  [-3.5, 0, -3.5],
                "size":    [7.5, 12.5, 6.5]
            },
            "minecraft:entity_collision": {
                "origin":  [-3.5, 0, -3.5],
                "size":    [7.5, 12.5, 6.5]
            },
            "minecraft:loot": "loot_tables/entities/skeleton.json",
            "minecraft:geometry": "geometry.Body3",
            "minecraft:destroy_time": 2,
            "minecraft:flammable": {
                "flame_odds": 0,
                "burn_odds": 0
            },
            "minecraft:on_player_placing": {
                "event": "models:facingdirection"
            },
            "minecraft:block_light_emission": 0.0
        },
        "events": {
            "models:facingdirection": {
                "set_block_property": {
                    "models:facingdirection": "(query.cardinal_player_facing)"
                }
            }
        },
        "permutations": [
            {
                "condition": "query.block_property('models:facingdirection') == 1",
                "components": {
                    "minecraft:block_light_emission": 0.0
                }
            },
            {
                "condition": "query.block_property('models:facingdirection') == 2",
                "components": {
                    "minecraft:rotation": [ 0, 180, 0 ]
                }
            },
            {
                "condition": "query.block_property('models:facingdirection') == 3",
                "components": { 
                    "minecraft:rotation": [ 0, 90, 0 ]
                }
            },
            {
                "condition": "query.block_property('models:facingdirection') == 4",
                "components": {
                    "minecraft:rotation": [ 0, 270, 0 ]
                }
            }
        ]
    }
}