{
  "format_version": "1.13.0",
  "minecraft:structure_template_feature": {
    "description": {
      "identifier": "minecraft:small_farm_two_gabriel"
    },
    "structure_name": "mystructure:small_farm_two",
    "adjustment_radius": 8,
    "facing_direction": "random",
    "constraints": {
      "grounded": {},
      "block_intersection": {
        "block_whitelist": [
          "minecraft:air",
          "minecraft:grass",
		  "minecraft:dirt"
        ]
      }
    }
  }
}