{
	"format_version": "1.12.0",
	"minecraft:geometry": [
		{
			"description": {
				"identifier": "geometry.bonkers",
				"texture_width": 128,
				"texture_height": 128,
				"visible_bounds_width": 5,
				"visible_bounds_height": 5,
				"visible_bounds_offset": [0, 1.5, 0]
			},
			"bones": [
				{
					"name": "root",
					"pivot": [0, 0, 0]
				},
				{
					"name": "waist",
					"parent": "root",
					"pivot": [0, 12, 0]
				},
				{
					"name": "body",
					"parent": "waist",
					"pivot": [0, 13, 0]
				},
				{
					"name": "body2",
					"parent": "body",
					"pivot": [0, 3, 0],
					"cubes": [
						{"origin": [-4.75, 4.75, -1], "size": [9.5, 15.75, 7], "uv": [80, 90]},
						{"origin": [-8.75, 15.75, -4.25], "size": [17.5, 9, 10.5], "pivot": [0, 22.5, 1.75], "rotation": [7.5, 0, 0], "uv": [7, 59]},
						{"origin": [-6.75, 10.5, -2], "size": [13.5, 6, 8.5], "uv": [3, 31]}
					]
				},
				{
					"name": "head",
					"parent": "body2",
					"pivot": [0, 22.5, -3.25],
					"rotation": [12.5, 0, 0],
					"cubes": [
						{"origin": [-4.25, 16.75, -5.25], "size": [8.5, 7, 3.5], "uv": [10, 39]},
						{"origin": [-5.25, 21.75, -5.25], "size": [10.5, 5.75, 5.5], "pivot": [0, 25.125, -3], "rotation": [7.5, 0, 0], "uv": [95, 35]},
						{"origin": [-3.75, 14.75, -9.25], "size": [7.5, 9, 6.25], "pivot": [0, 18.75, -8], "rotation": [-7.5, 0, 0], "uv": [4, 6]},
						{"origin": [-4, 12.75, -12.25], "size": [8, 4, 7.25], "pivot": [0, 18.75, -8], "rotation": [-17.5, 0, 0], "uv": [8, 97]},
						{"origin": [-3.5, 21.17012, -9.84559], "size": [7, 2, 3], "pivot": [0, 21.92012, -9.09559], "rotation": [-45, 0, 0], "uv": [23, 22]},
						{"origin": [-0.75, 17.93296, -10.54138], "size": [1.5, 5, 3], "pivot": [0, 20.43296, -9.29138], "rotation": [-17.5, 0, 0], "uv": [29, 9]},
						{"origin": [-4.5, 22.04169, -12.13014], "size": [9, 4, 7.5], "pivot": [0.5, 24.04169, -7.63014], "rotation": [15, 0, 0], "uv": [96, 49]},
						{"origin": [-4, 21.5, -15.25], "size": [8, 4.5, 4], "uv": [101, 64]}
					]
				},
				{
					"name": "leftArm",
					"parent": "body",
					"pivot": [10.25, 23.75, 0]
				},
				{
					"name": "leftArm2",
					"parent": "leftArm",
					"pivot": [-14, 25, 0],
					"cubes": [
						{"origin": [8.75, 13, -1.5], "size": [3, 9, 3], "inflate": 0.25, "pivot": [12.25, 24, 0], "rotation": [0, 0, -17.5], "uv": [10, 111], "mirror": true},
						{"origin": [12.28594, 11.47762, -4.80812], "size": [3, 5.5, 3], "inflate": 0.75, "pivot": [13.78594, 12.47762, -3.30812], "rotation": [-67.5, 0, -17.5], "uv": [10, 111], "mirror": true},
						{"origin": [14.28594, 7.97762, -5.30812], "size": [1, 1.75, 3.5], "inflate": 1.5, "pivot": [13.78594, 12.47762, -3.30812], "rotation": [-67.5, 0, -17.5], "uv": [10, 111], "mirror": true},
						{"origin": [10.28594, 8.72762, -7.30812], "size": [4, 2, 3.5], "pivot": [13.78594, 12.47762, -3.30812], "rotation": [-67.5, 0, -17.5], "uv": [10, 111], "mirror": true},
						{"origin": [11.28594, 4.97762, -1.85812], "size": [5, 3.75, 1.4], "pivot": [13.78594, 12.47762, -3.30812], "rotation": [-67.5, 0, -17.5], "uv": [10, 111], "mirror": true},
						{"origin": [11.28594, 4.97762, -6.70812], "size": [5, 3.75, 1.4], "pivot": [13.78594, 12.47762, -3.30812], "rotation": [-67.5, 0, -17.5], "uv": [10, 111], "mirror": true},
						{"origin": [11.28594, 4.97762, -5.05812], "size": [5, 3.75, 1.4], "pivot": [13.78594, 12.47762, -3.30812], "rotation": [-67.5, 0, -17.5], "uv": [10, 111], "mirror": true},
						{"origin": [11.28594, 4.97762, -3.50812], "size": [5, 3.75, 1.4], "pivot": [13.78594, 12.47762, -3.30812], "rotation": [-67.5, 0, -17.5], "uv": [10, 111], "mirror": true},
						{"origin": [5.75, 22, -3.5], "size": [10, 2, 7], "uv": [8, 36], "mirror": true},
						{"origin": [14.75, 21.58579, -3.5], "size": [2, 2, 7], "pivot": [15.75, 22.58579, -1], "rotation": [0, 0, 45], "uv": [8, 36], "mirror": true},
						{"origin": [5.75, 17, -3.5], "size": [6, 5, 1], "uv": [8, 36], "mirror": true},
						{"origin": [8.59315, 18.80025, -3.5], "size": [4, 5.75, 1], "pivot": [10.09315, 19.05025, -3], "rotation": [0, 0, 45], "uv": [8, 36], "mirror": true},
						{"origin": [5.75, 17, 2.5], "size": [6, 5, 1], "uv": [8, 36], "mirror": true},
						{"origin": [8.59315, 18.80025, 2.5], "size": [4, 5.75, 1], "pivot": [10.09315, 19.05025, 3], "rotation": [0, 0, 45], "uv": [8, 36], "mirror": true}
					]
				},
				{
					"name": "leftItem",
					"parent": "leftArm",
					"pivot": [7, 26, 0]
				},
				{
					"name": "rightArm",
					"parent": "body",
					"pivot": [-10.25, 23.75, 0],
					"cubes": [
						{"origin": [-15.75, 22, -3.5], "size": [10, 2, 7], "uv": [8, 36]},
						{"origin": [-16.75, 21.58579, -3.5], "size": [2, 2, 7], "pivot": [-15.75, 22.58579, -1], "rotation": [0, 0, -45], "uv": [8, 36]},
						{"origin": [-11.75, 17, -3.5], "size": [6, 5, 1], "uv": [8, 36]},
						{"origin": [-12.59315, 18.80025, -3.5], "size": [4, 5.75, 1], "pivot": [-10.09315, 19.05025, -3], "rotation": [0, 0, -45], "uv": [8, 36]},
						{"origin": [-11.75, 17, 2.5], "size": [6, 5, 1], "uv": [8, 36]},
						{"origin": [-12.59315, 18.80025, 2.5], "size": [4, 5.75, 1], "pivot": [-10.09315, 19.05025, 3], "rotation": [0, 0, -45], "uv": [8, 36]},
						{"origin": [-11.75, 13, -1.5], "size": [3, 9, 3], "inflate": 0.25, "pivot": [-12.25, 24, 0], "rotation": [0, 0, 17.5], "uv": [10, 111]}
					]
				},
				{
					"name": "rightArm2",
					"parent": "rightArm",
					"pivot": [-13.02086, 14.495, -0.08496],
					"cubes": [
						{"origin": [-15.28594, 11.47762, -4.80812], "size": [3, 5.5, 3], "inflate": 0.75, "pivot": [-13.78594, 12.47762, -3.30812], "rotation": [-67.5, 0, 17.5], "uv": [10, 111]},
						{"origin": [-14.28594, 8.72762, -7.30812], "size": [4, 2, 3.5], "pivot": [-13.78594, 12.47762, -3.30812], "rotation": [-67.5, 0, 17.5], "uv": [10, 111]},
						{"origin": [-16.28594, 4.97762, -1.85812], "size": [5, 3.75, 1.4], "pivot": [-13.78594, 12.47762, -3.30812], "rotation": [-67.5, 0, 17.5], "uv": [10, 111]},
						{"origin": [-16.28594, 4.97762, -3.50812], "size": [5, 3.75, 1.4], "pivot": [-13.78594, 12.47762, -3.30812], "rotation": [-67.5, 0, 17.5], "uv": [10, 111]},
						{"origin": [-16.28594, 4.97762, -5.05812], "size": [5, 3.75, 1.4], "pivot": [-13.78594, 12.47762, -3.30812], "rotation": [-67.5, 0, 17.5], "uv": [10, 111]},
						{"origin": [-16.28594, 4.97762, -6.70812], "size": [5, 3.75, 1.4], "pivot": [-13.78594, 12.47762, -3.30812], "rotation": [-67.5, 0, 17.5], "uv": [10, 111]},
						{"origin": [-15.28594, 7.97762, -5.30812], "size": [1, 1.75, 3.5], "inflate": 1.5, "pivot": [-13.78594, 12.47762, -3.30812], "rotation": [-67.5, 0, 17.5], "uv": [10, 111]}
					]
				},
				{
					"name": "rightItem",
					"parent": "rightArm2",
					"pivot": [-15, 9, -6],
					"rotation": [-61.1616, -8.6474, 15.2727]
				},
				{
					"name": "legs",
					"parent": "root",
					"pivot": [0, 14, 0]
				},
				{
					"name": "leftLeg",
					"parent": "legs",
					"pivot": [5.65, 6, 0],
					"rotation": [0, -12.5, 0],
					"cubes": [
						{"origin": [1.65, 0, -8], "size": [8, 3, 13.5], "uv": [46, 7]}
					]
				},
				{
					"name": "rightLeg",
					"parent": "legs",
					"pivot": [-5.65, 6, 0],
					"rotation": [0, 12.5, 0],
					"cubes": [
						{"origin": [-9.65, 0, -8], "size": [8, 3, 13.5], "uv": [46, 7]}
					]
				}
			]
		}
	]
}