{
	"format_version": "1.12.0",
	"minecraft:geometry": [
		{
			"description": {
				"identifier": "geometry.reo",
				"texture_width": 128,
				"texture_height": 128,
				"visible_bounds_width": 5,
				"visible_bounds_height": 4,
				"visible_bounds_offset": [0, 1, 0]
			},
			"bones": [
				{
					"name": "root",
					"pivot": [0, 0, 0]
				},
				{
					"name": "waist",
					"parent": "root",
					"pivot": [0, 12, 0]
				},
				{
					"name": "body",
					"parent": "waist",
					"pivot": [0, 13, 0]
				},
				{
					"name": "body2",
					"parent": "body",
					"pivot": [0, 3, 0],
					"cubes": [
						{"origin": [-7.75, 4.75, -6.5], "size": [15.5, 9.75, 13], "inflate": 2.4, "uv": [74, 105]},
						{"origin": [-10.75, 12.5, -9.5], "size": [21.5, 2.5, 19], "pivot": [0, 15.75, 0], "rotation": [-5, 0, 0], "uv": [74, 47]},
						{"origin": [-2.5, 11.25, -10.5], "size": [5, 5, 2], "pivot": [0, 15.75, 0], "rotation": [-5, 0, 0], "uv": [36, 75]},
						{"origin": [-12.25, 12.5, -8.5], "size": [1.5, 2.5, 17], "pivot": [0, 15.75, 0], "rotation": [-5, 0, 0], "uv": [74, 47]},
						{"origin": [10.75, 12.5, -8.5], "size": [1.5, 2.5, 17], "pivot": [0, 15.75, 0], "rotation": [-5, 0, 0], "uv": [74, 47], "mirror": true},
						{"origin": [-9, 5.25, -5], "size": [18, 8.5, 10.5], "inflate": 2.4, "uv": [17, 99]}
					]
				},
				{
					"name": "face",
					"parent": "body2",
					"pivot": [0, 4.25, -8.75]
				},
				{
					"name": "eye2",
					"parent": "face",
					"pivot": [4.6, 4.75, -7.825],
					"rotation": [0, 0, -20],
					"cubes": [
						{"origin": [3.8, 5.1, -8.45], "size": [5.85, 4.75, 1.25], "inflate": 0.6, "uv": [1, 75], "mirror": true}
					]
				},
				{
					"name": "eye1",
					"parent": "face",
					"pivot": [-4.85, 4.75, -7.825],
					"rotation": [0, 0, 20],
					"cubes": [
						{"origin": [-9.6, 5.1, -8.45], "size": [5.85, 4.75, 1.25], "inflate": 0.6, "uv": [1, 75]}
					]
				},
				{
					"name": "leftArm",
					"parent": "body",
					"pivot": [11.75, 15.75, -1]
				},
				{
					"name": "leftArm2",
					"parent": "leftArm",
					"pivot": [9.5, 15, -1],
					"cubes": [
						{"origin": [12.25, 5, -2.5], "size": [3, 3, 3], "inflate": 1.5, "uv": [93, 114]}
					]
				},
				{
					"name": "leftItem",
					"parent": "leftArm",
					"pivot": [10.5, 16, -1]
				},
				{
					"name": "rightArm",
					"parent": "body",
					"pivot": [-12.75, 15.75, -1]
				},
				{
					"name": "rightArm2",
					"parent": "rightArm",
					"pivot": [-4.75, 15, -1],
					"cubes": [
						{"origin": [-15.25, 5, -2.5], "size": [3, 3, 3], "inflate": 1.5, "uv": [93, 114]}
					]
				},
				{
					"name": "legs",
					"parent": "root",
					"pivot": [0, 14, 0]
				},
				{
					"name": "leftLeg",
					"parent": "legs",
					"pivot": [8.65, 5, 0],
					"rotation": [0, -12.5, 0],
					"cubes": [
						{"origin": [4.65, 0, -8], "size": [8, 2, 13.5], "uv": [86, 6]}
					]
				},
				{
					"name": "rightLeg",
					"parent": "legs",
					"pivot": [-8.65, 5, 0],
					"rotation": [0, 12.5, 0],
					"cubes": [
						{"origin": [-12.65, 0, -8], "size": [8, 2, 13.5], "uv": [86, 6]}
					]
				}
			]
		}
	]
}