{
	"format_version": "1.12.0",
	"minecraft:geometry": [
		{
			"description": {
				"identifier": "geometry.wisp_hand",
				"texture_width": 128,
				"texture_height": 128,
				"visible_bounds_width": 5,
				"visible_bounds_height": 5,
				"visible_bounds_offset": [0, 1.5, 0]
			},
			"bones": [
				{
					"name": "root",
					"pivot": [0, 0, 0]
				},
				{
					"name": "waist",
					"parent": "root",
					"pivot": [0, 12, 0]
				},
				{
					"name": "body",
					"parent": "waist",
					"pivot": [0, 13, 0]
				},
				{
					"name": "body2",
					"parent": "body",
					"pivot": [0, 3, 0]
				},
				{
					"name": "face",
					"parent": "body2",
					"pivot": [0, 3, -12.25]
				},
				{
					"name": "eye2",
					"parent": "face",
					"pivot": [3.6, 3.75, -11.325],
					"cubes": [
						{
							"origin": [2.35, 3.85, -11.95],
							"size": [2.5, 5.75, 0.25],
							"inflate": 0.3,
							"uv": {
								"north": {"uv": [1, 52], "uv_size": [2, 5]},
								"east": {"uv": [0, 52], "uv_size": [1, 5]},
								"south": {"uv": [4, 52], "uv_size": [2, 5]},
								"west": {"uv": [3, 52], "uv_size": [1, 5]},
								"up": {"uv": [1, 51], "uv_size": [2, 1]},
								"down": {"uv": [3, 52], "uv_size": [2, -1]}
							}
						}
					]
				},
				{
					"name": "eye1",
					"parent": "face",
					"pivot": [-3.6, 3.75, -11.325],
					"cubes": [
						{
							"origin": [-4.85, 3.85, -11.95],
							"size": [2.5, 5.75, 0.25],
							"inflate": 0.3,
							"uv": {
								"north": {"uv": [1, 52], "uv_size": [2, 5]},
								"east": {"uv": [0, 52], "uv_size": [1, 5]},
								"south": {"uv": [4, 52], "uv_size": [2, 5]},
								"west": {"uv": [3, 52], "uv_size": [1, 5]},
								"up": {"uv": [1, 51], "uv_size": [2, 1]},
								"down": {"uv": [3, 52], "uv_size": [2, -1]}
							}
						}
					]
				},
				{
					"name": "leftArm",
					"parent": "body",
					"pivot": [16.75, 10.75, -2]
				},
				{
					"name": "leftArm_p",
					"parent": "leftArm",
					"pivot": [16.75, 3, -2],
					"rotation": [36.17386, -6.3636, 36.60884],
					"cubes": [
						{
							"origin": [15.25, 1, -4.75],
							"size": [3.25, 3.25, 0.25],
							"inflate": 1,
							"uv": {
								"north": {"uv": [98, 44], "uv_size": [-3, 8]},
								"east": {"uv": [101, 44], "uv_size": [-3, 8]},
								"south": {"uv": [104, 44], "uv_size": [-3, 8]},
								"west": {"uv": [95, 44], "uv_size": [-3, 8]},
								"up": {"uv": [98, 41], "uv_size": [-3, 3]},
								"down": {"uv": [101, 44], "uv_size": [-3, -3]}
							}
						},
						{
							"origin": [15.25, 0, -4.75],
							"size": [3.25, 0.25, 0.25],
							"inflate": 0.65,
							"uv": {
								"north": {"uv": [98, 44], "uv_size": [-3, 8]},
								"east": {"uv": [101, 44], "uv_size": [-3, 8]},
								"south": {"uv": [104, 44], "uv_size": [-3, 8]},
								"west": {"uv": [95, 44], "uv_size": [-3, 8]},
								"up": {"uv": [98, 41], "uv_size": [-3, 3]},
								"down": {"uv": [101, 44], "uv_size": [-3, -3]}
							}
						},
						{
							"origin": [18.9, 5.15, -4.65],
							"size": [0, 2.75, 0.25],
							"inflate": 0.65,
							"pivot": [18.75, 4.625, -4.625],
							"rotation": [32.48247, -0.85481, 10.84941],
							"uv": {
								"north": {"uv": [98, 44], "uv_size": [-3, 8]},
								"east": {"uv": [101, 44], "uv_size": [-3, 8]},
								"south": {"uv": [104, 44], "uv_size": [-3, 8]},
								"west": {"uv": [95, 44], "uv_size": [-3, 8]},
								"up": {"uv": [98, 41], "uv_size": [-3, 3]},
								"down": {"uv": [101, 44], "uv_size": [-3, -3]}
							}
						},
						{
							"origin": [17.75, 5.25, -4.75],
							"size": [0, 3.75, 0.25],
							"inflate": 0.75,
							"pivot": [18.75, 4.625, -4.625],
							"rotation": [19.8423, 2.55868, 1.44761],
							"uv": {
								"north": {"uv": [98, 44], "uv_size": [-3, 8]},
								"east": {"uv": [101, 44], "uv_size": [-3, 8]},
								"south": {"uv": [104, 44], "uv_size": [-3, 8]},
								"west": {"uv": [95, 44], "uv_size": [-3, 8]},
								"up": {"uv": [98, 41], "uv_size": [-3, 3]},
								"down": {"uv": [101, 44], "uv_size": [-3, -3]}
							}
						},
						{
							"origin": [14.52432, 4.96125, -5.84555],
							"size": [0, 3.25, 0.25],
							"inflate": 0.75,
							"pivot": [15.02432, 6.83625, -5.22055],
							"rotation": [31.64314, 5.90316, -8.00371],
							"uv": {
								"north": {"uv": [98, 44], "uv_size": [-3, 8]},
								"east": {"uv": [101, 44], "uv_size": [-3, 8]},
								"south": {"uv": [104, 44], "uv_size": [-3, 8]},
								"west": {"uv": [95, 44], "uv_size": [-3, 8]},
								"up": {"uv": [98, 41], "uv_size": [-3, 3]},
								"down": {"uv": [101, 44], "uv_size": [-3, -3]}
							}
						},
						{
							"origin": [16.25, 5, -4.75],
							"size": [0, 4.25, 0.25],
							"inflate": 0.75,
							"pivot": [18.75, 4.625, -4.625],
							"rotation": [17.62946, 3.90991, -2.32335],
							"uv": {
								"north": {"uv": [98, 44], "uv_size": [-3, 8]},
								"east": {"uv": [101, 44], "uv_size": [-3, 8]},
								"south": {"uv": [104, 44], "uv_size": [-3, 8]},
								"west": {"uv": [95, 44], "uv_size": [-3, 8]},
								"up": {"uv": [98, 41], "uv_size": [-3, 3]},
								"down": {"uv": [101, 44], "uv_size": [-3, -3]}
							}
						},
						{
							"origin": [15, 1.5, -5.5],
							"size": [1.25, 1.5, 0],
							"inflate": 1,
							"uv": {
								"north": {"uv": [98, 44], "uv_size": [-3, 8]},
								"east": {"uv": [101, 44], "uv_size": [-3, 8]},
								"south": {"uv": [104, 44], "uv_size": [-3, 8]},
								"west": {"uv": [95, 44], "uv_size": [-3, 8]},
								"up": {"uv": [98, 41], "uv_size": [-3, 3]},
								"down": {"uv": [101, 44], "uv_size": [-3, -3]}
							}
						},
						{
							"origin": [12, 2.25, -5.5],
							"size": [2.75, 0.25, 0.25],
							"inflate": 0.9,
							"pivot": [14.625, 2.125, -5.375],
							"rotation": [0, -40, 22.5],
							"uv": {
								"north": {"uv": [98, 44], "uv_size": [-3, 8]},
								"east": {"uv": [101, 44], "uv_size": [-3, 8]},
								"south": {"uv": [104, 44], "uv_size": [-3, 8]},
								"west": {"uv": [95, 44], "uv_size": [-3, 8]},
								"up": {"uv": [98, 41], "uv_size": [-3, 3]},
								"down": {"uv": [101, 44], "uv_size": [-3, -3]}
							}
						}
					]
				},
				{
					"name": "leftItem",
					"parent": "leftArm",
					"pivot": [13.5, 13, -2]
				},
				{
					"name": "rightArm",
					"parent": "body",
					"pivot": [-16.75, 10.75, -2]
				},
				{
					"name": "rightArm_p",
					"parent": "rightArm",
					"pivot": [-16.75, 3, -2],
					"rotation": [37.22722, 9.48388, -36.27708],
					"cubes": [
						{
							"origin": [-18.5, 1, -4.75],
							"size": [3.25, 3.25, 0.25],
							"inflate": 1,
							"uv": {
								"north": {"uv": [95, 44], "uv_size": [3, 8]},
								"east": {"uv": [92, 44], "uv_size": [3, 8]},
								"south": {"uv": [101, 44], "uv_size": [3, 8]},
								"west": {"uv": [98, 44], "uv_size": [3, 8]},
								"up": {"uv": [95, 41], "uv_size": [3, 3]},
								"down": {"uv": [98, 44], "uv_size": [3, -3]}
							}
						},
						{
							"origin": [-18.5, 0, -4.75],
							"size": [3.25, 0.25, 0.25],
							"inflate": 0.65,
							"uv": {
								"north": {"uv": [95, 44], "uv_size": [3, 8]},
								"east": {"uv": [92, 44], "uv_size": [3, 8]},
								"south": {"uv": [101, 44], "uv_size": [3, 8]},
								"west": {"uv": [98, 44], "uv_size": [3, 8]},
								"up": {"uv": [95, 41], "uv_size": [3, 3]},
								"down": {"uv": [98, 44], "uv_size": [3, -3]}
							}
						},
						{
							"origin": [-18.9, 5.15, -4.65],
							"size": [0, 2.75, 0.25],
							"inflate": 0.65,
							"pivot": [-18.75, 4.625, -4.625],
							"rotation": [32.48247, 0.85481, -10.84941],
							"uv": {
								"north": {"uv": [95, 44], "uv_size": [3, 8]},
								"east": {"uv": [92, 44], "uv_size": [3, 8]},
								"south": {"uv": [101, 44], "uv_size": [3, 8]},
								"west": {"uv": [98, 44], "uv_size": [3, 8]},
								"up": {"uv": [95, 41], "uv_size": [3, 3]},
								"down": {"uv": [98, 44], "uv_size": [3, -3]}
							}
						},
						{
							"origin": [-17.75, 5.25, -4.75],
							"size": [0, 3.75, 0.25],
							"inflate": 0.75,
							"pivot": [-18.75, 4.625, -4.625],
							"rotation": [19.8423, -2.55868, -1.44761],
							"uv": {
								"north": {"uv": [95, 44], "uv_size": [3, 8]},
								"east": {"uv": [92, 44], "uv_size": [3, 8]},
								"south": {"uv": [101, 44], "uv_size": [3, 8]},
								"west": {"uv": [98, 44], "uv_size": [3, 8]},
								"up": {"uv": [95, 41], "uv_size": [3, 3]},
								"down": {"uv": [98, 44], "uv_size": [3, -3]}
							}
						},
						{
							"origin": [-14.52432, 4.96125, -5.84555],
							"size": [0, 3.25, 0.25],
							"inflate": 0.75,
							"pivot": [-15.02432, 6.83625, -5.22055],
							"rotation": [31.64314, -5.90316, 8.00371],
							"uv": {
								"north": {"uv": [95, 44], "uv_size": [3, 8]},
								"east": {"uv": [92, 44], "uv_size": [3, 8]},
								"south": {"uv": [101, 44], "uv_size": [3, 8]},
								"west": {"uv": [98, 44], "uv_size": [3, 8]},
								"up": {"uv": [95, 41], "uv_size": [3, 3]},
								"down": {"uv": [98, 44], "uv_size": [3, -3]}
							}
						},
						{
							"origin": [-16.25, 5, -4.75],
							"size": [0, 4.25, 0.25],
							"inflate": 0.75,
							"pivot": [-18.75, 4.625, -4.625],
							"rotation": [17.62946, -3.90991, 2.32335],
							"uv": {
								"north": {"uv": [95, 44], "uv_size": [3, 8]},
								"east": {"uv": [92, 44], "uv_size": [3, 8]},
								"south": {"uv": [101, 44], "uv_size": [3, 8]},
								"west": {"uv": [98, 44], "uv_size": [3, 8]},
								"up": {"uv": [95, 41], "uv_size": [3, 3]},
								"down": {"uv": [98, 44], "uv_size": [3, -3]}
							}
						},
						{
							"origin": [-16.25, 1.5, -5.5],
							"size": [1.25, 1.5, 0],
							"inflate": 1,
							"uv": {
								"north": {"uv": [95, 44], "uv_size": [3, 8]},
								"east": {"uv": [92, 44], "uv_size": [3, 8]},
								"south": {"uv": [101, 44], "uv_size": [3, 8]},
								"west": {"uv": [98, 44], "uv_size": [3, 8]},
								"up": {"uv": [95, 41], "uv_size": [3, 3]},
								"down": {"uv": [98, 44], "uv_size": [3, -3]}
							}
						},
						{
							"origin": [-14.75, 2.25, -5.5],
							"size": [2.75, 0.25, 0.25],
							"inflate": 0.9,
							"pivot": [-14.625, 2.125, -5.375],
							"rotation": [0, 40, -22.5],
							"uv": {
								"north": {"uv": [95, 44], "uv_size": [3, 8]},
								"east": {"uv": [92, 44], "uv_size": [3, 8]},
								"south": {"uv": [101, 44], "uv_size": [3, 8]},
								"west": {"uv": [98, 44], "uv_size": [3, 8]},
								"up": {"uv": [95, 41], "uv_size": [3, 3]},
								"down": {"uv": [98, 44], "uv_size": [3, -3]}
							}
						}
					]
				},
				{
					"name": "rightItem",
					"parent": "rightArm",
					"pivot": [-10.25, 13, -2]
				}
			]
		}
	]
}