{
  "format_version":"1.8.0",
  "render_controllers": {
    "controller.render.block": {
      "arrays": {
        "textures": {
          "Array.skins": [
            "Texture.air",
            "Texture.block1",
            "Texture.block2",
            "Texture.block3",
            "Texture.block4",
            "Texture.block5",
            "Texture.block6",
            "Texture.block7",
            "Texture.block8",
            "Texture.block9",
            "Texture.block10",
            "Texture.block11",
            "Texture.block12",
            "Texture.block13",
            "Texture.block14",
            "Texture.block15",
            "Texture.block16",
            "Texture.block17",
            "Texture.block18",
            "Texture.block19",
            "Texture.block20",
            "Texture.block21",
            "Texture.block22",
            "Texture.block23",
            "Texture.block24",
            "Texture.block25",
            "Texture.block26",
            "Texture.block27",
            "Texture.block28",
            "Texture.block29",
            "Texture.block30",
            "Texture.block31",
            "Texture.block32",
            "Texture.block33",
            "Texture.block34",
            "Texture.block35",
            "Texture.block36",
            "Texture.block37",
            "Texture.block38",
            "Texture.block39",
            "Texture.block40",
            "Texture.block41",
            "Texture.block42",
            "Texture.block43",
            "Texture.block44",
            "Texture.block45",
            "Texture.block46",
            "Texture.block47",
            "Texture.block48",
            "Texture.block49",
            "Texture.block50",
            "Texture.block51",
            "Texture.block52",
            "Texture.block53",
            "Texture.block54",
            "Texture.block55",
            "Texture.block56",
            "Texture.block57",
            "Texture.block58",
            "Texture.block59",
            "Texture.block60",
            "Texture.block61",
            "Texture.block62",
            "Texture.block63",
            "Texture.block64",
            "Texture.block65",
            "Texture.block66",
            "Texture.block67",
            "Texture.block68",
            "Texture.block69",
            "Texture.block70",
            "Texture.block71",
            "Texture.block72",
            "Texture.block73",
            "Texture.block74",
            "Texture.block75",
            "Texture.block76",
            "Texture.block77",
            "Texture.block78",
            "Texture.block79",
            "Texture.block80",
            "Texture.block81",
            "Texture.block82",
            "Texture.block83",
            "Texture.block84",
            "Texture.block85",
            "Texture.block86",
            "Texture.block87",
            "Texture.block88",
            "Texture.block89",
            "Texture.block90",
            "Texture.block91",
            "Texture.block92",
            "Texture.block93",
            "Texture.block94",
            "Texture.block95",
            "Texture.block96",
            "Texture.block97",
            "Texture.block98",
            "Texture.block99",
            "Texture.block100",
            "Texture.block101",
            "Texture.block102",
            "Texture.block103",
            "Texture.block104",
            "Texture.block105",
            "Texture.block106",
            "Texture.block107",
            "Texture.block108",
            "Texture.block109",
            "Texture.block110",
            "Texture.block111",
            "Texture.block112",
            "Texture.block113",
            "Texture.block114",
            "Texture.block115",
            "Texture.block116",
            "Texture.block117",
            "Texture.block118",
            "Texture.block119",
            "Texture.block120",
            "Texture.block121",
            "Texture.block122",
            "Texture.block123",
            "Texture.block124",
            "Texture.block125",
            "Texture.block126",
            "Texture.block127",
            "Texture.block128",
            "Texture.block129",
            "Texture.block130",
            "Texture.block131",
            "Texture.block132",
            "Texture.block133",
            "Texture.block134",
            "Texture.block135",
            "Texture.block136",
            "Texture.block137",
            "Texture.block138"
          ]
        }
       },
      "geometry": "Geometry.default",
      "materials": [ { "*": "Material.default" } ],
      "textures": [ 
        "Array.skins[query.variant]" 
      ],
    "overlay_color": {
      "r": 0.0,
      "g": 0.0,
      "b": 0.0,
      "a": "query.life_time > 5.0 ? 1.0 : (query.life_time * 0.2) * 1.0"
    },
    "ignore_lighting": false,
    "is_hurt_color": {
      "r": 0.0,
      "g": 0.0,
      "b": 0.0,
      "a": 0.0
    }
  }
}
}