{
  "format_version": "1.8.0",
  "render_controllers": {
  	  	              "controller.render.command_block_final.deathbeam": {
      "geometry": "Geometry.deathbeam",
      "materials": [
        { "*": "Material.deathbeam" }
      ],
      "textures": [ "Texture.deathbeam" ],
      "part_visibility": [ { "*": "query.health <= 1" } ]
    },
    "controller.render.command_block_final": {
      "arrays": {
        "textures": {
          "Array.skins": [ 
      	"Texture.health100", 
        "Texture.health75", 
        "Texture.health50", 
        "Texture.health25",
        "Texture.health0"
        ]
        }
      },
      "geometry": "Geometry.default",
      "materials": [ { "*": "Material.default" } ],
      "textures": [ "Array.skins[query.variant]" ]
    }
  }
}
