{
    "format_version": "1.10.0",
    "render_controllers": {
        "controller.render.beamparticle": {
            "geometry": "Geometry.beamparticle",
            "materials": [
                {
                    "*": "Material.beamparticle"
                }
            ],
        "part_visibility": [
        { "*": "query.is_powered" }
            ],
            "textures": [
                "Texture.beamparticle"
            ],
            "overlay_color": {
                "r": 1.0,
                "g": 1.0,
                "b": 1.0,
                "a": 1.0
            },
            "light_color_multiplier": 1.5,
            "ignore_lighting": true
        }
    }
}