{
  "format_version": "1.8.0",
  "render_controllers": {
    "controller.render.flowey.default": {
      "geometry": "Geometry.default",
      "materials": [ { "*": "Material.default" } ],
      "textures": [ "Texture.default" ]
    },
     "controller.render.flowey.eyes": {
      "geometry": "Geometry.eyes",
      "materials": [ { "*": "Material.eyes" } ],
      "textures": [ "Texture.eyes" ]
    },
     "controller.render.flowey.hands": {
      "geometry": "Geometry.hands",
      "materials": [ { "*": "Material.hands" } ],
      "textures": [ "Texture.hands" ]
    },
     "controller.render.flowey.ybh": {
      "geometry": "Geometry.ybh",
      "materials": [ { "*": "Material.ybh" } ],
      "textures": [ "Texture.ybh" ]
    },
     "controller.render.flowey.hb": {
      "geometry": "Geometry.hb",
      "materials": [ { "*": "Material.hb" } ],
      "textures": [ "Texture.hb" ]
    },
     "controller.render.flowey.leaves": {
      "geometry": "Geometry.leaves",
      "materials": [ { "*": "Material.leaves" } ],
      "textures": [ "Texture.leaves" ]
    },
     "controller.render.flowey.plant": {
      "geometry": "Geometry.plant",
      "materials": [ { "*": "Material.plant" } ],
      "textures": [ "Texture.plant" ],
       "uv_anim": {
		"offset": [ 0.0, "Math.sin(query.life_time * 1000) * 200" ],
		"scale": [ 1, 1 ]
      }
    },
     "controller.render.flowey.rbq": {
      "geometry": "Geometry.rbq",
      "materials": [ { "*": "Material.rbq" } ],
      "textures": [ "Texture.rbq" ]
    },
     "controller.render.flowey.tv": {
      "geometry": "Geometry.tv",
      "materials": [ { "*": "Material.tv" } ],
      "textures": [ "Texture.tv" ]
    },
     "controller.render.flowey.defaultx": {
      "geometry": "Geometry.default",
      "materials": [ { "*": "Material.a" } ],
      "textures": [ "Texture.into" ],
      "overlay_color": {
          "r": "this",
          "g": "this",
          "b": "this",
          "a": "0.0"
      },
      "light_color_multiplier": 1.0,
      "ignore_lighting" : true,
        "uv_anim": {
		"offset": [ 0.0, "Math.sin(query.life_time * 1000) * 20" ],
		"scale": [ 1, 1 ]
      }
    }
  }
}
