{
  "format_version": "1.10.0",
  "particle_effect": {
    "description": {
      "identifier": "ny:bubble",
      "basic_render_parameters": {
        "material": "particles_alpha",
        "texture": "textures/particle/particles"
      }
    },
    "components": {
      "minecraft:emitter_rate_instant": {
        "num_particles": "math.random(1.0,3.0)"
      },        
      "minecraft:emitter_lifetime_looping": {
        "active_time": 0.05,
        "sleep_time": "math.random(2.0,5.0)"
      },
      "minecraft:emitter_shape_point": {
        "direction": [ "0.0", "variable.direction.y * 0.2 + Math.random(0, 1) * 0.02", "0.0" ]
      },
      "minecraft:particle_lifetime_expression": {
        "max_lifetime": "20 / ((Math.Random(0.0, 1.0) * 0.8 + 0.2) * 5)"
      },
      "minecraft:particle_expire_if_not_in_blocks": [
        "minecraft:water",
        "minecraft:flowing_water",
        "minecraft:bubble_column"
      ],
      "minecraft:particle_motion_dynamic": {
        "linear_acceleration": [ 0, 4.0, 0 ],
        "linear_drag_coefficient": 3.25
      },
      "minecraft:particle_appearance_billboard": {
        "size": [ "(0.04*variable.particle_random_1+0.1)*(variable.particle_random_2*0.9+0.2)", "(0.04*variable.particle_random_1+0.1)*(variable.particle_random_2*0.9+0.2)" ],
        "facing_camera_mode": "lookat_xyz",
        "uv": {
          "texture_width": 128,
          "texture_height": 128,
          "uv": [ 0, 16 ],
          "uv_size": [ 8, 8 ]
        }
      },
      "minecraft:particle_appearance_lighting": {}
    }
  }
}

