{
  "format_version": "1.10.0",
  "particle_effect": {
    "description": {
      "identifier": "ny:copy5_ice",
      "basic_render_parameters": {
        "material": "particles_alpha",
          "texture": "textures/particle/copy5_ice"
      }
    },
    "components": {
      "minecraft:emitter_rate_steady": {
        "spawn_rate": "24",
        "max_particles": 99999999
      },
      "minecraft:emitter_lifetime_looping": {
        "active_time": 10000.0,
        "sleep_time": "0.0"
      },
      "minecraft:emitter_shape_sphere": {
        "radius": 0.5,
        "direction": [ 0, 0, 0 ]
      },
      "minecraft:particle_initial_speed": 0.0,
      "minecraft:particle_lifetime_expression": {
        "max_lifetime": "Math.random(0.15, 0.2)"
      },
      "minecraft:particle_motion_dynamic": {
        "linear_acceleration": [ 0, 0.1, 0 ]
      },
      "minecraft:particle_appearance_billboard": {
        "size": [ 0.47, 0.47 ],
        "facing_camera_mode": "lookat_xyz",
          "uv": {
            "texture_width": 1,
            "texture_height": 12,
            "uv": [ 0, "Math.floor(variable.particle_random_2 * 12)" ],
            "uv_size": [ 1, 1 ]
          }
      },
      "minecraft:particle_appearance_tinting": {
        "color": [ "variable.particle_random_1*0.2 + 0.8", "variable.particle_random_1*0.2 + 0.8", "1.0", 1.0 ]
      }
    }
  }
}
