{
  "format_version": "1.10.0",
  "particle_effect": {
    "description": {
      "identifier": "ny:copy7_fire",
      "basic_render_parameters": {
        "material": "particles_alpha",
        "texture": "textures/flame_atlas"
      }
    },
    "components": {
      "minecraft:emitter_local_space": {
        "position": false,
        "rotation": false
      },
      "minecraft:emitter_rate_steady": {
        "spawn_rate": "(q.property('property:copy')==7 && q.in_range(q.property('property:copy_skill'),3,4))*(54 + (q.property('property:copy_skill')==4 ? 246 : 0))",
        "max_particles": 999999
      },
      "minecraft:emitter_lifetime_expression": {
        "activation_expression": 1,
        "expiration_expression": 0
      },
      "minecraft:emitter_shape_custom": {
        "offset": [
          "Math.random(-0.3, 0.3)",
          "Math.random(-0.7, 0.7)",
          "Math.random(-0.3, 0.3)+0.1"
        ]
      },
      "minecraft:particle_initial_speed": [0,"Math.random(0, 1)",0],
      "minecraft:particle_lifetime_expression": {
        "max_lifetime": "0.8 - (q.property('property:copy_skill')==4 ? 0.35 : 0)"
      },
      "minecraft:particle_motion_dynamic": {
        "linear_acceleration": [
          0,
          1.0,
          0
        ],
        "linear_drag_coefficient": 0.0
      },
      "minecraft:particle_appearance_billboard": {
        "size": [
          "0.2 + v.particle_random_1 * 0.15",
          "0.2 + v.particle_random_1 * 0.15"
        ],
        "facing_camera_mode": "lookat_xyz",
        "uv": {
          "texture_width": 1,
          "texture_height": 32,
          "flipbook": {
            "base_UV": [
              0,
              0
            ],
            "size_UV": [
              1,
              1
            ],
            "step_UV": [
              0,
              1
            ],
            "frames_per_second": 32,
            "max_frame": 32,
            "stretch_to_lifetime": true,
            "loop": false
          }
        }
      }
    }
  }
}