{
  "format_version": "1.10.0",
  "particle_effect": {
    "description": {
      "identifier": "ny:copy8_beam_hit",
      "basic_render_parameters": {
        "material": "particles_alpha",
        "texture": "textures/particle/particles"
      }
    },
    "components": {
      "minecraft:emitter_rate_instant": {
        "num_particles": "9"
      },
      "minecraft:emitter_lifetime_looping": {
        "active_time": 0.05,
        "sleep_time": 0.0
      },
      "minecraft:emitter_shape_sphere": {
        "offset": [0,0,0],
        "radius": 0.3,
        "surface_only": false,
        "direction": "outwards"
    },
      "minecraft:particle_initial_speed": "5",
      "minecraft:particle_lifetime_expression": {
        "max_lifetime": "math.random(0.15,0.2)"
      },
      "minecraft:particle_motion_dynamic": {
        "linear_acceleration": [
          "0",
          "0",
          "0"
        ],
        "linear_drag_coefficient": 2.5
      },
      "minecraft:particle_appearance_billboard": {
        "size": [
          "variable.particle_random_1 * variable.particle_random_2 * 0.2 + 0.1",
          "variable.particle_random_1 * variable.particle_random_2 * 0.2 + 0.1"
        ],
        "facing_camera_mode": "lookat_xyz",
        "uv": {
          "texture_width": 128,
          "texture_height": 128,
          "flipbook": {
            "base_UV": [
              64,
              96
            ],
            "size_UV": [
              8,
              8
            ],
            "step_UV": [
              -8,
              0
            ],
            "frames_per_second": 8,
            "max_frame": 9,
            "stretch_to_lifetime": false,
            "loop": true
          }
        }
      },
      "minecraft:particle_appearance_tinting": {
        "color": [
          "variable.particle_random_1 * 0.2 + 0.8",
          "variable.particle_random_1 * 0.2 + 0.8",
          "variable.particle_random_1 * 0.6 + 0.4",
          0.0
        ]
      }
    }
  }
}