{
  "format_version": "1.10.0",
  "particle_effect": {
    "description": {
      "identifier": "ny:copy8_charge",
      "basic_render_parameters": {
        "material": "particles_alpha",
        "texture": "textures/particle/charge"
      }
    },
    "components": {
      "minecraft:emitter_local_space": {
        "position": true,
        "rotation": true
      },
      "minecraft:emitter_rate_steady": {
        "spawn_rate": "40",
        "max_particles": 99999999
      },
      "minecraft:emitter_lifetime_looping": {
        "active_time": 0.75,
        "sleep_time": "1000000.0"
      },
      "minecraft:emitter_shape_custom": {
        "offset": [
          "2* math.cos(v.particle_random_1 * 360) * math.cos(v.particle_random_2 * 360)",
          "2* math.sin(v.particle_random_2 * 360)",
          "2* math.sin(v.particle_random_1 * 360) * math.cos(v.particle_random_2 * 360)"
        ],
        "direction": [
          "-2* math.cos(v.particle_random_1 * 360) * math.cos(v.particle_random_2 * 360)",
          "-2* math.sin(v.particle_random_2 * 360)",
          "-2* math.sin(v.particle_random_1 * 360) * math.cos(v.particle_random_2 * 360)"
        ]
      },
      "minecraft:particle_initial_speed": "8.5",
      "minecraft:particle_lifetime_expression": {
        "max_lifetime": "0.2"
      },
      "minecraft:particle_motion_dynamic": {
        "linear_acceleration": [
          "0",
          "0",
          "0"
        ],
        "linear_drag_coefficient": 0
      },
      "minecraft:particle_motion_collision": {
        "enabled": false,
        "coefficient_of_restitution": 0.1,
        "collision_drag": 10.0,
        "collision_radius": 0.1
      },
      "minecraft:particle_lifetime_events": {
        "timeline": {
          //"0.0":"suikomi_ori"
        }
      },
      "minecraft:particle_appearance_billboard": {
        "size": [
          "variable.particle_random_3 * 0.18 + 0.1",
          "variable.particle_random_3 * 0.18 + 0.1"
        ],
        "facing_camera_mode": "lookat_xyz"
      }
    }
  }
}