{
  "format_version": "1.10.0",
  "particle_effect": {
    "description": {
      "identifier": "ny:plasma3",
      "basic_render_parameters": {
        "material": "particles_blend",
        "texture": "textures/particle/plasma3"
      }
    },
    "components": {
      "minecraft:emitter_local_space": {
        "position": true,
        "rotation": true
      },
      "minecraft:emitter_rate_instant": {
        "num_particles": 1
      },    
      "minecraft:emitter_lifetime_looping": {
        "active_time": 10000.0,
        "sleep_time": "0.0"
      },
      "minecraft:emitter_shape_point": {
        "offset":[
        "0.0",
        "0.0",
        "0.0"
        ]
      },
      "minecraft:particle_initial_speed": [
        "0.0",
        "0.0",
        "0.0"
      ],
      "minecraft:particle_lifetime_expression": {
        "max_lifetime": "10"
      },
      "minecraft:particle_motion_dynamic": {
        "linear_acceleration": [
          0,
          0.0,
          0
        ],
        "linear_drag_coefficient": 2.5
      },
      "minecraft:particle_appearance_billboard": {
        "size": [
          "1.2",
          "1.2"
        ],
        "facing_camera_mode": "lookat_xyz"
      },
      "minecraft:particle_appearance_tinting": {
        "color": [
          "1.0",
          "1.0",
          "1.0",
          0.45
        ]
      }
    }
  }
}