{
  "format_version": "1.10.0",
  "particle_effect": {
    "description": {
      "identifier": "ny:sleep",
      "basic_render_parameters": {
        "material": "particles_alpha",
        "texture": "textures/particle/particles"
      }
    },
    "components": {
      "minecraft:emitter_rate_instant": {
        "num_particles": "math.random(2.0,3.0)"
      },        
      "minecraft:emitter_lifetime_looping": {
        "active_time": 0.05,
        "sleep_time": "1.7 + math.random(0.0,0.2)"
      },
      "minecraft:emitter_shape_point": {
        "direction": [ "0.3 * (variable.particle_random_2-0.5)/2", "variable.direction.y * 0.2 + variable.particle_random_2 * 0.02", "0.15 * variable.particle_random_2" ]
      },
      "minecraft:particle_lifetime_expression": {
        "max_lifetime": "8 / ((Math.Random(0.5, 1.0) * 0.8 + 0.2) * 5)"
      },
      "minecraft:particle_motion_dynamic": {
        "linear_acceleration": [ 0, 4.0, 0 ],
        "linear_drag_coefficient": 3.25
      },
      "minecraft:particle_appearance_billboard": {
        "size": [ "(0.04+0.1)*(variable.particle_random_2*0.8+0.3)", "(0.04+0.1)*(variable.particle_random_2*0.8+0.3)" ],
        "facing_camera_mode": "lookat_xyz",
        "uv": {
          "texture_width": 128,
          "texture_height": 128,
          "uv": [ 0, 16 ],
          "uv_size": [ 8, 8 ]
        }
      },
      "minecraft:particle_appearance_tinting": {
        "color": [ "1.0", "1.0", "1.0", "variable.particle_random_1" ]
      },
      "minecraft:particle_appearance_lighting": {}
    }
  }
}

