{
  "format_version": "1.10.0",
  "particle_effect": {
    "description": {
      "identifier": "ny:sliding",
      "basic_render_parameters": {
        "material": "particles_alpha",
        "texture": "textures/particle/particles"
      }
    },
    "components": {
      "minecraft:emitter_local_space": {
        "position": false,
        "rotation": false
      },
      "minecraft:emitter_rate_steady": {
        "spawn_rate": "20",
        "max_particles": 99999999
      },
      "minecraft:emitter_lifetime_looping": {
        "active_time": 10000.0,
        "sleep_time": "0.0"
      },
      "minecraft:emitter_shape_point": {
        "offset":[0.0,0.2,0.0]
      },
      "minecraft:particle_initial_speed": [ "-8 * math.cos(q.body_y_rotation + 90 + 60*2*(v.particle_random_1-0.5))", "5 * 2*(v.particle_random_3-0.5)", "-8 * math.sin(q.body_y_rotation + 90 + 60*2*(v.particle_random_1-0.5))" ],
      "minecraft:particle_lifetime_expression": {
        "max_lifetime": "3 / Math.random(3, 5) + 0.1"
      },
      "minecraft:particle_motion_dynamic": {
        "linear_acceleration": [ 0, 0.1, 0 ],
        "linear_drag_coefficient": 2.5
      },
      "minecraft:particle_appearance_billboard": {
        "size": [ "variable.particle_random_1 * variable.particle_random_2 * 0.12 + 0.07", "variable.particle_random_1 * variable.particle_random_2 * 0.12 + 0.07" ],
        "facing_camera_mode": "lookat_xyz",
        "uv": {
          "texture_width": 128,
          "texture_height": 128,
          "flipbook": {
            "base_UV": [ 56, 0 ],
            "size_UV": [ 8, 8 ],
            "step_UV": [ -8, 0 ],
            "frames_per_second": 8,
            "max_frame": 8,
            "stretch_to_lifetime": true,
            "loop": false
          }
        }
      },
      "minecraft:particle_appearance_tinting": {
        "color": [ "variable.particle_random_1 * 0.3 + 0.7", "variable.particle_random_1 * 0.3 + 0.7", "variable.particle_random_1 * 0.3 + 0.7", 0.0 ]
      }
    }
  }
} 