{
  "format_version": "1.10.0",
  "particle_effect": {
    "description": {
      "identifier": "ny:star",
      "basic_render_parameters": {
        "material": "particles_alpha",
        "texture": "textures/particle/particles"
      }
    },
    "components": {
      "minecraft:emitter_rate_steady": {
        "spawn_rate": "30",
        "max_particles": 99999999
      },
      "minecraft:emitter_lifetime_looping": {
        "active_time": 10000.0,
        "sleep_time": "0.0"
      },
      "minecraft:emitter_shape_point": {
        "offset":[
        "1.2 * v.particle_random_2 * math.cos(v.particle_random_1*360)",
        "1.2 * v.particle_random_2 * math.sin(v.particle_random_1*360)",
        "0.1 * Math.random(-1.0, 1.0)"
        ]
      },
      "minecraft:particle_initial_speed": [
        "1 * math.cos(v.particle_random_1*360)",
        "1 * math.sin(v.particle_random_1*360)",
        "1 * Math.random(-1.0, 1.0)"
      ],
      "minecraft:particle_lifetime_expression": {
        "max_lifetime": "math.random(0.8,1.2)"
      },
      "minecraft:particle_motion_dynamic": {
        "linear_acceleration": [
          0,
          0.2,
          0
        ],
        "linear_drag_coefficient": 2.5
      },
      "minecraft:particle_appearance_billboard": {
        "size": [
          "variable.particle_random_1 * variable.particle_random_2 * 0.2 + 0.1",
          "variable.particle_random_1 * variable.particle_random_2 * 0.2 + 0.1"
        ],
        "facing_camera_mode": "lookat_xyz",
        "uv": {
          "texture_width": 128,
          "texture_height": 128,
          "flipbook": {
            "base_UV": [
              64,
              96
            ],
            "size_UV": [
              8,
              8
            ],
            "step_UV": [
              -8,
              0
            ],
            "frames_per_second": 8,
            "max_frame": 9,
            "stretch_to_lifetime": false,
            "loop": true
          }
        }
      },
      "minecraft:particle_appearance_tinting": {
        "color": [
          "variable.particle_random_1 * 0.3 + 0.7",
          "variable.particle_random_1 * 0.3 + 0.7",
          "variable.particle_random_1 * 0.3 + 0.7",
          0.0
        ]
      }
    }
  }
}