{
  "format_version": "1.10.0",
  "particle_effect": {
    "description": {
      "identifier": "ny:stone",
      "basic_render_parameters": {
        "material": "particles_alpha",
        "texture": "textures/particle/particles"
      }
    },
    "components": {
      "minecraft:emitter_local_space": {
        "position": true,
        "rotation": true
      },
      "minecraft:emitter_rate_instant": {
        "num_particles": "7"
      },
      "minecraft:emitter_lifetime_looping": {
        "active_time": 0.05,
        "sleep_time": 0.0
      },
      "minecraft:emitter_shape_box": {
        "offset": [0,-0.6,0],
        "half_dimensions": [ 1.5, 1.5 ,1.5 ],
        "surface_only": true,
        "direction": "inwards"
    },
      "minecraft:particle_initial_speed": "7",
      "minecraft:particle_lifetime_expression": {
        "max_lifetime": "0.2"
      },
      "minecraft:particle_motion_dynamic": {
        "linear_acceleration": [
          "0",
          "0",
          "0"
        ],
        "linear_drag_coefficient": 0
      },
      "minecraft:particle_motion_collision": {
	      "enabled":false,
        "coefficient_of_restitution": 0.1,
        "collision_drag": 10.0,
        "collision_radius": 0.1
      },
      "minecraft:particle_lifetime_events": {
        "timeline": {
          //"0.0":"suikomi_ori"
          }
      },
      "minecraft:particle_appearance_billboard": {
        "size": [
          "variable.particle_random_2 * 0.08 + 0.05",
          "variable.particle_random_2 * 0.08 + 0.05"
        ],
        "facing_camera_mode": "lookat_xyz",
        "uv": {
          "texture_width": 128,
          "texture_height": 128,
          "flipbook": {
            "base_UV": [
              56,
              0
            ],
            "size_UV": [
              8,
              8
            ],
            "step_UV": [
              0,
              0
            ],
            "frames_per_second": 4,
            "max_frame": 8,
            "stretch_to_lifetime": true,
            "loop": false
          }
        }
      },
      "minecraft:particle_appearance_tinting": {
        "color": [
          "variable.particle_random_1 * 0.2 + 0.8",
          "variable.particle_random_1 * 0.2 + 0.8",
          "variable.particle_random_1 * 0.8 + 0.2",
          0
        ]
      }
    }
  }
}