{
	"format_version": "1.12.0",
	"minecraft:geometry": [
		{
			"description": {
				"identifier": "geometry.serpaerodactyl",
				"texture_width": 96,
				"texture_height": 96,
				"visible_bounds_width": 5,
				"visible_bounds_height": 2.5,
				"visible_bounds_offset": [0, 0.75, 0]
			},
			"bones": [
				{
					"name": "root",
					"pivot": [0, 16, -5]
				},
				{
					"name": "aerodactyl",
					"parent": "root",
					"pivot": [0, 0, 0]
				},
				{
					"name": "head",
					"parent": "aerodactyl",
					"pivot": [0, 8, -5],
					"cubes": [
						{"origin": [-3, 12, -15], "size": [6, 4, 5], "uv": [64, 13]},
						{"origin": [-2.5, 15.5, -14.5], "size": [5, 1, 4], "uv": [75, 60]},
						{"origin": [-2.5, 11, -15], "size": [5, 1, 5], "uv": [59, 64]},
						{"origin": [-2.5, 11.5, -10.5], "size": [5, 4, 1], "uv": [52, 28]},
						{"origin": [-1.5, 11.5, -20], "size": [3, 2, 5], "uv": [0, 75]},
						{"origin": [-1.5, 10.5, -20], "size": [3, 1, 0], "uv": [0, 10]},
						{"origin": [-1.5, 11.5, -20], "size": [3, 2, 5], "pivot": [1.5, 12, -20], "rotation": [0, 5, 0], "uv": [45, 73]},
						{"origin": [-1.5, 11.5, -20], "size": [3, 2, 5], "pivot": [-1.5, 12, -20], "rotation": [0, -5, 0], "uv": [70, 0]},
						{"origin": [-1.5, 13, -19.8], "size": [3, 1, 4], "pivot": [0, 14, -20], "rotation": [-7.5, 0, 0], "uv": [56, 41]},
						{"origin": [-3, 16, -12], "size": [1, 4, 1], "pivot": [-2, 16, -12], "rotation": [-30, 0, -20], "uv": [7, 26]},
						{"origin": [2, 16, -12], "size": [1, 4, 1], "pivot": [2, 16, -12], "rotation": [-30, 0, 20], "uv": [7, 18]}
					]
				},
				{
					"name": "mouth",
					"parent": "head",
					"pivot": [0, 12, -14.5],
					"rotation": [20, 0, 0],
					"cubes": [
						{"origin": [-2, 10.5, -20.5], "size": [4, 1, 7], "uv": [43, 64]},
						{"origin": [-2, 9.55969, -20.41773], "size": [4, 1, 7], "pivot": [0, 10.05969, -20.11773], "rotation": [10, 0, 0], "uv": [43, 64]},
						{"origin": [-1.5, 11.5, -20], "size": [3, 1, 6], "uv": [41, 0]}
					]
				},
				{
					"name": "neck",
					"parent": "head",
					"pivot": [0, 0, 3],
					"cubes": [
						{"origin": [-1.5, 10, -13], "size": [3, 3, 9], "pivot": [0, 10, -10], "rotation": [-35, 0, 0], "uv": [56, 28]},
						{"origin": [-1.5, 11.11612, -11.46012], "size": [3, 3, 11], "pivot": [0, 13, -11], "rotation": [-45, 0, 0], "uv": [50, 49]}
					]
				},
				{
					"name": "body",
					"parent": "aerodactyl",
					"pivot": [0, 6, 0],
					"cubes": [
						{"origin": [-4, 2, -5], "size": [8, 8, 12], "uv": [0, 26]},
						{"origin": [3.5, 2.5, -4.5], "size": [1, 7, 11], "uv": [25, 49]},
						{"origin": [-4.5, 2.5, -4.5], "size": [1, 7, 11], "uv": [0, 47]},
						{"origin": [-3.5, 2.5, 6.5], "size": [7, 7, 1], "uv": [66, 71]},
						{"origin": [-3.5, 2.5, -5.5], "size": [7, 7, 1], "uv": [68, 50]},
						{"origin": [-3.5, 9.5, -4.5], "size": [7, 1, 11], "uv": [38, 15]},
						{"origin": [-1.5, 10.5, -3.5], "size": [3, 3, 3], "pivot": [0, 10.5, -3.5], "rotation": [-20, 0, 0], "uv": [17, 77]},
						{"origin": [-3.5, 1.5, -4.5], "size": [7, 1, 11], "uv": [30, 36]}
					]
				},
				{
					"name": "tail",
					"parent": "body",
					"pivot": [0, 7, 8],
					"cubes": [
						{"origin": [-2, 5, 7], "size": [4, 4, 8], "uv": [53, 0]},
						{"origin": [-1.5, 6, 14], "size": [3, 3, 7], "pivot": [0, 9, 15], "rotation": [20, 0, 0], "uv": [14, 47]},
						{"origin": [-1, 9.17274, 19.6778], "size": [2, 2, 6], "pivot": [0, 11, 21], "rotation": [45, 0, 0], "uv": [68, 41]},
						{"origin": [-2, 10.17274, 24], "size": [4, 0, 6], "pivot": [0, 11, 21], "rotation": [45, 0, 0], "uv": [39, 49]}
					]
				},
				{
					"name": "arms",
					"parent": "aerodactyl",
					"pivot": [0, 10, -3]
				},
				{
					"name": "right_arm",
					"parent": "arms",
					"pivot": [-4, 10, -3],
					"rotation": [0, 0, -35],
					"cubes": [
						{"origin": [-16, 10, -9], "size": [12, 0, 12], "inflate": 0.01, "uv": [0, 13]}
					]
				},
				{
					"name": "right_wing",
					"parent": "right_arm",
					"pivot": [-16, 10, -3],
					"rotation": [0, 0, 20],
					"cubes": [
						{"origin": [-30, 10, -9], "size": [14, 0, 12], "inflate": 0.01, "uv": [0, 0]}
					]
				},
				{
					"name": "right_hand",
					"parent": "right_wing",
					"pivot": [-18, 10, -9],
					"rotation": [40, 0, 0],
					"cubes": [
						{"origin": [-20, 10, -12], "size": [4, 0, 3], "uv": [39, 56]}
					]
				},
				{
					"name": "left_arm",
					"parent": "arms",
					"pivot": [4, 10, -3],
					"rotation": [0, 0, 35],
					"cubes": [
						{"origin": [4, 10, -9], "size": [12, 0, 12], "inflate": 0.01, "uv": [0, 13], "mirror": true}
					]
				},
				{
					"name": "left_wing",
					"parent": "left_arm",
					"pivot": [16, 10, -3],
					"rotation": [0, 0, -20],
					"cubes": [
						{"origin": [16, 10, -9], "size": [14, 0, 12], "inflate": 0.01, "uv": [0, 0], "mirror": true}
					]
				},
				{
					"name": "left_hand",
					"parent": "left_wing",
					"pivot": [18, 10, -9],
					"rotation": [40, 0, 0],
					"cubes": [
						{"origin": [16, 10, -12], "size": [4, 0, 3], "uv": [39, 56], "mirror": true}
					]
				},
				{
					"name": "legs",
					"parent": "aerodactyl",
					"pivot": [0, 7, 5]
				},
				{
					"name": "right_leg",
					"parent": "legs",
					"pivot": [-4, 7, 5],
					"rotation": [-35, 0, 0],
					"cubes": [
						{"origin": [-6, 3, 3], "size": [3, 5, 4], "uv": [30, 73]},
						{"origin": [-6, 4.36155, 2.85846], "size": [3, 3, 5], "pivot": [0, 3.36155, -0.14154], "rotation": [-25, 0, 0], "uv": [17, 68]},
						{"origin": [-6, 6.36155, 5.85846], "size": [3, 3, 1], "pivot": [0, 3.36155, -0.14154], "rotation": [-55, 0, 0], "uv": [0, 13]},
						{"origin": [-6, -2.81245, 5.90507], "size": [3, 3, 0], "pivot": [0, 0.38174, 5.80399], "rotation": [-40, 0, 0], "uv": [0, 26]}
					]
				},
				{
					"name": "left_leg",
					"parent": "legs",
					"pivot": [4, 7, 5],
					"rotation": [-35, 0, 0],
					"cubes": [
						{"origin": [3, 3, 3], "size": [3, 5, 4], "uv": [72, 24]},
						{"origin": [3, 4.36155, 2.85846], "size": [3, 3, 5], "pivot": [0, 3.36155, -0.14154], "rotation": [-25, 0, 0], "uv": [0, 66]},
						{"origin": [3, 6.36155, 5.85846], "size": [3, 3, 1], "pivot": [0, 3.36155, -0.14154], "rotation": [-55, 0, 0], "uv": [0, 5]},
						{"origin": [3, -2.81245, 5.90507], "size": [3, 3, 0], "pivot": [0, 0.38174, 5.80399], "rotation": [-40, 0, 0], "uv": [0, 18]}
					]
				}
			]
		}
	]
}