{
  "format_version":"1.21.10",
  "minecraft:item":{
    "description":{
      "identifier":"serp:dave_gun",
	    "menu_category":{"category":"equipment"}
    },
    "components":{
      "minecraft:display_name":{"value":"item.serp:dave_gun.name"},
      "minecraft:max_stack_size":1,
      "minecraft:shooter":{"ammunition":[{"item":"serp:bullet","use_offhand":true,"search_inventory":false,"use_in_creative":true}],"max_draw_duration":0,"charge_on_draw":false},
	    "minecraft:durability":{"max_durability":100,"damage_chance":{"min":25,"max":50}},
	    "minecraft:use_modifiers":{"use_duration":0.25,"movement_modifier":0.35},
	    "minecraft:cooldown":{"category":"attack","duration":0},
      "minecraft:icon":"dave_gun"
    }
  }
}