{
	"format_version": "1.16.100",
	"minecraft:item": {
		"description": {
			"identifier": "simple_vehicles:key_biplane",
			"category": "equipment"
		},
		"components": {
			"minecraft:creative_category": {
				"parent": "equipment"
			},
			"minecraft:stacked_by_data": true,
			"minecraft:icon": {
				"texture": "simple_vehicles_key_biplane"
			},
			"minecraft:hand_equipped": true,
			"minecraft:allow_off_hand": false,
			"minecraft:can_destroy_in_creative": false,
			"minecraft:max_stack_size": 16,
			"minecraft:render_offsets": {
				"main_hand": {
					"first_person": {
						"scale": [
							0.0039,
							0.0039,
							0.0039
						]
					},
					"third_person": {
						"scale": [
							0.012,
							0.012,
							0.012
						]
					}
				}
			}
		}
	}
}