{
  "format_version": "1.12.0",
  "minecraft:entity": {
    "description": {
      "identifier": "mc:wither_storm_head",
      "is_spawnable": false,
      "is_summonable": true,
      "is_experimental": false,
      "runtime_identifier":[ "husk","minecraft:ender_dragon"],
     "scripts": {
        "animate": [
  "1",
    "2",
      "3",
         "4", 
            "5",
         "6",
        "7",
        "8"
                
        ]
      },
      "animations": {
           "1": "animation.beam",
           "2": "animation.head2",
           "3": "animation.roar",
           "4": "animation.head_eat",
           "5": "controller.animation.head",
          "6": "animation.damage1",
         "7": "animation.head_summon_ra",
         "8": "animation.ri_radar"
     }
    },

    "components": {
      "minecraft:experience_reward": {
        "on_death": "query.last_hit_by_player ? 5 + (query.equipment_count * Math.Random(1,3)) : 0"
      },
      "minecraft:breathable": {
        "total_supply": 15,
        "suffocate_time": 0
      },
      "minecraft:fire_immune": true,
      "minecraft:nameable": {
      },
      "minecraft:health": {
        "value": 10,
        "max": 10
   },
      "minecraft:is_charged": {
      },
      "minecraft:collision_box": {
        "width": 0.1,
        "height": 0.1
      },
      "minecraft:navigation.float": {
        "can_path_over_water": true
      },
      "minecraft:can_fly": {
      },
      "minecraft:loot": {
        "table": "loot_tables/entities/ghast.json"
      },
      "minecraft:shooter": {
        "type": "ra",
        "def": "mc:ra"
      },
      "minecraft:type_family": {
        "family": ["wither_storm", "mc:wither_storm","wither_storm_head" ]
      },
      "minecraft:damage_sensor": {
        "triggers": {
          "cause": "all",
          "deals_damage": false
        }
      },
      "minecraft:jump.static": {
      },
      "minecraft:behavior.float": {
        "priority": 0
           },
      "minecraft:rideable": {
        "seat_count": 2,
        "pull_in_entities": false,
        "family_types": [
          "bat",
            "beam"

        ],
        "seats": [
          {
            "position": [ 0.0, 0, 0],
            "rotate_rider_by": 0,
   "lock_rider_rotation": 0
        },
        {
       "position": [ 0.0, 0, 0],
            "rotate_rider_by": 0,
   "lock_rider_rotation": 0

  }
        ]
      },
      "minecraft:behavior.ranged_attack": {
        "priority": 1,
        "attack_radius": 128,
    "attack_interval_min": 0.2,
          "attack_interval_max": 0.2
      },
      "minecraft:follow_range": {
        "value": 128,
        "max": 128
      },
      "minecraft:behavior.hurt_by_target": {
        "priority": 1
       },
      "minecraft:behavior.nearest_attackable_target": {
        "priority": 3,
        "reselect_targets": false,
        "entity_types": [
          {
            "filters": {
              "all_of": [
                {
                  "test": "is_family",
                  "subject": "other",
                  "operator": "!=",
                  "value": "wither_storm"
                },
                {
                  "test": "is_family",
                  "subject": "other",
                  "operator": "!=",
                  "value": "bat"
     },
                {
                  "test": "has_tag",
                  "subject": "other",
                  "operator": "!=",
                  "value": "flizer"
                }
              ]
            },
            "max_dist": 128
          }
        ]
      },
      "minecraft:physics": {
      },
      "minecraft:pushable": {
        "is_pushable": true,
        "is_pushable_by_piston": true
      }
    }
  }
}
