{
  "format_version": "1.13.0",
  "minecraft:entity": {
    "description": {
      "identifier": "mc:wither_storm",
      "is_spawnable": false,
      "is_summonable": true,
      "is_experimental": true,
      "runtime_identifier": "minecraft:wither",
      "scripts": {
        "animate": [
  "1",
    "2",
      "3",
       "4",
         "5",
           "6",
            "7",
            "8",
               "9",
     "10",
       "11",
         "12",
            "13",
              "14",
                "15",
                   "16"
        ]
      },
      "animations": {
           "1": "animation.witherstormd",
      "2": "animation.witherstorm2",
      "3": "animation.particles",
      "4": "animation.move",
      "5": "animation.damage",
     "6": "animation.grow",
    "7": "animation.move2",
    "8": "animation.fog",
   "9": "animation.wither_sp",
   "10": "animation.grow_sc",
   "11": "animation.grass_7229",
   "12": "animation.summon_8229",
   "13": "animation.summon_82389",
   "14": "animation.fill",
 "15": "controller.animation.wither_storm",
 "16": "animation.wither_stop"
   }
    },

     "components": {
      "minecraft:experience_reward": {
        "on_death": "50"
      },
      "minecraft:breathable": {
        "total_supply": 15,
        "suffocate_time": 0
      },
      "minecraft:damage_sensor": {
        "triggers": {
          "on_damage": {
            "filters": {
              "test": "is_family",
              "subject": "other",
              "value": "mc:head"
            }
          },
          "deals_damage": false
        }
      },
      "minecraft:health": {
        "value": 1000,
        "max": 1000
      },
      "minecraft:collision_box": {
        "width": 0.5,
        "height": 3
      },
      "minecraft:fire_immune": {
      },
      "minecraft:loot": {
        "table": "loot_tables/entities/wither_bossx.json"
      },
      "minecraft:nameable": {
      },
      "minecraft:movement": {
        "value": 0.0
      },
      "minecraft:navigation.walk": {
        "can_path_over_water": true,
        "avoid_water": true
      },
      "minecraft:movement.basic": {
        "max_turn":  1.0
      },
      "minecraft:jump.static": {
      },
      "minecraft:can_climb": {
      },
      "minecraft:can_fly": {
      },
      "minecraft:behavior.float": {
        "priority": 1
  },
      "minecraft:boss": {
        "should_darken_sky": true,
        "name": "Wither Storm",
        "hud_range": 55
       },
      "minecraft:rideable": {
        "seat_count": 2,
        "pull_in_entities": false,
        "family_types": [
          "wither_storm_head",
            "bat"

        ],
        "seats": [
          {
            "position": [ 0.0, 1.8, 0.3 ],
        "rotate_rider_by": 0,
            "lock_rider_rotation": 0
        },
          {
            "position": [ 0, -3.3, 0 ],
            "rotate_rider_by": 0.1,
            "lock_rider_rotation": 0.1

  }
        ]
     },
      "minecraft:type_family": {
        "family": [ "mc:head", "wither_storm", "head","mc:wither_storm","bat" ]
      },
      "minecraft:behavior.ranged_attack": {
        "attack_interval_min": 0.1,
        "attack_interval_max": 0.5,
        "attack_radius": 20
      },
      "minecraft:shooter": {
        "type": "minecraft:wither_skull",
        "def": "wither_skull"
      },
      "minecraft:behavior.wither_random_attack_pos_goal": {
        "priority": 3
      },
      "minecraft:behavior.wither_target_highest_damage": {
        "priority": 1
      },
    "minecraft:behavior.nearest_attackable_target": {
        "priority": 3,
        "reselect_targets": true,
        "entity_types": [
          {
            "filters": {
              "all_of": [
                {
                  "test": "is_family",
                  "subject": "other",
                  "operator": "!=",
                  "value": "wither_storm"
                },
                {
                  "test": "is_family",
                  "subject": "other",
                  "operator": "!=",
                  "value": "mc:head"
                },
                {
                  "test": "is_family",
                  "subject": "other",
                  "operator": "!=",
                  "value": "head"
                },
                {
                  "test": "is_family",
                  "subject": "other",
                  "operator": "!=",
                  "value": "mc:tn_bd"
                },
                {
                  "test": "is_family",
                  "subject": "other",
                  "operator": "!=",
                  "value": "tn_bd"
                },
                {
                  "test": "is_family",
                  "subject": "other",
                  "operator": "!=",
                  "value": "bat"
                },
                {
                  "test": "is_family",
                  "subject": "other",
                  "operator": "!=",
                  "value": "ws"
                },
                {
                  "test": "is_family",
                  "subject": "other",
                  "operator": "!=",
                  "value": ""
                },
                {
                  "test": "has_tag",
                  "subject": "other",
                  "operator": "!=",
                  "value": "flizer"
                },
                {
                  "test": "is_family",
                  "subject": "other",
                  "operator": "!=",
                  "value": ""
                },
                {
                  "test": "is_family",
                  "subject": "other",
                  "operator": "!=",
                  "value": ""
                },
                {
                  "test": "is_family",
                  "subject": "other",
                  "operator": "!=",
                  "value": ""
                },
                {
                  "test": "is_family",
                  "subject": "other",
                  "operator": "!=",
                  "value": ""
                }
              ]
            },
            "max_dist": 128
          }
        ],
        "must_see": true
      },
      "minecraft:behavior.random_stroll": {
        "priority": 5,
        "speed_multiplier": 1
      },
      "minecraft:behavior.look_at_target": {
        "priority": 5
      },
      "minecraft:behavior.look_at_player": {
        "priority": 6,
        "look_distance": 8
      },
      "minecraft:behavior.random_look_around": {
        "priority": 7
      },
      "minecraft:type_family": {
        "family": [ "wither", "skeleton", "monster", "undead", "mob","ws" ]
      },
      "minecraft:persistent": {
      },
      "minecraft:physics": {
      },
      "minecraft:pushable": {
        "is_pushable": true,
        "is_pushable_by_piston": true
      }
    },

    "events": {
      "minecraft:entity_spawned": {

      }
    }
  }
}
}
  "is_pushable_by_piston": true
      }
    },

    "events": {
      "minecraft:entity_spawned": {

      }
    }
  }
}
}
       "value": "inanimate"
                }
              ]
            },
            "max_dist": 128
          }
        ]
      },
      "minecraft:behavior.hurt_by_target": {
        "priority": 2,
        "entity_types": {
          "filters": {
            "all_of": [
              { "test": "is_family", "subject": "other", "operator": "!=", "value": "wither_storm"},
              { "test": "is_family", "subject": "other", "operator": "!=", "value": "inanimate"}
            ] 
          }
        }
      },
      "minecraft:physics": {
      }
    },
    "events": {
      "wither_storm": {
        "add": {
          "component_groups": [
            "minecraft:variant"
          ]
        }
      }
    }
  }
}




  }
}




  }
}




}




  }
}



  }
}



         "minecraft:variant"
          ]
        }
      }
    }
  }
}


 }
  }
}




  }
}




  }
}




}




  }
}



r"
                },
                {
                  "test": "is_family",
                  "subject": "other",
                  "operator": "!=",
                  "value": "inanimate"
                },
                {
                  "test": "is_family",
                  "subject": "other",
                  "operator": "!=",
                  "value": "ag:cat3"
                },
                {
                  "test": "is_family",
                  "subject": "other",
                  "operator": "!=",
                  "value": "wolf"
                }
              ]
            },
            "max_dist": 128
               }
          ]
      },
      "minecraft:physics": {
      }
    },
    "events": {
      "wither_storm": {
        "add": {
          "component_groups": [
            "minecraft:variant"
          ]
        }
      }
    }
  }
}


 }
  }
}




  }
}




  }
}




}




  }
}



orm": {
        "add": {
          "component_groups": [
            "minecraft:variant"
          ]
        }
      }
    }
  }
}


 }
  }
}




  }
}




  }
}




}




  }
}



      }
          ]
      },
      "minecraft:physics": {
      }
    },
    "events": {
      "wither_storm": {
        "add": {
          "component_groups": [
            "minecraft:variant"
          ]
        }
      }
    }
  }
}


 }
  }
}




  }
}




  }
}




}




  }
}



          "operator": "!=",
                  "value": "ag:cat3"
                },
                {
                  "test": "is_family",
                  "subject": "other",
                  "operator": "!=",
                  "value": "wolf"
                }
              ]
            },
            "max_dist": 128
               }
          ]
      },
      "minecraft:physics": {
      }
    },
    "events": {
      "wither_storm": {
        "add": {
          "component_groups": [
            "minecraft:variant"
          ]
        }
      }
    }
  }
}


 }
  }
}




  }
}




  }
}




}




  }
}



    "wither_storm": {
        "add": {
          "component_groups": [
            "minecraft:variant"
          ]
        }
      }
    }
  }
}


 }
  }
}




  }
}




  }
}




}




  }
}




  }
}






  }
}




  }
}




}




  }
}




  }
}




 }
}



}
}




 }
}



variant"
          ]
        }
      }
    }
  }
}


 }
  }
}




  }
}




  }
}




}




  }
}




  }
}






  }
}




  }
}




}




  }
}




  }
}




 }
}




 }
}








  }
}




  }
}




 }
}




 }
}








 }
}




 }
}






variant"
          ]
        }
      }
    }
  }
}


 }
  }
}




  }
}




  }
}




}




  }
}




  }
}






  }
}




  }
}




}




  }
}




  }
}




 }
}




 }
}








  }
}




  }
}




 }
}




 }
}








 }
}




 }
}






  }
}




 }
}




 }
}








 }
}




 }
}








 }
}


 }
  }
}




  }
}




  }
}




}




  }
}




  }
}






  }
}




  }
}




}




  }
}




  }
}




 }
}




 }
}








  }
}




  }
}




 }
}




 }
}








 }
}




 }
}






  }
}




 }
}




 }
}








 }
}




 }
}










 }
}




 }
}






  }
}




 }
}




 }
}








 }
}




 }
}








  }
}




 }
}




 }
}








  }
}




  }
}




 }
}




 }
}








 }
}




 }
}






  }
}




 }
}




 }
}








 }
}




 }
}











 }
}




 }
}








 }
}




 }
}








 }
}








 }
}




 }
}











 }
}




 }
}








 }
}




 }
}








}
}






  }
}




 }
}




 }
}








 }
}




 }
}











 }
}




 }
}








 }
}




 }
}



















}

















}
}








 }
}




 }
}



















}


























 }
}




 }
}



















}




















}
}






  }
}




 }
}




 }
}








 }
}




 }
}











 }
}




 }
}








 }
}




 }
}



















}

















}
}








 }
}




 }
}



















}


























 }
}




 }
}



















}




















}
























 }
}



















}




















}
























