{
  "format_version": "1.20.80",
  "minecraft:item": {
    "description": {
      "identifier": "lmg:m249_mag",
      "menu_category": {
        "category": "equipment"
      }
    },
    "components": {
      "minecraft:stacked_by_data": {
        "value": true
      },
      "minecraft:food": {
        "can_always_eat": true
      },
      "minecraft:allow_off_hand": {
        "value": false
      },
      "minecraft:hand_equipped": {
        "value": true
      },
      "minecraft:should_despawn": {
        "value": false
      },
      "minecraft:max_stack_size": {
        "value": 64
      },
      "minecraft:icon": "lmg:m249_mag.texture",
      "minecraft:use_modifiers": {
        "use_duration": 3200.0
      },
      "minecraft:cooldown": {
        "category": "chorusfruit",
        "duration": 3.0
      }
    }
  }
}