{

  "entity_sounds": {
    "entities": {
          "ybh:virus_blaster": {
        "volume": 2,
        "pitch": [ 1, 1 ],
        "events": {
        "ambient": "ybh.xans.shoot",
          "hurt": "null"
        }
      },
       "ybh:virus_blaster2": {
        "volume": 2,
        "pitch": [ 1, 1 ],
        "events": {
        "ambient": "ybh.xans.shoot",
          "hurt": "null"
        }
      },
        "ybh:x_windmill_gb": {
        "volume": 2,
        "pitch": [ 1, 1 ],
        "events": {
        "ambient": "ybh.xans.shoot",
          "hurt": "null"
        }
      }


    }
  },
    "individual_event_sounds": {
    "events": {
    }
  }
}