{
	"format_version": "1.10.0",
	"particle_effect": {
		"description": {
			"identifier": "serp:rapidash_legs",
			"basic_render_parameters": {
				"material": "particles_alpha",
				"texture": "textures/particle/pokedrock_particles"
			}
		},
		"components": {
			"minecraft:emitter_local_space": {
				"position": true,
				"rotation": true
			},
			"minecraft:emitter_rate_instant": {
				"num_particles": 10
			},
			"minecraft:emitter_lifetime_looping": {
				"active_time": "((!query.is_invisible)&&query.property('serp:v')>2)*0.2"
			},
			"minecraft:emitter_shape_point": {},
			"minecraft:particle_lifetime_expression": {
				"max_lifetime": "Math.random(0.5, 1)"
			},
			"minecraft:particle_initial_speed": 1,
			"minecraft:particle_motion_dynamic": {
				"linear_acceleration": [0, -7.5, 0],
				"linear_drag_coefficient": 10
			},
			"minecraft:particle_appearance_billboard": {
				"size": ["v.entity_scale*((v.particle_lifetime-v.particle_age)*0.2)", "v.entity_scale*((v.particle_lifetime-v.particle_age)*0.2)"],
				"facing_camera_mode": "lookat_xyz",
				"uv": {
					"texture_width": 8,
					"texture_height": 8,
					"uv": [3, 0],
					"uv_size": [1, 1]
				}
			},
			"minecraft:particle_appearance_tinting": {
				"color": {
					"interpolant": "v.particle_random_2",
					"gradient": {
						"0.0": "#FF8A8A8A",
						"1.0": "#FFEEEEEE"
					}
				}
			}
		}
	}
}