{
	"format_version": "1.12.0",
	"minecraft:geometry": [
		{
			"description": {
				"identifier": "geometry.heart",
				"texture_width": 1,
				"texture_height": 1,
				"visible_bounds_width": 3,
				"visible_bounds_height": 2.5,
				"visible_bounds_offset": [0, 0.75, 0]
			},
			"bones": [
				{
					"name": "base0",
					"pivot": [0, 0, 0]
				},
				{
					"name": "heart",
					"parent": "base0",
					"pivot": [5.5, 0.3, 0],
					"cubes": [
						{
							"origin": [12, 11.25, 0],
							"size": [1.5, 1.5, 0],
							"uv": {
								"north": {"uv": [0, 0], "uv_size": [1, 1]},
								"east": {"uv": [0, 0], "uv_size": [0, 0]},
								"west": {"uv": [1, 0], "uv_size": [0, 0]},
								"up": {"uv": [0, 0], "uv_size": [1, 0]},
								"down": {"uv": [1, 0], "uv_size": [1, 0]}
							}
						}
					]
				},
				{
					"name": "first",
					"parent": "base0",
					"pivot": [4, 0.3, 0],
					"cubes": [
						{
							"origin": [10.5, 11.25, 0],
							"size": [1.5, 1.5, 0],
							"uv": {
								"north": {"uv": [0, 0], "uv_size": [1, 1]},
								"east": {"uv": [0, 0], "uv_size": [0, 0]},
								"west": {"uv": [1, 0], "uv_size": [0, 0]},
								"up": {"uv": [0, 0], "uv_size": [1, 0]},
								"down": {"uv": [1, 0], "uv_size": [1, 0]}
							}
						}
					]
				},
				{
					"name": "second",
					"parent": "base0",
					"pivot": [2.5, 0.3, 0],
					"cubes": [
						{
							"origin": [9, 11.25, 0],
							"size": [1.5, 1.5, 0],
							"uv": {
								"north": {"uv": [0, 0], "uv_size": [1, 1]},
								"east": {"uv": [0, 0], "uv_size": [0, 1]},
								"south": {"uv": [0, 0], "uv_size": [0, 0]},
								"west": {"uv": [1, 0], "uv_size": [0, 1]},
								"up": {"uv": [0, 0], "uv_size": [1, 0]},
								"down": {"uv": [1, 0], "uv_size": [1, 0]}
							}
						}
					]
				},
				{
					"name": "third",
					"parent": "base0",
					"pivot": [1, 0.3, 0],
					"cubes": [
						{
							"origin": [7.5, 11.25, 0],
							"size": [1.5, 1.5, 0],
							"uv": {
								"north": {"uv": [0, 0], "uv_size": [1, 1]},
								"east": {"uv": [0, 0], "uv_size": [0, 1]},
								"south": {"uv": [0, 0], "uv_size": [0, 0]},
								"west": {"uv": [1, 0], "uv_size": [0, 1]},
								"up": {"uv": [0, 0], "uv_size": [1, 0]},
								"down": {"uv": [1, 0], "uv_size": [1, 0]}
							}
						}
					]
				}
			]
		}
	]
}