{
	"format_version": "1.8.0",
	"minecraft:client_entity": {
		"description": {
			"identifier": "witherstormmod:cluster2",
			"materials": {
				"default": "skeleton"
			},
			"textures": {
				"air": "invisible",
				"block1": "textures/entity/blocks/grass_block",
				"block2": "textures/entity/blocks/dirt_block",
				"block3": "textures/entity/blocks/coarse_dirt_block",
				"block4": "textures/entity/blocks/stone_block",
				"block5": "textures/entity/blocks/granite_block",
				"block6": "textures/entity/blocks/diorite_block",
				"block7": "textures/entity/blocks/andesite_block",
				"block8": "textures/entity/blocks/bedrock_block",
				"block9": "textures/entity/blocks/gravel_block",
				"block10": "textures/entity/blocks/sand_block",
				"block11": "textures/entity/blocks/red_sand_block",
				"block12": "textures/entity/blocks/coal_block",
				"block13": "textures/entity/blocks/diamond_block",
				"block14": "textures/entity/blocks/emerald_block",
				"block15": "textures/entity/blocks/gold_block",
				"block16": "textures/entity/blocks/iron_block",
				"block17": "textures/entity/blocks/lapis_lazuli_block",
				"block18": "textures/entity/blocks/netherite_block",
				"block19": "textures/entity/blocks/quartz_block",
				"block20": "textures/entity/blocks/redstone_block",
				"block21": "textures/entity/blocks/coal_ore",
				"block22": "textures/entity/blocks/copper_ore",
				"block23": "textures/entity/blocks/diamond_ore",
				"block24": "textures/entity/blocks/emerald_ore",
				"block25": "textures/entity/blocks/gold_ore",
				"block26": "textures/entity/blocks/iron_ore",
				"block27": "textures/entity/blocks/lapis_lazuli_ore",
				"block28": "textures/entity/blocks/nether_quartz_ore",
				"block29": "textures/entity/blocks/redstone_ore",
				"block30": "textures/entity/blocks/grasspath_block",
				"block31": "textures/entity/blocks/netherrack_block",
				"block32": "textures/entity/blocks/podzol_dirt",
				"block33": "textures/entity/blocks/acacia_leaves",
				"block34": "textures/entity/blocks/birch_leaves",
				"block35": "textures/entity/blocks/dark_oak_leaves",
				"block36": "textures/entity/blocks/jungle_leaves",
				"block37": "textures/entity/blocks/oak_leaves",
				"block38": "textures/entity/blocks/spruce_leaves",
				"block39": "textures/entity/blocks/acacia_planks",
				"block40": "textures/entity/blocks/birch_planks",
				"block41": "textures/entity/blocks/crimson_planks",
				"block42": "textures/entity/blocks/dark_oak_planks",
				"block43": "textures/entity/blocks/jungle_planks",
				"block44": "textures/entity/blocks/oak_planks",
				"block45": "textures/entity/blocks/spruce_planks",
				"block46": "textures/entity/blocks/warped_planks",
				"block47": "textures/entity/blocks/bricks",
				"block48": "textures/entity/blocks/cobblestone",
				"block49": "textures/entity/blocks/melon_block",
				"block50": "textures/entity/blocks/mycelium",
				"block51": "textures/entity/blocks/snow_block",
				"block52": "textures/entity/blocks/crafting_table",
				"block53": "textures/entity/blocks/end_stone",
				"block54": "textures/entity/blocks/end_stone_bricks",
				"block55": "textures/entity/blocks/hay_bale",
				"block56": "textures/entity/blocks/sandstone",
				"block57": "textures/entity/blocks/red_sandstone",
				"block58": "textures/entity/blocks/chiseled_sandstone",
				"block59": "textures/entity/blocks/red_chiseled_sandstone",
				"block60": "textures/entity/blocks/cut_sandstone",
				"block61": "textures/entity/blocks/red_cut_sandstone",
				"block62": "textures/entity/blocks/smooth_sandstone",
				"block63": "textures/entity/blocks/red_smooth_sandstone",
				"block64": "textures/entity/blocks/concretepowder_white",
				"block65": "textures/entity/blocks/concretepowder_orange",
				"block66": "textures/entity/blocks/concretepowder_magenta",
				"block67": "textures/entity/blocks/concretepowder_lightblue",
				"block68": "textures/entity/blocks/concretepowder_yellow",
				"block69": "textures/entity/blocks/concretepowder_green",
				"block70": "textures/entity/blocks/concretepowder_pink",
				"block71": "textures/entity/blocks/concretepowder_grey",
				"block72": "textures/entity/blocks/concretepowder_silver",
				"block73": "textures/entity/blocks/concretepowder_cyan",
				"block74": "textures/entity/blocks/concretepowder_purple",
				"block75": "textures/entity/blocks/concretepowder_blue",
				"block76": "textures/entity/blocks/concretepowder_brown",
				"block77": "textures/entity/blocks/concretepowder_darkgreen",
				"block78": "textures/entity/blocks/concretepowder_red",
				"block79": "textures/entity/blocks/concretepowder_black",
				"block80": "textures/entity/blocks/wool",
				"block81": "textures/entity/blocks/orange_wool",
				"block82": "textures/entity/blocks/magenta_wool",
				"block83": "textures/entity/blocks/light_blue_wool",
				"block84": "textures/entity/blocks/yellow_wool",
				"block85": "textures/entity/blocks/lime_wool",
				"block86": "textures/entity/blocks/pink_wool",
				"block87": "textures/entity/blocks/gray_wool",
				"block88": "textures/entity/blocks/light_gray_wool",
				"block89": "textures/entity/blocks/cyan_wool",
				"block90": "textures/entity/blocks/purple_wool",
				"block91": "textures/entity/blocks/blue_wool",
				"block92": "textures/entity/blocks/brown_wool",
				"block93": "textures/entity/blocks/green_wool",
				"block94": "textures/entity/blocks/red_wool",
				"block95": "textures/entity/blocks/black_wool",
				"block96": "textures/entity/blocks/white_concrete",
				"block97": "textures/entity/blocks/orange_concrete",
				"block98": "textures/entity/blocks/magenta_concrete",
				"block99": "textures/entity/blocks/light_blue_concrete",
				"block100": "textures/entity/blocks/yellow_concrete",
				"block101": "textures/entity/blocks/lime_concrete",
				"block102": "textures/entity/blocks/pink_concrete",
				"block103": "textures/entity/blocks/gray_concrete",
				"block104": "textures/entity/blocks/light_gray_concrete",
				"block105": "textures/entity/blocks/cyan_concrete",
				"block106": "textures/entity/blocks/purple_concrete",
				"block107": "textures/entity/blocks/blue_concrete",
				"block108": "textures/entity/blocks/brown_concrete",
				"block109": "textures/entity/blocks/green_concrete",
				"block110": "textures/entity/blocks/red_concrete",
				"block111": "textures/entity/blocks/black_concrete",
				"block112": "textures/entity/blocks/white_stained_glass",
				"block113": "textures/entity/blocks/orange_stained_glass",
				"block114": "textures/entity/blocks/magenta_stained_glass",
				"block115": "textures/entity/blocks/light_blue_stained_glass",
				"block116": "textures/entity/blocks/yellow_stained_glass",
				"block117": "textures/entity/blocks/lime_stained_glass",
				"block118": "textures/entity/blocks/pink_stained_glass",
				"block119": "textures/entity/blocks/gray_stained_glass",
				"block120": "textures/entity/blocks/light_gray_stained_glass",
				"block121": "textures/entity/blocks/cyan_stained_glass",
				"block122": "textures/entity/blocks/purple_stained_glass",
				"block123": "textures/entity/blocks/blue_stained_glass",
				"block124": "textures/entity/blocks/brown_stained_glass",
				"block125": "textures/entity/blocks/green_stained_glass",
				"block126": "textures/entity/blocks/red_stained_glass",
				"block127": "textures/entity/blocks/black_stained_glass",
				"block128": "textures/entity/blocks/oak_log",
				"block129": "textures/entity/blocks/spruce_log",
				"block130": "textures/entity/blocks/birch_log",
				"block131": "textures/entity/blocks/jungle_log",
				"block132": "textures/entity/blocks/acacia_log",
				"block133": "textures/entity/blocks/dark_oak_log",
				"block134": "textures/entity/blocks/glass",
				"block135": "textures/entity/blocks/ice",
				"block136": "textures/entity/blocks/blue_ice",
				"block137": "textures/entity/blocks/packed_ice",
				"block138": "textures/entity/blocks/obsidian"
			},
			"geometry": {
				"default": "geometry.cluster2",
				"grass_cluster": "geometry.cluster2"
			},
			"scripts": {
				"scale": "1.0"
			},
			"animations": {
				"move": "animation.block.spin",
				"shake": "animation.stormblock.absorb",
				"general": "animation.stormblock.move"
			},
			"animation_controllers": [
				{
					"move": "controller.animation.cluster.move"
				}
			],
			"sound_effects": {
				"cluster": "sound.block.cluster"
			},
			"render_controllers": [
				"controller.render.block"
			]
		}
	}
}