{
	"format_version": "1.8.0",
	"animations": {
		"animation.quilava.quiet": {
			"loop": true,
			"animation_length": 0.8,
			"bones": {
				"head": {
					"position": {
						"0.0": {
							"post": [0, 1, 0],
							"lerp_mode": "catmullrom"
						},
						"0.4": {
							"post": [0, 0, 0],
							"lerp_mode": "catmullrom"
						},
						"0.8": {
							"post": [0, 1, 0],
							"lerp_mode": "catmullrom"
						}
					}
				},
				"body": {
					"rotation": {
						"0.0": {
							"post": [-2.5, 0, 0],
							"lerp_mode": "catmullrom"
						},
						"0.4": {
							"post": [0, 0, 0],
							"lerp_mode": "catmullrom"
						},
						"0.8": {
							"post": [-2.5, 0, 0],
							"lerp_mode": "catmullrom"
						}
					}
				},
				"front_legs": {
					"position": {
						"0.0": {
							"post": [0, 0, 0],
							"lerp_mode": "catmullrom"
						},
						"0.4": {
							"post": [0, -0.5, 0],
							"lerp_mode": "catmullrom"
						},
						"0.8": {
							"post": [0, 0, 0],
							"lerp_mode": "catmullrom"
						}
					},
					"scale": {
						"0.0": {
							"post": [1, 1, 1],
							"lerp_mode": "catmullrom"
						},
						"0.4": {
							"post": [1, 0.9, 1],
							"lerp_mode": "catmullrom"
						},
						"0.8": {
							"post": [1, 1, 1],
							"lerp_mode": "catmullrom"
						}
					}
				}
			}
		},
		"animation.quilava.walk": {
			"loop": true,
			"animation_length": 0.6,
			"bones": {
				"body_root": {
					"rotation": {
						"0.0": {
							"post": [-10, 0, 0],
							"lerp_mode": "catmullrom"
						},
						"0.2": {
							"post": [0, 0, 0],
							"lerp_mode": "catmullrom"
						},
						"0.6": {
							"post": [-10, 0, 0],
							"lerp_mode": "catmullrom"
						}
					}
				},
				"head": {
					"position": {
						"0.0": {
							"post": [0, 0, 0],
							"lerp_mode": "catmullrom"
						},
						"0.3": {
							"post": [0, -1, 0],
							"lerp_mode": "catmullrom"
						},
						"0.6": {
							"post": [0, 0, 0],
							"lerp_mode": "catmullrom"
						}
					}
				},
				"front_legs": {
					"rotation": {
						"0.0": {
							"post": [-50, 0, 0],
							"lerp_mode": "catmullrom"
						},
						"0.2": {
							"post": [40, 0, 0],
							"lerp_mode": "catmullrom"
						},
						"0.6": {
							"post": [-50, 0, 0],
							"lerp_mode": "catmullrom"
						}
					},
					"position": {
						"0.0": {
							"post": [0, 0, -1],
							"lerp_mode": "catmullrom"
						},
						"0.4": {
							"post": [0, 0, 0],
							"lerp_mode": "catmullrom"
						},
						"0.6": {
							"post": [0, 0, -1],
							"lerp_mode": "catmullrom"
						}
					}
				},
				"back_legs": {
					"rotation": {
						"0.0": {
							"post": [-50, 0, 0],
							"lerp_mode": "catmullrom"
						},
						"0.4": {
							"post": [15, 0, 0],
							"lerp_mode": "catmullrom"
						},
						"0.6": {
							"post": [-50, 0, 0],
							"lerp_mode": "catmullrom"
						}
					},
					"position": {
						"0.0": {
							"post": [0, 0, -1],
							"lerp_mode": "catmullrom"
						},
						"0.2": {
							"post": [0, 0, 0],
							"lerp_mode": "catmullrom"
						},
						"0.6": {
							"post": [0, 0, -1],
							"lerp_mode": "catmullrom"
						}
					}
				}
			}
		},
		"animation.quilava.sitting": {
			"loop": true,
			"bones": {
				"head": {
					"position": [0, 9, 5]
				},
				"body": {
					"rotation": [-52.5, 0, 0],
					"position": [0, -2, -4]
				},
				"front_legs": {
					"rotation": [-20, 0, 0],
					"position": [0, 5, 0]
				},
				"right_front_leg": {
					"rotation": [0, 0, -15]
				},
				"left_front_leg": {
					"rotation": [0, 0, 15]
				},
				"back_legs": {
					"rotation": [-45, 0, 0],
					"position": [0, -1, -3]
				}
			}
		},
		"animation.quilava.jump": {
			"loop": true,
			"bones": {
				"body_root": {
					"rotation": [-10, 0, 0]
				},
				"front_legs": {
					"rotation": [-45, 0, 0]
				},
				"back_legs": {
					"rotation": [35, 0, 0]
				}
			}
		},
		"animation.quilava.attack": {
			"loop": true,
			"bones": {
				"quilava": {
					"position": [-1, 0, 0]
				},
				"body_root": {
					"rotation": [0, -20, 0],
					"position": [-1, 0, -1]
				},
				"head": {
					"position": [0, -2, 0]
				},
				"body": {
					"rotation": [5, 0, 0]
				},
				"front_legs": {
					"position": [0, -1, 0],
					"scale": [1, 0.8, 1]
				}
			}
		},
		"animation.quilava.swimming": {
			"loop": true,
			"animation_length": 0.8,
			"bones": {
				"quilava": {
					"position": {
						"0.0": [0, -3, 0],
						"0.4": [0, -2, 0],
						"0.8": [0, -3, 0]
					}
				},
				"head": {
					"position": [0, 8, 5]
				},
				"body": {
					"rotation": [-35, 0, 0]
				},
				"front_legs": {
					"rotation": {
						"0.0": [-50, 0, 0],
						"0.2": [-20, 0, 0],
						"0.8": [-50, 0, 0]
					},
					"position": [0, 4, 3]
				},
				"back_legs": {
					"rotation": {
						"0.0": [-40, 0, 0],
						"0.6": [20, 0, 0],
						"0.8": [-40, 0, 0]
					}
				}
			}
		},
		"animation.quilava.health_bar": {
			"loop": true,
			"bones": {
				"health_hover": {
					"rotation": ["q.camera_rotation(0)", "q.camera_rotation(1)-q.body_y_rotation", 0],
					"position": [0, 25, 0],
					"scale": "query.is_in_ui?0:1.5"
				},
				"bar_green": {
					"scale": ["query.health/query.max_health*1", 1, 1]
				},
				"bar_black": {
					"scale": ["(1)+(query.health/query.max_health*-1)", 1, 1]
				}
			}
		}
	}
}