{
	"format_version": "1.10.0",
	"animation_controllers": {
		"controller.animation.moon_cake": {
			"initial_state" : "default",
			"states": {
				"default": {
					"transitions": [
						{
							"moon_cake": "query.mark_variant == 1 && query.get_equipped_item_name=='moon_cake' && query.item_remaining_use_duration > 0"
						}
					],
					"on_entry": [
						"@s moon_cake:fire",
                        "/replaceitem entity @s slot.weapon.mainhand 0 bomb:moon_cake 1 2"
					]
				},
				"moon_cake": {
					"transitions": [
						{
							"default": "query.mark_variant == 1 && query.get_equipped_item_name=='moon_cake' && query.item_remaining_use_duration > 0"
						}
					],
					"on_entry": [
						"@s moon_cake:fire",
                        "/replaceitem entity @s slot.weapon.mainhand 0 bomb:moon_cake 1 1"
					]
				}
			}
		}
	}
}