{
	"format_version": "1.10.0",
	"animation_controllers": {
		"controller.animation.moon_cake_ammo": {
			"initial_state" : "default",
			"states": {
                                                                                                               
				"default": {
					"transitions": [
						{
							"ammo": "query.mark_variant == 1 && query.get_equipped_item_name=='moon_cake'"
						}
					],
					"on_entry": [
						"@s mm"
					]
				},
				"ammo": {
					"transitions": [
						{
							"default": "(1.0)"
						}
					],
					"on_entry": [
	"/title @s actionbar ∞/∞"
					]
				}
			}
		}
	}
}