{
    "pools": [
        {
            "rolls": 1,
            "entries": [
                {
                    "type": "item",
                    "name": "ny:star_piece",
                    "weight": 95,
                    "functions": [
                        {
                            "function": "set_count",
                            "count": {
                                "min": 0,
                                "max": 3
                            }
                        }
                    ]
                },
                {
                    "type": "item",
                    "name": "ny:star",
                    "weight": 5,
                    "functions": [
                        {
                            "function": "set_count",
                            "count": {
                                "min": 1,
                                "max": 1
                            }
                        }
                    ]
                }
            ]
        }
    ]
}