{
//   "author":"H2V凋灵123",
   "format_version":"1.10.0",
     "animation_controllers":{
       "controller.animation.sans_pr_v2":{
         "states":{
               "default": {
          "transitions": [
            { "base": "variable.has_target" }
          ]
        },
           "base":{
                   "transitions": [
            { "default": "!variable.has_target" }
          ],
             "particle_effects":[
               {
               "effect":"sans",
               "locator":"sans_eyes"
             },
                 {
               "effect":"sans2",
               "locator":"sans_eyes"
             }

           ]
         }     
       }
     }
   }
 }
