{
  "format_version": "1.20.20",
  "minecraft:item": {
    "description": {
      "identifier": "pg:pg_book3",
       "category" : "commands"
    },

    "components": {
     "minecraft:display_name":{
			"value": "Book of Portals"
		},
		"minecraft:icon":{
			"texture": "pg_book",
				"frame": 0
		},
				 "minecraft:on_use": {
      "on_use": {
          "event": "next",
          "target": "self"
      }
  }
    },
	"events":{
		"next":{
			"run_command":{
				"command": ["replaceitem entity @s slot.weapon.mainhand 0 pg:pg_book 1","playsound book.flip @s"]
			}
		}
	}
  }
}