{
   "resource_pack_name" : "vanilla",
   "texture_data" : {
      "oka_helmet" : {
         "textures" : "textures/items/oka_helmet"
      },
      "winter_helmet" : {
         "textures" : "textures/items/winter_helmet"
      },
      "suikomi" : {
         "textures" : "textures/items/suikomi"
      },
      "star" : {
         "textures" : "textures/items/star"
      },
      "star_piece" : {
         "textures" : "textures/items/star_piece"
      },
      "star_bottle" : {
         "textures" : "textures/items/star_bottle"
      },
      "star_bottle_hammer" : {
         "textures" : "textures/items/star_bottle_hammer"
      },
      "star_bottle_fire" : {
         "textures" : "textures/items/star_bottle_fire"
      },
      "star_bottle_ice" : {
         "textures" : "textures/items/star_bottle_ice"
      },
      "star_bottle_sword" : {
         "textures" : "textures/items/star_bottle_sword"
      },
      "star_bottle_plasma" : {
         "textures" : "textures/items/star_bottle_plasma"
      },
      "star_bottle_wheel" : {
         "textures" : "textures/items/star_bottle_wheel"
      },
      "star_bottle_bomb" : {
         "textures" : "textures/items/star_bottle_bomb"
      },
      "star_bottle_beam" : {
         "textures" : "textures/items/star_bottle_beam"
      },
      "star_bottle_sleep" : {
         "textures" : "textures/items/star_bottle_sleep"
      },
      "star_bottle_stone" : {
         "textures" : "textures/items/star_bottle_stone"
      }
   },
   "texture_name" : "atlas.items"
}
