{
  "format_version": "1.19.70",
  "minecraft:recipe_shaped": {
    "description": {
    "identifier": "yes:gilded_netherite_mace_ad2_convert"
    },  
    "tags": [ "crafting_table" ],
    "pattern": [
      "X"
    ],
    "key": {
      "X": {
        "item": "yes:gilded_netherite_mace_ad2"
      }
    },
		"unlock": [
			{
				"item": "yes:gilded_netherite_mace_ad2"
			}
		],
    "result": [
      {
        "item": "yes:gilded_netherite_morningstar_ad2",
        "count": 1
      }
    ]
  }
}
