{
	"format_version": "1.12.0",
	"minecraft:geometry": [
		{
			"description": {
				"identifier": "geometry.Arm2",
				"texture_width": 128,
				"texture_height": 128,
				"visible_bounds_width": 4,
				"visible_bounds_height": 6.5,
				"visible_bounds_offset": [0, 2.75, 0]
			},
			"bones": [
				{
					"name": "Arm3",
					"pivot": [-7, 1.03044, 3.69725],
					"rotation": [-15, 0, -95],
					"cubes": [
						{"origin": [-9, -12.96956, 1.69725], "size": [4, 14, 4], "uv": [0, 28], "mirror": true}
					]
				}
			]
		}
	]
}