{
	"format_version": "1.12.0",
	"minecraft:geometry": [
		{
			"description": {
				"identifier": "geometry.Ribs3",
				"texture_width": 128,
				"texture_height": 128,
				"visible_bounds_width": 4,
				"visible_bounds_height": 6.5,
				"visible_bounds_offset": [0, 2.75, 0]
			},
			"bones": [
				{
					"name": "bone",
					"pivot": [2.5, -0.96956, 1.69725],
					"rotation": [-5.76863, -29.8742, 2.88066],
					"cubes": [
						{"origin": [-3.5, -0.96956, 0.69725], "size": [6, 2, 2], "uv": [32, 12]}
					]
				}
			]
		}
	]
}