{
	"format_version": "1.12.0",
	"minecraft:geometry": [
		{
			"description": {
				"identifier": "geometry.Ribs",
				"texture_width": 128,
				"texture_height": 128,
				"visible_bounds_width": 4,
				"visible_bounds_height": 6.5,
				"visible_bounds_offset": [0, 2.75, 0]
			},
			"bones": [
				{
					"name": "bone",
					"pivot": [4.5, -0.96956, 5.69725],
					"rotation": [-5.76863, -29.8742, 2.88066],
					"cubes": [
						{"origin": [-1.5, -0.96956, 4.69725], "size": [6, 2, 2], "uv": [32, 12]}
					]
				},
				{
					"name": "bone2",
					"parent": "bone",
					"pivot": [-1.5, 0.03044, 5.69725],
					"rotation": [0, -60, 0],
					"cubes": [
						{"origin": [-7.5, -0.96956, 4.69725], "size": [6, 2, 2], "uv": [32, 12]}
					]
				},
				{
					"name": "bone3",
					"parent": "bone2",
					"pivot": [-7.5, 0.03044, 5.69725],
					"rotation": [0, -60, 0],
					"cubes": [
						{"origin": [-13.5, -0.96956, 4.69725], "size": [6, 2, 2], "uv": [32, 12]}
					]
				}
			]
		}
	]
}