{
    "resource_pack_name": "vanilla",
    "texture_name": "atlas.items",
    "texture_data": {
        "h2v_gaster_icons": {
            "textures": [
                "h2v_gaster_icon"
            ]
        },
        "h2v_items_icon_h2v_spawn_egg_gaster": {
            "textures": "items_src_h2v\/h2v_items_gaster_egg\/src\/sdf"
        },
        "h2v_items_icon_h2v_gaster_determination": {
            "textures": "items_src_h2v\/h2v_items_wg_gaster\/src\/ssss"
        },
        "h2v_items_icon_h2v_gaster_ex_medicament": {
            "textures": "items_src_h2v\/h2v_items_wg_gaster\/src\/sss"
        },
        "h2v_items_icon_h2v_follower_totem": {
            "textures": "items_src_h2v\/h2v_items_wg_gaster\/src\/ss"
        }
    }
}