{
  "format_version": "1.16.0",
  "minecraft:entity": {
    "description": {
      "identifier": "minecraftstorymode:wither_storm_boss_severed",
      "is_spawnable": false,
      "is_summonable": true,
      "is_experimental": false,
            "runtime_identifier": "minecraft:ender_dragon",
                    	      "scripts": {
        "animate": [
{
"head_spawn_respawn_left":"query.mark_variant==0"
},
{
"head_spawn_respawn_right":"query.mark_variant==1"
},
{
"head_spawn_grow_left":"query.mark_variant==0"
},
{
"head_spawn_grow_right":"query.mark_variant==1"
},
{
	"left":"query.mark_variant==0"
},
{
	"right":"query.mark_variant==1"
},
{
	"left":"query.mark_variant==2"
},
{
	"right":"query.mark_variant==3"
},
"kill_block",
"spawn_block2",
"spawn_block3"

        ]
	     },
	        	  "animations": {
     	  	       	       	    "head_spawn_respawn_left": "animation.wither_storm_boss_severed.head_spawn_respawn_left",
"head_spawn_grow_left": "animation.wither_storm_boss_severed.head_spawn_grow_left",
     	       	       	       	       	       	    "head_spawn_respawn_right":"animation.wither_storm_boss_severed.head_spawn_respawn_right",
"head_spawn_grow_right": "animation.wither_storm_boss_severed.head_spawn_grow_right",
   	       	       	       	       	          	  "kill_block": "animation.wither_storm_boss.kill_block",     
   	       	       	       	       	          	 "left":"controller.animation.wither_storm_boss_severed.left",
   	       	       	       	       	       	       	      	       	       	       	       	       	       	       	       	    "right":"controller.animation.wither_storm_boss_severed.right",
   	       	       	       	       	           "spawn_block2":"animation.wither_storm.spawn_block2",
        "spawn_block3":"animation.wither_storm.spawn_block3"
   	      	      	      	      	
   	  }
    },
"component_groups":{
	"left":{
		        "minecraft:mark_variant":{
            "value":0
        },
              "minecraft:type_family": {
        "family": [ "wither_storm", "skeleton", "monster", "mob" ,"severed_wither_storm","wither_storm_full","sws_left","ws_body"]
      },
                  "minecraft:timer": {
          "time": 93,
          "looping": false,
          "time_down_event": {
            "event": "stage8_l",
            "target": "self"
          }
        }
	},
	"right":{
				        "minecraft:mark_variant":{
            "value":1
        },
                      "minecraft:type_family": {
        "family": [ "wither_storm", "skeleton", "monster", "mob" ,"severed_wither_storm","wither_storm_full","sws_rigft","ws_body"]
      },
                  "minecraft:timer": {
          "time": 93,
          "looping": false,
          "time_down_event": {
            "event": "stage8_r",
            "target": "self"
          }
        }
	},
		"left_grow":{
			"minecraft:variant": { 
          "value": 6
        },
		        "minecraft:mark_variant":{
            "value":2
        },
                      "minecraft:type_family": {
        "family": [ "wither_storm", "skeleton", "monster", "mob" ,"severed_wither_storm","wither_storm_full","sws_left","ws_body"]
      }
	},
	"right_grow":{
		"minecraft:variant": { 
          "value": 6
        },
				        "minecraft:mark_variant":{
            "value":3
        },
                      "minecraft:type_family": {
        "family": [ "wither_storm", "skeleton", "monster", "mob" ,"severed_wither_storm","wither_storm_full","sws_rigft","ws_body"]
      }
	},
    "death_explode":{
                                   "minecraft:explode": {
          "fuseLength": 0.2,
          "fuseLit": true,
          "power": 0,
          "causesFire": false,
          "fireAffectedByGriefing": true,
          "destroyAffectedByGriefing": true
        }
    },

    "stage8":{
                               "minecraft:variant": { 
          "value": 6
        }
    },
        "stage7_respawn":{
                               "minecraft:variant": { 
          "value": 5
        }
    }
},
    "components": {
      "minecraft:experience_reward": {
        "on_death": "50000"
      },
      "minecraft:breathable": {
        "total_supply": 15,
        "suffocate_time": 0
      },
      "minecraft:loot": {
        "table": "loot_tables/entities/wither_storm_boss_severed.json"
      },
            "minecraft:damage_sensor": {
                "triggers": [
                    {
                        "cause": "fall",
                        "deals_damage": false
                    },
                    {
                        "cause": "suffocation",
                        "deals_damage": false
                    },
                    {
                        "cause": "projectile",
                        "deals_damage": false
                    },
                    {
                        "cause": "entity_explosion",
                        "deals_damage": false
                    },
                    {
                        "cause": "magic",
                        "deals_damage": false
                    },
                    {
                        "cause": "lightning",
                        "deals_damage": false
                    },
                    {
                        "cause": "wither",
                        "deals_damage": false
                    },
                    {
                        "on_damage": {
                            "filters": {
                                "test": "is_family",
                                "subject": "other",
                                "operator": "!=",
                                "value": "player"
                            }
                        },
                        "deals_damage": false
                    }
                ]
            },
            "minecraft:behavior.nearest_attackable_target": {
                "priority": 3,
                "must_see": true,
                "reselect_targets": true,
                "within_radius": 100,
                "entity_types": [
                    {
                        "filters": {
                            "test": "is_family",
                            "subject": "other",
                            "operator": "!=",
                            "value": "wither_storm"
                        },
                        "max_dist": 100
                    }
                ]
            },
            "minecraft:jump.static": {},
            "minecraft:behavior.float": {
                "priority": 0
            },
            "minecraft:scale": {
                "value": 0.8
            },
            "minecraft:conditional_bandwidth_optimization": {},
            "minecraft:tick_world": {
                "never_despawn": true
            },
            "minecraft:behavior.hurt_by_target": {
                "priority": 1
            },
            "minecraft:despawn": {
                "despawn_from_distance": {}
      },
      "minecraft:health": {
        "value": 1024,
        "max": 1024
      },
      "minecraft:collision_box": {
        "width": 3,
        "height": 3
      },
      "minecraft:fire_immune": true,

      "minecraft:nameable": {
      },
      "minecraft:rideable": {
        "seat_count": 3,
        "family_types": [
          "wither_storm_head"
        ],
        "pull_in_entities": true,
        "seats": [
          {
            "position": [ -6.0, 0, 14.5 ],
            "rotate_rider_by": 0,
            "lock_rider_rotation": 90
          },
          {
            "position": [ -12.0, 0, 14.5 ],
            "rotate_rider_by": 20,
            "lock_rider_rotation": 90
          },
          {
            "position": [ 2.0, 0, 15.5 ],
            "rotate_rider_by": -20,
            "lock_rider_rotation": 90
          }
        ]
      },
      "minecraft:knockback_resistance": {
        "value": 1.0
      },
      "minecraft:type_family": {
        "family": [ "wither_storm", "skeleton", "monster", "mob" ,"severed_wither_storm","wither_storm_full","ws_body"]
      },
      "minecraft:persistent": {
      },
      "minecraft:physics": {
      },
      "minecraft:pushable": {
        "is_pushable": false,
        "is_pushable_by_piston": false
      }
    },

    "events": {

                  "stage8_l": {
        "add": {
          "component_groups": [
            "left_grow"
          ]
        }
      },
                        "stage8_r": {
        "add": {
          "component_groups": [
            "right_grow"
          ]
        }
      },
                        "left": {
        "add": {
          "component_groups": [
            "left",
            "stage7_respawn"
          ]
        }
      },
                        "right": {
        "add": {
          "component_groups": [
            "right",
            "stage7_respawn"
          ]
        }
      }
    }
  }
}