{
	"format_version": "1.10.0",
	"particle_effect": {
		"description": {
			"identifier": "serp:gastly_smoke",
			"basic_render_parameters": {
				"material": "particles_alpha",
				"texture": "textures/particle/particles"
			}
		},
		"components": {
			"minecraft:emitter_local_space": {
				"position": true,
				"rotation": true
			},
			"minecraft:emitter_rate_instant": {
				"num_particles": 10
			},
			"minecraft:emitter_lifetime_looping": {
				"active_time": "((!query.is_invisible)&&query.property('serp:v')<3)*0.2"
			},
			"minecraft:emitter_shape_point": {},
			"minecraft:particle_lifetime_expression": {
				"max_lifetime": "Math.random(0.5, 1)"
			},
			"minecraft:particle_initial_speed": 1.75,
			"minecraft:particle_motion_dynamic": {
				"linear_acceleration": [0, 2, 0],
				"linear_drag_coefficient": 2
			},
			"minecraft:particle_appearance_billboard": {
				"size": ["1*(v.particle_lifetime-v.particle_age)", "1*(v.particle_lifetime-v.particle_age)"],
				"facing_camera_mode": "lookat_xyz",
				"uv": {
					"texture_width": 128,
					"texture_height": 128,
					"flipbook": {
						"base_UV": [0, 80],
						"size_UV": [8, 8],
						"step_UV": [8, 0],
						"frames_per_second": 8,
						"max_frame": 8,
						"stretch_to_lifetime": true
					}
				}
			},
			"minecraft:particle_appearance_tinting": {
				"color": ["Math.clamp(variable.particle_random_1 * 1 + 0.2, 0, 1)", "Math.clamp(variable.particle_random_1 * 0 + 0.2, 0, 1)", "Math.clamp(variable.particle_random_1 * 1 + 0.2, 0, 1)", 1]
			}
		}
	}
}