{
  "format_version": "1.8.0",
  "render_controllers": {
    "controller.render.kirby_entity": {
      "geometry": "Geometry.default",
      "materials": [ { "*": "Material.default" } ],
      "textures": [ "Texture.default" ],
      "overlay_color": {
        "r": "0.5",
        "g": "0.1",
        "b": "0.1",
        "a": "v.death * 0.6 * (math.sin(q.life_time*240*v.tenmetsu)>=0 ? 1 : 0)"
      },
      "is_hurt_color":{
        "r": 1.0,
        "g": 1.0,
        "b": 1.0,
        "a": "0.6 * (math.sin(q.life_time*360*v.tenmetsu)>=0 ? 1 : 0)"
      }
    },
    "controller.render.kirby_emi": {
      "geometry": "Geometry.default",
      "materials": [ { "*": "Material.default" } ],
      "textures": [ "Texture.default" ],
      "is_hurt_color":{
        "r": 1.0,
        "g": 1.0,
        "b": 1.0,
        "a": "0.6 * (math.sin(q.life_time*360*v.tenmetsu)>=0 ? 1 : 0)"
      },
      "on_fire_color":{
        "r": 1.0,
        "g": 1.0,
        "b": 1.0,
        "a": 0.0
      },
      "light_color_multiplier": 1.2,
      "ignore_lighting" : true
    },
    "controller.render.kirby_copy": {
			"arrays": {
				"geometries": {
				  "Array.models": [ 
						"Geometry.kirby_copy0", 
						"Geometry.kirby_copy1", 
						"Geometry.kirby_copy2", 
						"Geometry.kirby_copy3", 
						"Geometry.kirby_copy4", 
						"Geometry.kirby_copy5", 
						"Geometry.kirby_copy6", 
						"Geometry.kirby_copy7", 
						"Geometry.kirby_copy8", 
						"Geometry.kirby_copy9", 
						"Geometry.kirby_copy10", 
						"Geometry.kirby_copy11", 
						"Geometry.kirby_copy12", 
						"Geometry.kirby_copy13", 
						"Geometry.kirby_copy14"
					 ]
				},
				"textures": {
					"Array.skins": [ 
						"Texture.kirby_copy0", 
						"Texture.kirby_copy1", 
						"Texture.kirby_copy2", 
						"Texture.kirby_copy3", 
						"Texture.kirby_copy4", 
						"Texture.kirby_copy5", 
						"Texture.kirby_copy6", 
						"Texture.kirby_copy7", 
						"Texture.kirby_copy8", 
						"Texture.kirby_copy9", 
						"Texture.kirby_copy10", 
						"Texture.kirby_copy11", 
						"Texture.kirby_copy12", 
						"Texture.kirby_copy13", 
						"Texture.kirby_copy14"
					]
				}
			},
      "geometry": "Array.models[query.property('property:copy')]",
      "materials": [ { "*": "Material.default" } ],
      "textures": [ "Array.skins[query.property('property:copy')]" ],
      "light_color_multiplier": "1.05",
      "is_hurt_color":{
        "r": 1.0,
        "g": 1.0,
        "b": 1.0,
        "a": "0.6 * (math.sin(q.life_time*360*v.tenmetsu)>=0 ? 1 : 0)"
      }
    },
    "controller.render.plasma": {
			"arrays": {
				"geometries": {
				  "Array.models": [ 
						"Geometry.plasma1", 
						"Geometry.plasma2", 
						"Geometry.plasma3", 
						"Geometry.plasma4", 
						"Geometry.plasma5"
					 ]
				},
				"textures": {
					"Array.skins": [ 
						"Texture.plasma1", 
						"Texture.plasma2", 
						"Texture.plasma3", 
						"Texture.plasma4", 
						"Texture.plasma5"
					]
				}
			},
      "geometry": "Array.models[query.property('property:bomb')-1]",
      "materials": [ { "*": "Material.default" } ],
      "textures": [ "Array.skins[query.property('property:bomb')-1]" ],
      "light_color_multiplier": "1.5",
      "ignore_lighting" : true
    },
    "controller.render.kirby_copy9_plasma": {
      "geometry": "Geometry.kirby_copy9_plasma",
      "materials": [ { "*": "Material.animated" } ],
      "textures": [ "Texture.kirby_copy9_plasma" ],
      "is_hurt_color":{
        "r": 1.0,
        "g": 1.0,
        "b": 1.0,
        "a": "0.6 * (math.sin(q.life_time*360*v.tenmetsu)>=0 ? 1 : 0)"
      },
      "on_fire_color":{
        "r": 1.0,
        "g": 1.0,
        "b": 1.0,
        "a": 0.0
      },
      "uv_anim": {
          "offset": [ "0", 
                      "math.mod(1/32 * Math.floor(query.life_time * 20),1)" ],
          "scale": [ "1", "1/32" ]
      },
      "light_color_multiplier": 1.6,
      "ignore_lighting" : true
    },
    "controller.render.kirby_copy8_beam": {
      "geometry": "Geometry.kirby_copy8_beam",
      "materials": [ { "*": "Material.emissive" } ],
      "textures": [ "Texture.kirby_copy8_beam" ],
      "is_hurt_color":{
        "r": 1.0,
        "g": 1.0,
        "b": 1.0,
        "a": "0.0"
      },
      "on_fire_color":{
        "r": 1.0,
        "g": 1.0,
        "b": 1.0,
        "a": 0.0
      },
      "light_color_multiplier": "1.5",
      "ignore_lighting" : true
    },
    "controller.render.kirby_copy8_dash": {
      "geometry": "Geometry.kirby_copy8_dash",
      "materials": [ { "*": "Material.default" } ],
      "textures": [ "Texture.kirby_copy8_dash" ],
      "light_color_multiplier": "1.05",
      "is_hurt_color":{
        "r": 1.0,
        "g": 1.0,
        "b": 1.0,
        "a": "0.0"
      },
      "on_fire_color":{
        "r": 1.0,
        "g": 1.0,
        "b": 1.0,
        "a": 0.0
      }
    },
    "controller.render.kirby_copy7_hammer": {
      "geometry": "Geometry.kirby_copy7_hammer",
      "materials": [ { "*": "Material.default" } ],
      "textures": [ "Texture.kirby_copy7_hammer" ],
      "light_color_multiplier": "1.05",
      "overlay_color": {
        "r": 0.1,
        "g": 0.1,
        "b": 0.1,
        "a": 0.2
      },
      "is_hurt_color":{
        "r": 1.0,
        "g": 1.0,
        "b": 1.0,
        "a": "0.6 * (math.sin(q.life_time*360*v.tenmetsu)>=0 ? 1 : 0)"
      }
    },
    "controller.render.kirby_copy6_wheel": {
      "geometry": "Geometry.kirby_copy6_wheel",
      "materials": [ { "*": "Material.default" } ],
      "textures": [ "Texture.default" ],
      "light_color_multiplier": "1.05",
      "overlay_color": {
        "r": 0.1,
        "g": 0.1,
        "b": 0.1,
        "a": 0.2
      },
      "is_hurt_color":{
        "r": 1.0,
        "g": 1.0,
        "b": 1.0,
        "a": "0.6 * (math.sin(q.life_time*360*v.tenmetsu)>=0 ? 1 : 0)"
      }
    },
    "controller.render.kirby_copy2_kaiten": {
      "geometry": "Geometry.kirby_copy2_kaiten",
      "materials": [ { "*": "Material.default" } ],
      "textures": [ "Texture.kirby_copy2_kaiten" ],
      "is_hurt_color":{
        "r": 1.0,
        "g": 1.0,
        "b": 1.0,
        "a": "0.0"
      },
      "on_fire_color":{
        "r": 1.0,
        "g": 1.0,
        "b": 1.0,
        "a": 0.0
      },
      "light_color_multiplier": 1.3,
      "ignore_lighting" : true
    },
    "controller.render.kirby_copy4_fire": {
      "geometry": "Geometry.kirby_copy4_fire",
      "materials": [ { "*": "Material.animated" } ],
      "textures": [ "Texture.kirby_copy4_fire" ],
      "is_hurt_color":{
        "r": 1.0,
        "g": 1.0,
        "b": 1.0,
        "a": "0.6 * (math.sin(q.life_time*360*v.tenmetsu)>=0 ? 1 : 0)"
      },
      "on_fire_color":{
        "r": 1.0,
        "g": 1.0,
        "b": 1.0,
        "a": 0.0
      },
      "uv_anim": {
          "offset": [ "0", 
                      "math.mod(1/32 * Math.floor(query.life_time * 16),1)" ],
          "scale": [ "1", "1/32" ]
      },
      "light_color_multiplier": 1.5,
      "ignore_lighting" : true
    },
    "controller.render.kirby_star": {
      "geometry": "Geometry.kirby_star",
      "materials": [ { "*": "Material.emissive" } ],
      "textures": [ "Texture.kirby_star" ],
      "is_hurt_color":{
        "r": 1.0,
        "g": 1.0,
        "b": 1.0,
        "a": "0.6 * (math.sin(q.life_time*360*v.tenmetsu)>=0 ? 1 : 0)"
      }
    },
    "controller.render.kirby_goggles": {
      "geometry": "Geometry.kirby_noskin",
      "materials": [ { "*": "Material.goggles" } ],
      "textures": [ "Texture.kirby_goggles" ],
      "is_hurt_color":{
        "r": 1.0,
        "g": 1.0,
        "b": 1.0,
        "a": "0.6 * (math.sin(q.life_time*360*v.tenmetsu)>=0 ? 1 : 0)"
      }
    },
    "controller.render.kirby_eye": {
      "geometry": "Geometry.kirby_noskin",
      "materials": [ { "*": "Material.default" } ],
      "textures": [ "Texture.kirby_eye" ],
      "is_hurt_color":{
        "r": 1.0,
        "g": 1.0,
        "b": 1.0,
        "a": "0.6 * (math.sin(q.life_time*360*v.tenmetsu)>=0 ? 1 : 0)"
      }
    },
    "controller.render.kirby_hoppe": {
      "geometry": "Geometry.kirby_hoppe",
      "materials": [ { "*": "Material.default" } ],
      "textures": [ "Texture.default" ],
      "light_color_multiplier": "0.9",
      "is_hurt_color":{
        "r": 1.0,
        "g": 1.0,
        "b": 1.0,
        "a": "0.6 * (math.sin(q.life_time*360*v.tenmetsu)>=0 ? 1 : 0)"
      }
    },
    "controller.render.kirby_foot": {
      "geometry": "Geometry.kirby_foot",
      "materials": [ { "*": "Material.default" } ],
      "textures": [ "Texture.default" ],
      "light_color_multiplier": "0.6",
      "is_hurt_color":{
        "r": 1.0,
        "g": 1.0,
        "b": 1.0,
        "a": "0.6 * (math.sin(q.life_time*360*v.tenmetsu)>=0 ? 1 : 0)"
      }
    },
    "controller.render.kirby": {
      "geometry": "Geometry.kirby",
      "materials": [ { "*": "Material.default" } ],
      "textures": [ "Texture.default" ],
      "overlay_color": {
        "r": 1.0,
        "g": 1.0,
        "b": 1.0,
        "a": 0.1
      },
      "is_hurt_color":{
        "r": 1.0,
        "g": 1.0,
        "b": 1.0,
        "a": "0.6 * (math.sin(q.life_time*360*v.tenmetsu)>=0 ? 1 : 0)"
      }
      /*"on_fire_color":{
        "r": 0.1,
        "g": 0.0,
        "b": 0.0,
        "a": 0.1
      },
      "light_color_multiplier": "0.7",
      "overlay_color": {
        "r": "0.33 + (v.color==0 ? 0.0 : (v.color==1 || v.color==4 || v.color==5 || v.color==7 ? 0.6 ) )",
        "g": "0.33 + (v.color==0 ? 0.0 : (v.color==2 || v.color==4 || v.color==6 || v.color==7 ? 0.7 ) )",
        "b": "0.33 + (v.color==0 ? 0.0 : (v.color==3 || v.color==5 || v.color==6 || v.color==7 ? 0.7 ) )",
          "a": "0.62"
      },
      "light_color_multiplier": 10,
      "ignore_lighting" : true*/
    }
  }
}
