{
  "format_version": "1.8.0",
  "render_controllers": {
    "controller.render.player.first_person": {
      "geometry": "Geometry.default",
      "materials": [ { "*": "Material.default" } ],
      "textures": [ "Texture.kirby" ],
      "part_visibility": [
        { "*": false },
        { "rightArm": "query.get_equipped_item_name(0, 1) == '' || query.get_equipped_item_name(0, 1) == 'map'" },
        { "rightSleeve": "query.get_equipped_item_name(0, 1) == '' || query.get_equipped_item_name(0, 1) == 'map'" },
        { "leftArm": "(query.get_equipped_item_name(0, 1) == 'map' && query.get_equipped_item_name('off_hand') != 'shield') || (query.get_equipped_item_name('off_hand') == 'map' && !query.item_is_charged) || (!query.item_is_charged && (variable.item_use_normalized > 0 && variable.item_use_normalized < 1.0))" },
        { "leftSleeve": "(query.get_equipped_item_name(0, 1) == 'map' && query.get_equipped_item_name('off_hand') != 'shield') || (query.get_equipped_item_name('off_hand') == 'map' && !query.item_is_charged) || (!query.item_is_charged && (variable.item_use_normalized > 0 && variable.item_use_normalized < 1.0))" }
      ],
      "light_color_multiplier": "1.0 * (v.color>=2 ? 0.95 : 1.0)",
      "overlay_color": {
        "r": "0.33 + (v.color==0 ? 0.0 : (v.color==1 || v.color==4 || v.color==5 || v.color==7 ? 0.6 ) )",
        "g": "0.33 + (v.color==0 ? 0.0 : (v.color==2 || v.color==4 || v.color==6 || v.color==7 ? 0.7 ) )",
        "b": "0.33 + (v.color==0 ? 0.0 : (v.color==3 || v.color==5 || v.color==6 || v.color==7 ? 0.7 ) )",
          "a": "0.62"
      },
      "is_hurt_color":{
        "r": 1.0,
        "g": 1.0,
        "b": 1.0,
        "a": 0.4
      }
    },
    "controller.render.player.third_person": {
      "geometry": "Geometry.default",
      "materials": [ { "*": "Material.default" } ],
      "textures": [ "Texture.none" ],
      "part_visibility": [
        { "*": true },
        { "helmet": false },
        { "leftLegging": false },
        { "rightLegging": false },
        { "leftBoot": false },
        { "rightBoot": false },
        { "leftSock": false },
        { "rightSock": false },
        { "bodyArmor": false },
        { "leftArmArmor": false },
        { "rightArmArmor": false },
        { "belt": false }
      ]
    },
    "controller.render.player.map": {
      "geometry": "Geometry.kirby",
      "materials": [ { "*": "Material.default" } ],
      "textures": [ "Texture.kirby" ],
      "part_visibility": [
        { "*": false },
        { "head": true },
        { "hat": false },
        { "helmet": false }
      ],
      "light_color_multiplier": "1.0 * (v.color>=2 ? 0.95 : 1.0)",
      "overlay_color": {
        "r": "0.33 + (v.color==0 ? 0.0 : (v.color==1 || v.color==4 || v.color==5 || v.color==7 ? 0.6 ) )",
        "g": "0.33 + (v.color==0 ? 0.0 : (v.color==2 || v.color==4 || v.color==6 || v.color==7 ? 0.7 ) )",
        "b": "0.33 + (v.color==0 ? 0.0 : (v.color==3 || v.color==5 || v.color==6 || v.color==7 ? 0.7 ) )",
          "a": "0.62"
      },
      "is_hurt_color":{
        "r": 1.0,
        "g": 1.0,
        "b": 1.0,
        "a": 0.4
      }
    }
  }
}
