{
	"format_version": "1.8.0",
	"animations": {
		"animation.nether3.new": {
			"loop": true,
			"animation_length": 0.72,
			"bones": {
				"bone6": {
					"position": {
						"0.0": [
							0,
							0,
							0
						],
						"0.2833": [
							0,
							0.1,
							0
						],
						"0.6": [
							0,
							0,
							0
						]
					}
				},
				"bone8": {
					"position": {
						"0.0": [
							0,
							0,
							0
						],
						"0.2833": [
							0,
							0.1,
							0
						],
						"0.6": [
							0,
							0,
							0
						]
					}
				},
				"bone9": {
					"position": {
						"0.0": [
							0,
							0,
							0
						],
						"0.2": [
							0,
							-1,
							0
						],
						"0.5167": [
							0,
							-2,
							0
						],
						"0.7167": [
							0,
							0,
							0
						]
					},
					"scale": {
						"0.0833": [
							1,
							1,
							1
						],
						"0.5": [
							1.1,
							0.9,
							1.1
						]
					}
				},
				"bone10": {
					"position": {
						"0.0": [
							0,
							0,
							0
						],
						"0.2": [
							0,
							0,
							0
						],
						"0.5167": [
							0,
							1,
							0
						],
						"0.7167": [
							0,
							0,
							0
						]
					},
					"scale": {
						"0.0833": [
							1,
							1,
							1
						],
						"0.5": [
							1.1,
							0.9,
							1.1
						]
					}
				}
			}
		}
	}
}