{
	"format_version": "1.8.0",
	"animations": {
		"animation.nether2.new": {
			"loop": true,
			"animation_length": 1.68,
			"bones": {
				"bone4": {
					"scale": {
						"0.3167": [
							1,
							1,
							1
						],
						"0.6833": [
							1.1,
							1.1,
							1
						],
						"1.0333": [
							1,
							1,
							1
						]
					}
				},
				"bone5": {
					"rotation": {
						"0.0": [
							0,
							0,
							5
						],
						"0.2833": [
							0,
							0,
							0
						],
						"0.5167": [
							0,
							0,
							-5
						],
						"0.7167": [
							0,
							0,
							0
						],
						"0.8833": [
							0,
							0,
							5
						],
						"1.0333": [
							0,
							0,
							0
						],
						"1.2333": [
							0,
							0,
							-5
						],
						"1.4833": [
							0,
							0,
							0
						]
					},
					"position": {
						"0.0": [
							0,
							0,
							0
						],
						"0.1667": [
							0,
							0,
							0
						],
						"0.8833": [
							0,
							0,
							0
						]
					},
					"scale": {
						"0.0": [
							1,
							1,
							1
						],
						"0.2333": [
							1,
							1,
							1
						],
						"0.7667": [
							1,
							1,
							1
						]
					}
				},
				"bone7": {
					"position": {
						"0.0": [
							0,
							0,
							0
						],
						"0.3167": [
							0,
							1,
							0
						],
						"0.4833": [
							0,
							1.79,
							0
						],
						"0.9667": [
							0,
							0.36,
							0
						],
						"1.0833": [
							0,
							0,
							0
						],
						"1.3167": [
							0,
							0,
							0
						]
					}
				},
				"bone3": {
					"rotation": {
						"0.4333": [
							0,
							0,
							0
						],
						"1.0833": [
							-360,
							0,
							0
						]
					},
					"position": {
						"0.0": [
							0,
							0,
							0
						],
						"0.3667": [
							0,
							4,
							0
						],
						"1.1167": [
							0,
							0,
							0
						]
					},
					"scale": {
						"0.2": [
							1,
							0.8,
							1
						],
						"1.0": [
							1,
							1,
							1
						],
						"1.1167": [
							1,
							0.8,
							1
						],
						"1.2333": [
							1,
							1,
							1
						]
					}
				}
			}
		}
	}
}