{
	"format_version": "1.8.0",
	"animations": {
		"animation.nether4.new": {
			"loop": true,
			"animation_length": 1.04,
			"bones": {
				"bone6": {
					"scale": {
						"0.0": [
							1,
							1,
							1
						],
						"0.4": [
							1,
							1.1,
							1
						],
						"0.8833": [
							1,
							1,
							1
						]
					}
				},
				"bone14": {
					"scale": {
						"0.0": [
							1,
							1,
							1
						],
						"0.4": [
							1,
							1.1,
							1
						],
						"0.8833": [
							1,
							1,
							1
						]
					}
				},
				"bone15": {
					"scale": {
						"0.0": [
							1,
							1,
							1
						],
						"0.4": [
							1,
							1.1,
							1
						],
						"0.8833": [
							1,
							1,
							1
						]
					}
				},
				"bone22": {
					"scale": {
						"0.0": [
							1,
							1,
							1
						],
						"0.4": [
							1,
							1.1,
							1
						],
						"0.8833": [
							1,
							1,
							1
						]
					}
				},
				"bone25": {
					"scale": {
						"0.0": [
							1,
							1,
							1
						],
						"0.4": [
							1,
							1.1,
							1
						],
						"0.8833": [
							1,
							1,
							1
						]
					}
				},
				"bone30": {
					"position": {
						"0.0": [
							0,
							0,
							0
						],
						"0.4": [
							0,
							-0.2,
							0
						],
						"0.8333": [
							0,
							0,
							0
						]
					}
				},
				"bone31": {
					"position": {
						"0.0": [
							0,
							0,
							0
						],
						"0.4": [
							0,
							-0.2,
							0
						],
						"0.8333": [
							0,
							0,
							0
						]
					}
				},
				"bone32": {
					"position": {
						"0.0": [
							0,
							0,
							0
						],
						"0.4": [
							0,
							-0.2,
							0
						],
						"0.8333": [
							0,
							0,
							0
						]
					}
				},
				"bone35": {
					"scale": {
						"0.0": [
							1,
							1,
							1
						],
						"0.4": [
							1,
							1.1,
							1
						],
						"0.8833": [
							1,
							1,
							1
						]
					}
				}
			}
		}
	}
}