{
  "format_version": "1.10.0",
  "animations": {
    //銃のやつ
    "animation.knife.wield": {
      "loop": true,
      "bones": {
        "rightitem": {
         "position": [ "(c.is_first_person ? 7.8 : 0.0)", "(c.is_first_person ? 2.5 : 0.0)", "(c.is_first_person ? 0.0 : 0.0)" ],
         "rotation": [ "(c.is_first_person ? 50.0 : 0.0)", " (c.is_first_person ? 30.0 : 0.0)", "c.is_first_person ? 10.0 : 0.0" ],
         "scale":"c.is_first_person ? 1.25 : 1.0"
        },
        "all": {
          "position": [ "(c.is_first_person ? 0.0 : 0.0)", "(c.is_first_person ? 0.0 : 0.0)", "(c.is_first_person ? 0.0 : 0.0)" ],
          "rotation": [ "(c.is_first_person ? 0.0 : 0.0)", " (c.is_first_person ? 0.0 : 0.0)", "c.is_first_person ? -45.0 : 0.0" ]
        }
      }
    },
    "animation.knife.copy2_sword": {
      "loop": true,
      "bones": {
        "rightitem": {
         "position": [ "(c.is_first_person ? 7.8 : 0.0)", "(c.is_first_person ? 2.5 : 0.0)", "(c.is_first_person ? 0.0 : 0.0)" ],
         "rotation": [ "(c.is_first_person ? 50.0 : 0.0)", " (c.is_first_person ? 30.0 : 0.0)", "c.is_first_person ? 10.0 : 0.0" ],
         "scale":"c.is_first_person ? 1.05 : 0.8"
        },
        "all": {
          "position": [ "(c.is_first_person ? -4.0 : 1.0)", "(c.is_first_person ? 0.0 : 0.0)", "(c.is_first_person ? -2.0 : 0.0)" ],
          "rotation": [ "(c.is_first_person ? 0.0 : 0.0)", " (c.is_first_person ? 0.0 : 0.0)", "c.is_first_person ? -45.0 : 0.0" ]
        }
      }
    },
    "animation.knife.copy7_hammer": {
      "loop": true,
      "bones": {
        "rightitem": {
         "position": [ "(c.is_first_person ? 7.8 : 0.0)", "(c.is_first_person ? 2.5 : 0.0)", "(c.is_first_person ? 0.0 : 0.0)" ],
         "rotation": [ "(c.is_first_person ? 50.0 : 0.0)", " (c.is_first_person ? 30.0 : 0.0)", "c.is_first_person ? 10.0 : 0.0" ],
         "scale":"c.is_first_person ? 0.73 : 0.8"
        },
        "all": {
          "position": [ "(c.is_first_person ? -4.5 : 1.0)", "(c.is_first_person ? 0.0 : 0.0)", "(c.is_first_person ? -1.0 : 0.0)" ],
          "rotation": [ "(c.is_first_person ? 0.0 : 0.0)", " (c.is_first_person ? 0.0 : 0.0)", "c.is_first_person ? -45.0 : 0.0" ]
        }
      }
    }
  }
}