{
	"format_version": "1.8.0",
	"animations": {
		"animation.ivysaur.quiet": {
			"loop": true,
			"animation_length": 1.6,
			"bones": {
				"body": {
					"rotation": {
						"0.0": {
							"post": [0, 5, 0],
							"lerp_mode": "catmullrom"
						},
						"0.8": {
							"post": [0, -5, 0],
							"lerp_mode": "catmullrom"
						},
						"1.6": {
							"post": [0, 5, 0],
							"lerp_mode": "catmullrom"
						}
					}
				},
				"right_front_leg": {
					"rotation": {
						"0.0": {
							"post": [0, 0, -5],
							"lerp_mode": "catmullrom"
						},
						"0.8": {
							"post": [0, 0, 5],
							"lerp_mode": "catmullrom"
						},
						"1.6": {
							"post": [0, 0, -5],
							"lerp_mode": "catmullrom"
						}
					},
					"position": {
						"0.0": {
							"post": [-0.5, 0, 0],
							"lerp_mode": "catmullrom"
						},
						"0.8": {
							"post": [0.5, 0, 0],
							"lerp_mode": "catmullrom"
						},
						"1.6": {
							"post": [-0.5, 0, 0],
							"lerp_mode": "catmullrom"
						}
					}
				},
				"left_front_leg": {
					"rotation": {
						"0.0": {
							"post": [0, 0, -5],
							"lerp_mode": "catmullrom"
						},
						"0.8": {
							"post": [0, 0, 5],
							"lerp_mode": "catmullrom"
						},
						"1.6": {
							"post": [0, 0, -5],
							"lerp_mode": "catmullrom"
						}
					},
					"position": {
						"0.0": {
							"post": [-0.5, 0, 0],
							"lerp_mode": "catmullrom"
						},
						"0.8": {
							"post": [0.5, 0, 0],
							"lerp_mode": "catmullrom"
						},
						"1.6": {
							"post": [-0.5, 0, 0],
							"lerp_mode": "catmullrom"
						}
					}
				},
				"head": {
					"rotation": {
						"0.0": {
							"post": [0, 0, -5],
							"lerp_mode": "catmullrom"
						},
						"0.8": {
							"post": [0, 0, 5],
							"lerp_mode": "catmullrom"
						},
						"1.6": {
							"post": [0, 0, -5],
							"lerp_mode": "catmullrom"
						}
					},
					"position": {
						"0.0": {
							"post": [-1, 0, 0],
							"lerp_mode": "catmullrom"
						},
						"0.4": {
							"post": [0, -0.5, 0],
							"lerp_mode": "catmullrom"
						},
						"0.8": {
							"post": [1, 0, 0],
							"lerp_mode": "catmullrom"
						},
						"1.2": {
							"post": [0, -0.5, 0],
							"lerp_mode": "catmullrom"
						},
						"1.6": {
							"post": [-1, 0, 0],
							"lerp_mode": "catmullrom"
						}
					}
				}
			}
		},
		"animation.ivysaur.sitting": {
			"loop": true,
			"animation_length": 0.28,
			"bones": {
				"ivysaur": {
					"rotation": ["-this", 0, 0]
				},
				"body": {
					"rotation": [-35, 0, 0],
					"position": [0, 0, -4]
				},
				"right_front_leg": {
					"position": [0, 0, 0]
				},
				"left_front_leg": {
					"position": [0, 0, 0]
				},
				"right_back_leg": {
					"position": [0, 0, -2]
				},
				"left_back_leg": {
					"position": [0, 0, -2]
				},
				"head": {
					"position": [0, 2, 0]
				}
			}
		},
		"animation.ivysaur.attack": {
			"loop": true,
			"animation_length": 0.8,
			"bones": {
				"ivysaur": {
					"rotation": [-30, 0, 0],
					"position": [0, 1.5, 0]
				},
				"body": {
					"rotation": [0, 10, 0],
					"position": [-1, 0, 0]
				},
				"front_legs": {
					"rotation": [-35, 0, 0]
				},
				"right_front_leg": {
					"position": [-2, 0, 0]
				},
				"left_front_leg": {
					"position": [-2, 0, 0]
				},
				"right_back_leg": {
					"rotation": [30, 0, 0]
				},
				"left_back_leg": {
					"rotation": [30, 0, 0]
				},
				"head": {
					"rotation": [-20, 32.5, 0],
					"position": [-3, 0, 0]
				}
			}
		},
		"animation.ivysaur.walk": {
			"loop": true,
			"animation_length": 0.8,
			"bones": {
				"ivysaur": {
					"rotation": {
						"0.0": {
							"post": [5, 0, 0],
							"lerp_mode": "catmullrom"
						},
						"0.24": {
							"post": [10, 0, 0],
							"lerp_mode": "catmullrom"
						},
						"0.8": {
							"post": [5, 0, 0],
							"lerp_mode": "catmullrom"
						}
					}
				},
				"body": {
					"rotation": {
						"0.0": {
							"post": [-10, 0, 0],
							"lerp_mode": "catmullrom"
						},
						"0.4": {
							"post": [5, 0, 0],
							"lerp_mode": "catmullrom"
						},
						"0.8": {
							"post": [-10, 0, 0],
							"lerp_mode": "catmullrom"
						}
					}
				},
				"front_legs": {
					"rotation": {
						"0.0": {
							"post": [-60, 0, 0],
							"lerp_mode": "catmullrom"
						},
						"0.24": {
							"post": [-25, 0, 0],
							"lerp_mode": "catmullrom"
						},
						"0.52": {
							"post": [5, 0, 0],
							"lerp_mode": "catmullrom"
						},
						"0.8": {
							"post": [-60, 0, 0],
							"lerp_mode": "catmullrom"
						}
					},
					"position": [0, 1, -1]
				},
				"back_legs": {
					"rotation": {
						"0.0": {
							"post": [-5, 0, 0],
							"lerp_mode": "catmullrom"
						},
						"0.24": {
							"post": [45, 0, 0],
							"lerp_mode": "catmullrom"
						},
						"0.52": {
							"post": [-5, 0, 0],
							"lerp_mode": "catmullrom"
						},
						"0.8": {
							"post": [-5, 0, 0],
							"lerp_mode": "catmullrom"
						}
					},
					"position": {
						"0.0": {
							"post": [0, 0, 0],
							"lerp_mode": "catmullrom"
						},
						"0.24": {
							"post": [0, 1, 2],
							"lerp_mode": "catmullrom"
						},
						"0.52": {
							"post": [0, 0, 0],
							"lerp_mode": "catmullrom"
						},
						"0.8": {
							"post": [0, 0, 0],
							"lerp_mode": "catmullrom"
						}
					}
				},
				"head": {
					"rotation": {
						"0.0": {
							"post": [5, 0, 0],
							"lerp_mode": "catmullrom"
						},
						"0.24": {
							"post": [-5, 0, 0],
							"lerp_mode": "catmullrom"
						},
						"0.8": {
							"post": [5, 0, 0],
							"lerp_mode": "catmullrom"
						}
					},
					"position": {
						"0.0": {
							"post": [0, 1, 1],
							"lerp_mode": "catmullrom"
						},
						"0.52": {
							"post": [0, 0, 0],
							"lerp_mode": "catmullrom"
						},
						"0.8": {
							"post": [0, 1, 1],
							"lerp_mode": "catmullrom"
						}
					}
				}
			}
		}
	}
}