{
	"format_version": "1.8.0",
	"animations": {
		"animation.venusaur.quiet": {
			"loop": true,
			"animation_length": 1.6,
			"bones": {
				"body": {
					"rotation": {
						"0.0": {
							"post": [-5, 0, 0],
							"lerp_mode": "catmullrom"
						},
						"0.8": {
							"post": [5, 0, 0],
							"lerp_mode": "catmullrom"
						},
						"1.6": {
							"post": [-5, 0, 0],
							"lerp_mode": "catmullrom"
						}
					},
					"position": {
						"0.0": {
							"post": [0, 0, 1],
							"lerp_mode": "catmullrom"
						},
						"0.8": {
							"post": [0, 0, -1],
							"lerp_mode": "catmullrom"
						},
						"1.6": {
							"post": [0, 0, 1],
							"lerp_mode": "catmullrom"
						}
					}
				},
				"head": {
					"rotation": {
						"0.0": {
							"post": [0, 0, 0],
							"lerp_mode": "catmullrom"
						},
						"0.8": {
							"post": [0, 0, 0],
							"lerp_mode": "catmullrom"
						},
						"1.6": {
							"post": [0, 0, 0],
							"lerp_mode": "catmullrom"
						}
					},
					"position": {
						"0.0": {
							"post": [0, 1, 1],
							"lerp_mode": "catmullrom"
						},
						"0.9": {
							"post": [0, -1, 0],
							"lerp_mode": "catmullrom"
						},
						"1.6": {
							"post": [0, 1, 1],
							"lerp_mode": "catmullrom"
						}
					}
				},
				"mouth": {
					"rotation": {
						"0.0": {
							"post": [15, 0, 0],
							"lerp_mode": "catmullrom"
						},
						"1.1": {
							"post": [10, 0, 0],
							"lerp_mode": "catmullrom"
						},
						"1.6": {
							"post": [15, 0, 0],
							"lerp_mode": "catmullrom"
						}
					}
				}
			}
		},
		"animation.venusaur.walk": {
			"loop": true,
			"animation_length": 0.8,
			"bones": {
				"venusaur": {
					"rotation": {
						"0.0": {
							"post": [-5, 0, 0],
							"lerp_mode": "catmullrom"
						},
						"0.3": {
							"post": [5, 0, 0],
							"lerp_mode": "catmullrom"
						},
						"0.8": {
							"post": [-5, 0, 0],
							"lerp_mode": "catmullrom"
						}
					},
					"position": {
						"0.0": {
							"post": [0, 0, 0],
							"lerp_mode": "catmullrom"
						},
						"0.5": {
							"post": [0, 2, 0],
							"lerp_mode": "catmullrom"
						},
						"0.8": {
							"post": [0, 0, 0],
							"lerp_mode": "catmullrom"
						}
					}
				},
				"head": {
					"rotation": {
						"0.0": {
							"post": [0, 0, 0],
							"lerp_mode": "catmullrom"
						},
						"0.4": {
							"post": [5, 0, 0],
							"lerp_mode": "catmullrom"
						},
						"0.8": {
							"post": [0, 0, 0],
							"lerp_mode": "catmullrom"
						}
					}
				},
				"mouth": {
					"rotation": {
						"0.0": {
							"post": [5, 0, 0],
							"lerp_mode": "catmullrom"
						},
						"0.2": {
							"post": [0, 0, 0],
							"lerp_mode": "catmullrom"
						},
						"0.8": {
							"post": [5, 0, 0],
							"lerp_mode": "catmullrom"
						}
					}
				},
				"front_legs": {
					"rotation": {
						"0.0": {
							"post": [-60, 0, 0],
							"lerp_mode": "catmullrom"
						},
						"0.5": {
							"post": [50, 0, 0],
							"lerp_mode": "catmullrom"
						},
						"0.8": {
							"post": [-60, 0, 0],
							"lerp_mode": "catmullrom"
						}
					}
				},
				"back_legs": {
					"rotation": {
						"0.0": {
							"post": [50, 0, 0],
							"lerp_mode": "catmullrom"
						},
						"0.4": {
							"post": [-35, 0, 0],
							"lerp_mode": "catmullrom"
						},
						"0.8": {
							"post": [50, 0, 0],
							"lerp_mode": "catmullrom"
						}
					},
					"position": {
						"0.0": {
							"post": [0, 3, 2],
							"lerp_mode": "catmullrom"
						},
						"0.4": {
							"post": [0, 0, 0],
							"lerp_mode": "catmullrom"
						},
						"0.8": {
							"post": [0, 3, 2],
							"lerp_mode": "catmullrom"
						}
					}
				},
				"back_foots": {
					"position": {
						"0.0": {
							"post": [0, -3, 3],
							"lerp_mode": "catmullrom"
						},
						"0.3": {
							"post": [0, 0, 0],
							"lerp_mode": "catmullrom"
						},
						"0.8": {
							"post": [0, -3, 3],
							"lerp_mode": "catmullrom"
						}
					}
				}
			}
		},
		"animation.venusaur.sitting": {
			"loop": true,
			"bones": {
				"head": {
					"position": [0, 11, 6]
				},
				"body": {
					"rotation": [-45, 0, 0],
					"position": [0, 1, 3],
					"scale": [1, 1, 0.8]
				},
				"front_legs": {
					"position": [0, 3, 1],
					"scale": [0.9, 1.6, 1]
				},
				"back_legs": {
					"position": [0, 0, -2]
				}
			}
		},
		"animation.venusaur.attack": {
			"loop": true,
			"animation_length": 0.8,
			"bones": {
				"venusaur": {
					"rotation": [7.5, 0, 0],
					"position": [0, 2, -3]
				},
				"front_legs": {
					"rotation": [-57.5, 0, 0],
					"position": [0, -1, 0]
				},
				"back_legs": {
					"rotation": [-5, 0, 0],
					"position": [0, -3, -1]
				},
				"mouth": {
					"rotation": [35, 0, 0]
				}
			}
		}
	}
}