{
	"format_version": "1.8.0",
	"animations": {
		"animation.bulbasaur.quiet": {
			"loop": true,
			"bones": {
				"body": {
					"rotation": ["math.cos(query.anim_time*240)*5", 0, 0]
				},
				"head": {
					"position": [0, "math.cos(query.anim_time*240)*-0.5", 0]
				},
				"bulb": {
					"rotation": {
						"0.0": {
							"post": [0, 0, -5],
							"lerp_mode": "catmullrom"
						},
						"1.0": {
							"post": [0, 0, 5],
							"lerp_mode": "catmullrom"
						},
						"1.6": {
							"post": [0, 0, -5],
							"lerp_mode": "catmullrom"
						}
					}
				}
			}
		},
		"animation.bulbasaur.walk": {
			"loop": true,
			"bones": {
				"body": {
					"rotation": ["15+(math.cos(query.anim_time*560)*15)", 0, 0]
				},
				"front_legs": {
					"rotation": {
						"0.0": {
							"post": [30, 0, 0],
							"lerp_mode": "catmullrom"
						},
						"0.4": {
							"post": [-50, 0, 0],
							"lerp_mode": "catmullrom"
						},
						"0.6": {
							"post": [30, 0, 0],
							"lerp_mode": "catmullrom"
						}
					},
					"position": {
						"0.0": {
							"post": [0, 0, -1],
							"lerp_mode": "catmullrom"
						},
						"0.4": {
							"post": [0, -1, -1],
							"lerp_mode": "catmullrom"
						},
						"0.6": {
							"post": [0, 0, -1],
							"lerp_mode": "catmullrom"
						}
					}
				},
				"back_legs": {
					"rotation": {
						"0.0": {
							"post": [-35, 0, 0],
							"lerp_mode": "catmullrom"
						},
						"0.2": {
							"post": [50, 0, 0],
							"lerp_mode": "catmullrom"
						},
						"0.6": {
							"post": [-35, 0, 0],
							"lerp_mode": "catmullrom"
						}
					},
					"position": {
						"0.0": {
							"post": [0, 0, 0],
							"lerp_mode": "catmullrom"
						},
						"0.2": {
							"post": [0, -1, 1],
							"lerp_mode": "catmullrom"
						},
						"0.6": {
							"post": [0, 0, 0],
							"lerp_mode": "catmullrom"
						}
					}
				},
				"bulbasaur": {
					"position": ["1-(math.cos(query.life_time*560)*1)", 0, 0]
				},
				"head": {
					"position": {
						"0.0": {
							"post": [0, -2, -1],
							"lerp_mode": "catmullrom"
						},
						"0.4": {
							"post": [0, -1, -1],
							"lerp_mode": "catmullrom"
						},
						"0.6": {
							"post": [0, -2, -1],
							"lerp_mode": "catmullrom"
						}
					}
				},
				"bulb": {
					"rotation": {
						"0.0": {
							"post": [-10, 0, 0],
							"lerp_mode": "catmullrom"
						},
						"0.2": {
							"post": [10, 0, 0],
							"lerp_mode": "catmullrom"
						},
						"0.6": {
							"post": [-10, 0, 0],
							"lerp_mode": "catmullrom"
						}
					}
				}
			}
		},
		"animation.bulbasaur.sitting": {
			"loop": true,
			"bones": {
				"body": {
					"rotation": [-20, 0, 0],
					"position": [0, 0, -1]
				},
				"back_legs": {
					"rotation": [-60, 0, 0],
					"position": [0, 0, 1]
				},
				"front_legs": {
					"rotation": [0, 0, 0],
					"position": [0, 0, -0.5],
					"scale": [1, 1, 1]
				},
				"head": {
					"position": [0, 1, 1]
				}
			}
		},
		"animation.bulbasaur.attack": {
			"loop": true,
			"bones": {
				"back_legs": {
					"rotation": [125, 0, 0],
					"position": [0, 4, 1]
				},
				"head": {
					"position": [0, -2, -1]
				},
				"body": {
					"rotation": [55, 0, 0],
					"position": [0, 3, 1]
				}
			}
		},
		"animation.bulbasaur.defeated": {
			"loop": "hold_on_last_frame",
			"bones": {
				"body": {
					"rotation": [-30, 0, 0],
					"position": [0, 0, -1]
				},
				"back_legs": {
					"rotation": [-60, 0, 0],
					"position": [0, 0, 1]
				},
				"front_legs": {
					"rotation": [0, 0, 0],
					"position": [0, 0, 2],
					"scale": [1, 1, 1]
				},
				"head": {
					"position": [0, 0, 0]
				}
			}
		}
	}
}