{
	"format_version": "1.8.0",
	"animations": {
		"animation.sandshrew.quiet": {
			"loop": true,
			"animation_length": 0.8,
			"bones": {
				"head": {
					"position": {
						"0.0": {
							"post": [0, -0.3, 0],
							"lerp_mode": "catmullrom"
						},
						"0.4": {
							"post": [0, -0.7, -1],
							"lerp_mode": "catmullrom"
						},
						"0.8": {
							"post": [0, -0.3, 0],
							"lerp_mode": "catmullrom"
						}
					}
				},
				"body": {
					"rotation": {
						"0.0": {
							"post": [5, 0, 0],
							"lerp_mode": "catmullrom"
						},
						"0.4": {
							"post": [12.5, 0, 0],
							"lerp_mode": "catmullrom"
						},
						"0.8": {
							"post": [5, 0, 0],
							"lerp_mode": "catmullrom"
						}
					}
				},
				"right_arm": {
					"rotation": {
						"0.0": {
							"post": [10, 0, 0],
							"lerp_mode": "catmullrom"
						}
					},
					"position": {
						"0.0": {
							"post": [0, 0, -1],
							"lerp_mode": "catmullrom"
						},
						"0.4": {
							"post": [0, -0.5, -2],
							"lerp_mode": "catmullrom"
						},
						"0.8": {
							"post": [0, 0, -1],
							"lerp_mode": "catmullrom"
						}
					}
				},
				"left_arm": {
					"rotation": {
						"0.0": {
							"post": [10, 0, 0],
							"lerp_mode": "catmullrom"
						}
					},
					"position": {
						"0.0": {
							"post": [0, 0, -1],
							"lerp_mode": "catmullrom"
						},
						"0.4": {
							"post": [0, -0.5, -2],
							"lerp_mode": "catmullrom"
						},
						"0.8": {
							"post": [0, 0, -1],
							"lerp_mode": "catmullrom"
						}
					}
				},
				"tail": {
					"rotation": {
						"0.0": {
							"post": [0, 40, 0],
							"lerp_mode": "catmullrom"
						},
						"0.4": {
							"post": [0, 50, 0],
							"lerp_mode": "catmullrom"
						},
						"0.8": {
							"post": [0, 40, 0],
							"lerp_mode": "catmullrom"
						}
					},
					"position": {
						"0.0": {
							"post": [1, 0, 0],
							"lerp_mode": "catmullrom"
						},
						"0.4": {
							"post": [2, 0, 0],
							"lerp_mode": "catmullrom"
						},
						"0.8": {
							"post": [1, 0, 0],
							"lerp_mode": "catmullrom"
						}
					}
				}
			}
		},
		"animation.sandshrew.walk": {
			"loop": true,
			"animation_length": 0.6,
			"bones": {
				"sandshrew": {
					"rotation": {
						"0.0": {
							"post": [0, -10, 0],
							"lerp_mode": "catmullrom"
						},
						"0.3": {
							"post": [0, 10, 0],
							"lerp_mode": "catmullrom"
						},
						"0.6": {
							"post": [0, -10, 0],
							"lerp_mode": "catmullrom"
						}
					},
					"position": {
						"0.0": {
							"post": [0, 1, 0],
							"lerp_mode": "catmullrom"
						},
						"0.15": {
							"post": [0, 0, 0],
							"lerp_mode": "catmullrom"
						},
						"0.3": {
							"post": [0, 1, 0],
							"lerp_mode": "catmullrom"
						},
						"0.45": {
							"post": [0, 0, 0],
							"lerp_mode": "catmullrom"
						},
						"0.6": {
							"post": [0, 1, 0],
							"lerp_mode": "catmullrom"
						}
					}
				},
				"tail": {
					"rotation": {
						"0.0": {
							"post": [0, 25, 0],
							"lerp_mode": "catmullrom"
						},
						"0.3": {
							"post": [0, -25, 0],
							"lerp_mode": "catmullrom"
						},
						"0.6": {
							"post": [0, 25, 0],
							"lerp_mode": "catmullrom"
						}
					},
					"position": {
						"0.0": {
							"post": [1, 0, 0],
							"lerp_mode": "catmullrom"
						},
						"0.3": {
							"post": [-1, 0, 0],
							"lerp_mode": "catmullrom"
						},
						"0.6": {
							"post": [1, 0, 0],
							"lerp_mode": "catmullrom"
						}
					}
				},
				"right_leg": {
					"rotation": {
						"0.0": {
							"post": [-25, 0, 0],
							"lerp_mode": "catmullrom"
						},
						"0.3": {
							"post": [25, 0, 0],
							"lerp_mode": "catmullrom"
						},
						"0.6": {
							"post": [-25, 0, 0],
							"lerp_mode": "catmullrom"
						}
					}
				},
				"left_leg": {
					"rotation": {
						"0.0": {
							"post": [25, 0, 0],
							"lerp_mode": "catmullrom"
						},
						"0.3": {
							"post": [-25, 0, 0],
							"lerp_mode": "catmullrom"
						},
						"0.6": {
							"post": [25, 0, 0],
							"lerp_mode": "catmullrom"
						}
					}
				},
				"right_arm": {
					"rotation": {
						"0.0": {
							"post": [7.5, 0, 0],
							"lerp_mode": "catmullrom"
						},
						"0.3": {
							"post": [-7.5, 0, 0],
							"lerp_mode": "catmullrom"
						},
						"0.6": {
							"post": [7.5, 0, 0],
							"lerp_mode": "catmullrom"
						}
					}
				},
				"left_arm": {
					"rotation": {
						"0.0": {
							"post": [-7.5, 0, 0],
							"lerp_mode": "catmullrom"
						},
						"0.3": {
							"post": [7.5, 0, 0],
							"lerp_mode": "catmullrom"
						},
						"0.6": {
							"post": [-7.5, 0, 0],
							"lerp_mode": "catmullrom"
						}
					}
				},
				"head": {
					"position": {
						"0.0": {
							"post": [0, -1, 0],
							"lerp_mode": "catmullrom"
						},
						"0.3": {
							"post": [0, -1, 0],
							"lerp_mode": "catmullrom"
						},
						"0.6": {
							"post": [0, -1, 0],
							"lerp_mode": "catmullrom"
						}
					}
				}
			}
		},
		"animation.sandshrew.jump": {
			"loop": true,
			"bones": {
				"tail": {
					"rotation": [-45, 0, 0]
				},
				"right_arm": {
					"rotation": [0, 0, 50]
				},
				"arms": {
					"rotation": [-100, 0, 0],
					"position": [0, -1, 0]
				},
				"legs": {
					"rotation": [40, 0, 0]
				},
				"left_arm": {
					"rotation": [0, 0, -50]
				}
			}
		},
		"Animation.sandshrew.attack": {
			"loop": true,
			"bones": {
				"sandshrew": {
					"rotation": [140, 0, 0],
					"position": [0, -2, 1]
				},
				"head": {
					"rotation": [55, 0, 0],
					"position": [0, -3, 2]
				},
				"tail": {
					"rotation": [45, 0, 0],
					"position": [0, 0, -1]
				},
				"legs": {
					"rotation": [-55, 0, 0]
				}
			}
		},
		"Animation.sandshrew.walk2": {
			"loop": true,
			"animation_length": 0.8,
			"bones": {
				"sandshrew": {
					"rotation": {
						"0.0": [0, 0, 0],
						"0.8": [360, 0, 0]
					},
					"position": [0, -2, 1]
				},
				"head": {
					"rotation": [55, 0, 0],
					"position": [0, -3, 2]
				},
				"tail": {
					"rotation": [45, 0, 0],
					"position": [0, 0, -1]
				},
				"legs": {
					"rotation": [-55, 0, 0]
				}
			}
		},
		"animation.sandshrew.swimming": {
			"loop": true,
			"animation_length": 0.6,
			"bones": {
				"sandshrew": {
					"position": {
						"0.0": [0, 0, 0],
						"0.3": [0, -2, 0],
						"0.6": [0, 0, 0]
					}
				},
				"tail": {
					"rotation": {
						"0.0": [-55, 15, -25],
						"0.3": [-55, -15, 25],
						"0.6": [-55, 15, -25]
					},
					"position": {
						"0.0": [1, 0, 0],
						"0.3": [-1, 0, 0],
						"0.6": [1, 0, 0]
					}
				},
				"arms": {
					"rotation": {
						"0.0": [-35, 0, 0],
						"0.2": [-10, 0, 0],
						"0.6": [-35, 0, 0]
					}
				},
				"legs": {
					"rotation": {
						"0.0": [-27.5, 0, 0],
						"0.4": [2.5, 0, 0],
						"0.6": [-27.5, 0, 0]
					}
				}
			}
		},
		"animation.sandshrew.sitting": {
			"loop": true,
			"bones": {
				"sandshrew": {
					"position": [0, -2, 0]
				},
				"head": {
					"position": [0, -1, 0]
				},
				"tail": {
					"rotation": [0, 50, 0],
					"position": [1, 0, -1]
				},
				"right_arm": {
					"position": [1, 0, 0]
				},
				"arms": {
					"rotation": [-25, 0, 0],
					"position": [0, -1, 0]
				},
				"legs": {
					"rotation": [-65, 0, 0],
					"position": [0, -1, 0]
				},
				"left_arm": {
					"position": [-1, 0, 0]
				}
			}
		},
		"animation.sandshrew.health_bar": {
			"loop": true,
			"bones": {
				"health_hover": {
					"rotation": ["q.camera_rotation(0)", "q.camera_rotation(1)-q.body_y_rotation", 0],
					"position": [0, 26, 0],
					"scale": "query.is_in_ui?0:1.5"
				},
				"bar_green": {
					"scale": ["query.health/query.max_health*1", 1, 1]
				},
				"bar_black": {
					"scale": ["(1)+(query.health/query.max_health*-1)", 1, 1]
				}
			}
		},
		"animation.sandshrew.attack": {
			"loop": true,
			"bones": {
				"head": {
					"position": [0, -2, -1]
				},
				"body": {
					"rotation": [25, 0, 0]
				},
				"right_arm": {
					"rotation": [90, 0, 65],
					"position": [0, -2, -1]
				},
				"left_arm": {
					"rotation": [-30, 0, 0],
					"position": [0, -2, -4]
				}
			}
		}
	}
}