{
	"format_version": "1.8.0",
	"animations": {
		"animation.seel.quiet": {
			"loop": true,
			"animation_length": 0.8,
			"override_previous_animation": true,
			"bones": {
				"body_root": {
					"rotation": {
						"0.0": [0, 5, 0],
						"0.4": [0, -5, 0],
						"0.8": [0, 5, 0]
					},
					"position": [0, 0, 1]
				},
				"head": {
					"position": {
						"0.0": [0, 5, 1],
						"0.2": [0, 4, 1],
						"0.4": [0, 5, 1],
						"0.6": [0, 4, 1],
						"0.8": [0, 5, 1]
					}
				},
				"body1": {
					"rotation": [-25, 0, 0]
				},
				"fins": {
					"rotation": {
						"0.0": [0, -5, 0],
						"0.4": [0, 5, 0],
						"0.8": [0, -5, 0]
					},
					"position": [0, 2, -1]
				},
				"right_fin": {
					"rotation": [20, -35, -35],
					"position": [1, 0, 0]
				},
				"left_fin": {
					"rotation": [20, 35, 35],
					"position": [-1, 0, 0]
				},
				"body2": {
					"rotation": {
						"0.0": [0, 10, 0],
						"0.4": [0, -10, 0],
						"0.8": [0, 10, 0]
					}
				}
			}
		},
		"animation.seel.walk": {
			"loop": true,
			"animation_length": 0.8,
			"bones": {
				"head": {
					"position": {
						"0.0": [0, 2, 0],
						"0.4": [0, 0, 0],
						"0.8": [0, 2, 0]
					}
				},
				"body1": {
					"rotation": {
						"0.0": [-10, 0, 0],
						"0.2": [0, 0, 0],
						"0.8": [-10, 0, 0]
					}
				},
				"fins": {
					"position": {
						"0.0": [0, 1, 0],
						"0.4": [0, 0, 0],
						"0.8": [0, 1, 0]
					}
				},
				"right_fin": {
					"rotation": {
						"0.0": [0, 0, 25],
						"0.2": [0, -35, 25],
						"0.4": [0, -35, -15],
						"0.6": [0, 0, -15],
						"0.8": [0, 0, 25]
					}
				},
				"left_fin": {
					"rotation": {
						"0.0": [0, 0, -25],
						"0.2": [0, 35, -25],
						"0.4": [0, 35, 15],
						"0.6": [0, 0, 15],
						"0.8": [0, 0, -25]
					}
				},
				"body2": {
					"rotation": {
						"0.0": [0, 15, 0],
						"0.4": [0, -15, 0],
						"0.8": [0, 15, 0]
					}
				}
			}
		},
		"animation.seel.sitting": {
			"loop": "hold_on_last_frame",
			"animation_length": 0.8,
			"bones": {
				"head": {
					"position": {
						"0.0": [0, 0, 0],
						"0.4": [0, 7, 6]
					}
				},
				"body1": {
					"rotation": {
						"0.0": [0, 0, 0],
						"0.4": [-45, 0, 0]
					},
					"position": {
						"0.0": [0, 0, 0],
						"0.4": [0, -1, 2]
					}
				},
				"fins": {
					"rotation": {
						"0.0": [0, 0, 0],
						"0.4": [-55, 0, 0],
						"0.7": [-55, 0, 0],
						"0.8": [-47.5, 0, 0]
					},
					"position": {
						"0.0": [0, 0, 0],
						"0.4": [0, 4, 2]
					}
				},
				"right_fin": {
					"rotation": {
						"0.2": [0, 0, 0],
						"0.4": [0, 0, -110],
						"0.5": [0, 0, -60],
						"0.6": [0, 0, -110],
						"0.8": [65, 0, -60]
					},
					"position": {
						"0.2": [0, 0, 0],
						"0.4": [1, -2, 0],
						"0.8": [0, -2, 0]
					}
				},
				"left_fin": {
					"rotation": {
						"0.2": [0, 0, 0],
						"0.4": [0, 0, 110],
						"0.5": [0, 0, 60],
						"0.6": [0, 0, 110],
						"0.8": [65, 0, 60]
					},
					"position": {
						"0.2": [0, 0, 0],
						"0.4": [-1, -2, 0],
						"0.8": [0, -2, 0]
					}
				},
				"body2": {
					"rotation": {
						"0.0": [0, 0, 0],
						"0.4": [-15, 0, 0]
					},
					"position": {
						"0.0": [0, 0, 0],
						"0.4": [0, 1, 0]
					}
				}
			}
		},
		"animation.seel.jump": {
			"loop": true,
			"bones": {
				"body_root": {
					"rotation": [-20, 0, 0],
					"position": [0, 0, 1]
				},
				"head": {
					"position": [0, 1, 0]
				},
				"right_fin": {
					"rotation": [0, 0, 25]
				},
				"left_fin": {
					"rotation": [0, 0, -25]
				}
			}
		},
		"animation.seel.attack": {
			"loop": true,
			"bones": {
				"head": {
					"position": [0, 7, 6]
				},
				"body1": {
					"rotation": [-45, 0, 0],
					"position": [0, -1, 2]
				},
				"fins": {
					"rotation": [-85, 0, 0],
					"position": [0, 4, 2]
				},
				"right_fin": {
					"rotation": [0, 0, -50]
				},
				"left_fin": {
					"rotation": [0, 0, 50]
				},
				"body2": {
					"rotation": [-15, 35, 0],
					"position": [-1, 1, 1]
				},
				"body_root": {
					"position": [0, 1, -1]
				}
			}
		},
		"animation.seel.swimming": {
			"loop": true,
			"animation_length": 0.6,
			"bones": {
				"seel": {
					"position": {
						"0.0": [0, 4, 5],
						"0.4": [0, 5, 5],
						"0.6": [0, 4, 5]
					}
				},
				"head": {
					"position": {
						"0.0": [0, 3, 1],
						"0.3": [0, 2, 1],
						"0.6": [0, 3, 1]
					}
				},
				"body1": {
					"rotation": [-15, 0, 0]
				},
				"fins": {
					"position": [0, 2, 0]
				},
				"right_fin": {
					"rotation": {
						"0.0": [0, 0, 20],
						"0.2": [0, 0, -35],
						"0.6": [0, 0, 20]
					}
				},
				"left_fin": {
					"rotation": {
						"0.0": [0, 0, -20],
						"0.2": [0, 0, 35],
						"0.6": [0, 0, -20]
					}
				},
				"body2": {
					"rotation": {
						"0.0": [-40, 0, 0],
						"0.3": [-50, 0, 0],
						"0.6": [-40, 0, 0]
					},
					"position": {
						"0.0": [0, 1, -1],
						"0.3": [0, 0, -1],
						"0.6": [0, 1, -1]
					}
				}
			}
		},
		"animation.seel.sink": {
			"loop": true,
			"animation_length": 0.8,
			"bones": {
				"seel": {
					"rotation": {
						"0.0": [-2.5, 0, 0],
						"0.4": [2.5, 0, 0],
						"0.8": [-2.5, 0, 0]
					},
					"position": [0, 0, 3]
				},
				"head": {
					"position": {
						"0.0": [0, 1, 0],
						"0.4": [0, 0, 0],
						"0.8": [0, 1, 0]
					}
				},
				"fins": {
					"rotation": [45, 0, 0]
				},
				"right_fin": {
					"rotation": {
						"0.0": [0, 0, 40],
						"0.4": [0, 0, -40],
						"0.8": [0, 0, 40]
					}
				},
				"left_fin": {
					"rotation": {
						"0.0": [0, 0, -40],
						"0.4": [0, 0, 40],
						"0.8": [0, 0, -40]
					}
				},
				"body2": {
					"rotation": {
						"0.0": [0, 20, 0],
						"0.4": [0, -20, 0],
						"0.8": [0, 20, 0]
					},
					"position": [0, 0, -1]
				}
			}
		},
		"animation.seel.direction": {
			"loop": true,
			"bones": {
				"seel": {
					"rotation": [ "query.target_x_rotation - this", "query.target_y_rotation - this", "-math.max(-20,math.min(20,query.yaw_speed))"]
				},
				"tail": {
					"rotation": [0, 0, "math.max(-35,math.min(35,query.yaw_speed))"]
				}
			}
		},
        "animation.seel.health_bar":{
            "loop":true,
            "bones":{
                "health_hover":{
    "rotation":["q.camera_rotation(0)","q.camera_rotation(1)-q.body_y_rotation",0],
	"position": [0,21,0],
    "scale":"query.is_in_ui?0:1.5"
                },
				"bar_green": {
					"scale": ["query.health/query.max_health*1", 1, 1]
				},
				"bar_black": {
					"scale": ["(1)+(query.health/query.max_health*-1)", 1, 1]
				}
			}
        }
	}
}