{
    "format_version": "1.20.80",
    "minecraft:item": {
        "description": {
            "identifier": "yes:exposed_copper_sword",
            "menu_category": {
                "category": "equipment",
                "group": "itemGroup.name.sword"
            }
        },
        "components": {
            "minecraft:tags": {
                "tags": []
            },
            "minecraft:custom_components": [
                "yes:mining_durability_damage",
                "yes:hit_durability_damage"
            ],
            "minecraft:max_stack_size": 1,
            "minecraft:hand_equipped": true,
            "minecraft:durability": {
                "max_durability": 159,
                "damage_chance": {
                    "min": 60,
                    "max": 100
                }
            },
            "minecraft:display_name": {
                "value": "Exposed Copper Sword\n\ue116\u00a7l\ue05b\u00a7r\ue115\n\ue05c"
            },
            "minecraft:icon": "exposed_copper_sword",
            "minecraft:damage": 6,
            "minecraft:enchantable": {
                "value": 10,
                "slot": "sword"
            },
            "minecraft:repairable": {
                "repair_items": [
                    {
                        "items": [
                            "yes:exposed_copper_sword"
                        ],
                        "repair_amount": "context.other->query.remaining_durability+0.12*context.other->query.max_durability"
                    },
                    {
                        "items": [
                            "minecraft:copper_ingot"
                        ],
                        "repair_amount": "query.max_durability*0.33"
                    }
                ]
            },
            "minecraft:can_destroy_in_creative": false,
            "minecraft:digger": {
                "destroy_speeds": [
                    {
                        "block": "minecraft:web",
                        "speed": 10
                    },
                    {
                        "block": "minecraft:bamboo",
                        "speed": 7
                    }
                ]
            }
        }
    }
}