{
	"format_version": "1.10.0",
	"particle_effect": {
		"description": {
			"identifier": "tt:prueba",
			"basic_render_parameters": {
				"material": "particles_alpha",
				"texture": "textures/particle/particles"
			}
		},
		"components": {
			"minecraft:emitter_local_space": {
				"position": true,
				"rotation": true
			},
			"minecraft:emitter_rate_instant": {
				"num_particles": 20
			},
			"minecraft:emitter_lifetime_once": {
				"active_time": 1
			},
			"minecraft:emitter_shape_point": {
				"direction": [
					"math.random(-0.1,0.1)",
					"math.random(0.1,1)",
					"math.random(-0.1,0.1)"
				]
			},
			"minecraft:particle_lifetime_expression": {
				"max_lifetime": "math.random(0.5,2)"
			},
			"minecraft:particle_initial_speed": "math.random(5,10)",
			"minecraft:particle_motion_dynamic": {
				"linear_acceleration": [
					"(variable.particle_random_1*5-2.5)",
					-15,
					"(variable.particle_random_2*5-2.5)"
				]
			},
			"minecraft:particle_appearance_billboard": {
				"size": [
					"(variable.particle_random_3*0.15+0.025)*(1-math.pow((variable.particle_age+query.frame_alpha)/variable.particle_lifetime,2))",
					"(variable.particle_random_3*0.15+0.025)*(1-math.pow((variable.particle_age+query.frame_alpha)/variable.particle_lifetime,2))"
				],
				"facing_camera_mode": "lookat_xyz",
				"uv": {
					"texture_width": 128,
					"texture_height": 128,
					"uv": [
						10,
						26
					],
					"uv_size": [
						4,
						4
					]
				}
			},
			"minecraft:particle_motion_collision": {
				"collision_drag": 50,
				"coefficient_of_restitution": 0.1,
				"collision_radius": 0.1
			},
			"minecraft:particle_appearance_tinting": {
				"color": [
					1,
					1,
					1,
					1
				]
			}
		}
	}
}