
{
  "format_version": "1.16.100",
  "minecraft:fog_settings": {
    "description": {
      "identifier": "minecraftstorymode:command_block_death_fog"
    },
      "distance": {
      "air": {
        "fog_start": 0,
        "fog_end": 1,
        "fog_color": "#FFFFFF",
        "render_distance_type": "fixed"
      },
      "water": {
        "fog_start": 0,
        "fog_end": 1,
        "fog_color": "#FFFFFF",
        "render_distance_type": "fixed"
      },
      "weather": {
        "fog_start": 0,
        "fog_end": 1,
        "fog_color": "#FFFFFF",
        "render_distance_type": "fixed"
      }
    }
  }
}
