{
	"format_version": "1.16.100",
	"minecraft:block": {
		"description": {
			"identifier": "awa:tainted_flesh"
		},
		"components": {
	"minecraft:pick_collision": {
		"origin": [-8, 0, -8],
		"size": [16, 16, 16]
	},
	"minecraft:entity_collision": {
		"origin": [-8, 0, -8],
		"size": [16, 16, 16]
	},
	"minecraft:creative_category": {
		"category": "nature"
    },
			"minecraft:destroy_time":9999999999999999999999999999,
            "minecraft:explosion_resistance":18000000,
            "minecraft:block_light_absorption":0,
            "minecraft:friction":0.5
		}
	}
}