{
  "format_version": "1.16.100",
  "minecraft:item": {
    "description": {
      "identifier": "ny:star_bottle_stone",
      "category": "Equipment"
    },
    "components": {
      "minecraft:icon": {
        "texture": "star_bottle_stone",
        "frame": 0
      },
      "minecraft:creative_category": {
        "parent": "itemGroup.name.kirby"
      },
      "minecraft:on_use": {
        "on_use": {
          "event": "star"
        }
      },
      "minecraft:max_stack_size": 16
    },
    "events": {
      "star":{
        "run_command": {
          "command": [
            "summon ny:copy_throw",
            "scoreboard players set @e[type=ny:copy_throw,tag=!copy_throw] k_copy 3",
            "tag @e[type=ny:copy_throw,tag=!copy_throw] add copy_throw",
            "give @s ny:star_bottle"
          ]
        },
        "decrement_stack":{}
      }
    }
  }
}