{
  "format_version": "1.17.0",
  "minecraft:item": {
    "description": {
      "identifier": "minecraftstorymode:credits",
      "category": "construction"
    },
    "components": {
      "minecraft:hand_equipped": false,
      "minecraft:max_stack_size": 1,
      "minecraft:foil": true,
      "minecraft:allow_off_hand": false,
      "minecraft:icon": {
        "texture": "minecraftstorymode:credits"
      },
      "tag:minecraft:transform_materials": {},
      "minecraft:cooldown": {
        "category": "credits",
        "duration": 1
      },
      "minecraft:on_use": {
        "on_use": {
          "event": "credits"
        }
      }
    },
    "events": {
      "credits": {
        "swing": {},
        "run_command": {
          "command": [
            "function credits"
          ]
        }
      },
      "hurt": {
        "damage": {
          "type": "magic",
          "amount": 1,
          "target": "self"
        }
      }
    }
  }
}