{
	"format_version": "1.12.0",
	"minecraft:geometry": [
		{
			"description": {
				"identifier": "geometry.serppidgey",
				"texture_width": 64,
				"texture_height": 64,
				"visible_bounds_width": 4,
				"visible_bounds_height": 3,
				"visible_bounds_offset": [0, 0.5, 0]
			},
			"bones": [
				{
					"name": "pidgey",
					"pivot": [0, 0, 0]
				},
				{
					"name": "head",
					"parent": "pidgey",
					"pivot": [0, 9, -2],
					"cubes": [
						{"origin": [-1.5, 8.5, -4.5], "size": [3, 3, 1], "uv": [41, 39]},
						{"origin": [-2.5, 8.5, -3.5], "size": [1, 3, 3], "uv": [32, 39]},
						{"origin": [1.5, 8.5, -3.5], "size": [1, 3, 3], "uv": [32, 39], "mirror": true},
						{"origin": [-1.5, 8.5, -0.5], "size": [3, 3, 1], "uv": [14, 42]},
						{"origin": [-2, 8, -4], "size": [4, 4, 4], "uv": [26, 30]},
						{"origin": [-2, 12.09279, -3.57696], "size": [4, 0, 4], "pivot": [0.5, 11.09279, -3.57696], "rotation": [25, 0, 0], "uv": [36, 21]},
						{"origin": [-2.40342, 12.5, -3.5], "size": [1, 0, 3], "pivot": [-1.40342, 11.67736, -2.17107], "rotation": [25, 0, -35], "uv": [20, 30]},
						{"origin": [1.40342, 12.5, -3.5], "size": [1, 0, 3], "pivot": [1.40342, 11.67736, -2.17107], "rotation": [25, 0, 35], "uv": [20, 30], "mirror": true},
						{"origin": [-0.5, 9, -5.5], "size": [1, 1, 2], "uv": [43, 0]},
						{"origin": [-0.5, 8.5, -5.5], "size": [1, 1, 2], "inflate": -0.25, "uv": [0, 9]}
					]
				},
				{
					"name": "open_eyes",
					"parent": "head",
					"pivot": [0, 9, -2],
					"cubes": [
						{"origin": [-2, 10, -4.55], "size": [4, 1, 0], "uv": [0, 48]}
					]
				},
				{
					"name": "closed_eyes",
					"parent": "head",
					"pivot": [0, 9, -2],
					"cubes": [
						{"origin": [-2, 10, -4.55], "size": [4, 1, 0], "uv": [0, 49]}
					]
				},
				{
					"name": "angry_eyes",
					"parent": "head",
					"pivot": [0, 9, -2],
					"cubes": [
						{"origin": [-2, 10, -4.55], "size": [4, 1, 0], "uv": [0, 50]}
					]
				},
				{
					"name": "body",
					"parent": "pidgey",
					"pivot": [0, 1, 4],
					"rotation": [-15, 0, 0],
					"cubes": [
						{"origin": [-3, 1, -4], "size": [6, 6, 7], "uv": [0, 9]},
						{"origin": [-2.5, 1, 3], "size": [5, 6, 3], "uv": [0, 23]},
						{"origin": [-2.5, 2.5, -4.5], "size": [5, 4, 1], "inflate": -0.01, "uv": [20, 9]},
						{"origin": [-2.5, 1.5005, -4.50087], "size": [5, 1, 0], "pivot": [0, 2.5005, -4.50087], "rotation": [-30, 0, 0], "uv": [0, 34]},
						{"origin": [2.5, 1.5, -3.5], "size": [1, 5, 6], "uv": [11, 30]},
						{"origin": [-3.5, 1.5, -3.5], "size": [1, 5, 6], "uv": [11, 30], "mirror": true},
						{"origin": [-3.5, 1.5, 2.5], "size": [1, 5, 3.5], "pivot": [-3.5, 3, 2.5], "rotation": [0, 16.5, 0], "uv": [23, 39]},
						{"origin": [2.5, 1.5, 2.5], "size": [1, 5, 3.5], "pivot": [3.5, 3, 2.5], "rotation": [0, -16.5, 0], "uv": [23, 39], "mirror": true},
						{"origin": [-5.30937, 10.30298, 6.5582], "size": [2, 0, 5], "pivot": [-5.30937, 4.30298, 13.5582], "rotation": [30, -20, 0], "uv": [0, 37]},
						{"origin": [3.30937, 10.30298, 6.5582], "size": [2, 0, 5], "pivot": [5.30937, 4.30298, 13.5582], "rotation": [30, 20, 0], "uv": [0, 37], "mirror": true},
						{"origin": [-1.5, 10, 8.8], "size": [3, 0, 5], "pivot": [0, 3, 14], "rotation": [30, 0, 0], "uv": [31, 0]}
					]
				},
				{
					"name": "flying_wings",
					"parent": "body",
					"pivot": [0, 6, 0]
				},
				{
					"name": "flying_wing_right",
					"parent": "flying_wings",
					"pivot": [-3.5, 6, -2],
					"cubes": [
						{"origin": [-14.5, 6, -5], "size": [11, 0, 8], "inflate": 0.02, "uv": [0, 0]}
					]
				},
				{
					"name": "flying_wing_left",
					"parent": "flying_wings",
					"pivot": [3.5, 6, -2],
					"cubes": [
						{"origin": [3.5, 6, -5], "size": [11, 0, 8], "inflate": 0.02, "uv": [0, 0], "mirror": true}
					]
				},
				{
					"name": "quiet_wings",
					"parent": "body",
					"pivot": [0, 6, -2]
				},
				{
					"name": "right_wing_quiet",
					"parent": "quiet_wings",
					"pivot": [-3.51, 6, -2],
					"cubes": [
						{"origin": [-3.51, 1, -3], "size": [0, 6, 8], "inflate": 0.02, "uv": [19, 15]}
					]
				},
				{
					"name": "left_wing_quiet",
					"parent": "quiet_wings",
					"pivot": [3.51, 6, -2],
					"cubes": [
						{"origin": [3.51, 1, -3], "size": [0, 6, 8], "inflate": 0.02, "uv": [19, 15], "mirror": true}
					]
				},
				{
					"name": "legs",
					"parent": "pidgey",
					"pivot": [0, 2, 1.5]
				},
				{
					"name": "right_leg",
					"parent": "legs",
					"pivot": [-2, 3, 1.5],
					"cubes": [
						{"origin": [-2.5, 0.6, 1], "size": [1, 2, 1], "inflate": -0.1, "uv": [31, 0]},
						{"origin": [-2.5, -0.2, -0.5], "size": [1, 1, 3], "inflate": -0.1, "uv": [0, 43]},
						{"origin": [-3.37679, -0.2, 0.12776], "size": [1, 1, 2], "inflate": -0.1, "pivot": [-3.07679, 0, 0.32776], "rotation": [0, 30, 0], "uv": [0, 0]},
						{"origin": [-1.70359, -0.2, 0.42776], "size": [1, 1, 2], "inflate": -0.1, "pivot": [-0.40359, 0, 0.62776], "rotation": [0, -30, 0], "uv": [0, 0]}
					]
				},
				{
					"name": "left_leg",
					"parent": "legs",
					"pivot": [2, 3, 1.5],
					"cubes": [
						{"origin": [1.5, 0.6, 1], "size": [1, 2, 1], "inflate": -0.1, "uv": [31, 0], "mirror": true},
						{"origin": [1.5, -0.2, -0.5], "size": [1, 1, 3], "inflate": -0.1, "uv": [0, 43], "mirror": true},
						{"origin": [2.37679, -0.2, 0.12776], "size": [1, 1, 2], "inflate": -0.1, "pivot": [3.07679, 0, 0.32776], "rotation": [0, -30, 0], "uv": [0, 0], "mirror": true},
						{"origin": [0.70359, -0.2, 0.42776], "size": [1, 1, 2], "inflate": -0.1, "pivot": [0.40359, 0, 0.62776], "rotation": [0, 30, 0], "uv": [0, 0], "mirror": true}
					]
				}
			]
		}
	]
}