{
  "format_version":"1.8.0",
  "minecraft:spawn_rules":{
    "description":{
      "identifier":"serp:sun",
      "population_control":"monster"
    },
    "conditions":[
      {
        "minecraft:spawns_on_surface":{},
        "minecraft:weight":{"default":200},
        "minecraft:brightness_filter":{"min":6,"max":15,"adjust_for_weather":false},
        "minecraft:spawns_on_block_filter":["minecraft:sand","minecraft:grass"],
        "minecraft:distance_filter":{
          "min":12,"max":15
        },
        "minecraft:biome_filter":{"test":"has_biome_tag","operator":"==","value":"monster"}
      }
    ]
  }
}