{
    "format_version": "1.10.0",
    "animation_controllers": {
		"controller.animation.suck":{
			"states":{
				"default":{
					"transitions":[
					{
						"suck": "(1.0)"
					}
					],
					"on_exit":[
						"/execute @e[r=8,type=!pg:blackhole_entity] ~ ~ ~ tp ^ ^ ^0.5 facing @e[type=pg:blackhole_entity]",
						"/kill @e[r=2,type=!pg:blackhole_entity]",
						"v.bl=0;",
						"v.switch=0;",
						"v.bh=0;"
					]
				},
				"suck":{
					"transitions":[
					{
						"default": "(1.0)"
					}
					]
				}
			}
		},
		"controller.animation.blackhole":{
			"states":{
				"default":{
					"transitions":[
					{
						"remove": "v.bl"
					},
					{
						"delay": "query.is_sheared || query.is_on_ground"
					}
					],
					"on_entry":[
						"v.sec = 0;",
						"v.bl = 0; for_each(v.player, query.get_nearby_entities(1, 'minecraft:player'), {v.bl = v.bl + v.player->query.is_sneaking;});",
						"/execute @s ~ ~ ~ replaceitem entity @p[c=1,r=2] slot.weapon.mainhand 0 pg:portal_gun_blue_beta 1 0"
					]
				},
				"delay": {
                    "transitions": [
						{
							"blackhole": "(query.is_on_ground) && v.sec==5"
						},
						{
							"delay2": "1"
						}
                    ],
					"on_entry":[						
						"v.sec = v.sec + 1;",
						"v.sec = v.sec>20 ? 0 : v.sec;"
					]
                },
				"delay2": {
                    "transitions": [
						{
							"delay": "1"
						}
                    ]
                },
				"remove":{
					"transitions":[
					{
						"default": "(1.0)"
					}
					],
					"on_entry":[
						"/tag @s add removeBlackhole",
						"/tp @s @p[c=1]",
						"/title @p[c=1,r=1] actionbar Blackhole Removed",
						"/kill @s"
					]
				},
				"blackhole":{
					"transitions":[
					{
						"default": "(1.0)"
					}
					],
					"on_entry":[
						//"/event entity @e[type=pg:blackhole_entity] despawn",
						"/summon pg:blackhole_entity",
						"/kill @s"
					]
				}
			}		
		}
	}
}