{
    "format_version": "1.10.0",
    "animation_controllers": {
        "controller.animation.teleport": {
            "states": {
                "default": {
                    "transitions": [
						{
							"rnm": "query.variant==0"
						},
						{
							"pg": "query.variant==1"
						},
						{
							"pg_glados": "query.variant==2"
						}
                    ]
                },
					"pg":{
						"transitions":[		
						{							
						"default": "(1.0)"
						}
						],
						"on_entry":[
							"/execute @s[type=pg:portal_b] ~ ~ ~ tag @e[r=0.5,type=!pg:portal_b] add pgteleport1",
							"/execute @s[type=pg:portal_o] ~ ~ ~ tag @e[r=0.5,type=!pg:portal_o] add pgteleport2"
						/*
							"/gamerule sendcommandfeedback false",
							"/execute @e[type=pg:portal_b] ~ ~ ~ tag @e[r=0.5,type=!pg:portal_b,type=!pg:portal_o,type=!pg:bullet_b,type=!pg:bullet_o,type=!pg:bullet_rnm1,type=!pg:bullet_rnm2,type=!pg:portal_rnm1,type=!pg:portal_rnm2] add playerb",
							"/execute @e[type=pg:portal_o] ~ ~ ~ tp @e[tag=playerb] ~ ~ ~ facing ^ ^ ^1",				
							"/execute @e[tag=playerb] ~ ~ ~ tp ~ ~ ~ ~ 0",
							"/execute @e[tag=playerb] ~ ~ ~ tp ^ ^ ^0.7",
							"/execute @e[tag=playerb] ~ ~ ~ playsound gun.teleport",
							"/execute @e[tag=playerb] ~ ~ ~ tag @e[tag=playerb] remove playerb",
							
							"/execute @e[type=pg:portal_o] ~ ~ ~ tag @e[r=0.5,type=!pg:portal_b,type=!pg:portal_o,type=!pg:bullet_b,type=!pg:bullet_o,type=!pg:bullet_rnm1,type=!pg:bullet_rnm2,type=!pg:portal_rnm1,type=!pg:portal_rnm2] add playero",
							"/execute @e[type=pg:portal_b] ~ ~ ~ tp @e[tag=playero] ~ ~ ~ facing ^ ^ ^1",				
							"/execute @e[tag=playero] ~ ~ ~ tp ~ ~ ~ ~ 0",
							"/execute @e[tag=playero] ~ ~ ~ tp ^ ^ ^0.7",
							"/execute @e[tag=playero] ~ ~ ~ playsound gun.teleport",
							"/execute @e[tag=playero] ~ ~ ~ tag @e[tag=playero] remove playero",
							"/gamerule sendcommandfeedback false"
						*/							
						]
					},
					"rnm":{
						"transitions":[		
						{							
						"default": "(1.0)"
						}
						],
						"on_entry":[
							"/execute @s[type=pg:portal_rnm1] ~ ~ ~ tag @e[r=0.5,type=!pg:portal_rnm1] add pgteleport1",
							"/execute @s[type=pg:portal_rnm2] ~ ~ ~ tag @e[r=0.5,type=!pg:portal_rnm2] add pgteleport2"
						/*
							"/gamerule sendcommandfeedback false",
							"/execute @e[type=pg:portal_rnm1] ~ ~ ~ tag @e[r=0.5,type=!pg:portal_b,type=!pg:portal_o,type=!pg:bullet_b,type=!pg:bullet_o,type=!pg:bullet_rnm1,type=!pg:bullet_rnm2,type=!pg:portal_rnm1,type=!pg:portal_rnm2,type=!pg:bullet_b_glados,type=!pg:bullet_o_glados,type=!pg:portal_b_glados,type=!pg:portal_o_glados] add playerb",
							"/execute @e[type=pg:portal_rnm2] ~ ~ ~ tp @e[tag=playerb] ~ ~ ~ facing ^ ^ ^1",				
							"/execute @e[tag=playerb] ~ ~ ~ tp ~ ~ ~ ~ 0",
							"/execute @e[tag=playerb] ~ ~ ~ tp ^ ^ ^0.7",
							"/execute @e[tag=playerb] ~ ~ ~ playsound rnm.teleport",
							"/execute @e[tag=playerb] ~ ~ ~ tag @e[tag=playerb] remove playerb",
							
							"/execute @e[type=pg:portal_rnm2] ~ ~ ~ tag @e[r=0.5,type=!pg:portal_b,type=!pg:portal_o,type=!pg:bullet_b,type=!pg:bullet_o,type=!pg:bullet_rnm1,type=!pg:bullet_rnm2,type=!pg:portal_rnm1,type=!pg:portal_rnm2,type=!pg:bullet_b_glados,type=!pg:bullet_o_glados,type=!pg:portal_b_glados,type=!pg:portal_o_glados] add playero",
							"/execute @e[type=pg:portal_rnm1] ~ ~ ~ tp @e[tag=playero] ~ ~ ~ facing ^ ^ ^1",				
							"/execute @e[tag=playero] ~ ~ ~ tp ~ ~ ~ ~ 0",
							"/execute @e[tag=playero] ~ ~ ~ tp ^ ^ ^0.7",
							"/execute @e[tag=playero] ~ ~ ~ playsound rnm.teleport",
							"/execute @e[tag=playero] ~ ~ ~ tag @e[tag=playero] remove playero",
							"/gamerule sendcommandfeedback true"
						*/						
						]
					},
					"pg_glados":{
						"transitions":[		
						{							
						"default": "(1.0)"
						}
						],
						"on_entry":[
							"/execute @s[type=pg:portal_b_glados] ~ ~ ~ tag @e[r=0.5,type=!pg:portal_b_glados] add pgteleport1",
							"/execute @s[type=pg:portal_o_glados] ~ ~ ~ tag @e[r=0.5,type=!pg:portal_o_glados] add pgteleport2"
						/*
							"/gamerule sendcommandfeedback false",
							"/execute @e[type=pg:portal_b_glados] ~ ~ ~ tag @e[r=0.5,type=!pg:portal_b,type=!pg:portal_o,type=!pg:bullet_b,type=!pg:bullet_o,type=!pg:bullet_rnm1,type=!pg:bullet_rnm2,type=!pg:portal_rnm1,type=!pg:portal_rnm2,type=!pg:bullet_b_glados,type=!pg:bullet_o_glados,type=!pg:portal_b_glados,type=!pg:portal_o_glados] add playerb",
							"/execute @e[type=pg:portal_o_glados] ~ ~ ~ tp @e[tag=playerb] ~ ~ ~ facing ^ ^ ^1",				
							"/execute @e[tag=playerb] ~ ~ ~ tp ~ ~ ~ ~ 0",
							"/execute @e[tag=playerb] ~ ~ ~ tp ^ ^ ^0.7",
							
							
							"/execute @e[type=pg:portal_o_glados] ~ ~ ~ tag @e[r=0.5,type=!pg:portal_b,type=!pg:portal_o,type=!pg:bullet_b,type=!pg:bullet_o,type=!pg:bullet_rnm1,type=!pg:bullet_rnm2,type=!pg:portal_rnm1,type=!pg:portal_rnm2,type=!pg:bullet_b_glados,type=!pg:bullet_o_glados,type=!pg:portal_b_glados,type=!pg:portal_o_glados] add playero",
							"/execute @e[type=pg:portal_b_glados] ~ ~ ~ tp @e[tag=playero] ~ ~ ~ facing ^ ^ ^1",				
							"/execute @e[tag=playero] ~ ~ ~ tp ~ ~ ~ ~ 0",
							"/execute @e[tag=playero] ~ ~ ~ tp ^ ^ ^0.7",
							"/execute @e[tag=playerb,tag=playero] ~ ~ ~ playsound gun.teleport",
							"/execute @e[tag=playerb] ~ ~ ~ tag @e[tag=playerb] remove playerb",
							"/execute @e[tag=playero] ~ ~ ~ tag @e[tag=playero] remove playero",
							
							"/gamerule sendcommandfeedback true"
						*/	
						]
					},
					 "repeat": {
                    "transitions": [
						{
							"pg_glados": "v.sec==10"
						},
						{
							"repeat2": "1"
						}
                    ],
					"on_entry":[
						"v.sec = v.sec + 1;",
						"v.sec = v.sec>20 ? 0 : v.sec;"
					]
                },
				 "repeat2": {
                    "transitions": [
						{
							"repeat": "1"
						}
                    ]
                }
            }
        }
    }
}