{
	"format_version": "1.10.0",
	"animation_controllers": {
		"controller.animation.creepycreeper.flame": {
			"initial_state": "default",
			"states": {
				"default": {
					"transitions": [
						{
							"flaming": "query.is_charged"
						}
					]
				},
				"flaming": {
					"particle_effects": [
						{
							"effect": "charged_flames"
						}
					],
					"transitions": [
						{
							"default": "!query.is_charged"
						}
					]
				}
			}
		},
		"controller.animation.creepycreeper.move": {
			"initial_state": "default",
			"states": {
				"default": {
					"animations": [
						"move",
						"look_at_target"
					]
				}
			}
		},
		"controller.animation.creeper.head": {
			"initial_state": "default",
			"states": {
				"default": {
					"animations": [
						"creeper_head"
					]
				}
			}
		},
		"controller.animation.creeper.legs": {
			"initial_state": "default",
			"states": {
				"default": {
					"animations": [
						"creeper_legs"
					]
				}
			}
		},
		"controller.animation.creeper.swelling": {
			"initial_state": "default",
			"states": {
				"default": {
					"animations": [
						"creeper_swelling"
					]
				}
			}
		}
	}
}