{
    "format_version": "1.20.80",
    "minecraft:item": {
        "description": {
            "identifier": "yes:waxed_copper_axe",
            "menu_category": {
                "category": "nature",
                "group": "itemGroup.name.monsterStoneEgg"
            }
        },
        "components": {
            "minecraft:tags": {
                "tags": [
                    "minecraft:is_axe"
                ]
            },
            "minecraft:custom_components": [
                "yes:mining_durability_damage",
                "yes:hit_durability_damage"
            ],
            "minecraft:max_stack_size": 1,
            "minecraft:hand_equipped": true,
            "minecraft:durability": {
                "max_durability": 190,
                "damage_chance": {
                    "min": 60,
                    "max": 100
                }
            },
            "minecraft:display_name": {
                "value": "Waxed Copper Axe\n\ue116\u00a7l\ue05b\u00a7r\ue115\n\ue05c"
            },
            "minecraft:icon": "copper_axe",
            "minecraft:enchantable": {
                "value": 7,
                "slot": "axe"
            },
            "minecraft:damage": 5,
            "minecraft:repairable": {
                "repair_items": [
                    {
                        "items": [
                            "yes:waxed_copper_axe"
                        ],
                        "repair_amount": "context.other->query.remaining_durability+0.12*context.other->query.max_durability"
                    },
                    {
                        "items": [
                            "minecraft:copper_ingot"
                        ],
                        "repair_amount": "query.max_durability*0.33"
                    }
                ]
            },
            "minecraft:can_destroy_in_creative": true,
            "minecraft:digger": {
                "destroy_speeds": [
                    {
                        "block": {
                            "tags": "q.any_tag('wood', 'pumpkin', 'plant')"
                        },
                        "speed": 5
                    },
                    { "block": "minecraft:chest", "speed": 5 },
                    { "block": "minecraft:bookshelf", "speed": 5 },
                    { "block": "minecraft:melon_block", "speed": 5 },
                    { "block": "minecraft:warped_stem", "speed": 5 },
                    { "block": "minecraft:crimson_stem", "speed": 5 },
                    { "block": "minecraft:warped_stem", "speed": 5 },
                    { "block": "minecraft:crimson_stem", "speed": 5 },
                    { "block": "minecraft:crafting_table", "speed": 5 },
                    { "block": "minecraft:crimson_planks", "speed": 5 },
                    { "block": "minecraft:warped_planks", "speed": 5 },
                    { "block": "minecraft:warped_stairs", "speed": 5 },
                    { "block": "minecraft:warped_trapdoor", "speed": 5 },
                    { "block": "minecraft:crimson_stairs", "speed": 5 },
                    { "block": "minecraft:crimson_trapdoor", "speed": 5 },
                    { "block": "minecraft:crimson_door", "speed": 5 },
                    { "block": "minecraft:crimson_double_slab", "speed": 5 },
                    { "block": "minecraft:warped_door", "speed": 5 },
                    { "block": "minecraft:warped_double_slab", "speed": 5 },
                    { "block": "minecraft:crafting_table", "speed": 5 },
                    { "block": "minecraft:composter", "speed": 5 },
                    { "block": "minecraft:cartography_table", "speed": 5 },
                    { "block": "minecraft:lectern", "speed": 5 },
                    { "block": "minecraft:stripped_crimson_stem", "speed": 5 },
                    { "block": "minecraft:stripped_warped_stem", "speed": 5 },
                    { "block": "minecraft:trapdoor", "speed": 5 },
                    { "block": "minecraft:spruce_trapdoor", "speed": 5 },
                    { "block": "minecraft:birch_trapdoor", "speed": 5 },
                    { "block": "minecraft:jungle_trapdoor", "speed": 5 },
                    { "block": "minecraft:acacia_trapdoor", "speed": 5 },
                    { "block": "minecraft:dark_oak_trapdoor", "speed": 5 },
                    { "block": "minecraft:wooden_door", "speed": 5 },
                    { "block": "minecraft:spruce_door", "speed": 5 },
                    { "block": "minecraft:birch_door", "speed": 5 },
                    { "block": "minecraft:jungle_door", "speed": 5 },
                    { "block": "minecraft:acacia_door", "speed": 5 },
                    { "block": "minecraft:dark_oak_door", "speed": 5 },
                    { "block": "minecraft:fence", "speed": 5 },
                    { "block": "minecraft:fence_gate", "speed": 5 },
                    { "block": "minecraft:spruce_fence_gate", "speed": 5 },
                    { "block": "minecraft:birch_fence_gate", "speed": 5 },
                    { "block": "minecraft:jungle_fence_gate", "speed": 5 },
                    { "block": "minecraft:acacia_fence_gate", "speed": 5 },
                    { "block": "minecraft:dark_oak_fence_gate", "speed": 5 },
                    { "block": "minecraft:log", "speed": 5 },
                    { "block": "minecraft:log2", "speed": 5 },
                    { "block": "minecraft:wood", "speed": 5 },
                    { "block": "minecraft:planks", "speed": 5 },
                    { "block": "minecraft:wooden_slab", "speed": 5 },
                    { "block": "minecraft:double_wooden_slab", "speed": 5 },
                    { "block": "minecraft:oak_stairs", "speed": 5 },
                    { "block": "minecraft:spruce_stairs", "speed": 5 },
                    { "block": "minecraft:birch_stairs", "speed": 5 },
                    { "block": "minecraft:jungle_stairs", "speed": 5 },
                    { "block": "minecraft:acacia_stairs", "speed": 5 },
                    { "block": "minecraft:dark_oak_stairs", "speed": 5 },
                    { "block": "minecraft:wall_sign", "speed": 5 },
                    { "block": "minecraft:spruce_wall_sign", "speed": 5 },
                    { "block": "minecraft:birch_wall_sign", "speed": 5 },
                    { "block": "minecraft:jungle_wall_sign", "speed": 5 },
                    { "block": "minecraft:acacia_wall_sign", "speed": 5 },
                    { "block": "minecraft:darkoak_wall_sign", "speed": 5 },
                    { "block": "minecraft:wooden_pressure_plate", "speed": 5 },
                    { "block": "minecraft:spruce_pressure_plate", "speed": 5 },
                    { "block": "minecraft:birch_pressure_plate", "speed": 5 },
                    { "block": "minecraft:jungle_pressure_plate", "speed": 5 },
                    { "block": "minecraft:acacia_pressure_plate", "speed": 5 },
                    { "block": "minecraft:dark_oak_pressure_plate", "speed": 5 },
                    { "block": "minecraft:smithing_table", "speed": 5 },
                    { "block": "minecraft:fletching_table", "speed": 5 },
                    { "block": "minecraft:barrel", "speed": 5 },
                    { "block": "minecraft:beehive", "speed": 5 },
                    { "block": "minecraft:bee_nest", "speed": 5 },
                    { "block": "minecraft:ladder", "speed": 5 },
                    { "block": "minecraft:pumpkin", "speed": 5 },
                    { "block": "minecraft:carved_pumpkin", "speed": 5 },
                    { "block": "minecraft:lit_pumpkin", "speed": 5 },
                    { "block": "minecraft:mangrove_door", "speed": 5 },
                    { "block": "minecraft:mangrove_double_slab", "speed": 5 },
                    { "block": "minecraft:mangrove_fence", "speed": 5 },
                    { "block": "minecraft:mangrove_fence_gate", "speed": 5 },
                    { "block": "minecraft:mangrove_log", "speed": 5 },
                    { "block": "minecraft:mangrove_planks", "speed": 5 },
                    { "block": "minecraft:mangrove_pressure_plate", "speed": 5 },
                    { "block": "minecraft:mangrove_slab", "speed": 5 },
                    { "block": "minecraft:mangrove_stairs", "speed": 5 },
                    { "block": "minecraft:mangrove_wall_sign", "speed": 5 },
                    { "block": "minecraft:mangrove_wood", "speed": 5 },
                    { "block": "minecraft:wooden_button", "speed": 5 },
                    { "block": "minecraft:spruce_button", "speed": 5 },
                    { "block": "minecraft:birch_button", "speed": 5 },
                    { "block": "minecraft:jungle_button", "speed": 5 },
                    { "block": "minecraft:acacia_button", "speed": 5 },
                    { "block": "minecraft:dark_oak_button", "speed": 5 },
                    { "block": "minecraft:mangrove_button", "speed": 5 },
                    { "block": "minecraft:stripped_oak_wood", "speed": 5 },
                    { "block": "minecraft:stripped_spruce_wood", "speed": 5 },
                    { "block": "minecraft:stripped_birch_wood", "speed": 5 },
                    { "block": "minecraft:stripped_jungle_wood", "speed": 5 },
                    { "block": "minecraft:stripped_acacia_wood", "speed": 5 },
                    { "block": "minecraft:stripped_dark_oak_wood", "speed": 5 },
                    { "block": "minecraft:stripped_mangrove_wood", "speed": 5 },
                    { "block": "minecraft:stripped_oak_log", "speed": 5 },
                    { "block": "minecraft:stripped_spruce_log", "speed": 5 },
                    { "block": "minecraft:stripped_birch_log", "speed": 5 },
                    { "block": "minecraft:stripped_jungle_log", "speed": 5 },
                    { "block": "minecraft:stripped_acacia_log", "speed": 5 },
                    { "block": "minecraft:stripped_dark_oak_log", "speed": 5 },
                    { "block": "minecraft:stripped_mangrove_log", "speed": 5 },
                    { "block": "minecraft:standing_sign", "speed": 5 },
                    { "block": "minecraft:spruce_standing_sign", "speed": 5 },
                    { "block": "minecraft:birch_standing_sign", "speed": 5 },
                    { "block": "minecraft:jungle_standing_sign", "speed": 5 },
                    { "block": "minecraft:acacia_standing_sign", "speed": 5 },
                    { "block": "minecraft:darkoak_standing_sign", "speed": 5 },
                    { "block": "minecraft:mangrove_standing_sign", "speed": 5 },
                    { "block": "minecraft:mangrove_trapdoor", "speed": 5 },
                    { "block": "minecraft:warped_standing_sign", "speed": 5 },
                    { "block": "minecraft:warped_wall_sign", "speed": 5 },
                    { "block": "minecraft:crimson_standing_sign", "speed": 5 },
                    { "block": "minecraft:crimson_wall_sign", "speed": 5 },
                    { "block": "minecraft:cherry_button", "speed": 5 },
                    { "block": "minecraft:cherry_door", "speed": 5 },
                    { "block": "minecraft:cherry_double_slab", "speed": 5 },
                    { "block": "minecraft:cherry_fence", "speed": 5 },
                    { "block": "minecraft:cherry_fence_gate", "speed": 5 },
                    { "block": "minecraft:cherry_hanging_sign", "speed": 5 },
                    { "block": "minecraft:cherry_log", "speed": 5 },
                    { "block": "minecraft:cherry_planks", "speed": 5 },
                    { "block": "minecraft:cherry_pressure_plate", "speed": 5 },
                    { "block": "minecraft:cherry_slab", "speed": 5 },
                    { "block": "minecraft:cherry_stairs", "speed": 5 },
                    { "block": "minecraft:cherry_standing_sign", "speed": 5 },
                    { "block": "minecraft:cherry_trapdoor", "speed": 5 },
                    { "block": "minecraft:cherry_wall_sign", "speed": 5 },
                    { "block": "minecraft:cherry_wood", "speed": 5 },
                    { "block": "minecraft:stripped_cherry_log", "speed": 5 },
                    { "block": "minecraft:stripped_cherry_wood", "speed": 5 },
                    { "block": "minecraft:bamboo_planks", "speed": 5 },
                    { "block": "minecraft:bamboo_slab", "speed": 5 },
                    { "block": "minecraft:bamboo_stairs", "speed": 5 },
                    { "block": "minecraft:bamboo_mosaic", "speed": 5 },
                    { "block": "minecraft:bamboo_mosaic_slab", "speed": 5 },
                    { "block": "minecraft:bamboo_mosaic_stairs", "speed": 5 },
                    { "block": "minecraft:stripped_bamboo_block", "speed": 5 },
                    { "block": "minecraft:bamboo_block", "speed": 5 },
                    { "block": "minecraft:bamboo_fence", "speed": 5 },
                    { "block": "minecraft:bamboo_fence_gate", "speed": 5 },
                    { "block": "minecraft:bamboo_door", "speed": 5 },
                    { "block": "minecraft:bamboo_trapdoor", "speed": 5 },
                    { "block": "minecraft:bamboo_hanging_sign", "speed": 5 },
                    { "block": "minecraft:bamboo_standing_sign", "speed": 5 },
                    { "block": "minecraft:bamboo_wall_sign", "speed": 5 },
                    { "block": "minecraft:chiseled_bookshelf", "speed": 5 }
                ]
            }
        }
    }
}