{
  "format_version": "1.8.0",
  "minecraft:client_entity": {
    "description": {
      "identifier": "mc:formidibomb",
      "materials": {
         "default": "zombie"
      },
      "textures": {
        "default": "textures/entity/formidibomb"
      },
      "geometry": {
        "default": "geometry.tnt"
      },
      "animation_controllers": [
        { "walk": "controller.animation.default" }
      ],
      "animations": {
        "walk": "animation.tnt2"
      },
      "render_controllers": [ "controller.render.default" ]
    }
  }
}

