{
  "format_version": "1.8.0",
  "minecraft:client_entity": {
    "description": {
      "identifier": "mc:tn3",
      "materials": {
        "default": "skeleton"
      },
      "textures": {
        "default": "textures/entity/wither_storm/body"
      },
      "geometry": {
        "default": "geometry.en_tn"
      },
      "scripts": {
        "pre_animation": [
          "variable.tcos0 = (Math.cos(query.modified_distance_moved * 3.17) * query.modified_move_speed / variable.gliding_speed_value) * 57.3;"
        ],
        "scale": "1.2"
      },
      "animations": {
        "look_at_target": "animation.en",
        "move": "animation.nx"
      },
      "animation_controllers": [
        { "move": "controller.animation.wither_storm.move" }
      ],
      "render_controllers": [ "controller.render.cow", "controller.render.creeper_armor", "controller.render.wither_storm_beam" ]
    }
  }
}
orm_beam" ]
    }
  }
}

    }
  }
}
rm_beam" ]
    }
  }
}


}

  }
}


}

