{
	"format_version": "1.10.0",
	"minecraft:client_entity": {
		"description": {
			"identifier": "witherstormmod:wither_storm",
			"materials": {
				"default": "wither_boss",
				"emissive": "entity_emissive_alpha",
				"beam": "entity_beam_additive"
			},
			"textures": {
				"default": "textures/entity/wither_storm/wither_storm",
				"beam": "textures/entity/wither_storm/beam",
				"emissive": "textures/entity/wither_storm/wither_storm_emissive_decal",
				"emissive_hurt": "textures/entity/wither_storm/wither_storm_emissive_decal_hurt",
				"invulnerable": "textures/entity/wither_storm/wither_storm_invulnerable"
			},
			"geometry": {
				"default": "geometry.commanded_wither",
				"beam": "geometry.commanded_wither.beam",
				"hunchback": "geometry.commanded_wither.hunchback"
			},
			"particle_effects": {
				"command_block": "witherstormmod:command_block",
				"command_block_1": "witherstormmod:command_block_1",
				"command_block_2": "witherstormmod:command_block_2",
				"command_block_3": "witherstormmod:command_block_3",
				"beam": "witherstormmod:beam_particle_commanded_wither",
				"beam2": "witherstormmod:beam_particle2_commanded_wither"
			},
			"sound_effects": {
				"sound": "mob.witherboss_commandblock.pulse",
				"roar": "mob.wither_command.roar"
			},
			"scripts": {
				"scalex": "variable.scale_xz * variable.base_scale",
				"scaley": "variable.scale_y * variable.base_scale",
				"scalez": "variable.scale_xz * variable.base_scale",
				"pre_animation": [
					"variable.base_scale = 2;",
					"variable.swell_clamped = Math.clamp(query.swell_amount, 0.0, 1.0);",
					"variable.wobble = 1.0 + Math.sin(query.swell_amount * 5730) * query.swell_amount * 0.01;",
					"variable.swell_adjustment = Math.pow(variable.swell_clamped, 4);",
					"variable.scale_xz = (1.0 + variable.swell_adjustment * 0.4) * variable.wobble;",
					"variable.scale_y = (1.0 + variable.swell_adjustment * 0.1) / variable.wobble;",
					"variable.body_base_rotation = Math.cos(query.life_time * 114.6);",
					"variable.upper_body_rotation = (0.065 + 0.05 * variable.body_base_rotation) * 180;",
					"variable.is_invulnerable = (!query.is_alive) && (query.invulnerable_ticks > 0.0);",
					"variable.display_normal_skin = (query.invulnerable_ticks <= 0) || ((query.invulnerable_ticks <= 80) && (Math.mod(query.invulnerable_ticks / 5, 2) == 1));"
				],
				"animate": [
					"move_c",
					"beam_c",
					"roar_c"
				],
				"should_update_bones_and_effects_offscreen": true
			},
			"animations": {
				"head": "animation.witherboss_commandblock.head_and_tentacle",
				"beam": "animation.witherboss_commandblock.beam",
				"beam_c": "controller.animation.wither_storm.beam",
				"move_c": "controller.animation.witherboss_commandblock.move",
				"roar_c": "controller.animation.wither_command.roar",
				"roar": "animation.wither_storm_head.roar",
				"sound": "animation.witherboss_commandblock.sound",
				"particle": "animation.witherboss_commandblock.particle",
				"pre": "animation.witherboss_commandblock.pre_animation",
				"scale": "animation.wither_boss.scale",
				"move": "animation.wither_boss.move",
				"fragments": "animation.witherboss_commandblock.fragments",
				"look_at_target": "animation.witherboss_commandblock.look_at_target"
			},
			"render_controllers": [
				"controller.render.commanded_wither.beam",
				"controller.render.commanded_wither.emissive",
				"controller.render.commanded_wither",
				"controller.render.commanded_wither.hunchback"
			]
		}
	}
}