

{
	"format_version": "1.13.0",

	"minecraft:scatter_feature": {
		"description": {
			"identifier": "yes:aetherium_ore_feature2"
		},

		"places_feature": "yes:aetherium_ore_feature",
		"scatter_chance": 100,
		"iterations": 1,

		"project_input_to_floor": false,
      "x": {
          "distribution": "uniform",
          "extent": [ 0, 3 ]
      },
      "y": {
          "distribution": "uniform",
          "extent": [ 0, 1 ]
      },
      "z": {
          "distribution": "uniform",
          "extent": [ 0, 3 ]
      }
	}
}