{
  "format_version": "1.8.0",
  "minecraft:spawn_rules": {
    "description": {
      "identifier": "ny:reo",
      "population_control": "monster"
    },
    "conditions": [
      {
        "minecraft:spawns_underground": {
        },

        "minecraft:spawns_on_block_prevented_filter": [
          "minecraft:nether_wart_block",
          "minecraft:shroomlight"
        ],

        "minecraft:weight": {
          "default": 12
        },

        "minecraft:herd": {
          "min_size": 1,
          "max_size": 3
        },

        "minecraft:biome_filter": {
          "test": "has_biome_tag",
          "operator": "==",
          "value": "nether"
        }
      },
      {
        "minecraft:spawns_underground": {
        },

        "minecraft:spawns_on_block_prevented_filter": [
          "minecraft:nether_wart_block",
          "minecraft:shroomlight"
        ],
        "minecraft:weight": {
          "default": 1
        },

        "minecraft:herd": {
          "min_size": 1,
          "max_size": 2
        },

        "minecraft:biome_filter": {
          "test": "has_biome_tag",
          "operator": "==",
          "value": "spawn_few_zombified_piglins"
        }
      },
      {
        "minecraft:spawns_on_surface": {},
        "minecraft:spawns_on_block_filter":  "minecraft:grass",
        "minecraft:brightness_filter": {
          "min": 0,
          "max": 7
        },
        "minecraft:weight": {
          "default": 70
        },
        "minecraft:herd": {
          "min_size":1,
          "max_size":3
        },
    
        "minecraft:biome_filter": {
          "test": "has_biome_tag", "operator":"==", "value": "savanna"
        }
      },
      {
        "minecraft:spawns_on_surface": {},
        "minecraft:spawns_on_block_filter":  "minecraft:grass",
        "minecraft:brightness_filter": {
          "min": 0,
          "max": 7,
          "adjust_for_weather": true
        },
        "minecraft:weight": {
          "default": 180
        },

        "minecraft:herd": {
          "min_size": 2,
          "max_size": 3
        },
    
        "minecraft:biome_filter": {
          "test": "has_biome_tag", "operator":"==", "value": "desert"
        }
      },
      {
        "minecraft:spawns_on_surface": {},
        "minecraft:spawns_on_block_filter":  "minecraft:grass",
        "minecraft:brightness_filter": {
          "min": 7,
          "max": 15
        },
        "minecraft:weight": {
          "default": 7
        },
        "minecraft:herd": {
          "min_size":1,
          "max_size":3
        },
    
        "minecraft:biome_filter": {
          "test": "has_biome_tag", "operator":"==", "value": "savanna"
        }
      },
      {
        "minecraft:spawns_on_surface": {},
        "minecraft:spawns_on_block_filter":  "minecraft:grass",
        "minecraft:brightness_filter": {
          "min": 7,
          "max": 15
        },
        "minecraft:weight": {
          "default": 8
        },

        "minecraft:herd": {
          "min_size": 2,
          "max_size": 3
        },
    
        "minecraft:biome_filter": {
          "test": "has_biome_tag", "operator":"==", "value": "desert"
        }
      },
      {
        "minecraft:spawns_on_surface": {},
        "minecraft:spawns_on_block_filter":  "minecraft:grass",
        "minecraft:brightness_filter": {
          "min": 0,
          "max": 15
        },
        "minecraft:weight": {
          "default": 7
        },

        "minecraft:herd": {
          "min_size": 2,
          "max_size": 3
        },
    
        "minecraft:biome_filter": {
          "test": "has_biome_tag", "operator":"==", "value": "jungle"
        }
      }
    ]
  }
}