{
	"format_version": "1.8.0",
	"animations": {
"animation.common.exeggcute_look" : {
			"loop" : true,
			"bones" : {
				"egg1" : {
"relative_to" : {"rotation" : "entity"},
"rotation" :["query.target_x_rotation - this","query.target_y_rotation-this",0.0]},
				"egg2" : {
"relative_to" : {"rotation" : "entity"},
"rotation" :["query.target_x_rotation - this","query.target_y_rotation-this",0.0]},
				"egg3" : {
"relative_to" : {"rotation" : "entity"},
"rotation" :["query.target_x_rotation - this","query.target_y_rotation-this",0.0]},
				"egg4" : {
"relative_to" : {"rotation" : "entity"},
"rotation" :["query.target_x_rotation - this","query.target_y_rotation-this",0.0]},
				"egg5" : {
"relative_to" : {"rotation" : "entity"},
"rotation" :["query.target_x_rotation - this","query.target_y_rotation-this",0.0]},
				"egg6" : {
"relative_to" : {"rotation" : "entity"},
"rotation" :["query.target_x_rotation - this","query.target_y_rotation-this",0.0]}
			}
		},
		"animation.exeggcute.quiet": {
			"loop": true,
			"animation_length": 0.8,
			"bones": {
				"egg1": {
"rotation": { "0.0": [0, 0, -10],"0.4": [0, 0, 10], "0.8": [0, 0, -10] } },
				"egg2": {
"rotation": { "0.0": [0, 0, 10],"0.4": [0, 0, -10], "0.8": [0, 0, 10] } },
				"egg3": {
"rotation": { "0.0": [0, 0, -10],"0.2": [0, 0, 10], "0.8": [0, 0, -10] } },
				"egg4": {
"rotation": { "0.0": [0, 0, 10],"0.3": [0, 0, -10], "0.8": [0, 0, 10] } },
				"egg5": {
"rotation": { "0.0": [0, 0, -10],"0.6": [0, 0, 10], "0.8": [0, 0, -10] } },
				"egg6": {
"rotation": { "0.0": [0, 0, 10],"0.5": [0, 0, -10], "0.8": [0, 0, 10] } }
            }
		},
		"animation.exeggcute.walk": {
			"loop": true,
			"animation_length": 0.8,
			"bones": {
				"egg1": {
"rotation": { "0.0": [0, 0, -5], "0.2": [0, 0, 5], "0.8": [0, 0, -5] },
"position": { "0.0": [0, 2, 0], "0.2": [0, 0, 0], "0.5": [0, 2, 0], "0.6": [0, 0, 0], "0.8": [0, 2, 0] } },
				"egg2": {
"rotation": { "0.0": [0, 0, -5], "0.3": [0, 0, 5], "0.8": [0, 0, -5] },
"position": { "0.0": [0, 2, 0], "0.2": [0, 0, 0], "0.5": [0, 2, 0], "0.6": [0, 0, 0], "0.8": [0, 2, 0] } },
				"egg3": {
"rotation": { "0.0": [0, 0, -5], "0.4": [0, 0, 5], "0.8": [0, 0, -5] },
"position": { "0.0": [0, 2, 0], "0.2": [0, 0, 0], "0.4": [0, 2, 0], "0.6": [0, 0, 0], "0.8": [0, 2, 0] } },
				"egg4": {
"rotation": { "0.0": [0, 0, -5], "0.5": [0, 0, 5], "0.8": [0, 0, -5] },
"position": { "0.0": [0, 2, 0], "0.2": [0, 0, 0], "0.45": [0, 2, 0], "0.6": [0, 0, 0], "0.8": [0, 2, 0] } },
				"egg5": {
"rotation": { "0.0": [0, 0, -5], "0.6": [0, 0, 5], "0.8": [0, 0, -5] },
"position": { "0.0": [0, 2, 0], "0.2": [0, 0, 0], "0.5": [0, 2, 0], "0.6": [0, 0, 0], "0.8": [0, 2, 0] } },
				"egg6": {
"rotation": { "0.0": [0, 0, -5], "0.7": [0, 0, 5], "0.8": [0, 0, -5] },
"position": { "0.0": [0, 2, 0], "0.2": [0, 0, 0], "0.45": [0, 2, 0], "0.6": [0, 0, 0], "0.8": [0, 2, 0] } }
			}
		},
		"animation.exeggcute.sitting": {
			"loop": true,
			"animation_length": 0.8,
			"bones": {
				"egg2": {
"rotation": {"0.0": [0, -180, -5],"0.25": [0, -180, 5],"0.8": [0, -180, -5]},
"position": {"0.0": [5, 6, -4],"0.4": [5, 6, -4],"0.8": [5, 6, -4]}},
				"egg3": {
"rotation": {"0.0": [0, 0, -5],"0.25": [0, 0, 5],"0.8": [0, 0, -5]},
"position": {"0.0": [4, 12, 4],"0.4": [6, 12, 4],"0.8": [4, 12, 4]}},
				"egg4": {
"rotation": {"0.0": [0, 0, -5],"0.25": [0, 0, 5],"0.8": [0, 0, -5]},
"position": {"0.0": [-8, 30, -6],"0.4": [0, 30, -6],"0.8": [-8, 30, -6]}},
				"egg5": {
"rotation": {"0.0": [0, 0, -5],"0.25": [0, 0, 5],"0.8": [0, 0, -5]},
"position": {"0.0": [-6, 18, 6],"0.4": [-2, 18, 6],"0.8": [-6, 18, 6]}},
				"egg6": {
"rotation": {"0.0": [0, 0, -5],"0.25": [0, 0, 5],"0.8": [0, 0, -5]},
"position": {"0.0": [-9, 24, 0],"0.4": [-3, 24, 0],"0.8": [-9, 24, 0]}}
			}
		},
        "animation.exeggcute.health_bar":{
            "loop":true,
            "bones":{
                "health_hover":{
    "rotation":["q.camera_rotation(0)","q.camera_rotation(1)-q.body_y_rotation",0],
	"position": [0,19,0],
    "scale":"query.is_in_ui?0:1.5"
                },
				"bar_green": {
					"scale": ["query.health/query.max_health*1", 1, 1]
				},
				"bar_black": {
					"scale": ["(1)+(query.health/query.max_health*-1)", 1, 1]
				}
			}
        }
	}
}