{
	"format_version": "1.12.0",
	"minecraft:geometry": [
		{
			"description": {
				"identifier": "geometry.milk_cauldron_1",
				"texture_width": 48,
				"texture_height": 32,
				"visible_bounds_width": 2,
				"visible_bounds_height": 2.5,
				"visible_bounds_offset": [0, 0.75, 0]
			},
			"bones": [
				{
					"name": "block",
					"pivot": [0, 0, 0],
					"cubes": [
						{
							"origin": [-8, 0, -8],
							"size": [16, 16, 2],
							"uv": {
								"north": {"uv": [0, 0], "uv_size": [16, 16]},
								"east": {"uv": [0, 0], "uv_size": [2, 16]},
								"south": {"uv": [0, 0], "uv_size": [16, 16]},
								"west": {"uv": [0, 0], "uv_size": [2, 16]},
								"up": {"uv": [32, 2], "uv_size": [-16, -2]},
								"down": {"uv": [32, 18], "uv_size": [-16, -2]}
							}
						},
						{
							"origin": [-8, 0, 6],
							"size": [16, 16, 2],
							"uv": {
								"north": {"uv": [0, 0], "uv_size": [16, 16]},
								"east": {"uv": [0, 0], "uv_size": [2, 16]},
								"south": {"uv": [0, 0], "uv_size": [16, 16]},
								"west": {"uv": [0, 0], "uv_size": [2, 16]},
								"up": {"uv": [32, 16], "uv_size": [-16, -2]},
								"down": {"uv": [32, 32], "uv_size": [-16, -2]}
							}
						},
						{
							"origin": [6, 0, -6],
							"size": [2, 16, 12],
							"uv": {
								"north": {"uv": [0, 0], "uv_size": [2, 16]},
								"east": {"uv": [2, 0], "uv_size": [12, 16]},
								"south": {"uv": [0, 0], "uv_size": [2, 16]},
								"west": {"uv": [2, 0], "uv_size": [12, 16]},
								"up": {"uv": [18, 16], "uv_size": [-2, -16]},
								"down": {"uv": [32, 30], "uv_size": [-2, -12]}
							}
						},
						{
							"origin": [-8, 0, -6],
							"size": [2, 16, 12],
							"uv": {
								"north": {"uv": [0, 0], "uv_size": [2, 16]},
								"east": {"uv": [2, 0], "uv_size": [12, 16]},
								"south": {"uv": [0, 0], "uv_size": [2, 16]},
								"west": {"uv": [2, 0], "uv_size": [12, 16]},
								"up": {"uv": [32, 16], "uv_size": [-2, -16]},
								"down": {"uv": [18, 30], "uv_size": [-2, -12]}
							}
						},
						{
							"origin": [-7, 2, -7],
							"size": [14, 2, 14],
							"uv": {
								"north": {"uv": [0, 0], "uv_size": [16, 2]},
								"east": {"uv": [0, 0], "uv_size": [16, 2]},
								"south": {"uv": [0, 0], "uv_size": [16, 2]},
								"west": {"uv": [0, 0], "uv_size": [16, 2]},
								"up": {"uv": [16, 32], "uv_size": [-16, -16]},
								"down": {"uv": [16, 32], "uv_size": [-16, -16]}
							}
						},
						{
							"origin": [-6, 13, -6],
							"size": [12, 1, 12],
							"uv": {
								"north": {"uv": [36, 30], "uv_size": [12, 2]},
								"east": {"uv": [36, 30], "uv_size": [12, 2]},
								"south": {"uv": [36, 30], "uv_size": [12, 2]},
								"west": {"uv": [36, 30], "uv_size": [12, 2]},
								"up": {"uv": [46, 14], "uv_size": [-12, -12]},
								"down": {"uv": [46, 32], "uv_size": [-12, -12]}
							}
						}
					]
				}
			]
		}
	]
}