{
    "format_version": "1.10.0",
    "minecraft:entity": {
    "description": {
    "identifier": "ybh:blood_hand_head",
    "is_spawnable": false,
    "is_summonable": false,
    "is_experimental": false,
    "runtime_identifier": "ybh:blood_hand_head"
    },
    "component_groups": {
     "health": {
             "minecraft:health": {
        "value": 6666,
        "min": 6666,
        "max": 6666
      },
       "minecraft:timer": {
          "time": [ 0, 0 ],
          "looping": true,
          "time_down_event": {
            "event": "health",
            "target": "self"
          }
        }},
      "levitation": {
  "minecraft:spell_effects": {
          "add_effects": [
            {
              "effect": "levitation",
              "amplifier": 2,
              "visible": false,
              "ambient": false,
              "duration": 999999
            }
          ]
       }}},
      "components": {
       "minecraft:scale": {
          "value": 4
        },
         "minecraft:timer": {
          "time": [ 0, 0 ],
          "looping": true,
          "time_down_event": {
            "event": "health",
            "target": "self"
          }
        },
          "minecraft:spell_effects": {
          "add_effects": [
            {
              "effect": "levitation",
              "amplifier": 2,
              "visible": false,
              "ambient": false,
              "duration": 999999
            }
          ]
       },
       "minecraft:explode": {
       "fuseLength": 10.0,
       "fuseLit": true,
       "power": 0,
       "causesFire": false,
       "destroyAffectedByGriefing": true
       },
       "minecraft:behavior.ranged_attack": {
       "priority": 2,
       "charge_charged_trigger": 2.0,
       "charge_shoot_trigger": 2.0,
       "attack_radius": 50,
       "burst_shots": 1000,
       "burst_interval": 0.1
       },
       "minecraft:shooter": {
       "def": "ybh:blood_attack"
       },
       "minecraft:fire_immune": true,
      "minecraft:behavior.nearest_attackable_target": {
        "priority": 0,
        "entity_types": [
          {
            "filters": {
               "all_of": [
                {
                  "test": "is_family",
                  "subject": "other",
                  "operator": "!=",
                  "value": "gaster"
                },
                {
                  "test": "is_family",
                  "subject": "other",
                  "operator": "!=",
                  "value": "inanimate"
                }
              ]
            },
            "max_dist": 6666
          }
        ],
        "must_see": false
      },
      "minecraft:fall_damage": {"value": 0.0},
      "minecraft:knockback_resistance": {"value": 1.0},
      "minecraft:nameable": {},
      "minecraft:type_family": {
      "family": [ "inanimate", "gaster"]},
      "minecraft:breathable": {
      "totalSupply": 15,
      "suffocateTime": 0
      },
      "minecraft:collision_box":{
      "width": 0.0,
      "height": 0.0
      },
      "minecraft:health": {
      "value": 6666,
      "min": 6666,
      "max": 6666
      },
      "minecraft:movement":{
      "value": 0.5
      },
	  "minecraft:navigation.walk": {
	  "can_path_over_water":true
	  },
	  "minecraft:movement.basic": {
	  },
	  "minecraft:jump.static": {
	  },
      "minecraft:follow_range": {
      "value": 60
      },
      "minecraft:behavior.float": {
      "priority": 0
      },
      "minecraft:behavior.hurt_by_target": {
        "priority": 1,
        "entity_types": {
          "filters": {
            "test": "is_family",
            "subject": "other",
            "operator": "!=",
            "value": "gaster"
          }
        }
      },
      "minecraft:physics": {}},

"events":{
 "health": {"add": {"component_groups": ["health", "levitation"]}}}}}