{
  "format_version":"1.10.0",
  "minecraft:client_entity":{
    "description":{
      "identifier":"pokemon:p6",
      "materials":{"default":"pokemon","aura":"aura"},
      "textures":{
    "evo_aura":"textures/entity/aura/evolve",
    "max_aura":"textures/entity/aura/max",
    "totem_aura":"textures/entity/aura/totem",
    "default":"textures/entity/normal/charmander/charizard",
    "default_s":"textures/entity/shiny/charmander/charizard",
    "mega1":"textures/entity/normal/charmander/charizard_mega_x",
    "mega_s1":"textures/entity/shiny/charmander/charizard_mega_x",
    "mega2":"textures/entity/normal/charmander/charizard_mega_y",
    "mega_s2":"textures/entity/shiny/charmander/charizard_mega_y",
    "gigamax":"textures/entity/normal/charmander/charizard",
    "gigamax_s":"textures/entity/shiny/charmander/charizard"
      },
      "geometry":{
    "default":"geometry.serpcharizard",
    "mega1":"geometry.serpcharizard_megax",
    "mega2":"geometry.serpcharizard_megay",
    "gigamax":"geometry.serpcharizard"
      },
      "animations":{
    "eyes_controller":"controller.animation.eyes",
    "open":"animation.serpmob.open",
    "close":"animation.serpmob.close",
    "angry":"animation.serpmob.angry",
    "fainted":"animation.serpmob.fainted",
    "quiet":"animation.charizard.quiet",
    "walk":"animation.charizard.walk",
    "sit":"animation.charizard.sitting",
    "attack":"animation.charizard.attack",
    "attack2":"animation.charizard.attack2",
    "defeated":"animation.charizard.defeated",
    "look_at_target":"animation.common.look_at_target",
    "direction":"animation.charizard.direction",
    "main_controller":"controller.animation.pokemon_ground",
    "effects_controller":"controller.animation.charizard_effects"
      },
      "particle_effects":{
    "shiny":"serp:shiny",
    "evolve":"serp:evolve",
    "flame_mouth":"serp:charizard_mouth",
    "tail_flame":"serp:charizard_tail",
    "tail_flame_mega":"serp:charizard_tailm",
    "tail_flame_mega2":"serp:charizard_tailm2"
      },
      "scripts":{
    "scale":"1.2",
    "animate":["effects_controller","main_controller"]
      },
      "render_controllers":[{"controller.render.pokemon":"query.property('serp:v')<3"},{"controller.render.pokemons":"query.property('serp:v')>2"},{"controller.render.aura":"query.is_chested"}]
    }
  }
}