{
    "format_version": "1.20.80",
    "minecraft:item": {
        "description": {
            "identifier": "yes:emerald_greatsword",
            "menu_category": {
                "category": "equipment",
                "group": "itemGroup.name.sword"
            }
        },
        "components": {
            "minecraft:tags": {
                "tags": [
                    "minecraft:transformable_items",
                    "ability:greatsword",
                    "yes:diamond_tier"
                ]
            },
            "minecraft:custom_components": [
                "yes:mining_durability_damage",
                "yes:on_hit",
                "yes:hit_durability_damage"
            ],
            "minecraft:max_stack_size": 1,
            "minecraft:hand_equipped": true,
            "minecraft:allow_off_hand": false,
            "minecraft:durability": {
                "max_durability": 936,
                "damage_chance": {
                    "min": 60,
                    "max": 100
                }
            },
            "minecraft:cooldown": {
                "category": "greatsword",
                "duration": 0.5
            },
            "minecraft:display_name": {
                "value": "Emerald Greatsword\n\ue196\u00a7l\ue05b\u00a7r\ue195\n\ue05c\n\n\u00a76Normal Attack:\n\u00a7e[\u00a79+5 atk\ue199\u00a7e]\n\u00a7e[\u00a790.0 secs\ue189\u00a7e]\n\u00a7e[\u00a790.5 secs\ue188\u00a7e]"
            },
            "minecraft:icon": "emerald_greatsword",
            "minecraft:damage": 5,
            "minecraft:repairable": {
                "repair_items": [
                    {
                        "items": [
                            "yes:emerald_greatsword"
                        ],
                        "repair_amount": "context.other->query.remaining_durability+0.12*context.other->query.max_durability"
                    },
                    {
                        "items": [
                            "minecraft:emerald"
                        ],
                        "repair_amount": "query.max_durability*0.33"
                    }
                ]
            },
            "minecraft:can_destroy_in_creative": false,
            "minecraft:enchantable": {
                "value": 20,
                "slot": "sword"
            },
            "minecraft:digger": {
                "destroy_speeds": [
                    {
                        "block": "minecraft:web",
                        "speed": 10
                    },
                    {
                        "block": "minecraft:bamboo",
                        "speed": 10
                    }
                ]
            }
        }
    }
}