{
  "format_version":"1.10.0",
  "animation_controllers":{
    "controller.animation.cynda_effects":{
      "states":{
  "default":{"particle_effects":[{"effect":"fire","locator":"flames"},{"effect":"evolve"},{"effect":"shiny"}],"animations":["eyes_controller"]}
      }
    },
    "controller.animation.quilava_effects":{
      "states":{
  "default":{"particle_effects":[{"effect":"head_fire","locator":"head"},{"effect":"back_fire","locator":"back"},{"effect":"evolve"},{"effect":"shiny"}],"animations":["eyes_controller"]}
      }
    }
  }
}