{	"format_version": "1.10.0",	"geometry.witherstorm": {		"texturewidth": 1024,		"textureheight": 1024,		"visible_bounds_width": 25,		"visible_bounds_height": 16,		"visible_bounds_offset": [0, 0, 0],		"bones": [			{				"name": "body0",				"pivot": [0, 24, 0],				"reset": true,				"cubes": [					{"origin": [11.04, 44.16, 17.8464], "size": [2.88, 2.88, 2.88], "uv": [207, 205], "inflate": 3},					{"origin": [16.04, 42.66, 7.2464], "size": [2.88, 1.88, 5.88], "uv": [207, 205], "inflate": 3},					{"origin": [4.04, 42.86, 23.2464], "size": [2.88, 1.88, 5.88], "uv": [207, 205], "inflate": 3},					{"origin": [4.8, 45.12, 17.376], "size": [2.88, 2.88, 2.88], "uv": [207, 201], "inflate": 3},					{"origin": [9.8, 43.62, 6.776], "size": [2.88, 1.88, 5.88], "uv": [207, 201], "inflate": 3},					{"origin": [-2.2, 43.82, 22.776], "size": [2.88, 3.88, 5.88], "uv": [207, 201], "inflate": 3},					{"origin": [-3.84, 45.12, 17.3856], "size": [2.88, 2.88, 2.68], "uv": [207, 197], "inflate": 3},					{"origin": [1.16, 43.62, 6.7856], "size": [2.88, 1.88, 5.68], "uv": [207, 197], "inflate": 3},					{"origin": [-10.84, 43.82, 22.7856], "size": [2.88, 1.88, 5.68], "uv": [207, 197], "inflate": 3},					{"origin": [-7.2, 43.2, 17.424], "size": [2.88, 3.88, 2.68], "uv": [206, 176], "inflate": 3},					{"origin": [-2.2, 41.7, 6.824], "size": [2.88, 2.88, 5.88], "uv": [206, 176], "inflate": 3},					{"origin": [-14.2, 41.9, 22.824], "size": [2.88, 2.88, 5.68], "uv": [206, 176], "inflate": 3},					{"origin": [-12.96, 43.2, 17.808], "size": [1.88, 1.88, 2.88], "uv": [206, 106], "inflate": 3},					{"origin": [-7.96, 41.7, 7.208], "size": [1.88, 0.88, 5.88], "uv": [206, 106], "inflate": 3},					{"origin": [-19.96, 41.9, 23.208], "size": [1.88, 0.88, 5.88], "uv": [206, 106], "inflate": 3},					{"origin": [10.08, 44.16, 20.7264], "size": [11.88, 2.88, 13.88], "uv": [206, 97], "inflate": 3},					{"origin": [15.08, 42.66, 10.1264], "size": [11.88, 1.88, 16.88], "uv": [206, 97], "inflate": 3},					{"origin": [18.08, 40.66, 14.0264], "size": [11.88, 1.88, 16.88], "uv": [206, 97], "inflate": 3},					{"origin": [3.08, 42.86, 26.1264], "size": [11.88, 1.88, 16.88], "uv": [206, 97], "inflate": 3},					{"origin": [4.8, 45.12, 20.256], "size": [2.88, 2.88, 2.88], "uv": [206, 93], "inflate": 3},					{"origin": [9.8, 43.62, 9.656], "size": [2.88, 1.88, 5.88], "uv": [206, 93], "inflate": 3},					{"origin": [-2.2, 43.82, 25.656], "size": [2.88, 1.88, 5.68], "uv": [206, 93], "inflate": 3},					{"origin": [-0.96, 45.12, 20.2656], "size": [0, 0.88, 2.88], "uv": [205, 63], "inflate": 3},					{"origin": [4.04, 43.62, 9.6656], "size": [0, 0, 5.88], "uv": [205, 63], "inflate": 3},					{"origin": [-7.96, 43.82, 25.6656], "size": [0, 0, 5.88], "uv": [205, 63], "inflate": 3},					{"origin": [-6.24, 42.24, 20.304], "size": [15.88, 2.88, 10.68], "uv": [203, 81], "inflate": 3},					{"origin": [-1.24, 40.74, 9.704], "size": [15.88, 1.88, 13.88], "uv": [203, 81], "inflate": 3},					{"origin": [-13.24, 40.94, 25.704], "size": [15.88, 1.88, 13.88], "uv": [203, 81], "inflate": 3},					{"origin": [-11.74, 37.44, 28.704], "size": [15.88, 1.88, 13.88], "uv": [203, 81], "inflate": 3},					{"origin": [-21, 43.2, 20.688], "size": [11.88, 2.88, 2.68], "uv": [203, 68], "inflate": 3},					{"origin": [-16, 41.7, 10.088], "size": [11.88, 1.88, 5.88], "uv": [203, 68], "inflate": 3},					{"origin": [-28, 41.9, 25.288], "size": [11.88, 1.88, 6.48], "uv": [203, 68], "inflate": 3},					{"origin": [-29, 40.2, 13.688], "size": [17.88, 0, 18.88], "uv": [203, 68], "inflate": 3},					{"origin": [-12, 42.2, 18.688], "size": [39.08, 0, 18.88], "uv": [203, 68], "inflate": 3},					{"origin": [-9, 40.2, 22.588], "size": [39.08, 0, 18.88], "uv": [203, 68], "inflate": 3},					{"origin": [-7, 40.7, 8.088], "size": [38.88, 0, 21.88], "uv": [203, 68], "inflate": 3},					{"origin": [-4, 38.7, 11.988], "size": [38.88, 0, 21.88], "uv": [203, 68], "inflate": 3},					{"origin": [1, 40.9, 24.088], "size": [18.88, 0, 21.88], "uv": [203, 68], "inflate": 3},					{"origin": [2.5, 37.4, 27.088], "size": [18.88, 0, 21.88], "uv": [203, 68], "inflate": 3},					{"origin": [11.88, 39.36, 8.4064], "size": [5.88, 2.88, 2.88], "uv": [202, 128], "inflate": 3},					{"origin": [4.8, 40.32, 5.856], "size": [2.88, 2.88, 2.88], "uv": [202, 124], "inflate": 3},					{"origin": [-3.84, 40.32, 5.8656], "size": [2.88, 2.88, 2.88], "uv": [202, 117], "inflate": 3},					{"origin": [-18.8, 38.4, 3.408], "size": [4.88, 2.88, 14.88], "uv": [201, 148], "inflate": 3},					{"origin": [-20.8, 41.4, 6.408], "size": [11.88, 2.88, 9.68], "uv": [201, 148], "inflate": 3},					{"origin": [12, 39.36, 13.0464], "size": [2.88, 2.88, 2.88], "uv": [187, 200], "inflate": 3},					{"origin": [4.8, 40.32, 12.576], "size": [2.88, 2.88, 2.88], "uv": [151, 200], "inflate": 3},					{"origin": [-3.84, 40.32, 12.5856], "size": [2.88, 2.88, 2.88], "uv": [115, 200], "inflate": 3},					{"origin": [-8.16, 38.4, 12.624], "size": [2.88, 2.88, 2.88], "uv": [199, 140], "inflate": 3},					{"origin": [-23.92, 38.4, 13.008], "size": [13.28, 2.88, 3.68], "uv": [171, 198], "inflate": 3},					{"origin": [-24.32, 37.5, 16.008], "size": [13.28, 2.88, 3.88], "uv": [171, 198], "inflate": 3},					{"origin": [11.04, 39.36, 17.8464], "size": [2.88, 2.88, 2.88], "uv": [135, 198], "inflate": 3},					{"origin": [4.8, 40.32, 17.376], "size": [2.88, 2.88, 2.88], "uv": [99, 198], "inflate": 3},					{"origin": [-3.84, 40.32, 17.3856], "size": [2.88, 2.88, 2.88], "uv": [58, 197], "inflate": 3},					{"origin": [-7.2, 38.4, 17.424], "size": [2.88, 2.88, 2.88], "uv": [64, 195], "inflate": 3},					{"origin": [-12.96, 38.4, 17.808], "size": [2.88, 2.88, 2.88], "uv": [194, 150], "inflate": 3},					{"origin": [10.08, 39.36, 22.6464], "size": [2.88, 2.88, 2.88], "uv": [171, 194], "inflate": 3},					{"origin": [4.8, 40.32, 22.176], "size": [2.88, 2.88, 2.88], "uv": [135, 194], "inflate": 3},					{"origin": [-3.84, 40.32, 21.9856], "size": [23.88, 2.88, 13.88], "uv": [99, 194], "inflate": 3},					{"origin": [1.16, 38.82, 11.3856], "size": [23.88, 1.88, 16.88], "uv": [99, 194], "inflate": 3},					{"origin": [-10.84, 39.02, 27.3856], "size": [23.88, 1.88, 16.88], "uv": [99, 194], "inflate": 3},					{"origin": [-9.34, 27.52, 30.3856], "size": [23.88, 9.88, 16.88], "uv": [99, 194], "inflate": 3},					{"origin": [-5.34, 21.52, 30.3856], "size": [23.88, 4.88, 17.88], "uv": [99, 194], "inflate": 3},					{"origin": [-3.84, 22.32, 33.1856], "size": [23.88, 12.88, 13.88], "uv": [99, 194], "inflate": 3},					{"origin": [-2.34, 18.82, 36.1856], "size": [23.88, 12.88, 13.88], "uv": [99, 194], "inflate": 3},					{"origin": [-33.84, 22.32, 20.1856], "size": [23.88, 12.88, 13.88], "uv": [99, 194], "inflate": 3},					{"origin": [-36.84, 22.32, 20.1856], "size": [22.88, 9.88, 10.88], "uv": [99, 194], "inflate": 3},					{"origin": [-27.84, 22.32, 22.1856], "size": [23.88, 11.88, 13.08], "uv": [99, 194], "inflate": 3},					{"origin": [-26.34, 18.82, 25.1856], "size": [23.88, 11.88, 13.08], "uv": [99, 194], "inflate": 3},					{"origin": [-22.34, 12.82, 25.1856], "size": [23.88, 6.88, 14.08], "uv": [99, 194], "inflate": 3},					{"origin": [-6.24, 38.4, 22.224], "size": [2.88, 2.88, 2.88], "uv": [191, 140], "inflate": 3},					{"origin": [-25, 38.4, 22.408], "size": [16.88, 2.88, 7.88], "uv": [42, 191], "inflate": 3},					{"origin": [-20, 36.9, 11.808], "size": [16.88, 1.88, 10.88], "uv": [42, 191], "inflate": 3},					{"origin": [-32, 37.1, 27.808], "size": [16.88, 1.88, 10.88], "uv": [42, 191], "inflate": 3},					{"origin": [-30.5, 33.6, 30.808], "size": [16.88, 1.88, 10.88], "uv": [42, 191], "inflate": 3},					{"origin": [11.52, 34.56, 5.8464], "size": [2.88, 2.88, 2.88], "uv": [190, 31], "inflate": 3},					{"origin": [4.8, 35.52, 5.856], "size": [2.88, 2.88, 2.88], "uv": [64, 187], "inflate": 3},					{"origin": [-3.84, 35.52, 5.8656], "size": [2.88, 2.88, 2.88], "uv": [64, 183], "inflate": 3},					{"origin": [-11.52, 33.6, 5.904], "size": [2.88, 2.88, 2.88], "uv": [64, 179], "inflate": 3},					{"origin": [9.6, 34.56, 11.6064], "size": [2.88, 2.88, 2.88], "uv": [101, 178], "inflate": 3},					{"origin": [4.8, 35.52, 11.616], "size": [2.88, 2.88, 2.88], "uv": [175, 174], "inflate": 3},					{"origin": [-3.84, 35.52, 11.6256], "size": [2.88, 2.88, 2.88], "uv": [138, 174], "inflate": 3},					{"origin": [-9.6, 33.6, 11.664], "size": [2.88, 2.88, 2.88], "uv": [64, 64], "inflate": 3},					{"origin": [8.64, 34.56, 16.4064], "size": [2.88, 2.88, 2.88], "uv": [158, 172], "inflate": 3},					{"origin": [4.8, 35.52, 16.416], "size": [2.88, 2.88, 2.88], "uv": [122, 172], "inflate": 3},					{"origin": [-3.84, 35.52, 16.4256], "size": [2.88, 2.88, 2.88], "uv": [171, 104], "inflate": 3},					{"origin": [-8.64, 33.6, 16.464], "size": [2.88, 2.88, 2.88], "uv": [171, 98], "inflate": 3},					{"origin": [7.68, 34.56, 21.2064], "size": [2.88, 2.88, 2.88], "uv": [66, 171], "inflate": 3},					{"origin": [4.8, 35.52, 21.216], "size": [2.88, 2.88, 2.88], "uv": [169, 112], "inflate": 3},					{"origin": [-3.84, 35.52, 21.2256], "size": [2.88, 2.88, 2.88], "uv": [50, 169], "inflate": 3},					{"origin": [-7.68, 33.6, 21.264], "size": [2.88, 2.88, 2.88], "uv": [168, 137], "inflate": 3},					{"origin": [8.64, 29.76, 5.8656], "size": [2.88, 2.88, 2.88], "uv": [158, 168], "inflate": 3},					{"origin": [1.92, 29.76, 5.8944], "size": [2.88, 2.88, 2.88], "uv": [122, 168], "inflate": 3},					{"origin": [-2.88, 30.72, 5.8752], "size": [2.88, 2.88, 2.88], "uv": [107, 168], "inflate": 3},					{"origin": [-8.64, 28.8, 5.9136], "size": [2.88, 2.88, 2.88], "uv": [50, 165], "inflate": 3},					{"origin": [6.72, 29.76, 10.6656], "size": [2.88, 2.88, 2.88], "uv": [161, 112], "inflate": 3},					{"origin": [1.92, 29.76, 10.6944], "size": [2.88, 2.88, 2.88], "uv": [160, 137], "inflate": 3},					{"origin": [-2.88, 30.72, 10.6752], "size": [2.88, 2.88, 2.88], "uv": [64, 145], "inflate": 3},					{"origin": [-6.72, 28.8, 10.7136], "size": [2.88, 2.88, 2.88], "uv": [64, 143], "inflate": 3},					{"origin": [5.76, 29.76, 15.4656], "size": [2.88, 2.88, 2.88], "uv": [141, 137], "inflate": 3},					{"origin": [1.92, 29.76, 15.4944], "size": [2.88, 2.88, 2.88], "uv": [64, 139], "inflate": 3},					{"origin": [-2.88, 30.72, 15.4752], "size": [2.88, 2.88, 2.88], "uv": [64, 139], "inflate": 3},					{"origin": [-5.76, 28.8, 15.5136], "size": [2.88, 2.88, 2.88], "uv": [64, 139], "inflate": 3},					{"origin": [6.72, 24, 5.8752], "size": [2.88, 2.88, 2.88], "uv": [125, 20], "inflate": 3},					{"origin": [-2.88, 25.92, 5.8944], "size": [2.88, 2.88, 2.88], "uv": [117, 20], "inflate": 3},					{"origin": [-6.72, 24.96, 5.9232], "size": [2.88, 2.88, 2.88], "uv": [64, 111], "inflate": 3},					{"origin": [4.8, 24, 9.7152], "size": [2.88, 2.88, 2.88], "uv": [64, 111], "inflate": 3},					{"origin": [-2.88, 25.92, 9.7344], "size": [2.88, 2.88, 2.88], "uv": [109, 20], "inflate": 3},					{"origin": [-4.8, 24.96, 9.7632], "size": [2.88, 2.88, 2.88], "uv": [101, 20], "inflate": 3},					{"origin": [-2.88, 20.16, 6.0864], "size": [2.88, 2.88, 2.88], "uv": [93, 20], "inflate": 3},					{"origin": [2.88, 21.12, 6.0096], "size": [2.88, 2.88, 2.88], "uv": [85, 20], "inflate": 3},					{"origin": [-1.92, 20.16, 8.9664], "size": [2.88, 2.88, 2.88], "uv": [79, 15], "inflate": 3},					{"origin": [1.92, 21.12, 8.8896], "size": [2.88, 2.88, 2.88], "uv": [78, 8], "inflate": 3},					{"origin": [-0.96, 15.36, 6.192], "size": [2.88, 2.88, 2.88], "uv": [77, 20], "inflate": 3},					{"origin": [0.96, 14.4, 6.144], "size": [2.88, 2.88, 2.88], "uv": [69, 20], "inflate": 3},					{"origin": [-9, 6.72, 8.04], "size": [11.88, 9.88, 1.08], "uv": [64, 65], "inflate": 3},					{"origin": [3, -8.28, 9.24], "size": [2.88, 2.88, 2.88], "uv": [64, 65], "inflate": 3},					{"origin": [-4, -6.28, 19.24], "size": [2.88, 2.88, 2.88], "uv": [64, 65], "inflate": 3},					{"origin": [2.3, -23.28, 18.24], "size": [2.88, 2.88, 2.88], "uv": [64, 65], "inflate": 3},					{"origin": [2.88, -50.336, 13.44], "size": [2.88, 17.6, 2.88], "uv": [134, 80], "inflate": 0.7},					{"origin": [-0.12, -69.336, 13.44], "size": [0, 19.6, 1.88], "uv": [134, 80], "inflate": 0.7},					{"origin": [-0.88, -58.456, 13.44], "size": [2.88, 13.72, 2.88], "uv": [105, 102], "inflate": 0.7},					{"origin": [-2.88, -32.64, 11.52], "size": [8.64, 11.52, 8.64], "uv": [223, 93], "inflate": 1},					{"origin": [0.12, -46.64, 14.52], "size": [2.64, 12.52, 5.64], "uv": [223, 93], "inflate": 1},					{"origin": [1.12, -54.64, 15.52], "size": [1.64, 12.52, 2.64], "uv": [223, 93], "inflate": 1},					{"origin": [-4.608, -21.12, 9.6], "size": [11.52, 23.04, 11.52], "uv": [64, 139], "inflate": 2},					{"origin": [-5.568, 2.42, 12.96], "size": [24.44, 11.52, 22.44], "uv": [138, 20], "inflate": 3},					{"origin": [-5.568, 1.92, 11.16], "size": [19.44, 11.52, 22.44], "uv": [138, 20], "inflate": 3},					{"origin": [-20.04, 4.44, 6.76], "size": [42.04, 23.04, 23.04], "uv": [64, 64]},					{"origin": [-25.12, 5.44, 5.76], "size": [51.04, 31.04, 29.04], "uv": [64, 64]},					{"origin": [-23.62, 1.94, 8.76], "size": [51.04, 31.04, 29.04], "uv": [64, 64]},					{"origin": [-9.6, 13.44, 3.84], "size": [23.04, 23.04, 23.04], "uv": [69, 24]},					{"origin": [-33.6, 15.36, 7.76], "size": [23.04, 23.04, 30.04], "uv": [69, 70]},					{"origin": [-32.1, 11.86, 10.76], "size": [23.04, 23.04, 30.04], "uv": [69, 70]},					{"origin": [-28.1, 5.86, 10.76], "size": [23.04, 18.04, 31.04], "uv": [69, 70]},					{"origin": [-41.6, 15.36, 0.76], "size": [29.04, 30.04, 5], "uv": [69, 70]},					{"origin": [-38.6, 45.36, 0.76], "size": [25.04, 2.04, 5], "uv": [69, 70]},					{"origin": [-40.6, 15.36, 5.76], "size": [28.44, 27.14, 5], "uv": [69, 70]},					{"origin": [-41, 14.46, 8.76], "size": [28.44, 27.14, 5], "uv": [69, 70]},					{"origin": [-38.6, 43.36, 5.76], "size": [26.04, 3.04, 5], "uv": [69, 70]},					{"origin": [-39, 42.46, 8.76], "size": [26.04, 3.04, 5], "uv": [69, 70]},					{"origin": [-37.6, 15.36, 9.76], "size": [25.04, 29.04, 5], "uv": [69, 70]},					{"origin": [-38, 14.46, 12.76], "size": [25.04, 29.04, 5], "uv": [69, 70]},					{"origin": [-35.6, 15.36, 14.76], "size": [23.44, 25.04, 5], "uv": [69, 70]},					{"origin": [-36, 14.46, 17.76], "size": [23.44, 25.04, 5], "uv": [69, 70]},					{"origin": [-13.6, 12.36, 7.76], "size": [43.04, 26.04, 31.04], "uv": [69, 70]},					{"origin": [-12.1, 8.86, 10.76], "size": [43.04, 26.04, 31.04], "uv": [69, 70]},					{"origin": [-8.1, 2.86, 10.76], "size": [43.04, 21.04, 32.04], "uv": [69, 70]},					{"origin": [-13.6, 16.36, 8.76], "size": [49.04, 26.04, 37.04], "uv": [69, 70]},					{"origin": [-9.6, 10.36, 8.76], "size": [49.04, 21.04, 38.04], "uv": [69, 70]},					{"origin": [-10.6, 14.36, 12.66], "size": [49.04, 26.04, 37.04], "uv": [69, 70]},					{"origin": [-6.6, 8.36, 12.66], "size": [49.04, 21.04, 38.04], "uv": [69, 70]},					{"origin": [-12.1, 12.86, 11.76], "size": [49.04, 26.04, 37.04], "uv": [69, 70]},					{"origin": [-8.1, 6.86, 11.76], "size": [49.04, 21.04, 38.04], "uv": [69, 70]},					{"origin": [-9.1, 5.86, 15.66], "size": [49.04, 26.04, 37.04], "uv": [69, 70]},					{"origin": [13.44, 15.36, 5.76], "size": [23.04, 23.04, 30.04], "uv": [64, 93]},					{"origin": [-3.06, 18.36, 20.76], "size": [39.04, 23.04, 27.04], "uv": [64, 93]},					{"origin": [-0.06, 16.36, 24.66], "size": [39.04, 23.04, 27.04], "uv": [64, 93]},					{"origin": [3.94, 7.36, 24.66], "size": [39.04, 23.04, 27.04], "uv": [64, 93]},					{"origin": [-1.56, 14.86, 23.76], "size": [37.14, 23.04, 27.04], "uv": [64, 93]},					{"origin": [1.44, 9.86, 27.66], "size": [37.14, 23.04, 27.04], "uv": [64, 93]},					{"origin": [-4.56, 6.86, 30.66], "size": [37.14, 23.04, 27.04], "uv": [64, 93]},					{"origin": [-13.44, 2.44, 7.68], "size": [34.72, 23.04, 19.2], "uv": [69, 64]}				]			},			{				"name": "mutantBody0",				"parent": "body0",				"pivot": [0, 46, 19],				"rotation": [-10, 0, 0],				"cubes": [					{"origin": [-44.04, 95.59419, 49.7397], "size": [31.04, 23.04, 0], "uv": [366, 162], "inflate": 43},					{"origin": [-36.04, 95.59419, 47.7397], "size": [23.04, 23.04, 0], "uv": [366, 162], "inflate": 43},					{"origin": [-15.04, 95.55946, 40.54274], "size": [1.04, 15.04, 0], "uv": [366, 162], "inflate": 43},					{"origin": [-21.04, 98.59946, 32.54274], "size": [6, 0, 0], "uv": [366, 162], "inflate": 43},					{"origin": [-10.04, 100.55946, 28.54274], "size": [8.04, 7.04, 0], "uv": [366, 162], "inflate": 43},					{"origin": [-3.04, 100.55946, 20.54274], "size": [0, 0, 0], "uv": [366, 162], "inflate": 43},					{"origin": [13.96, 94.59419, 44.7397], "size": [1.04, 15.04, 0], "uv": [366, 162], "inflate": 43},					{"origin": [13.96, 85.59419, 35.7397], "size": [1.04, 15.04, 0], "uv": [366, 162], "inflate": 43},					{"origin": [13.96, 88.63419, 27.7397], "size": [0, 0, 0], "uv": [366, 162], "inflate": 43},					{"origin": [39.96, 94.59419, 77.6397], "size": [1.04, 15.04, 0], "uv": [366, 162], "inflate": 43},					{"origin": [41, 105.63419, 86.6397], "size": [5, 0, 0], "uv": [366, 162], "inflate": 43},					{"origin": [-29.04, 97.59419, 49.7397], "size": [5.04, 24.04, 14], "uv": [366, 162], "inflate": 43},					{"origin": [-24, 110.59419, 58.7397], "size": [5, 7.04, 14], "uv": [366, 162], "inflate": 43},					{"origin": [-47.04, 97.59419, 61.7397], "size": [23.04, 23.04, 0], "uv": [366, 162], "inflate": 43},					{"origin": [25.96, 93.59419, 70.7397], "size": [28.04, 23.04, 0], "uv": [366, 162], "inflate": 43},					{"origin": [32.96, 106.59419, 79.7397], "size": [26.04, 6.04, 0], "uv": [366, 162], "inflate": 43},					{"origin": [25.96, 93.59419, 68.7397], "size": [23.04, 23.04, 0], "uv": [366, 162], "inflate": 43},					{"origin": [32.96, 106.59419, 77.7397], "size": [21.04, 6.04, 0], "uv": [366, 162], "inflate": 43},					{"origin": [-41.04, 90.79419, 76.7397], "size": [23.04, 23.04, 0], "uv": [366, 162], "inflate": 43},					{"origin": [-34.04, 103.79419, 85.7397], "size": [21.04, 6.04, 0], "uv": [366, 162], "inflate": 43},					{"origin": [2.88, 89.15728, 50.82523], "size": [28.04, 23.04, 0], "uv": [64, 64], "inflate": 43},					{"origin": [2.88, 89.15728, 48.82523], "size": [23.04, 23.04, 0], "uv": [64, 64], "inflate": 43},					{"origin": [12.4, 99.88709, 54.04445], "size": [25.04, 23.04, 0], "uv": [69, 24], "inflate": 43},					{"origin": [12.4, 99.88709, 52.04445], "size": [23.04, 23.04, 0], "uv": [69, 24], "inflate": 43},					{"origin": [-1.6, 104.88709, 61.04445], "size": [9.04, 25.04, 0], "uv": [69, 24], "inflate": 43},					{"origin": [5.4, 117.88709, 70.04445], "size": [7.04, 8.04, 0], "uv": [69, 24], "inflate": 43},					{"origin": [-15.6, 104.88709, 59.04445], "size": [23.04, 23.04, 0], "uv": [69, 24], "inflate": 43},					{"origin": [-39.6, 53.36, 41.76], "size": [23.04, 23.04, 23.04], "uv": [69, 70], "inflate": 23},					{"origin": [-34.6, 53.36, 32.76], "size": [23.04, 23.04, 23.04], "uv": [69, 70], "inflate": 23},					{"origin": [13.44, 53.36, 28.76], "size": [23.04, 23.04, 23.04], "uv": [0, 93], "inflate": 23},					{"origin": [13.44, 53.36, 26.76], "size": [23.04, 23.04, 23.04], "uv": [0, 93], "inflate": 23}				]			},			{				"name": "bone",				"parent": "body0",				"pivot": [0, 5, 12]			},			{				"name": "blocka1",				"parent": "bone",				"pivot": [-50.41344, 15.67776, -28.23744],				"rotation": [-45, -45, -45],				"cubes": [					{"origin": [-54.99648, 9.09472, -42.61344], "size": [9.16608, 9.16608, 8.78304], "uv": [56, 0]}				]			},			{				"name": "blocka2",				"parent": "bone",				"pivot": [54.99648, 15.67776, -28.23744],				"rotation": [-45, 45, -45],				"cubes": [					{"origin": [50.41344, 9.09472, -44.01344], "size": [9.16608, 9.16608, 10.18304], "uv": [56, 0]}				]			},			{				"name": "blocka3",				"parent": "bone",				"pivot": [-50.41344, 15.67776, 72.58944],				"rotation": [-45, 45, -45],				"cubes": [					{"origin": [-54.99648, 9.09472, 62.41344], "size": [9.16608, 9.16608, 8.78304], "uv": [56, 0]}				]			},			{				"name": "blocka4",				"parent": "bone",				"pivot": [54.99648, 15.67776, 72.58944],				"rotation": [-45, -45, -45],				"cubes": [					{"origin": [50.41344, 9.09472, 62.41344], "size": [9.16608, 9.16608, 8.78304], "uv": [56, 0]}				]			},			{				"name": "blockb1",				"parent": "bone",				"pivot": [-36.66432, -25.5696, -14.48832],				"rotation": [-45, -45, -45],				"cubes": [					{"origin": [-41.24736, -32.15264, -28.86432], "size": [9.16608, 9.16608, 8.78304], "uv": [56, 0]}				]			},			{				"name": "blockb2",				"parent": "bone",				"pivot": [36.66432, -25.5696, -14.48832],				"rotation": [-45, 45, -45],				"cubes": [					{"origin": [32.08128, -32.15264, -28.86432], "size": [9.16608, 9.16608, 8.78304], "uv": [56, 0]}				]			},			{				"name": "blockb3",				"parent": "bone",				"pivot": [-36.66432, -25.5696, 63.42336],				"rotation": [-45, 45, -45],				"cubes": [					{"origin": [-41.24736, -32.15264, 44.46432], "size": [9.16608, 9.16608, 8.78304], "uv": [56, 0]}				]			},			{				"name": "blockb4",				"parent": "bone",				"pivot": [36.66432, -25.5696, 63.42336],				"rotation": [-45, -45, -45],				"cubes": [					{"origin": [32.08128, -32.15264, 48.66432], "size": [9.16608, 9.16608, 8.78304], "uv": [56, 0]}				]			},			{				"name": "bone2",				"parent": "bone",				"pivot": [1.4, 7, 19.6],				"rotation": [0, 50, 0]			},			{				"name": "blocka5",				"parent": "bone2",				"pivot": [-86.82368, 8.69263, -55.81129],				"rotation": [-45, -45, -45],				"cubes": [					{"origin": [-95.34814, 12.61618, -92.87065], "size": [17.04891, 17.04891, 16.33645], "uv": [56, 0]}				]			},			{				"name": "blocka6",				"parent": "bone2",				"pivot": [109.23877, 8.69263, -55.81129],				"rotation": [-45, 45, -45],				"cubes": [					{"origin": [100.71431, 12.61618, -95.47465], "size": [17.04891, 17.04891, 18.94045], "uv": [56, 0]}				]			},			{				"name": "blocka7",				"parent": "bone2",				"pivot": [-86.82368, 8.69263, 131.7267],				"rotation": [-45, 45, -45],				"cubes": [					{"origin": [-95.34814, 12.61618, 102.47934], "size": [17.04891, 17.04891, 16.33645], "uv": [56, 0]}				]			},			{				"name": "blocka8",				"parent": "bone2",				"pivot": [109.23877, 8.69263, 131.7267],				"rotation": [-45, -45, -45],				"cubes": [					{"origin": [100.71431, 12.61618, 102.47934], "size": [17.04891, 17.04891, 16.33645], "uv": [56, 0]}				]			},			{				"name": "blockb5",				"parent": "bone2",				"pivot": [-61.25032, -68.02746, -30.23793],				"rotation": [-45, -45, -45],				"cubes": [					{"origin": [-69.77478, -64.10391, -67.29729], "size": [17.04891, 17.04891, 16.33645], "uv": [56, 0]}				]			},			{				"name": "blockb6",				"parent": "bone2",				"pivot": [75.14095, -68.02746, -30.23793],				"rotation": [-45, 45, -45],				"cubes": [					{"origin": [66.61649, -64.10391, -67.29729], "size": [17.04891, 17.04891, 16.33645], "uv": [56, 0]}				]			},			{				"name": "blockb7",				"parent": "bone2",				"pivot": [-61.25032, -68.02746, 114.6778],				"rotation": [-45, 45, -45],				"cubes": [					{"origin": [-69.77478, -64.10391, 69.09398], "size": [17.04891, 17.04891, 16.33645], "uv": [56, 0]}				]			},			{				"name": "blockb8",				"parent": "bone2",				"pivot": [75.14095, -68.02746, 114.6778],				"rotation": [-45, -45, -45],				"cubes": [					{"origin": [66.61649, -64.10391, 76.90598], "size": [17.04891, 17.04891, 16.33645], "uv": [56, 0]}				]			},			{				"name": "bone3",				"parent": "bone",				"pivot": [0, 7, 16.8],				"rotation": [0, -85, 0]			},			{				"name": "blocka9",				"parent": "bone3",				"pivot": [-71.58708, 12.26642, -40.09716],				"rotation": [-45, -45, -45],				"cubes": [					{"origin": [-78.095, 10.8145, -65.55108], "size": [13.01583, 13.01583, 12.47192], "uv": [56, 0]}				]			},			{				"name": "blocka10",				"parent": "bone3",				"pivot": [78.095, 12.26642, -40.09716],				"rotation": [-45, 45, -45],				"cubes": [					{"origin": [71.58708, 10.8145, -67.53908], "size": [13.01583, 13.01583, 14.45992], "uv": [56, 0]}				]			},			{				"name": "blocka11",				"parent": "bone3",				"pivot": [-71.58708, 12.26642, 103.077],				"rotation": [-45, 45, -45],				"cubes": [					{"origin": [-78.095, 10.8145, 83.58708], "size": [13.01583, 13.01583, 12.47192], "uv": [56, 0]}				]			},			{				"name": "blocka12",				"parent": "bone3",				"pivot": [78.095, 12.26642, 103.077],				"rotation": [-45, -45, -45],				"cubes": [					{"origin": [71.58708, 10.8145, 83.58708], "size": [13.01583, 13.01583, 12.47192], "uv": [56, 0]}				]			},			{				"name": "blockb9",				"parent": "bone3",				"pivot": [-52.06333, -46.30483, -20.57341],				"rotation": [-45, -45, -45],				"cubes": [					{"origin": [-58.57125, -47.75675, -46.02733], "size": [13.01583, 13.01583, 12.47192], "uv": [56, 0]}				]			},			{				"name": "blockb10",				"parent": "bone3",				"pivot": [52.06333, -46.30483, -20.57341],				"rotation": [-45, 45, -45],				"cubes": [					{"origin": [45.55542, -47.75675, -46.02733], "size": [13.01583, 13.01583, 12.47192], "uv": [56, 0]}				]			},			{				"name": "blockb11",				"parent": "bone3",				"pivot": [-52.06333, -46.30483, 90.06117],				"rotation": [-45, 45, -45],				"cubes": [					{"origin": [-58.57125, -47.75675, 58.09933], "size": [13.01583, 13.01583, 12.47192], "uv": [56, 0]}				]			},			{				"name": "blockb12",				"parent": "bone3",				"pivot": [52.06333, -46.30483, 90.06117],				"rotation": [-45, -45, -45],				"cubes": [					{"origin": [45.55542, -47.75675, 64.06333], "size": [13.01583, 13.01583, 12.47192], "uv": [56, 0]}				]			},			{				"name": "bone4",				"parent": "bone",				"pivot": [0, 7, 16.8],				"rotation": [0, 155, 0]			},			{				"name": "blocka13",				"parent": "bone4",				"pivot": [-71.58708, 12.26642, -40.09716],				"rotation": [-45, -45, -45],				"cubes": [					{"origin": [-78.095, 10.8145, -65.55108], "size": [13.01583, 13.01583, 12.47192], "uv": [56, 0]}				]			},			{				"name": "blocka14",				"parent": "bone4",				"pivot": [78.095, 12.26642, -40.09716],				"rotation": [-45, 45, -45],				"cubes": [					{"origin": [71.58708, 10.8145, -67.53908], "size": [13.01583, 13.01583, 14.45992], "uv": [56, 0]}				]			},			{				"name": "blocka15",				"parent": "bone4",				"pivot": [-71.58708, 12.26642, 103.077],				"rotation": [-45, 45, -45],				"cubes": [					{"origin": [-78.095, 10.8145, 83.58708], "size": [13.01583, 13.01583, 12.47192], "uv": [56, 0]}				]			},			{				"name": "blocka16",				"parent": "bone4",				"pivot": [78.095, 12.26642, 103.077],				"rotation": [-45, -45, -45],				"cubes": [					{"origin": [71.58708, 10.8145, 83.58708], "size": [13.01583, 13.01583, 12.47192], "uv": [56, 0]}				]			},			{				"name": "blockb13",				"parent": "bone4",				"pivot": [-52.06333, -46.30483, -20.57341],				"rotation": [-45, -45, -45],				"cubes": [					{"origin": [-58.57125, -47.75675, -46.02733], "size": [13.01583, 13.01583, 12.47192], "uv": [56, 0]}				]			},			{				"name": "blockb14",				"parent": "bone4",				"pivot": [52.06333, -46.30483, -20.57341],				"rotation": [-45, 45, -45],				"cubes": [					{"origin": [45.55542, -47.75675, -46.02733], "size": [13.01583, 13.01583, 12.47192], "uv": [56, 0]}				]			},			{				"name": "blockb15",				"parent": "bone4",				"pivot": [-52.06333, -46.30483, 90.06117],				"rotation": [-45, 45, -45],				"cubes": [					{"origin": [-58.57125, -47.75675, 58.09933], "size": [13.01583, 13.01583, 12.47192], "uv": [56, 0]}				]			},			{				"name": "blockb16",				"parent": "bone4",				"pivot": [52.06333, -46.30483, 90.06117],				"rotation": [-45, -45, -45],				"cubes": [					{"origin": [45.55542, -47.75675, 64.06333], "size": [13.01583, 13.01583, 12.47192], "uv": [56, 0]}				]			}		]	}}