{
  "format_version": "1.17.30",
  "animation_controllers": {
    //プロパティ
    "controller.animation.score": {
      "states": {
        "default": {
          "transitions": [
            {"set":"1"}
          ],
          "on_entry": [
            "v.head_x_rotation=q.head_x_rotation(0);",
            "v.head_y_rotation=q.head_y_rotation(0);"
          ]
        },
        "set": {
          "transitions": [
            {"default":"1"}
          ],
          "on_entry": [
            "v.head_x_rotation=q.head_x_rotation(0);",
            "v.head_y_rotation=q.head_y_rotation(0);"
          ]
        }
      }
    },
    //ボスが死んでから少し無敵
    "controller.animation.boss_death": {
      "states": {
        "default": {
          "transitions": [
            {"death":"v.boss_death=v.boss_death??0; v.boss_death = v.boss_death + q.property('property:boss_death'); return v.boss_death>=20 && (q.is_on_ground || q.is_in_water) && q.property('property:boss_death')==1;"}
          ]
        },
        "death": {
          "on_entry": [
            "/tag @s add boss_death2"
          ]
        }
      }
    },
    //吐き出した星が跳ねるやつ
    "controller.animation.star_jump": {
      "states": {
        "default": {
          "transitions": [
            {"jump":"q.is_on_ground"}
          ]
        },
        "jump": {
          "transitions": [
            {"default":"1"}
          ],
          "on_entry": [
            "/event entity @s random",
            "/ride @s summon_rider ny:jump star_jump",
            "/playsound random.orb @a ~~~ 1.0 1.2 0.0"
          ]
        }
      }
    },
    //コピー能力1
    "controller.animation.copy1": {
      "states": {
        "default": {
          "transitions": [
            {"set_bomb":"v.c1=v.c1??0; v.c1 = v.c1+1; return v.c1>=2 && q.is_sneaking && q.property('property:copy')==1 && q.property('property:copy_skill')>=1 && !(q.property('property:copy_skill')==4);"}
          ]
        },
        "set_bomb": {
          "transitions": [
            {"default":"q.property('property:copy_skill')==0"}
          ],
          "on_entry": [
            "/event entity @s[scores={k_copy=1..}] copy1_bomb_ground"
          ]
        }
      }
    },
    //コピー能力2
    "controller.animation.copy2": {
      "states": {
        "default": {
          "transitions": [
            {"default":"!q.is_on_ground || q.property('property:copy_skill')>3 || q.is_sprinting || q.is_sneaking || !(q.property('property:copy')==2 && (q.get_equipped_item_name=='wooden_sword' || q.get_equipped_item_name=='stone_sword' || q.get_equipped_item_name=='iron_sword' || q.get_equipped_item_name=='golden_sword' || q.get_equipped_item_name=='diamond_sword' || q.get_equipped_item_name=='netherite_sword' || q.get_equipped_item_name=='suikomi'))"},
            {"attack1_m":"v.copy2 = v.copy2 ?? 0; v.copy2 = v.copy2+1; return v.copy2>=10 && v.attack_time && (q.health==q.max_health);"},
            {"attack1":"v.copy2>=10 && v.attack_time"}
          ],
          "on_entry": [
            "/event entity @s copy2_renend",
            "v.copy2 = 0;"
          ]
        },
        "attack1_m": {
          "transitions": [
            {"default":"!q.is_on_ground || q.property('property:copy_skill')>3 || q.is_sprinting || q.is_sneaking || !(q.property('property:copy')==2 && (q.get_equipped_item_name=='wooden_sword' || q.get_equipped_item_name=='stone_sword' || q.get_equipped_item_name=='iron_sword' || q.get_equipped_item_name=='golden_sword' || q.get_equipped_item_name=='diamond_sword' || q.get_equipped_item_name=='netherite_sword' || q.get_equipped_item_name=='suikomi'))"},
            {"default":"v.copy2 = v.copy2 ?? 0; v.copy2 = v.copy2+1; return v.copy2>=10 && !v.attack_time;"},
            {"attack2":"v.copy2>=5 && v.attack_time"}
          ],
          "on_entry": [
            "/playsound item.trident.throw @a ~~~ 1.0 1.2 0.0",
            "/event entity @s copy2_zangeki_ren1",
            "/event entity @s copy2_ren1",
            "v.copy2 = 0;"
          ]
        },
        "attack1": {
          "transitions": [
            {"default":"!q.is_on_ground || q.property('property:copy_skill')>3 || q.is_sprinting || q.is_sneaking || !(q.property('property:copy')==2 && (q.get_equipped_item_name=='wooden_sword' || q.get_equipped_item_name=='stone_sword' || q.get_equipped_item_name=='iron_sword' || q.get_equipped_item_name=='golden_sword' || q.get_equipped_item_name=='diamond_sword' || q.get_equipped_item_name=='netherite_sword' || q.get_equipped_item_name=='suikomi'))"},
            {"default":"v.copy2 = v.copy2 ?? 0; v.copy2 = v.copy2+1; return v.copy2>=10 && !v.attack_time;"},
            {"attack2":"v.copy2>=5 && v.attack_time"}
          ],
          "on_entry": [
            "/playsound item.trident.throw @a ~~~ 1.0 1.2 0.0",
            "/event entity @s copy2_ren1",
            "v.copy2 = 0;"
          ]
        },
        "attack2": {
          "transitions": [
            {"default":"!q.is_on_ground || q.property('property:copy_skill')>3 || q.is_sprinting || q.is_sneaking || !(q.property('property:copy')==2 && (q.get_equipped_item_name=='wooden_sword' || q.get_equipped_item_name=='stone_sword' || q.get_equipped_item_name=='iron_sword' || q.get_equipped_item_name=='golden_sword' || q.get_equipped_item_name=='diamond_sword' || q.get_equipped_item_name=='netherite_sword' || q.get_equipped_item_name=='suikomi'))"},
            {"default":"v.copy2 = v.copy2 ?? 0; v.copy2 = v.copy2+1; return v.copy2>=10 && !v.attack_time;"},
            {"attack3":"v.copy2>=5 && v.attack_time"}
          ],
          "on_entry": [
            "/playsound item.trident.throw @a ~~~ 1.0 1.2 0.0",
            "/event entity @s copy2_ren2",
            "v.copy2 = 0;"
          ]
        },
        "attack3": {
          "transitions": [
            {"default":"!q.is_on_ground || q.property('property:copy_skill')>3 || q.is_sprinting || q.is_sneaking || !(q.property('property:copy')==2 && (q.get_equipped_item_name=='wooden_sword' || q.get_equipped_item_name=='stone_sword' || q.get_equipped_item_name=='iron_sword' || q.get_equipped_item_name=='golden_sword' || q.get_equipped_item_name=='diamond_sword' || q.get_equipped_item_name=='netherite_sword' || q.get_equipped_item_name=='suikomi'))"},
            {"default":"v.copy2 = v.copy2 ?? 0; v.copy2 = v.copy2+1; return v.copy2>=20;"}
          ],
          "on_exit": [
            "/event entity @s copy2_renend"
          ],
          "on_entry": [
            "/playsound item.trident.throw @a ~~~ 1.0 1.2 0.0",
            "/event entity @s copy2_ren3",
            "v.copy2 = 0"
          ]
        }
      }
    },
    "controller.animation.copy2_ren": {
      "states": {
        "default": {
          "transitions": [
            {"default":"!(q.property('property:copy')==2)"},
            {"attack1":"q.property('property:copy_skill')==3"}
          ]
        },
        "attack1": {
          "transitions": [
            {"default":"!(q.property('property:copy')==2)"},
            {"default":"!(q.property('property:copy_skill')==3)"},
            {"attack2":"q.property('property:copy_skill')==3"}
          ],
          "on_entry": [
            "/playsound vr.stutterturn @a ~~~ 1.0 1.1 0.0",
            "/event entity @s copy2_zangeki"
          ]
        },
        "attack2": {
          "transitions": [
            {"default":"!(q.property('property:copy')==2)"},
            {"default":"!(q.property('property:copy_skill')==3)"},
            {"attack1":"q.property('property:copy_skill')==3"}
          ],
          "on_entry": [
            "/playsound vr.stutterturn @a ~~~ 3.0 1.1 0.0",
            "/event entity @s copy2_zangeki"
          ]
        }
      }
    },
    "controller.animation.copy2_dash": {
      "states": {
        "default": {
          "transitions": [
            {"default":"!q.is_on_ground || (!(q.property('property:copy_skill')==4) && !(q.property('property:copy_skill')==0 ) ) || !(q.property('property:copy')==2) || !(q.property('property:copy')==2 && (q.get_equipped_item_name=='wooden_sword' || q.get_equipped_item_name=='stone_sword' || q.get_equipped_item_name=='iron_sword' || q.get_equipped_item_name=='golden_sword' || q.get_equipped_item_name=='diamond_sword' || q.get_equipped_item_name=='netherite_sword' || q.get_equipped_item_name=='suikomi'))"},
            {"attack0":"v.copy2_dash = v.copy2_dash ?? 0;v.copy2_dash = q.is_sprinting ? v.copy2_dash + 1 : 0; return v.copy2_dash >= 6 && q.is_sprinting && v.attack_time;"}
          ],
          "on_entry": [
            "/event entity @s copy2_dashend",
            "v.copy2_dash = 0;"
          ]
        },
        "attack0": {
          "transitions": [
            {"default":"(!(q.property('property:copy_skill')==4) && !(q.property('property:copy_skill')==0 ) ) || !(q.property('property:copy')==2) || !(q.property('property:copy')==2 && (q.get_equipped_item_name=='wooden_sword' || q.get_equipped_item_name=='stone_sword' || q.get_equipped_item_name=='iron_sword' || q.get_equipped_item_name=='golden_sword' || q.get_equipped_item_name=='diamond_sword' || q.get_equipped_item_name=='netherite_sword' || q.get_equipped_item_name=='suikomi'))"},
            {"attack01":"1"}
          ],
          "on_entry": [
            "/ride @s evict_riders",
            "/event entity @s copy2_dashride",
            "v.copy2_dash = 0;"
          ]
        },
        "attack01": {
          "transitions": [
            {"default":"(!(q.property('property:copy_skill')==4) && !(q.property('property:copy_skill')==0 ) ) || !(q.property('property:copy')==2) || !(q.property('property:copy')==2 && (q.get_equipped_item_name=='wooden_sword' || q.get_equipped_item_name=='stone_sword' || q.get_equipped_item_name=='iron_sword' || q.get_equipped_item_name=='golden_sword' || q.get_equipped_item_name=='diamond_sword' || q.get_equipped_item_name=='netherite_sword' || q.get_equipped_item_name=='suikomi'))"},
            {"attack1":"1"}
          ],
          "on_entry": [
            "/event entity @s copy2_dash",
            "/playsound item.trident.throw @a ~~~ 1.0 1.2 0.0",
            "v.copy2_dash = 0;"
          ],
          "on_exit": [
            "/event entity @s copy2_dashride",
            "/ride @s summon_rider ny:jump sliding"
          ]
        },
        "attack1": {
          "transitions": [
            {"default":"(!(q.property('property:copy_skill')==4) && !(q.property('property:copy_skill')==0 ) ) || !(q.property('property:copy')==2) || !(q.property('property:copy')==2 && (q.get_equipped_item_name=='wooden_sword' || q.get_equipped_item_name=='stone_sword' || q.get_equipped_item_name=='iron_sword' || q.get_equipped_item_name=='golden_sword' || q.get_equipped_item_name=='diamond_sword' || q.get_equipped_item_name=='netherite_sword' || q.get_equipped_item_name=='suikomi'))"},
            {"default":"v.copy2_dash =v.copy2_dash + 1; return v.copy2_dash >= 10;"},
            {"attack2":"1"}
          ],
          "on_entry": [
            "/execute as @s at @s positioned ^^^1.0 as @e[r=1.0] at @a unless score @s kirby_e = @e[c=1] kirby_e run damage @s 8 entity_attack entity @e[c=1]",
            "/execute as @e[r=1.5] at @a unless score @s kirby_e = @e[c=1] kirby_e run damage @s 6 entity_attack entity @e[c=1]"
          ]
        },
        "attack2": {
          "transitions": [
            {"default":"(!(q.property('property:copy_skill')==4) && !(q.property('property:copy_skill')==0 ) ) || !(q.property('property:copy')==2) || !(q.property('property:copy')==2 && (q.get_equipped_item_name=='wooden_sword' || q.get_equipped_item_name=='stone_sword' || q.get_equipped_item_name=='iron_sword' || q.get_equipped_item_name=='golden_sword' || q.get_equipped_item_name=='diamond_sword' || q.get_equipped_item_name=='netherite_sword' || q.get_equipped_item_name=='suikomi'))"},
            {"default":"v.copy2_dash =v.copy2_dash + 1; return v.copy2_dash >= 10;"},
            {"attack1":"1"}
          ],
          "on_entry": [
            "/execute as @s at @s positioned ^^^1.0 as @e[r=1.0] at @a unless score @s kirby_e = @e[c=1] kirby_e run damage @s 8 entity_attack entity @e[c=1]",
            "/execute as @e[r=1.5] at @a unless score @s kirby_e = @e[c=1] kirby_e run damage @s 6 entity_attack entity @e[c=1]"
          ]
        }
      }
    },
    "controller.animation.copy2_kaiten": {
      "states": {
        "default": {
          "transitions": [
            {"default":"q.is_on_ground || (!(q.property('property:copy_skill')==5) && !(q.property('property:copy_skill')==0 ) ) || !(q.property('property:copy')==2) || !(q.property('property:copy')==2 && (q.get_equipped_item_name=='wooden_sword' || q.get_equipped_item_name=='stone_sword' || q.get_equipped_item_name=='iron_sword' || q.get_equipped_item_name=='golden_sword' || q.get_equipped_item_name=='diamond_sword' || q.get_equipped_item_name=='netherite_sword' || q.get_equipped_item_name=='suikomi'))"},
            {"attack1":"v.copy2_kaiten = v.copy2_kaiten ?? 0;v.copy2_kaiten = !q.is_on_ground ? v.copy2_kaiten + 1 : 0; return v.copy2_kaiten >= 3 && v.attack_time;"}
          ],
          "on_entry": [
            "/event entity @s copy2_kaitenend",
            "v.copy2_kaiten = 0;"
          ],
          "on_exit": [
            "/event entity @s copy2_kaiten",
            "v.copy2_kaiten = 0;"
          ]
        },
        "attack1": {
          "transitions": [
            {"default":"q.is_on_ground || (!(q.property('property:copy_skill')==5) && !(q.property('property:copy_skill')==0 ) ) || !(q.property('property:copy')==2) || !(q.property('property:copy')==2 && (q.get_equipped_item_name=='wooden_sword' || q.get_equipped_item_name=='stone_sword' || q.get_equipped_item_name=='iron_sword' || q.get_equipped_item_name=='golden_sword' || q.get_equipped_item_name=='diamond_sword' || q.get_equipped_item_name=='netherite_sword' || q.get_equipped_item_name=='suikomi'))"},
            {"default":"v.copy2_kaiten =v.copy2_kaiten + 1; return v.copy2_kaiten >= 15;"},
            {"attack2":"1"}
          ],
          "on_entry": [
            "/execute as @s at @s as @e[r=3] unless score @s kirby_e = @e[c=1] kirby_e run tag @s add copy2_attack",
            "/execute as @s at @s positioned ^-10001.3^^ run tag @e[r=10000] remove copy2_attack",
            "/execute as @s at @s positioned ^10001.3^^ run tag @e[r=10000] remove copy2_attack",
            "/damage @e[tag=copy2_attack] 7 entity_attack entity @s",
            "/tag @e remove copy2_attack",
            "/playsound vr.stutterturn @a ~~~ 3.0 1.1 0.0",
            "/event entity @s copy2_kaiten"
          ]
        },
        "attack2": {
          "transitions": [
            {"default":"q.is_on_ground || (!(q.property('property:copy_skill')==5) && !(q.property('property:copy_skill')==0 ) ) || !(q.property('property:copy')==2)"},
            {"default":"v.copy2_kaiten =v.copy2_kaiten + 1; return v.copy2_kaiten >= 15;"},
            {"attack1":"1"}
          ],
          "on_entry": [
            "/execute as @s at @s as @e[r=3] unless score @s kirby_e = @e[c=1] kirby_e run tag @s add copy2_attack",
            "/execute as @s at @s positioned ^-10001.5^^ run tag @e[r=10000] remove copy2_attack",
            "/execute as @s at @s positioned ^10001.5^^ run tag @e[r=10000] remove copy2_attack",
            "/damage @e[tag=copy2_attack] 6 entity_attack entity @s",
            "/tag @e remove copy2_attack",
            "/playsound vr.stutterturn @a ~~~ 3.0 1.1 0.0",
            "/event entity @s copy2_kaiten"
          ]
        }
      }
    },
    //コピー能力3
    "controller.animation.copy3": {
      "states": {
        "default": {
          "transitions": [
            {"default":"!(q.property('property:copy')==3)"},
            {"stone1":"q.property('property:copy_skill')>=1"}
          ]
        },
        "end": {
          "transitions": [
            {"default":"1"}
          ],
          "on_entry": [
            "/event entity @s copy3_stone_set2",
            "/effect @s jump_boost 0 0",
            "/effect @s levitation 0 0"
          ]
        },
        "stone1": {
          "transitions": [
            {"end":"!(q.property('property:copy')==3) || q.property('property:copy_skill')==0"},
            {"stone2":"q.property('property:copy_skill')>=1"}
          ],
          "on_entry": [
            "/event entity @s copy3_stone_set"
          ]
        },
        "stone2": {
          "transitions": [
            {"end":"!(q.property('property:copy')==3) || q.property('property:copy_skill')==0"},
            {"stone1":"q.property('property:copy_skill')>=1"}
          ],
          "on_entry": [
            "/event entity @s copy3_stone_set"
          ]
        }
      }
    },
    "controller.animation.copy3_on": {
      "states": {
        "default": {
          "transitions": [
            {"default":"!(q.property('property:copy')==3) || q.property('property:copy_skill')==0"},
            {"stone0":"!q.is_on_ground"}
          ],
          "on_exit": [
            "v.fall_time = 0;"
          ]
        },
        "stone0": {
          "transitions": [
            {"default":"!(q.property('property:copy')==3) || q.property('property:copy_skill')==0"},
            {"stone2":"v.fall_time = v.fall_time ?? 0; v.fall_time = v.fall_time + 1; return v.fall_time <= 4 && q.is_on_ground;"},
            {"stone3":"v.fall_time <= 7 && q.is_on_ground"},
            {"stone4":"v.fall_time > 7 && q.is_on_ground"},
            {"stone1":"1"}
          ],
          "on_entry": [
            "v.fall_time = v.fall_time + 1;",
            "/execute as @e[r=0.9] at @a unless score @s kirby_e = @e[c=1] kirby_e run damage @s 8 entity_attack entity @e[c=1]"
          ]
        },
        "stone1": {
          "transitions": [
            {"default":"!(q.property('property:copy')==3) || q.property('property:copy_skill')==0"},
            {"stone2":"v.fall_time = v.fall_time ?? 0; return v.fall_time <= 4 && q.is_on_ground;"},
            {"stone3":"v.fall_time <= 7 && q.is_on_ground"},
            {"stone4":"v.fall_time > 7 && q.is_on_ground"},
            {"stone0":"1"}
          ],
          "on_entry": [
            "v.fall_time = v.fall_time + 1;",
            "/execute as @e[r=0.9] at @a unless score @s kirby_e = @e[c=1] kirby_e run damage @s 8 entity_attack entity @e[c=1]"
          ]
        },
        "stone2": {
          "transitions": [
            {"default":"!(q.property('property:copy')==3) || q.property('property:copy_skill')==0"},
            {"default":"!q.is_on_ground"}
          ],
          "on_entry": [
            "/execute as @e[r=0.65] at @a unless score @s kirby_e = @e[c=1] kirby_e run damage @s 8 entity_attack entity @e[c=1]",
            "/execute as @e[r=1.2] at @a unless score @s kirby_e = @e[c=1] kirby_e run damage @s 6 entity_attack entity @e[c=1]",
            "/execute as @e[r=2.2] at @a unless score @s kirby_e = @e[c=1] kirby_e run damage @s 4 entity_attack entity @e[c=1]",
            "/particle ny:stone_fall",
            "/playsound random.explode @a ~~~ 0.3 0.85 0.0"
          ]
        },
        "stone3": {
          "transitions": [
            {"default":"!(q.property('property:copy')==3) || q.property('property:copy_skill')==0"},
            {"default":"!q.is_on_ground"}
          ],
          "on_entry": [
            "/execute as @e[r=0.75] at @a unless score @s kirby_e = @e[c=1] kirby_e run damage @s 12 entity_attack entity @e[c=1]",
            "/execute as @e[r=1.3] at @a unless score @s kirby_e = @e[c=1] kirby_e run damage @s 8 entity_attack entity @e[c=1]",
            "/execute as @e[r=2.4] at @a unless score @s kirby_e = @e[c=1] kirby_e run damage @s 6 entity_attack entity @e[c=1]",
            "/particle ny:stone_fall",
            "/playsound random.explode @a ~~~ 0.5 0.85 0.0"
          ]
        },
        "stone4": {
          "transitions": [
            {"default":"!(q.property('property:copy')==3) || q.property('property:copy_skill')==0"},
            {"default":"!q.is_on_ground"}
          ],
          "on_entry": [
            "/execute as @e[r=0.85] at @a unless score @s kirby_e = @e[c=1] kirby_e run damage @s 16 entity_attack entity @e[c=1]",
            "/execute as @e[r=1.4] at @a unless score @s kirby_e = @e[c=1] kirby_e run damage @s 12 entity_attack entity @e[c=1]",
            "/execute as @e[r=2.6] at @a unless score @s kirby_e = @e[c=1] kirby_e run damage @s 8 entity_attack entity @e[c=1]",
            "/particle ny:stone_fall",
            "/playsound random.explode @a ~~~ 0.7 0.85 0.0"
          ]
        }
      }
    },
    "controller.animation.copy3_dash": {
      "states": {
        "default": {
          "transitions": [
            {"default":"!(q.property('property:copy')==3) || q.property('property:copy_skill')==0"},
            {"stone1":"v.c3=v.c3??0; v.c3= q.is_sprinting ? v.c3+1 : math.max(v.c3-1,0); return 0;"}
          ],
          "on_entry": [
            "v.c3=0;"
          ],
          "on_exit": [
            "v.c3=0;"
          ]
        },
        "stone1": {
          "transitions": [
            {"default":"!(q.property('property:copy')==3) || q.property('property:copy_skill')==0"}
          ],
          "on_entry": [
            "/execute as @e[r=0.5] at @a unless score @s kirby_e = @e[c=1] kirby_e run damage @s 16 entity_attack entity @e[c=1]",
            "/execute as @e[r=2] at @a unless score @s kirby_e = @e[c=1] kirby_e run damage @s 8 entity_attack entity @e[c=1]",
            "/particle minecraft:dragon_death_explosion_emitter",
            "/playsound random.explode @a ~~~ 0.5 0.9 0.0"
          ]
        }
      }
    },
    //コピー能力4
    "controller.animation.copy4": {
      "states": {
        "default": {
          "transitions": [
            {"hidaruma":"(q.property('property:copy')==4) && (q.property('property:copy_skill')==2)"},
            {"fire1":"q.property('property:copy')==4 && q.property('property:copy_skill')==1"}
          ],
          "on_entry": [
            "/scoreboard players set @s copy4_fire 0",
            "/event entity @s copy4_fireend"
          ],
          "on_exit": [
            "v.copy4_2 = 0;"
          ]
        },
        "fire1": {
          "transitions": [
            {"default":"!(q.property('property:copy')==4) || !(q.property('property:copy_skill')==1)"},
            {"hidaruma":"q.property('property:copy')==4 && q.property('property:copy_skill')==1 && v.copy4_2 >= 40"},
            {"fire2":"q.property('property:copy')==4 && q.property('property:copy_skill')==1"}
          ],
          "on_entry": [
            "v.copy4_2 = math.max(v.copy4_2 + 2*(q.is_sneaking - 0.5) , 0);",
            "/scoreboard players add @s copy4_fire 1",
            "/event entity @s[scores={copy4_fire=..100}] copy4_fire",
            "/event entity @s[scores={copy4_fire=101..160}] copy4_fire2",
            "/event entity @s[scores={copy4_fire=161..200}] copy4_fire3",
            "/event entity @s[scores={copy4_fire=201..}] copy4_fire4"
          ]
        },
        "fire2": {
          "transitions": [
            {"default":"!(q.property('property:copy')==4) || !(q.property('property:copy_skill')==1)"},
            {"hidaruma":"q.property('property:copy')==4 && q.property('property:copy_skill')==1 && v.copy4_2 >= 40"},
            {"fire1":"q.property('property:copy')==4 && q.property('property:copy_skill')==1"}
          ],
          "on_entry": [
            "v.copy4_2 = math.max(v.copy4_2 + 2*(q.is_sneaking - 0.5) , 0);",
            "/execute as @s[scores={copy4_fire=..200}] at @s run playsound mob.blaze.shoot @a ~~~ 0.1 1.0 0.0",
            "/scoreboard players add @s copy4_fire 1",
            "/event entity @s[scores={copy4_fire=..100}] copy4_fire",
            "/event entity @s[scores={copy4_fire=101..160}] copy4_fire2",
            "/event entity @s[scores={copy4_fire=161..200}] copy4_fire3",
            "/event entity @s[scores={copy4_fire=201..}] copy4_fire4"
          ]
        },
        "hidaruma": {
          "transitions": [
            {"hidaruma1":"1"}
          ],
          "on_entry": [
            "v.copy4_2 = 0;",
            "/playsound mob.blaze.shoot @a ~~~ 0.1 1.0 0.0",
            "/event entity @s copy4_hidaruma",
            "/event entity @s copy4_hidaruma_move"
          ]
        },
        "hidaruma1": {
          "transitions": [
            {"default":"!(q.property('property:copy')==4)"},
            {"default":"v.copy4_2 >= 60"},
            {"hidaruma2":"1"}
          ],
          "on_entry": [
            "v.copy4_2 = v.copy4_2 + 0.5 * (1 + !q.is_sneaking) ;",
            "/playsound fire.fire @a ~~~ 0.4 1.0 0.0",
            "/event entity @s copy4_hidaruma_move"
          ]
        },
        "hidaruma2": {
          "transitions": [
            {"default":"!(q.property('property:copy')==4)"},
            {"default":"v.copy4_2 >= 60"},
            {"hidaruma1":"1"}
          ],
          "on_entry": [
            "v.copy4_2 = v.copy4_2 + 0.5 * (1 + !q.is_sneaking) ;",
            "/event entity @s copy4_hidaruma_move"
          ]
        }
      }
    },
    "controller.animation.copy4_fireres": {
      "states": {
        "default": {
          "transitions": [
            {"res":"(q.property('property:copy')==4)"}
          ]
        },
        "res": {
          "transitions": [
            {"default":"1.0"}
          ],
          "on_entry": [
            "/effect @s fire_resistance 1 0 true"
          ]
        }
      }
    },
    "controller.animation.copy4_dash": {
      "states": {
        "default": {
          "transitions": [
            {"dash":"q.property('property:copy')==4 && q.property('property:copy_skill')==3"}
          ],
          "on_entry": [
            "/event entity @s copy4_fireend"
          ],
          "on_exit": [
            "v.copy4_3 = 0;"
          ]
        },
        "default2": {
          "transitions": [
            {"default":"v.copy4_3 = v.copy4_3 + 1; return v.copy4_3 >= 20;"}
          ],
          "on_entry": [
            "v.copy4_3 = 0;",
            "/event entity @s copy4_dash_cool"
          ]
        },
        "dash1": {
          "transitions": [
            {"default2":"!(q.property('property:copy')==4 && q.property('property:copy_skill')==3)"},
            {"default2":"!q.is_sprinting || v.copy4_3 >= 30"},
            {"dash2":"1"}
          ],
          "on_entry": [
            "v.copy4_3 = v.copy4_3 + 1;",
            "/playsound mob.blaze.shoot @a ~~~ 0.1 1.0 0.0",
            "/event entity @s copy4_dash_move"
          ]
        },
        "dash2": {
          "transitions": [
            {"default2":"!(q.property('property:copy')==4 && q.property('property:copy_skill')==3)"},
            {"default2":"!q.is_sprinting || v.copy4_3 >= 30"},
            {"dash1":"1"}
          ],
          "on_entry": [
            "v.copy4_3 = v.copy4_3 + 1;",
            "/event entity @s copy4_dash_move"
          ]
        }
      }
    },
    "controller.animation.copy4_kaiten": {
      "states": {
        "default": {
          "transitions": [
            {"kaiten1":"q.property('property:copy')==4 && q.property('property:copy_skill')==5"}
          ],
          "on_entry": [
            "v.copy4_4 = 0;",
            "/event entity @s copy4_fireend"
          ]
        },
        "kaiten1": {
          "transitions": [
            {"default":"!(q.property('property:copy')==4 && q.property('property:copy_skill')==5)"},
            {"default":"q.is_on_ground || v.copy4_4 >= 16"},
            {"kaiten2":"1"}
          ],
          "on_entry": [
            "v.copy4_4 = v.copy4_4 ?? 0;",
            "v.copy4_4 = v.copy4_4 + 1;",
            "/playsound mob.blaze.shoot @a ~~~ 0.1 1.0 0.0",
            "/event entity @s copy4_kaiten_fire"
          ]
        },
        "kaiten2": {
          "transitions": [
            {"default2":"!(q.property('property:copy')==4 && q.property('property:copy_skill')==5)"},
            {"default":"q.is_on_ground || v.copy4_4 >= 16"},
            {"kaiten1":"1"}
          ],
          "on_entry": [
            "v.copy4_4 = v.copy4_4 + 1;",
            "/event entity @s copy4_kaiten_fire"
          ]
        }
      }
    },
    //コピー能力5
    "controller.animation.copy5": {
      "states": {
        "default": {
          "transitions": [
            {"fire1":"q.property('property:copy')==5 && q.property('property:copy_skill')==1"}
          ],
          "on_entry": [
            "/scoreboard players reset @s copy5_ice",
            "/event entity @s copy5_iceend"
          ]
        },
        "fire1": {
          "transitions": [
            {"default":"!(q.property('property:copy')==5) || !(q.property('property:copy_skill')==1)"},
            {"fire2":"q.property('property:copy')==5 && q.property('property:copy_skill')==1"}
          ],
          "on_entry": [
            "/playsound mob.blaze.shoot @a ~~~ 0.1 1.5 0.0",
            "/playsound game.player.attack.strong @a ~~~ 0.4 1.0 0.0",
            "/scoreboard players add @s copy5_ice 1",
            "/event entity @s copy5_ice"
          ]
        },
        "fire2": {
          "transitions": [
            {"default":"!(q.property('property:copy')==5) || !(q.property('property:copy_skill')==1)"},
            {"fire1":"q.property('property:copy')==5 && q.property('property:copy_skill')==1"}
          ],
          "on_entry": [
            "/scoreboard players add @s copy5_ice 1",
            "/event entity @s copy5_ice"
          ]
        }
      }
    },
    "controller.animation.copy5_dashmove": {
      "states": {
        "default": {
          "transitions": [
            {"default":"!(q.property('property:copy')==5) || !(q.property('property:copy_skill')==0 || q.property('property:copy_skill')==3)"},
            {"move1":"q.is_sprinting"}
          ],
          "on_exit": [
            "/event entity @s copy5_dashmove"
          ]
        },
        "move1": {
          "transitions": [
            {"default":"!(q.property('property:copy')==5) || !(q.property('property:copy_skill')==0 || q.property('property:copy_skill')==3)"},
            {"move2":"q.is_sprinting"}
          ],
          "on_entry": [
            "/event entity @s copy5_dashmove"
          ]
        },
        "move2": {
          "transitions": [
            {"default":"!(q.property('property:copy')==5) || !(q.property('property:copy_skill')==0 || q.property('property:copy_skill')==3)"},
            {"move1":"q.is_sprinting"}
          ],
          "on_entry": [
            "/event entity @s copy5_dashmove"
          ]
        }
      }
    },
    "controller.animation.copy5_dash": {
      "states": {
        "default": {
          "transitions": [
            {"fire1":"q.property('property:copy')==5 && q.property('property:copy_skill')==2"}
          ],
          "on_entry": [
            "/event entity @s copy5_dashend2"
          ],
          "on_exit": [
            "v.copy5_3 = 0;"
          ]
        },
        "default2": {
          "transitions": [
            {"default":"v.copy5_3 = v.copy5_3 + 1; return v.copy5_3 >= 20;"}
          ],
          "on_entry": [
            "/event entity @s copy5_dashend",
            "v.copy5_3 = 0;"
          ]
        },
        "fire1": {
          "transitions": [
            {"default2":"!(q.property('property:copy')==5) || !(q.property('property:copy_skill')==2)"},
            {"default2":"v.copy5_3 >= 60"},
            {"fire2":"q.property('property:copy')==5 && q.property('property:copy_skill')==2"}
          ],
          "on_entry": [
            "v.copy5_3 = v.copy5_3 + 1;",
            "/playsound mob.blaze.shoot @a ~~~ 0.1 1.5 0.0",
            "/playsound game.player.attack.strong @a ~~~ 0.4 1.0 0.0",
            "/execute as @s at @s as @e[tag=!cant_suikomi,r=3.1] unless score @s kirby_e = @e[c=1] kirby_e run scoreboard players add @s icebox 10",
            "/execute as @s at @s as @e[r=3.1] unless score @s kirby_e = @e[c=1] kirby_e run damage @s 2 entity_attack entity @e[c=1]",
            "/event entity @s copy5_dash_ice"
          ]
        },
        "fire2": {
          "transitions": [
            {"default2":"!(q.property('property:copy')==5) || !(q.property('property:copy_skill')==2)"},
            {"fire1":"q.property('property:copy')==5 && q.property('property:copy_skill')==2"}
          ],
          "on_entry": [
            "v.copy5_3 = v.copy5_3 + 1;",
            "/execute as @s at @s as @e[tag=!cant_suikomi,r=3.1] unless score @s kirby_e = @e[c=1] kirby_e run scoreboard players add @s icebox 10",
            "/execute as @s at @s as @e[r=3.1] unless score @s kirby_e = @e[c=1] kirby_e run damage @s 2 entity_attack entity @e[c=1]",
            "/event entity @s copy5_dash_ice"
          ]
        }
      }
    },
    "controller.animation.copy5_kaiten": {
      "states": {
        "default": {
          "transitions": [
            {"kaiten1":"q.property('property:copy')==5 && q.property('property:copy_skill')==4"}
          ],
          "on_entry": [
            "v.copy5_4 = 0;",
            "/event entity @s copy5_kaitenend"
          ]
        },
        "kaiten1": {
          "transitions": [
            {"default":"!(q.property('property:copy')==5 && q.property('property:copy_skill')==4)"},
            {"default":"q.is_on_ground || v.copy5_4 >= 12"},
            {"kaiten2":"1"}
          ],
          "on_entry": [
            "v.copy5_4 = v.copy5_4 ?? 0;",
            "v.copy5_4 = v.copy5_4 + 1;",
            "/playsound mob.blaze.shoot @a ~~~ 0.1 1.5 0.0",
            "/playsound game.player.attack.strong @a ~~~ 0.7 1.0 0.0",
            "/execute as @s at @s as @e[r=3.5]  unless score @s kirby_e = @e[c=1] kirby_e run tag @s add copy5_attack",
            "/execute as @s at @s positioned ^^-10001.5^ run tag @e[r=10000] remove copy5_attack",
            "/execute as @s at @s positioned ^^10001.5^ run tag @e[r=10000] remove copy5_attack",
            "/scoreboard players add @e[tag=copy5_attack,tag=!cant_suikomi] icebox 12",
            "/damage @e[tag=copy5_attack] 5 entity_attack entity @s",
            "/tag @e remove copy5_attack"
          ]
        },
        "kaiten2": {
          "transitions": [
            {"default2":"!(q.property('property:copy')==5 && q.property('property:copy_skill')==4)"},
            {"default":"q.is_on_ground || v.copy5_4 >= 12"},
            {"kaiten1":"1"}
          ],
          "on_entry": [
            "v.copy5_4 = v.copy5_4 + 1;",
            "/execute as @s at @s as @e[r=3.5]  unless score @s kirby_e = @e[c=1] kirby_e run tag @s add copy5_attack",
            "/execute as @s at @s positioned ^^-10001.5^ run tag @e[r=10000] remove copy5_attack",
            "/execute as @s at @s positioned ^^10001.5^ run tag @e[r=10000] remove copy5_attack",
            "/scoreboard players add @e[tag=copy5_attack,tag=!cant_suikomi] icebox 12",
            "/damage @e[tag=copy5_attack] 5 entity_attack entity @s",
            "/tag @e remove copy5_attack"
          ]
        }
      }
    },
    //コピー能力6
    "controller.animation.copy6": {
      "states": {
        "default": {
          "transitions": [
            {"default":"!(q.property('property:copy')==6 && q.property('property:copy_skill')==1)"},
            {"default":"!q.is_sprinting"},
            {"dash1":"q.is_sprinting"}
          ],
          "on_entry": [
            "/effect @s speed 0 7 true",
            "/event entity @s copy6_wheelend"
          ]
        },
        "dash1": {
          "transitions": [
            {"default":"!(q.property('property:copy')==6 && q.property('property:copy_skill')==1)"},
            {"default":"!q.is_sprinting"},
            {"dash2":"q.is_sprinting"}
          ],
          "on_entry": [
            //"/event entity @s copy6_dashmove",
            "/effect @s speed 1 7 true",
            "/playsound mob.bee.hurt @a ~~~ 0.47 0.58 0.0",
            "/execute as @s at @s as @e[r=1.2] unless score @s kirby_e = @e[c=1] kirby_e run damage @s 8 entity_attack entity @e[c=1]"
          ]
        },
        "dash2": {
          "transitions": [
            {"default":"!(q.property('property:copy')==6 && q.property('property:copy_skill')==1)"},
            {"default":"!q.is_sprinting"},
            {"dash1":"q.is_sprinting"}
          ],
          "on_entry": [
            //"/event entity @s copy6_dashmove",
            "/effect @s speed 1 7 true",
            "/execute as @s at @s as @e[r=1.2] unless score @s kirby_e = @e[c=1] kirby_e run damage @s 8 entity_attack entity @e[c=1]"
          ]
        }
      }
    },
    //コピー能力7
    "controller.animation.copy7_attack": {
      "states": {
        "default": {
          "transitions": [
            {"default":"!(q.in_range(q.property('property:copy_skill'),3,4) && q.property('property:copy')==7) || !(q.get_equipped_item_name=='suikomi')"},
            {"charge1":"q.property('property:copy_skill')==3"}
          ],
          "on_entry": [
            "/event entity @s copy7_attackend"
          ],
          "on_exit": [
            "v.copy7_charge = 0;",
            "/playsound fire.fire @a ~~~ 0.6 1.0 0.0",
            "/event entity @s copy7_charge"
          ]
        },
        "charge1": {
          "transitions": [
            {"default":"!(q.in_range(q.property('property:copy_skill'),3,4) && q.property('property:copy')==7) || !(q.get_equipped_item_name=='suikomi')"},
            {"attack1":"v.copy7_charge >= 16"},
            {"charge2":"1"}
          ],
          "on_entry": [
            "v.copy7_charge = v.copy7_charge + 1;",
            "/playsound fire.fire @a ~~~ 0.8 1.0 0.0",
            "/event entity @s copy7_chargemove"
          ]
        },
        "charge2": {
          "transitions": [
            {"default":"!(q.in_range(q.property('property:copy_skill'),3,4) && q.property('property:copy')==7) || !(q.get_equipped_item_name=='suikomi')"},
            {"attack1":"v.copy7_charge >= 16"},
            {"charge1":"1"}
          ],
          "on_entry": [
            "v.copy7_charge = v.copy7_charge + 1;",
            "/event entity @s copy7_chargemove"
          ]
        },
        "attack1": {
          "transitions": [
            {"default":"!(q.in_range(q.property('property:copy_skill'),3,4) && q.property('property:copy')==7)"},
            {"cool1":"1"}
          ],
          "on_entry": [
            "v.copy7_charge = 0;",
            "/event entity @s copy7_attack",
            "/event entity @s copy7_chargemove",
            "/playsound random.explode @a ~~~ 0.55 0.75 0.0",
            "/playsound vr.stutterturn @a ~~~ 7.5 0.68 0.0",
            "/execute as @s at @s positioned ^^^1 run tag @e[r=2.0] add copy7_attack3",
            "/execute as @s at @s as @e[tag=copy7_attack3,r=2.7] unless score @s kirby_e = @e[c=1] kirby_e run damage @s 16 entity_attack entity @e[c=1]",
            "/execute as @s at @s as @e[r=1.0] unless score @s kirby_e = @e[c=1] kirby_e run damage @s 16 entity_attack entity @e[c=1]",
            "/tag @e remove copy7_attack3"
          ]
        },
        "cool1": {
          "transitions": [
            {"default":"!(q.in_range(q.property('property:copy_skill'),3,4) && q.property('property:copy')==7) || !(q.get_equipped_item_name=='suikomi')"},
            {"default":"v.copy7_charge = v.copy7_charge + 1; return v.copy7_charge >= 16;"},
            {"cool2":"1"}
          ],
          "on_entry": [
            "/event entity @s copy7_chargemove"
          ]
        },
        "cool2": {
          "transitions": [
            {"default":"!(q.in_range(q.property('property:copy_skill'),3,4) && q.property('property:copy')==7) || !(q.get_equipped_item_name=='suikomi')"},
            {"default":"v.copy7_charge = v.copy7_charge + 1; return v.copy7_charge >= 16;"},
            {"cool1":"1"}
          ],
          "on_entry": [
            "/event entity @s copy7_chargemove"
          ]
        }
      }
    },
    "controller.animation.copy7_sound": {
      "states": {
        "default": {
          "transitions": [
            {"default":"!(q.property('property:copy_skill')==0 && q.property('property:copy')==7) || !(q.get_equipped_item_name=='suikomi')"},
            {"attack":"v.attack_time"}
          ]
        },
        "attack": {
          "transitions": [
            {"default":"!(q.property('property:copy_skill')==0 && q.property('property:copy')==7) || !(q.get_equipped_item_name=='suikomi')"},
            {"default":"!v.attack_time"}
          ],
          "on_entry": [
            "/playsound vr.stutterturn @a ~~~ 4.5 0.68 0.0"
          ]
        }
      }
    },
    "controller.animation.copy7_dash": {
      "states": {
        "default": {
          "transitions": [
            {"default":"!q.is_sprinting || !q.is_on_ground || !(q.property('property:copy_skill')==0 && q.property('property:copy')==7) || !(q.get_equipped_item_name=='suikomi')"},
            {"attack1":"v.copy7_dash = v.copy7_dash ?? 0;v.copy7_dash = q.is_sprinting ? v.copy7_dash + 1 : 0; return v.copy7_dash >= 6 && q.is_sprinting && v.attack_time;"}
          ],
          "on_entry": [
            "/event entity @s copy7_dashend"
          ],
          "on_exit": [
            "v.copy7_dash = 0;"
          ]
        },
        "attack1": {
          "transitions": [
            {"default":"!q.is_sprinting || !(q.property('property:copy_skill')==1 && q.property('property:copy')==7) || !(q.get_equipped_item_name=='suikomi')"},
            {"default":"v.copy7_dash =v.copy7_dash + 1; return v.copy7_dash >= 20;"},
            {"attack2":"1"}
          ],
          "on_entry": [
            "/execute as @s at @s as @e[r=2.6] unless score @s kirby_e = @e[c=1] kirby_e run tag @s add copy7_attack2",
            "/execute as @s at @s positioned ~~-10001.3~ run tag @e[r=10000] remove copy7_attack2",
            "/execute as @s at @s positioned ~~10001.3~ run tag @e[r=10000] remove copy7_attack2",
            "/damage @e[tag=copy7_attack2] 9 entity_attack entity @s",
            "/tag @e remove copy7_attack2",
            "/playsound vr.stutterturn @a ~~~ 4.5 0.68 0.0",
            "/event entity @s copy7_dash"
          ]
        },
        "attack2": {
          "transitions": [
            {"default":"!q.is_sprinting || !(q.property('property:copy_skill')==1 && q.property('property:copy')==7) || !(q.get_equipped_item_name=='suikomi')"},
            {"default":"v.copy7_dash =v.copy7_dash + 1; return v.copy7_dash >= 20;"},
            {"attack1":"1"}
          ],
          "on_entry": [
            "/execute as @s at @s as @e[r=2.6] unless score @s kirby_e = @e[c=1] kirby_e run tag @s add copy7_attack2",
            "/execute as @s at @s positioned ~~-10001.3~ run tag @e[r=10000] remove copy7_attack2",
            "/execute as @s at @s positioned ~~10001.3~ run tag @e[r=10000] remove copy7_attack2",
            "/damage @e[tag=copy7_attack2] 9 entity_attack entity @s",
            "/tag @e remove copy7_attack2",
            "/playsound vr.stutterturn @a ~~~ 4.5 0.68 0.0",
            "/event entity @s copy7_dash"
          ]
        }
      }
    },
    "controller.animation.copy7_kaiten": {
      "states": {
        "default": {
          "transitions": [
            {"default":"q.is_on_ground || !(q.property('property:copy_skill')==0 && q.property('property:copy')==7) || !(q.get_equipped_item_name=='suikomi')"},
            {"attack1":"v.copy7_kaiten = v.copy7_kaiten ?? 0;v.copy7_kaiten = !q.is_on_ground ? v.copy7_kaiten + 1 : 0; return v.copy7_kaiten >= 3 && v.attack_time;"}
          ],
          "on_entry": [
            "/event entity @s copy7_kaitenend",
            "v.copy7_kaiten = 0;"
          ],
          "on_exit": [
            "/event entity @s copy7_kaiten",
            "v.copy7_kaiten = 0;"
          ]
        },
        "attack1": {
          "transitions": [
            {"default":"q.is_on_ground || !(q.property('property:copy_skill')==2 && q.property('property:copy')==7) || !(q.get_equipped_item_name=='suikomi')"},
            {"default":"v.copy7_kaiten =v.copy7_kaiten + 1; return v.copy7_kaiten >= 15;"},
            {"attack2":"1"}
          ],
          "on_entry": [
            "/execute as @s at @s as @e[r=2.7] unless score @s kirby_e = @e[c=1] kirby_e run tag @s add copy7_attack",
            "/execute as @s at @s positioned ^-10001.3^^ run tag @e[r=10000] remove copy7_attack",
            "/execute as @s at @s positioned ^10001.3^^ run tag @e[r=10000] remove copy7_attack",
            "/damage @e[tag=copy7_attack] 9 entity_attack entity @s",
            "/tag @e remove copy7_attack",
            "/playsound vr.stutterturn @a ~~~ 4.5 0.68 0.0",
            "/event entity @s copy7_kaiten"
          ]
        },
        "attack2": {
          "transitions": [
            {"default":"q.is_on_ground || !(q.property('property:copy_skill')==2 && q.property('property:copy')==7) || !(q.get_equipped_item_name=='suikomi')"},
            {"default":"v.copy7_kaiten =v.copy7_kaiten + 1; return v.copy7_kaiten >= 15;"},
            {"attack1":"1"}
          ],
          "on_entry": [
            "/execute as @s at @s as @e[r=2.7] unless score @s kirby_e = @e[c=1] kirby_e run tag @s add copy7_attack",
            "/execute as @s at @s positioned ^-10001.3^^ run tag @e[r=10000] remove copy7_attack",
            "/execute as @s at @s positioned ^10001.3^^ run tag @e[r=10000] remove copy7_attack",
            "/damage @e[tag=copy7_attack] 9 entity_attack entity @s",
            "/tag @e remove copy7_attack",
            "/playsound vr.stutterturn @a ~~~ 4.5 0.68 0.0",
            "/event entity @s copy7_kaiten"
          ]
        }
      }
    },
    //コピー能力8
    "controller.animation.copy8_beammove": {
      "states": {
        "default": {
          "transitions": [
            {"default":"!( (q.in_range(q.property('property:copy_skill'),1,2) || q.property('property:copy_skill')==4 || q.property('property:copy_skill')==5 ) && q.property('property:copy')==8) "},
            {"attack1":"q.in_range(q.property('property:copy_skill'),1,2 ) || q.property('property:copy_skill')==4 || q.property('property:copy_skill')==5 "}
          ]
        },
        "attack1": {
          "transitions": [
            {"default":"!( (q.in_range(q.property('property:copy_skill'),1,2) || q.property('property:copy_skill')==4 || q.property('property:copy_skill')==5 ) && q.property('property:copy')==8) "},
            {"attack2":"q.in_range(q.property('property:copy_skill'),1,2 ) || q.property('property:copy_skill')==4 || q.property('property:copy_skill')==5 "}
          ],
          "on_entry": [
            "/event entity @s copy8_beammove"
          ]
        },
        "attack2": {
          "transitions": [
            {"default":"!( (q.in_range(q.property('property:copy_skill'),1,2) || q.property('property:copy_skill')==4 || q.property('property:copy_skill')==5 ) && q.property('property:copy')==8) "},
            {"attack1":"q.in_range(q.property('property:copy_skill'),1,2 ) || q.property('property:copy_skill')==4 || q.property('property:copy_skill')==5 "}
          ],
          "on_entry": [
            "/event entity @s copy8_beammove"
          ]
        }
      }
    },
    "controller.animation.copy8_beam": {
      "states": {
        "default": {
          "transitions": [
            {"default":"!( (q.in_range(q.property('property:copy_skill'),1,2 ) || q.property('property:copy_skill')==5 )&& q.property('property:copy')==8) "},
            {"attack_set":"q.property('property:copy_skill')==1"},
            {"attack_set":"q.property('property:copy_skill')==2 || q.property('property:copy_skill')==5"}
          ],
          "on_entry": [
            "/event entity @s copy8_beamend",
            "v.copy8_beam = 0;"
          ]
        },
        "attack_set": {
          "transitions": [
            {"default":"!( (q.in_range(q.property('property:copy_skill'),1,2 ) || q.property('property:copy_skill')==5 )&& q.property('property:copy')==8) "},
            {"attack1":"v.copy8_beam =v.copy8_beam + 1; return v.copy8_beam < 20 && q.property('property:copy_skill')==2;"},
            {"attack2":"v.copy8_beam >= 20 && q.property('property:copy_skill')==2"}
          ],
          "on_entry": [
            "/playsound mob.warden.sonic_charge @s ~~~ 0.32 1.37 0.0",
            "v.copy8_beam = 0;"
          ],
          "on_exit": [
            "/stopsound @s mob.warden.sonic_charge",
            "v.copy8_beam = 0;"
          ]
        },
        "attack1": {
          "transitions": [
            {"default":"!( (q.in_range(q.property('property:copy_skill'),1,2 ) || q.property('property:copy_skill')==5 )&& q.property('property:copy')==8) "},
            {"default":"v.copy8_beam =v.copy8_beam + 1; return v.copy8_beam >= 15;"},
            {"attack1_2":"1"}
          ],
          "on_entry": [
            "/playsound mob.warden.death @a ~~~ 0.5 8.5 0.0",
            "/playsound mob.warden.death @a ~~~ 0.45 10.4 0.0",
            "/event entity @s copy8_beamattack1",
            "/execute as @s at @s positioned ^^^1 run tag @e[r=1.0] add copy8_attack",
            "/execute as @s at @s positioned ^^^2.5 run tag @e[r=2.2] add copy8_attack",
            "/execute as @s at @s positioned ^^^4 run tag @e[r=3.4] add copy8_attack",
            "/execute as @s at @s positioned ^-10001.3^^ run tag @e[r=10000] remove copy8_attack",
            "/execute as @s at @s positioned ^10001.3^^ run tag @e[r=10000] remove copy8_attack",
            "/execute as @s at @s as @e[tag=copy8_attack,r=6] unless score @s kirby_e = @e[c=1] kirby_e run damage @s 5 entity_attack entity @e[c=1]",
            "/tag @e remove copy8_attack"
          ]
        },
        "attack1_2": {
          "transitions": [
            {"default":"!( (q.in_range(q.property('property:copy_skill'),1,2 ) || q.property('property:copy_skill')==5 )&& q.property('property:copy')==8) "},
            {"default":"v.copy8_beam =v.copy8_beam + 1; return v.copy8_beam >= 15;"},
            {"attack1":"1"}
          ],
          "on_entry": [
            "/playsound mob.warden.death @a ~~~ 0.5 8.5 0.0",
            "/playsound mob.warden.death @a ~~~ 0.45 10.4 0.0",
            "/event entity @s copy8_beamattack1",
            "/execute as @s at @s positioned ^^^1 run tag @e[r=1.0] add copy8_attack",
            "/execute as @s at @s positioned ^^^2.5 run tag @e[r=2.2] add copy8_attack",
            "/execute as @s at @s positioned ^^^4 run tag @e[r=3.4] add copy8_attack",
            "/execute as @s at @s positioned ^-10001.3^^ run tag @e[r=10000] remove copy8_attack",
            "/execute as @s at @s positioned ^10001.3^^ run tag @e[r=10000] remove copy8_attack",
            "/execute as @s at @s as @e[tag=copy8_attack,r=6] unless score @s kirby_e = @e[c=1] kirby_e run damage @s 5 entity_attack entity @e[c=1]",
            "/tag @e remove copy8_attack"
          ]
        },
        "attack2": {
          "transitions": [
            {"default":"!( (q.in_range(q.property('property:copy_skill'),1,2 ) || q.property('property:copy_skill')==5 )&& q.property('property:copy')==8) "},
            {"default":"v.copy8_beam =v.copy8_beam + 1; return v.copy8_beam >= 15;"}
          ],
          "on_entry": [
            "/particle ny:copy8_beam_hit ~~0.6~",
            "/playsound random.explode @a ~~~ 0.74 1.29 0.0",
            "/ride @s summon_rider ny:jump beam",
            "/event entity @s copy8_beamattack2"
          ]
        }
      }
    },
    "controller.animation.copy8_jump": {
      "states": {
        "default": {
          "transitions": [
            {"default":"query.is_in_water || !(q.property('property:copy_skill')==3 && q.property('property:copy')==8) "},
            {"attack1":"q.property('property:copy_skill')==3"}
          ],
          "on_entry": [
            "/event entity @s copy8_jumpend",
            "v.copy8_jump = 0;"
          ],
          "on_exit": [
            "/ride @s summon_rider ny:jump jump2",
            "v.copy8_jump = 0;"
          ]
        },
        "cool": {
          "transitions": [
            {"default":"query.is_in_water || q.is_on_ground || !(q.property('property:copy_skill')==3 && q.property('property:copy')==8) "},
            {"default":"v.copy8_jump =v.copy8_jump + 1; return v.copy8_jump >= 10;"}
          ],
          "on_entry": [
            "v.copy8_jump = 0;"
          ]
        },
        "attack1": {
          "transitions": [
            {"default":"query.is_in_water || q.is_on_ground || !(q.property('property:copy_skill')==3 && q.property('property:copy')==8) "},
            {"cool":"v.copy8_jump =v.copy8_jump + 1; return v.copy8_jump >= 16;"},
            {"attack2":"1"}
          ],
          "on_entry": [
            "/event entity @s copy8_jumpattack"
          ]
        },
        "attack2": {
          "transitions": [
            {"default":"query.is_in_water || q.is_on_ground || !(q.property('property:copy_skill')==3 && q.property('property:copy')==8) "},
            {"cool":"v.copy8_jump =v.copy8_jump + 1; return v.copy8_jump >= 16;"},
            {"attack1":"1"}
          ],
          "on_entry": [
            "/event entity @s copy8_jumpattack"
          ]
        }
      }
    },
    "controller.animation.copy8_dash": {
      "states": {
        "default": {
          "transitions": [
            {"default":"query.is_in_water || !q.is_on_ground || !(q.property('property:copy_skill')==4 && q.property('property:copy')==8) "},
            {"attack1":"q.property('property:copy_skill')==4"}
          ],
          "on_entry": [
            "/event entity @s copy8_dashend",
            "v.copy8_dash = 0;"
          ],
          "on_exit": [
            "v.copy8_dash = 0;"
          ]
        },
        "attack1": {
          "transitions": [
            {"default":"query.is_in_water || !q.is_on_ground || !(q.property('property:copy_skill')==4 && q.property('property:copy')==8) "},
            {"default":"v.copy8_dash =v.copy8_dash + 1; return v.copy8_dash >= 40;"},
            {"attack2":"1"}
          ],
          "on_entry": [
            "/playsound portal.portal @a ~~~ 1.5 23 0.0",
            "/execute as @s at @s positioned ^^^1 run tag @e[r=1.0] add copy8_attack",
            "/execute as @s at @s positioned ^^^2 run tag @e[r=1.8] add copy8_attack",
            "/execute as @s at @s positioned ^^^3 run tag @e[r=2.6] add copy8_attack",
            "/execute as @s at @s as @e[tag=copy8_attack,r=4.0] unless score @s kirby_e = @e[c=1] kirby_e run damage @s 6 entity_attack entity @e[c=1]",
            "/tag @e remove copy8_attack"
          ]
        },
        "attack2": {
          "transitions": [
            {"default":"query.is_in_water || !q.is_on_ground || !(q.property('property:copy_skill')==4 && q.property('property:copy')==8) "},
            {"default":"v.copy8_dash =v.copy8_dash + 1; return v.copy8_dash >= 40;"},
            {"attack1":"1"}
          ],
          "on_entry": [
            "/execute as @s at @s positioned ^^^1 run tag @e[r=1.0] add copy8_attack",
            "/execute as @s at @s positioned ^^^2 run tag @e[r=1.8] add copy8_attack",
            "/execute as @s at @s positioned ^^^3 run tag @e[r=2.6] add copy8_attack",
            "/execute as @s at @s as @e[tag=copy8_attack,r=4.0] unless score @s kirby_e = @e[c=1] kirby_e run damage @s 6 entity_attack entity @e[c=1]",
            "/tag @e remove copy8_attack"
          ]
        }
      }
    },
    //コピー能力9(マックスダメでバリア出る)
    "controller.animation.copy9_barrier": {
      "states": {
        "default": {
          "transitions": [
            {"default":"!(q.property('property:copy')==9) "},
            {"barrier1":"q.property('property:copy_skill')>=0 && v.copy9_charge > 100"}
          ]
        },
        "barrier1": {
          "transitions": [
            {"default":"!(q.property('property:copy')==9) "},
            {"default":"!(q.property('property:copy_skill')>=0 && v.copy9_charge > 100)"},
            {"barrier2":"1"}
          ],
          "on_entry": [
            "/execute as @s at @s as @e[tag=!cant_damage,y=~0.7,r=2.2] unless score @s kirby_e = @e[c=1] kirby_e at @s run playsound mob.warden.death @a ~~~ 0.4 9.2 0.0",
            "/execute as @s at @s as @e[tag=!cant_damage,y=~0.7,r=2.2] unless score @s kirby_e = @e[c=1] kirby_e at @s run playsound mob.warden.death @a ~~~ 0.3 11.4 0.0",
            "/execute as @s at @s as @e[tag=!cant_damage,y=~0.7,r=2.2] unless score @s kirby_e = @e[c=1] kirby_e at @s run particle ny:plasma_hit ~~~",
            "/particle ny:plasma_barrier ~~0.7~",
            "/execute as @s at @s as @e[tag=!cant_damage,y=~0.7,r=2.2] unless score @s kirby_e = @e[c=1] kirby_e run damage @s 2 entity_attack entity @e[c=1]"
          ]
        },
        "barrier2": {
          "transitions": [
            {"default":"!(q.property('property:copy')==9) "},
            {"default":"!(q.property('property:copy_skill')>=0 && v.copy9_charge > 100)"},
            {"barrier1":"1"}
          ],
          "on_entry": [
            "/particle ny:plasma_barrier ~~0.7~"
          ]
        }
      }
    },
    "controller.animation.copy9": {
      "states": {
        "default": {
          "transitions": [
            {"a":"v.copy9_sneak = v.copy9_sneak ?? 0; v.copy9_charge = v.copy9_charge ?? 0; v.copy9_charge = (q.property('property:copy')==9 ? v.copy9_charge : 0); return 0;"},
            {"default":"!(q.property('property:copy')==9) "},
            {"a":"v.copy9_charge = v.copy9_charge + 0.7 * q.is_sprinting; return 0;"},
            {"a":"v.copy9_charge = v.copy9_charge + 0.4 * q.is_moving; return 0;"},
            {"a":"v.copy9_charge = v.copy9_charge + 0.8 * q.is_jumping; return 0;"},
            {"a":"v.copy9_charge = v.copy9_charge + 5 * (q.is_sneaking && v.copy9_sneak == 0 ? 1:0) * (1 - 0.2 * q.is_moving); v.copy9_sneak = q.is_sneaking; return 0;"},
            {"attack1":"q.property('property:copy_skill')>=1 && v.copy9_charge <=25"},
            {"attack2":"q.property('property:copy_skill')>=1 && v.copy9_charge <=50"},
            {"attack3":"q.property('property:copy_skill')>=1 && v.copy9_charge <=75"},
            {"attack4":"q.property('property:copy_skill')>=1 && v.copy9_charge <=100"},
            {"attack5":"q.property('property:copy_skill')>=1"}
          ],
          "on_entry": [
            "/event entity @s copy9_attackend",
            "v.copy9_charge = 0;"
          ],
          "on_exit": [
            "v.copy9_charge = 0;"
          ]
        },
        "a": {
        },
        "attack1": {
          "transitions": [
            {"default":"!(q.property('property:copy')==9) "},
            {"default":"v.copy9_charge = v.copy9_charge + 1; return v.copy9_charge >= 2;"}
          ],
          "on_entry": [
            "/event entity @s copy9_attack1"
          ]
        },
        "attack2": {
          "transitions": [
            {"default":"!(q.property('property:copy')==9) "},
            {"default":"v.copy9_charge = v.copy9_charge + 1; return v.copy9_charge >= 10;"}
          ],
          "on_entry": [
            "/event entity @s copy9_attack2"
          ]
        },
        "attack3": {
          "transitions": [
            {"default":"!(q.property('property:copy')==9) "},
            {"default":"v.copy9_charge = v.copy9_charge + 1; return v.copy9_charge >= 12;"}
          ],
          "on_entry": [
            "/event entity @s copy9_attack3"
          ]
        },
        "attack4": {
          "transitions": [
            {"default":"!(q.property('property:copy')==9) "},
            {"default":"v.copy9_charge = v.copy9_charge + 1; return v.copy9_charge >= 15;"}
          ],
          "on_entry": [
            "/ride @s summon_rider ny:jump beam",
            "/event entity @s copy9_attack4"
          ]
        },
        "attack5": {
          "transitions": [
            {"default":"!(q.property('property:copy')==9) "},
            {"default":"v.copy9_charge = v.copy9_charge + 1; return v.copy9_charge >= 18;"}
          ],
          "on_entry": [
            "/ride @s summon_rider ny:jump beam",
            "/event entity @s copy9_attack5"
          ]
        }
      }
    },
    //コピー能力10
    "controller.animation.copy10": {
      "states": {
        "default": {
          "transitions": [
            {"default":"!(q.property('property:copy')==10) "},
            {"sleep1":"q.property('property:copy')==10 && v.copy10 >= 30"}
          ],
          "on_entry": [
            "/tag @s remove sleep"
          ],
          "on_exit": [
            "/tag @s add sleep",
            "/effect @s jump_boost 0 0 true"
          ]
        },
        "sleep1": {
          "transitions": [
            {"default":"!(q.property('property:copy')==10) "},
            {"sleep2":"1"}
          ],
          "on_entry": [
            "/event entity @s copy10_sleep"
          ]
        },
        "sleep2": {
          "transitions": [
            {"default":"!(q.property('property:copy')==10) "},
            {"sleep1":"1"}
          ],
          "on_entry": [
            "/event entity @s copy10_sleep"
          ]
        }
      }
    },
    "controller.animation.copy10_sleep": {
      "states": {
        "default": {
          "transitions": [
            {"default":"!(q.property('property:copy')==10) "},
            {"sleep0":"q.property('property:copy')==10"},
            {"sleep1":"q.property('property:copy')==10 && q.property('property:copy_skill')==1"},
            {"sleep2":"q.property('property:copy')==10 && q.property('property:copy_skill')==2"}
          ],
          "on_entry": [
            "v.copy10 = 0;"
          ],
          "on_exit": [
            "v.copy10 = 0;"
          ]
        },
        "sleep0": {
          "transitions": [
            {"default":"!(q.property('property:copy')==10) "},
            {"sleep1":"v.copy10 = v.copy10 + 1; return v.copy10 >= 50;"}
          ],
          "on_exit": [
            "/event entity @s copy10_sleep1"
          ]
        },
        "sleep1": {
          "transitions": [
            {"default":"!(q.property('property:copy')==10) "},
            {"sleep2":"v.copy10 = v.copy10 + 1; return v.copy10 >= 170;"}
          ],
          "on_exit": [
            "/event entity @s copy10_sleep2"
          ]
        },
        "sleep2": {
          "transitions": [
            {"default":"!(q.property('property:copy')==10) "},
            {"default":"v.copy10 = v.copy10 + 1; return v.copy10 >= 200;"}
          ],
          "on_exit": [
            "/event entity @s copy10_sleepend",
            "/scoreboard players set @s k_copy 0",
            "/event entity @s copy_end"
          ]
        }
      }
    },






    //基本動作
    "controller.animation.sprint": {
      "states": {
        "default": {
          "transitions": [
            {"getcopy":"q.is_sprinting"}
          ]
        },
        "getcopy": {
          "transitions": [
            {"default":"!q.is_sprinting"}
          ],
          "on_exit": [
            "/tag @s remove sprint"
          ],
          "on_entry": [
            "/tag @s add sprint"
          ]
        }
      }
    },
    "controller.animation.in_air": {
      "states": {
        "default": {
          "transitions": [
            {"getcopy":"!q.is_on_ground"}
          ]
        },
        "getcopy": {
          "transitions": [
            {"default":"q.is_on_ground"}
          ],
          "on_exit": [
            "/tag @s remove in_air"
          ],
          "on_entry": [
            "/tag @s add in_air"
          ]
        }
      }
    },
    //細かい動作
    "controller.animation.getcopy": {
      "states": {
        "default": {
          "transitions": [
            {"getcopy":"q.property('property:getcopy')==1"}
          ]
        },
        "getcopy": {
          "transitions": [
            {"getcopy2":"v.getcopy=v.getcopy+1; return v.getcopy>=4;"}
          ],
          "on_entry": [
            "v.getcopy=0;",
            "/event entity @s[scores={k_copy=1}] copy1",
            "/event entity @s[scores={k_copy=2}] copy2",
            "/event entity @s[scores={k_copy=3}] copy3",
            "/event entity @s[scores={k_copy=4}] copy4",
            "/event entity @s[scores={k_copy=5}] copy5",
            "/event entity @s[scores={k_copy=6}] copy6",
            "/event entity @s[scores={k_copy=7}] copy7",
            "/event entity @s[scores={k_copy=8}] copy8",
            "/event entity @s[scores={k_copy=9}] copy9",
            "/event entity @s[scores={k_copy=10}] copy10",
            "/event entity @s[scores={k_copy=11}] copy11",
            "/event entity @s[scores={k_copy=12}] copy12",
            "/event entity @s[scores={k_copy=13}] copy13",
            "/event entity @s[scores={k_copy=14}] copy14"
          ]
        },
        "getcopy2": {
          "transitions": [
            {"default":"v.getcopy=v.getcopy+1; return v.getcopy>=28;"}
          ],
          "on_exit": [
            "/event entity @s getcopy_end"
          ],
          "on_entry": [
            "/playsound getcopy @a ~~~ 1.0 1.0 0.0"
          ]
        }
      }
    },
    "controller.animation.glide": {
      "states": {
        "default": {
          "transitions": [
            {"sneak":"q.is_gliding"}
          ]
        },
        "sneak": {
          "transitions": [
            {"default":"!(q.is_gliding)"}
          ]
        }
      }
    },
    "controller.animation.sneak": {
      "states": {
        "default": {
          "transitions": [
            {"sneak":"q.is_sneaking && q.is_on_ground"}
          ]
        },
        "sneak": {
          "transitions": [
            {"default":"!(q.is_sneaking && q.is_on_ground)"}
          ],
          "on_entry": [
            "/playsound step @a ~~~ 0.3 0.91 0.0"
          ]
        }
      }
    },
    "controller.animation.suikomi": {
      "states": {
        "default": {
          "transitions": [
            {"suikomi1":"q.property('property:suikomi')==1 && q.property('property:hobari')==0"}
          ],
          "on_entry": [
            "/event entity @s suikomi_end"
          ]
        },

        "suikomi1": {
          "transitions": [
            {"default":"q.is_swimming || q.is_sneaking || q.property('property:suikomi')==0 || q.property('property:hobari')==1 || query.is_gliding"},
            {"suikomi2":"q.property('property:suikomi')==1"}
          ],
          "on_entry": [
            "/function suikomi"
          ]
        },
        "suikomi2": {
          "transitions": [
            {"default":"q.is_swimming || q.is_sneaking || q.property('property:suikomi')==0 || q.property('property:hobari')==1 || query.is_gliding"},
            {"suikomi1":"q.property('property:suikomi')==1"}
          ],
          "on_entry": [
            "/function suikomi"
          ]
        }
      }
    },
    "controller.animation.hobari": {
      "states": {
        "default": {
          "transitions": [
            {"hobari1":"q.property('property:hobari')==1"}
          ]
        },

        "hobari1": {
          "transitions": [
            {"nomikomi":"q.is_sneaking"},
            {"hakidashi":"q.is_swimming || q.property('property:hobari')==0 || q.property('property:suikomi')==1 || query.is_gliding"},
            {"hobari2":"q.property('property:hobari')==1"}
          ],
          "on_entry": [
            "/event entity @s hobari"
          ]
        },
        "hobari2": {
          "transitions": [
            {"nomikomi":"q.is_sneaking"},
            {"hakidashi":"q.is_swimming || q.property('property:hobari')==0 || q.property('property:suikomi')==1 || query.is_gliding"},
            {"hobari1":"q.property('property:hobari')==1"}
          ],
          "on_entry": [
            "/event entity @s hobari"
          ]
        },
        "nomikomi": {
          "transitions": [
            {"default":"1"}
          ],
          "on_entry": [
            "/effect @s[scores={k_copy=0}] saturation 1 4 true",
            "/effect @s[scores={k_copy=0}] instant_health 1 0 true",
            "/event entity @s hobari_end",
            "/event entity @s[scores={k_copy=1..}] getcopy_start"
          ]
        },
        "hakidashi": {
          "transitions": [
            {"default":"1"}
          ],
          "on_entry": [
            "/event entity @s hakidashi",
            "/event entity @s hobari_end"
          ]
        }
      }
    },
    "controller.animation.death": {
      "states": {
        "default": {
          "transitions": [
            {"death":"!q.is_alive"}
          ],
          "on_entry": [
            "/replaceitem entity @s slot.hotbar 0 ny:suikomi 1 0 {\"item_lock\":{\"mode\":\"lock_in_slot\"},\"keep_on_death\":{}}"
          ],
          "on_exit": [
            "/event entity @s suikomi_end",
            "/event entity @s hobari_end",

            "/execute as @s[scores={k_copy=1..}] at @s run event entity @s copy_end",
            "/execute as @s[scores={k_copy=1..}] at @s run particle ny:getcopy ~~1~",
            "/execute as @s[scores={k_copy=1..}] at @s run summon ny:copy_throw",
            "/execute as @s[scores={k_copy=1..}] at @s run scoreboard players operation @e[type=ny:copy_throw,tag=!copy_throw] k_copy = @s k_copy",
            "/execute as @s[scores={k_copy=1..}] at @s run tag @e[type=ny:copy_throw,tag=!copy_throw] add copy_throw",
            "/execute as @s[scores={k_copy=1..}] at @s run scoreboard players set @s k_copy 0"
          ]
        },
        "death": {
          "transitions": [
            {"default":"q.is_alive"}
          ]
        }
      }
    },
    "controller.animation.sliding": {
      "states": {
        "default": {
          "transitions": [
            {"default":"!q.is_on_ground || q.property('property:copy_skill')>=1 || q.property('property:hobari')==1 || q.property('property:suikomi')==1 || q.property('property:getcopy')==1"},
            {"sliding_set1":"q.is_sprinting && q.is_on_ground"}
          ],
          "on_entry": [
            "/event entity @s sliding_end"
          ]
        },
        "sliding_set1": {
          "transitions": [
            {"default":"!q.is_on_ground || q.property('property:copy_skill')>=1 || q.property('property:hobari')==1 || q.property('property:suikomi')==1 || q.property('property:getcopy')==1"},
            {"sliding_set2":"q.is_sneaking"},
            {"default":"!q.is_sprinting"}
          ],
          "on_entry": [
            "/ride @s evict_riders",
            "/event entity @s sliding_ride"
          ]
        },
        "sliding_set2": {
          "transitions": [
            {"default":"!q.is_on_ground || q.property('property:copy_skill')>=1 || q.property('property:hobari')==1 || q.property('property:suikomi')==1 || q.property('property:getcopy')==1"},
            {"sliding1":"1"}
          ],
          "on_entry": [
            "v.sliding = 0;",
            "/event entity @s sliding",
            "/ride @s summon_rider ny:jump sliding"
          ]
        },
        "sliding1": {
          "transitions": [
            {"default":"!q.is_on_ground || q.property('property:copy_skill')>=1 || q.property('property:hobari')==1 || q.property('property:suikomi')==1 || q.property('property:getcopy')==1"},
            {"default":"v.sliding = v.sliding ?? 0; v.sliding = v.sliding + 1; return v.sliding >=10;"},
            {"sliding2":"1"}
          ],
          "on_entry": [
            "/playsound step.gravel @a ~~~ 1.0 0.86 0.0",
            "/playsound step.grass @a ~~~ 1.0 0.83 0.0",
            "/execute as @s at @s as @e[type=!ny:jump,r=1.0] unless score @s kirby_e = @e[c=1] kirby_e run damage @s 3 entity_attack entity @e[c=1]"
          ]
        },
        "sliding2": {
          "transitions": [
            {"default":"!q.is_on_ground || q.property('property:copy_skill')>=1 || q.property('property:hobari')==1 || q.property('property:suikomi')==1 || q.property('property:getcopy')==1"},
            {"default":"v.sliding = v.sliding ?? 0; v.sliding = v.sliding + 1; return v.sliding >=10;"},
            {"sliding1":"1"}
          ],
          "on_entry": [
            "/playsound step.gravel @a ~~~ 1.0 0.86 0.0",
            "/playsound step.grass @a ~~~ 1.0 0.83 0.0",
            "/execute as @s at @s as @e[type=!ny:jump,r=1.0] unless score @s kirby_e = @e[c=1] kirby_e run damage @s 3 entity_attack entity @e[c=1]"
          ]
        }
      }
    },
    "controller.animation.jump": {
      "states": {
        "default": {
          "transitions": [
            //戻す条件
            //{"default":"q.property('property:hobari')==1 || q.property('property:suikomi')==1 || query.is_gliding || (q.property('property:copy')==1 && q.property('property:copy_skill')>=1) || (q.property('property:copy_skill')==5 && q.property('property:copy')==2 ) || (q.property('property:copy_skill')>=1 && q.property('property:copy')==3 ) || (q.property('property:copy')==4 && q.property('property:copy_skill')==3)"},
            {"default":"q.property('property:hobari')==1 || q.property('property:suikomi')==1 || query.is_gliding || (q.property('property:copy_skill')>=1) || q.property('property:copy')==10"},
            {"jump0":"v.in_water=v.in_water??0; v.in_water=v.in_water+1; return (q.is_in_water && v.in_water>=30 && q.is_swimming) ;"},
            {"jump1":"!q.is_on_ground && !q.is_in_water"}
          ],
          "on_entry":[
          "v.in_water=0;",
          "/event entity @s jump_end"
          ]
        },
        "jump0": {
          "transitions": [
            //戻す条件
            {"default":"q.property('property:hobari')==1 || q.property('property:suikomi')==1 || query.is_gliding || (q.property('property:copy_skill')>=1) || q.property('property:copy')==10"},
            {"default":"1"}
          ],
          "on_entry":[
          "/playsound step @a ~~~ 0.3 1.48 0.0"
          ]
        },
        "jump1": {
          "transitions": [
            //戻す条件
            {"default":"q.property('property:hobari')==1 || q.property('property:suikomi')==1 || query.is_gliding || (q.property('property:copy_skill')>=1) || q.property('property:copy')==10"},
            {"default":"q.is_on_ground || q.is_in_water "},
            {"jump2":"!q.is_jumping"}
          ]
        },
        "jump2": {
          "transitions": [
            {"default":"q.is_on_ground || q.is_in_water || query.is_gliding || q.property('property:copy')==10"},
            //戻す条件だけど空中でリセット入らないようにするやつ
            //{"jump2":"q.property('property:hobari')==1 || q.property('property:suikomi')==1 || (q.property('property:copy')==1 && q.property('property:copy_skill')>=1) || (q.property('property:copy_skill')==5 && q.property('property:copy')==2 ) || (q.property('property:copy_skill')>=1 && q.property('property:copy')==3 ) || (q.property('property:copy')==4 && q.property('property:copy_skill')==3)"},
            {"jump2":"q.property('property:hobari')==1 || q.property('property:suikomi')==1 || (q.property('property:copy_skill')>=1)"},
            {"jump3":"v.jump=v.jump+1; return v.jump>=6 && q.is_jumping;"}
          ],
          "on_entry": [
            "v.jump=0;",
            "/ride @s evict_riders",
            "/event entity @s jump_ride"
          ],
          "on_exit":[
          "v.jump=0;"
        ]
        },
        "jump3": {
          "transitions": [
            {"default":"q.is_on_ground || q.is_in_water  || query.is_gliding || q.property('property:copy')==10"},
            {"jump2":"q.property('property:hobari')==1 || q.property('property:suikomi')==1"},
            {"jump2":"v.jump=v.jump??0; v.jump=v.jump+1; return v.jump>=5 && query.property('property:jump')<10;"}
          ],
          "on_entry": [
            "/event entity @s jump",
            "/ride @s summon_rider ny:jump jump1"
          ],
          "on_exit":[
          "v.jump=0;",
          "/event entity @s jump_ride"
        ]
        }
      }
    }

  }
}