{
	"format_version": "1.10.0",
	"geometry.h2v_gaster_craw_v2": {
		"texturewidth": 128,
		"textureheight": 64,
		"visible_bounds_width": 22,
		"visible_bounds_height": 1,
		"visible_bounds_offset": [0, 0, 0],
		"bones": [
			{
				"name": "Handgun",
				"pivot": [0, 6, 0]
			},
			{
				"name": "paodan",
				"parent": "Handgun",
				"pivot": [0, 5, 0],
				"cubes": [
					{"origin": [-1, 4, -43], "size": [2, 2, 43], "uv": [10, 10]}
				]
			},
			{
				"name": "Handgun2",
				"parent": "Handgun",
				"pivot": [0, 3, 2]
			},
			{
				"name": "Handgun4",
				"parent": "Handgun2",
				"pivot": [2, 3, 2],
				"rotation": [0, 10, 0],
				"cubes": [
					{"origin": [2.44126, 1.06153, 1.57547], "size": [1, 3, 1.3], "uv": [93, 5], "inflate": -0.2},
					{"origin": [2.44126, 1.56153, 2.22547], "size": [1, 3, 1.3], "uv": [78, 11], "inflate": -0.2}
				]
			},
			{
				"name": "bone11",
				"parent": "Handgun4",
				"pivot": [1.61589, 10.95148, -2.24403],
				"rotation": [15, 0, 0],
				"cubes": [
					{"origin": [2.44126, 1.05287, -1.80155], "size": [1, 2.6, 2.6], "uv": [75, 8], "inflate": -0.2}
				]
			},
			{
				"name": "bone12",
				"parent": "bone11",
				"pivot": [1.61589, 10.95148, -2.24403],
				"rotation": [10, 0, 0],
				"cubes": [
					{"origin": [2.44126, 1.46021, -4.68643], "size": [1, 2.6, 2.6], "uv": [67, 14], "inflate": -0.2}
				]
			},
			{
				"name": "bone13",
				"parent": "bone12",
				"pivot": [1.61589, 10.95148, -2.24403],
				"cubes": [
					{"origin": [2.44126, 2.24713, -6.2154], "size": [1, 2, 1.3], "uv": [76, 11], "inflate": -0.2},
					{"origin": [2.44126, 2.24713, -6.9954], "size": [1, 1.8, 1.3], "uv": [93, 5], "inflate": -0.2}
				]
			},
			{
				"name": "bone14",
				"parent": "bone13",
				"pivot": [1.61589, 10.95148, -2.24403],
				"rotation": [5, 0, 0],
				"cubes": [
					{"origin": [2.44126, 2.38131, -8.16058], "size": [1, 3, 1.3], "uv": [93, 5], "inflate": -0.2}
				]
			},
			{
				"name": "bone15",
				"parent": "bone13",
				"pivot": [1.61589, 10.95148, -2.24403],
				"cubes": [
					{"origin": [2.44126, 2.30013, -8.39381], "size": [1, 3.8, 1.3], "uv": [77, 8], "inflate": -0.2}
				]
			},
			{
				"name": "Handgun5",
				"parent": "Handgun4",
				"pivot": [1.61589, 10.95148, -2.24403],
				"cubes": [
					{"origin": [3.44126, 1.06153, 1.57547], "size": [0, 3, 1.3], "uv": [93, 5], "inflate": -0.2},
					{"origin": [3.44126, 1.56153, 2.22547], "size": [0, 3, 3.3], "uv": [76, 5], "inflate": -0.2}
				]
			},
			{
				"name": "bone16",
				"parent": "Handgun5",
				"pivot": [2.91589, 10.95148, -2.24403],
				"rotation": [15, 0, 0],
				"cubes": [
					{"origin": [3.44126, 1.05287, -1.80155], "size": [0, 2.6, 2.6], "uv": [62, 6], "inflate": -0.2}
				]
			},
			{
				"name": "bone17",
				"parent": "bone16",
				"pivot": [2.91589, 10.95148, -2.24403],
				"rotation": [10, 0, 0],
				"cubes": [
					{"origin": [3.44126, 1.46021, -4.68643], "size": [0, 2.6, 2.6], "uv": [93, 5], "inflate": -0.2}
				]
			},
			{
				"name": "bone18",
				"parent": "bone17",
				"pivot": [2.91589, 10.95148, -2.24403],
				"cubes": [
					{"origin": [3.18244, 1.83892, -5.33998], "size": [0, 2, 1.3], "uv": [93, 5], "inflate": -0.2},
					{"origin": [3.18244, 1.83892, -6.11998], "size": [0, 1.8, 1.3], "uv": [93, 5], "inflate": -0.2}
				]
			},
			{
				"name": "bone19",
				"parent": "bone18",
				"pivot": [2.91589, 10.95148, -2.24403],
				"rotation": [5, 0, 0],
				"cubes": [
					{"origin": [3.18244, 1.89835, -7.32407], "size": [0, 3, 1.3], "uv": [93, 5], "inflate": -0.2}
				]
			},
			{
				"name": "bone20",
				"parent": "bone18",
				"pivot": [2.91589, 10.95148, -2.24403],
				"cubes": [
					{"origin": [3.18244, 1.89191, -7.51839], "size": [0, 3.8, 1.3], "uv": [93, 5], "inflate": -0.2}
				]
			},
			{
				"name": "Handgun3",
				"parent": "Handgun2",
				"pivot": [-3, 3, 0],
				"rotation": [0, -10, 0],
				"cubes": [
					{"origin": [-2.96137, 1.14869, 1.24949], "size": [1, 3, 1.3], "uv": [81, 5], "inflate": -0.2},
					{"origin": [-2.96137, 1.64869, 1.89949], "size": [1, 3, 3.3], "uv": [72, 5], "inflate": -0.2}
				]
			},
			{
				"name": "bone2",
				"parent": "Handgun3",
				"pivot": [-1.136, 11.03864, -2.57001],
				"rotation": [15, 0, 0],
				"cubes": [
					{"origin": [-2.96137, 1.14003, -2.12753], "size": [1, 2.6, 2.6], "uv": [76, 10], "inflate": -0.2}
				]
			},
			{
				"name": "bone3",
				"parent": "bone2",
				"pivot": [-1.136, 11.03864, -2.57001],
				"rotation": [10, 0, 0],
				"cubes": [
					{"origin": [-2.96137, 1.54737, -5.01241], "size": [1, 2.6, 2.6], "uv": [73, 8], "inflate": -0.2}
				]
			},
			{
				"name": "bone4",
				"parent": "bone3",
				"pivot": [-1.136, 11.03864, -2.57001],
				"cubes": [
					{"origin": [-2.96137, 2.33429, -6.54138], "size": [1, 2, 1.3], "uv": [79, 6], "inflate": -0.2},
					{"origin": [-2.96137, 2.33429, -7.32138], "size": [1, 1.8, 1.3], "uv": [80, 6], "inflate": -0.2}
				]
			},
			{
				"name": "bone5",
				"parent": "bone4",
				"pivot": [-1.136, 11.03864, -2.57001],
				"rotation": [5, 0, 0],
				"cubes": [
					{"origin": [-2.96137, 2.46847, -8.48656], "size": [1, 3, 1.3], "uv": [80, 3], "inflate": -0.2}
				]
			},
			{
				"name": "bone6",
				"parent": "bone4",
				"pivot": [-1.136, 11.03864, -2.57001],
				"cubes": [
					{"origin": [-2.96137, 2.38729, -8.71979], "size": [1, 3.8, 1.3], "uv": [76, 9], "inflate": -0.2}
				]
			},
			{
				"name": "Handgun6",
				"parent": "Handgun3",
				"pivot": [-1.136, 11.03864, -2.57001],
				"cubes": [
					{"origin": [-2.96137, 1.14869, 1.24949], "size": [0, 3, 1.3], "uv": [93, 5], "inflate": -0.2},
					{"origin": [-2.96137, 1.64869, 1.89949], "size": [0, 3, 1.3], "uv": [88, 4], "inflate": -0.2}
				]
			},
			{
				"name": "bone7",
				"parent": "Handgun6",
				"pivot": [-2.436, 11.03864, -2.57001],
				"rotation": [15, 0, 0],
				"cubes": [
					{"origin": [-2.96137, 1.14003, -2.12753], "size": [0, 2.6, 2.6], "uv": [71, 7], "inflate": -0.2}
				]
			},
			{
				"name": "bone8",
				"parent": "bone7",
				"pivot": [-2.436, 11.03864, -2.57001],
				"rotation": [10, 0, 0],
				"cubes": [
					{"origin": [-2.96137, 1.54737, -5.01241], "size": [0, 2.6, 2.6], "uv": [72, 13], "inflate": -0.2}
				]
			},
			{
				"name": "bone9",
				"parent": "bone8",
				"pivot": [-2.436, 11.03864, -2.57001],
				"cubes": [
					{"origin": [-2.70255, 1.92608, -5.66596], "size": [0, 2, 1.3], "uv": [93, 5], "inflate": -0.2},
					{"origin": [-2.70255, 1.92608, -6.44596], "size": [0, 1.8, 1.3], "uv": [93, 5], "inflate": -0.2}
				]
			},
			{
				"name": "bone10",
				"parent": "bone9",
				"pivot": [-2.436, 11.03864, -2.57001],
				"rotation": [5, 0, 0],
				"cubes": [
					{"origin": [-2.70255, 1.98551, -7.65005], "size": [0, 3, 1.3], "uv": [93, 5], "inflate": -0.2}
				]
			},
			{
				"name": "bone21",
				"parent": "bone9",
				"pivot": [-2.436, 11.03864, -2.57001],
				"cubes": [
					{"origin": [-2.70255, 1.97907, -7.84437], "size": [0, 3.8, 1.3], "uv": [93, 5], "inflate": -0.2}
				]
			},
			{
				"name": "bone25",
				"parent": "Handgun",
				"pivot": [0, 7, 2],
				"rotation": [-25, 0, 0]
			},
			{
				"name": "bone24",
				"parent": "bone25",
				"pivot": [1.18, 8.92397, -0.3588],
				"cubes": [
					{"origin": [2.0532, 7.34797, 1.242], "size": [1.3688, 3.48, 2.32], "uv": [62, 10]},
					{"origin": [3.422, 8.50797, 2.402], "size": [1.3688, 2.32, 3.32], "uv": [76, 13]},
					{"origin": [-4.7908, 8.50797, 2.402], "size": [1.3688, 2.32, 3.32], "uv": [78, 4]},
					{"origin": [-3.422, 7.34797, 1.242], "size": [1.3688, 3.48, 2.32], "uv": [76, 8]}
				]
			},
			{
				"name": "bone23",
				"parent": "bone25",
				"pivot": [1.18, 6.92397, -0.3588],
				"cubes": [
					{"origin": [2.0532, 6.18797, -1.078], "size": [1.3688, 2.32, 2.32], "uv": [72, 9]},
					{"origin": [-3.422, 6.18797, -1.078], "size": [1.3688, 2.32, 2.32], "uv": [72, 4]}
				]
			},
			{
				"name": "bone22",
				"parent": "bone25",
				"pivot": [1.18, 4.92397, -0.3588],
				"cubes": [
					{"origin": [2.0532, 5.02797, -3.398], "size": [1.3688, 2.32, 1.16], "uv": [73, 7]},
					{"origin": [2.0532, 6.18797, -2.238], "size": [1.3688, 3.48, 1.16], "uv": [82, 9]},
					{"origin": [-3.422, 7.34797, -2.238], "size": [1.3688, 2.32, 1.16], "uv": [93, 5]},
					{"origin": [-3.422, 5.02797, -3.398], "size": [1.3688, 2.32, 1.16], "uv": [59, 11]}
				]
			},
			{
				"name": "bone",
				"parent": "bone25",
				"pivot": [1.18, 6.92397, -0.3588],
				"cubes": [
					{"origin": [0.6844, 3.86797, -4.558], "size": [1.3688, 3.48, 1.16], "uv": [67, 11]},
					{"origin": [-0.6844, 5.02797, -5.558], "size": [1.3688, 2.32, 2.16], "uv": [60, 7]},
					{"origin": [-0.6844, 7.34797, -3.398], "size": [1.3688, 2.32, 1.16], "uv": [77, 5]},
					{"origin": [-0.6844, 8.50797, -2.238], "size": [1.3688, 2.32, 1.16], "uv": [74, 8]},
					{"origin": [-0.6844, 9.66797, -1.078], "size": [1.3688, 2.32, 5.8], "uv": [76, 9]},
					{"origin": [-0.6844, 10.82797, 0.082], "size": [1.3688, 2.32, 6.8], "uv": [78, 11]},
					{"origin": [-2.0532, 8.50797, -1.078], "size": [1.3688, 2.32, 5.8], "uv": [80, 4]},
					{"origin": [0.6844, 10.82797, 0.082], "size": [1.3688, 1.16, 4.64], "uv": [70, 9]},
					{"origin": [-2.0532, 10.82797, 0.082], "size": [1.3688, 1.16, 4.64], "uv": [77, 3]},
					{"origin": [0.6844, 8.50797, -1.078], "size": [1.3688, 2.32, 5.8], "uv": [70, 11]},
					{"origin": [-2.0532, 7.34797, -2.238], "size": [1.3688, 2.32, 1.16], "uv": [70, 4]},
					{"origin": [-2.0532, 6.18797, -3.398], "size": [1.3688, 1.32, 1.16], "uv": [69, 12]},
					{"origin": [0.6844, 6.18797, -3.398], "size": [1.3688, 1.32, 1.16], "uv": [72, 2]},
					{"origin": [0.6844, 7.34797, -2.238], "size": [1.3688, 2.32, 1.16], "uv": [67, 11]},
					{"origin": [-2.0532, 3.86797, -4.558], "size": [1.3688, 3.48, 1.16], "uv": [75, 6]},
					{"origin": [1.18, 7.92397, -2.3588], "size": [1, 1, 1], "uv": [8, 17]},
					{"origin": [-2.18, 7.92397, -2.3588], "size": [1, 1, 1], "uv": [8, 17]},
					{"origin": [1.18, 6.92397, -2.3588], "size": [1, 1, 1], "uv": [8, 17]},
					{"origin": [-2.18, 6.92397, -2.3588], "size": [1, 1, 1], "uv": [8, 17]},
					{"origin": [1.8, 7.53117, -2.8588], "size": [1, 1, 1], "uv": [57, 44]},
					{"origin": [-2.8, 7.53117, -2.8588], "size": [1, 1, 1], "uv": [56, 39]},
					{"origin": [2.18, 6.92397, -2.3588], "size": [1, 1, 1], "uv": [8, 17]},
					{"origin": [-3.18, 6.92397, -2.3588], "size": [1, 1, 1], "uv": [8, 17]},
					{"origin": [2.18, 7.92397, -2.3588], "size": [1, 1, 1], "uv": [26, 12]},
					{"origin": [-3.18, 7.92397, -2.3588], "size": [1, 1, 1], "uv": [8, 17]}
				]
			}
		]
	}
}