{
	"format_version": "1.12.0",
	"minecraft:geometry": [
		{
			"description": {
				"identifier": "geometry.h2v_gaster_v2",
				"texture_width": 128,
				"texture_height": 128,
				"visible_bounds_width": 179,
				"visible_bounds_height": 3,
				"visible_bounds_offset": [0, 1.5, 0]
			},
			"bones": [
				{
					"name": "body",
					"pivot": [0, 24, 0],
					"cubes": [
						{"origin": [-4, 13, -3.5], "size": [3, 11, 1], "uv": [60, 68]},
						{"origin": [1, 13, -3.5], "size": [3, 11, 1], "uv": [60, 68], "mirror": true},
						{"origin": [-4, 12, -2.5], "size": [8, 12, 5], "inflate": 0.5, "uv": [46, 73]},
						{"origin": [-4, 12.4, -1.1], "size": [8, 12, 5], "inflate": -0.5, "uv": [46, 73]},
						{"origin": [-1.5, 20, -3.5], "size": [3, 1, 1], "inflate": -0.2, "uv": [76, 52]},
						{"origin": [-1.5, 22, -3.5], "size": [3, 1, 1], "inflate": -0.2, "uv": [76, 52]},
						{"origin": [-1.5, 18, -3.5], "size": [3, 1, 1], "inflate": -0.2, "uv": [76, 52]},
						{"origin": [-1.5, 16, -3.5], "size": [3, 1, 1], "inflate": -0.2, "uv": [76, 52]},
						{"origin": [-4, 24, -2.5], "size": [8, 1, 5], "uv": [46, 73]}
					],
					"locators": {
						"a": [0, 16, 0]
					}
				},
				{
					"name": "leftLeg",
					"parent": "body",
					"pivot": [1.9, 12, 0],
					"rotation": [0, 0, -5],
					"cubes": [
						{"origin": [-0.1, 7, -2], "size": [4, 5, 4], "inflate": 0.35, "uv": [28, 70], "mirror": true}
					]
				},
				{
					"name": "leftLeg2",
					"parent": "leftLeg",
					"pivot": [1.9, 7, 0],
					"rotation": [0, 0, 5],
					"cubes": [
						{"origin": [-0.1, 1, -2], "size": [4, 6, 4], "inflate": 0.1, "uv": [28, 70], "mirror": true},
						{"origin": [-0.1, 0, -2], "size": [4, 1, 4], "inflate": 0.15, "uv": [100, 32], "mirror": true}
					]
				},
				{
					"name": "rightArm",
					"parent": "body",
					"pivot": [-5, 23, 0],
					"rotation": [0, 0, 10],
					"cubes": [
						{"origin": [-8, 18, -2], "size": [4, 6, 4], "uv": [36, 72]},
						{"origin": [-8.05185, 20.02171, -2], "size": [4, 4, 4], "inflate": 0.4, "uv": [36, 72]},
						{"origin": [-8.05708, 23.5, -2], "size": [4, 1, 4], "inflate": -0.3, "uv": [53, 89]}
					]
				},
				{
					"name": "rightArm2",
					"parent": "rightArm",
					"pivot": [-6.25, 18, 0],
					"rotation": [0, 0, -5],
					"cubes": [
						{"origin": [-8, 12, -2], "size": [4, 6, 4], "uv": [36, 72]},
						{"origin": [-7.5, 10.5, -1.5], "size": [3, 2, 3], "inflate": -0.4, "uv": [30, 6]}
					]
				},
				{
					"name": "hand",
					"parent": "rightArm2",
					"pivot": [-7, 10, -0.5],
					"rotation": [0, 0, -10],
					"cubes": [
						{"origin": [-7, 9, -1.5], "size": [1, 2, 3], "uv": [0, 0]}
					]
				},
				{
					"name": "hand5",
					"parent": "hand",
					"pivot": [-7, 9, -1],
					"rotation": [0, 0, -55],
					"cubes": [
						{"origin": [-7.08716, 7, -1.55], "size": [1, 2, 1], "inflate": -0.2, "uv": [0, 0]}
					]
				},
				{
					"name": "hand3",
					"parent": "hand",
					"pivot": [-7, 9, 0.5],
					"rotation": [0, 0, -55],
					"cubes": [
						{"origin": [-7.08716, 7, 0.05], "size": [1, 2, 1], "inflate": -0.2, "uv": [0, 0]}
					]
				},
				{
					"name": "hand2",
					"parent": "hand",
					"pivot": [-7, 9, 1.5],
					"rotation": [0, 0, -55],
					"cubes": [
						{"origin": [-7.08716, 7, 0.8], "size": [1, 2, 1], "inflate": -0.2, "uv": [0, 0]}
					]
				},
				{
					"name": "hand4",
					"parent": "hand",
					"pivot": [-7, 9, -0.25],
					"rotation": [0, 0, -55],
					"cubes": [
						{"origin": [-7.08716, 7, -0.7], "size": [1, 2, 1], "inflate": -0.2, "uv": [0, 0]}
					]
				},
				{
					"name": "rightLeg",
					"parent": "body",
					"pivot": [-1.9, 12, 0],
					"rotation": [0, 0, 5],
					"cubes": [
						{"origin": [-3.9, 7, -2], "size": [4, 5, 4], "inflate": 0.35, "uv": [28, 70]}
					]
				},
				{
					"name": "rightLeg2",
					"parent": "rightLeg",
					"pivot": [-1.9, 7, 0],
					"rotation": [0, 0, -5],
					"cubes": [
						{"origin": [-3.9, 1, -2], "size": [4, 6, 4], "inflate": 0.1, "uv": [28, 70]},
						{"origin": [-3.9, 0, -2], "size": [4, 1, 4], "inflate": 0.15, "uv": [100, 32]}
					]
				},
				{
					"name": "head",
					"parent": "body",
					"pivot": [0, 25, -0.5],
					"cubes": [
						{"origin": [-3.5, 24.8, -3.8], "size": [7, 7, 7], "inflate": -0.18, "uv": [65, 32], "mirror": true},
						{"origin": [-4.5, 28, -4], "size": [9, 7, 8], "inflate": -0.15, "uv": [15, 43]},
						{"origin": [-5, 29, -3], "size": [4, 1, 6], "inflate": 0.01, "uv": [15, 43]},
						{"origin": [-5, 28, -2], "size": [3, 1, 4], "inflate": -0.1, "uv": [15, 43]},
						{"origin": [2, 28, -2], "size": [3, 1, 4], "inflate": 0.01, "uv": [15, 43], "mirror": true},
						{"origin": [2, 29, -3], "size": [3, 1, 6], "inflate": 0.01, "uv": [15, 43], "mirror": true},
						{"origin": [1, 30, -4.5], "size": [3, 3, 1], "inflate": -0.3, "uv": [35, 94], "mirror": true},
						{"origin": [-4, 30, -4.5], "size": [3, 3, 1], "inflate": -0.3, "uv": [35, 94], "mirror": true},
						{"origin": [-3.5, 30.4, -4.5], "size": [2, 5, 1], "inflate": -0.4, "uv": [35, 94], "mirror": true},
						{"origin": [1.5, 28.4, -4.5], "size": [2, 3, 1], "inflate": -0.4, "uv": [35, 94], "mirror": true}
					]
				},
				{
					"name": "eyes",
					"parent": "head",
					"pivot": [2.5, 31.5, -4],
					"cubes": [
						{"origin": [1.5, 30.5, -4.8], "size": [2, 2, 1], "inflate": -0.5, "uv": [122, 53], "mirror": true}
					],
					"locators": {
						"eye": [2, 31.5, -4.6]
					}
				},
				{
					"name": "leftArm",
					"parent": "body",
					"pivot": [5, 23, 0],
					"rotation": [0, 0, -10],
					"cubes": [
						{"origin": [4, 18, -2], "size": [4, 6, 4], "uv": [36, 72], "mirror": true},
						{"origin": [4.05185, 20.02171, -2], "size": [4, 4, 4], "inflate": 0.4, "uv": [36, 72], "mirror": true},
						{"origin": [4.05708, 23.5, -2], "size": [4, 1, 4], "inflate": -0.3, "uv": [53, 89], "mirror": true}
					]
				},
				{
					"name": "leftArm2",
					"parent": "leftArm",
					"pivot": [6.25, 18, 0],
					"rotation": [0, 0, 5],
					"cubes": [
						{"origin": [4, 12, -2], "size": [4, 6, 4], "uv": [36, 72], "mirror": true},
						{"origin": [4.5, 10.5, -1.5], "size": [3, 2, 3], "inflate": -0.4, "uv": [30, 6], "mirror": true}
					]
				},
				{
					"name": "hand6",
					"parent": "leftArm2",
					"pivot": [7, 10, -0.5],
					"rotation": [0, 0, 10],
					"cubes": [
						{"origin": [6, 9, -1.5], "size": [1, 2, 3], "uv": [0, 0], "mirror": true}
					]
				},
				{
					"name": "hand7",
					"parent": "hand6",
					"pivot": [7, 9, -1],
					"rotation": [0, 0, 55],
					"cubes": [
						{"origin": [6.08716, 7, -1.55], "size": [1, 2, 1], "inflate": -0.2, "uv": [0, 0], "mirror": true}
					]
				},
				{
					"name": "hand8",
					"parent": "hand6",
					"pivot": [7, 9, 0.5],
					"rotation": [0, 0, 55],
					"cubes": [
						{"origin": [6.08716, 7, 0.05], "size": [1, 2, 1], "inflate": -0.2, "uv": [0, 0], "mirror": true}
					]
				},
				{
					"name": "hand9",
					"parent": "hand6",
					"pivot": [7, 9, 1.5],
					"rotation": [0, 0, 55],
					"cubes": [
						{"origin": [6.08716, 7, 0.8], "size": [1, 2, 1], "inflate": -0.2, "uv": [0, 0], "mirror": true}
					]
				},
				{
					"name": "hand10",
					"parent": "hand6",
					"pivot": [7, 9, -0.25],
					"rotation": [0, 0, 55],
					"cubes": [
						{"origin": [6.08716, 7, -0.7], "size": [1, 2, 1], "inflate": -0.2, "uv": [0, 0], "mirror": true}
					]
				},
				{
					"name": "Handgun",
					"pivot": [-17, 30, 7],
					"cubes": [
						{"origin": [-20, 31, 7], "size": [6, 2, 2], "uv": [26, 23]},
						{"origin": [-20, 27, 7], "size": [6, 2, 2], "uv": [26, 23]},
						{"origin": [-20, 29, 7], "size": [2, 2, 2], "uv": [26, 23]},
						{"origin": [-16, 29, 7], "size": [2, 2, 2], "uv": [26, 23]}
					],
					"locators": {
						"b": [-17, 30, 5],
						"lead": [-17, 30, 5]
					}
				},
				{
					"name": "gn1",
					"parent": "Handgun",
					"pivot": [-17, 30, 7],
					"cubes": [
						{"origin": [-18, 29, -1593], "size": [2, 2, 1600], "inflate": 0.5, "uv": [0, 0]}
					]
				},
				{
					"name": "Handgun5",
					"parent": "Handgun",
					"pivot": [-20, 29, 8],
					"rotation": [20, 0, -60],
					"cubes": [
						{"origin": [-21, 29, 7.03407], "size": [2, 3, 2], "uv": [0, 0]}
					]
				},
				{
					"name": "Handgun6",
					"parent": "Handgun5",
					"pivot": [-20, 32, 8],
					"rotation": [35, 0, 0],
					"cubes": [
						{"origin": [-21, 32, 7], "size": [2, 3, 2], "uv": [0, 0]}
					]
				},
				{
					"name": "Handgun0",
					"parent": "Handgun",
					"pivot": [-19, 33, 8],
					"rotation": [25, 0, -40],
					"cubes": [
						{"origin": [-20, 33, 7.03407], "size": [2, 3, 2], "uv": [0, 0]}
					]
				},
				{
					"name": "Handgun2",
					"parent": "Handgun0",
					"pivot": [-19, 36, 8],
					"rotation": [35, 0, 0],
					"cubes": [
						{"origin": [-20, 36, 7], "size": [2, 3, 2], "uv": [0, 0]}
					]
				},
				{
					"name": "Handgun3",
					"parent": "Handgun",
					"pivot": [-15, 33, 8],
					"rotation": [25, 0, 35],
					"cubes": [
						{"origin": [-16, 33, 7.03407], "size": [2, 3, 2], "uv": [0, 0], "mirror": true}
					]
				},
				{
					"name": "Handgun4",
					"parent": "Handgun3",
					"pivot": [-15, 36, 8],
					"rotation": [40, 0, 0],
					"cubes": [
						{"origin": [-16, 36, 7], "size": [2, 3, 2], "uv": [0, 0], "mirror": true}
					]
				},
				{
					"name": "Handgun7",
					"parent": "Handgun",
					"pivot": [-14, 29, 8],
					"rotation": [20, 0, 45],
					"cubes": [
						{"origin": [-15, 29, 7.03407], "size": [2, 3, 2], "uv": [0, 0]}
					]
				},
				{
					"name": "Handgun8",
					"parent": "Handgun7",
					"pivot": [-14, 32, 8],
					"rotation": [35, 0, 0],
					"cubes": [
						{"origin": [-15, 32, 7], "size": [2, 3, 2], "uv": [0, 0]}
					]
				},
				{
					"name": "Handgun9",
					"parent": "Handgun",
					"pivot": [-17, 33, 8],
					"rotation": [25, 0, 0],
					"cubes": [
						{"origin": [-18, 33, 7.03407], "size": [2, 3, 2], "uv": [0, 0]}
					]
				},
				{
					"name": "Handgun10",
					"parent": "Handgun9",
					"pivot": [-17, 36, 8],
					"rotation": [35, 0, 0],
					"cubes": [
						{"origin": [-18, 36, 7], "size": [2, 3, 2], "uv": [0, 0]}
					]
				},
				{
					"name": "Handgun11",
					"pivot": [18, 30, 7],
					"cubes": [
						{"origin": [15, 31, 7], "size": [6, 2, 2], "uv": [26, 23]},
						{"origin": [15, 27, 7], "size": [6, 2, 2], "uv": [26, 23]},
						{"origin": [15, 29, 7], "size": [2, 2, 2], "uv": [26, 23]},
						{"origin": [19, 29, 7], "size": [2, 2, 2], "uv": [26, 23]}
					],
					"locators": {
						"b2": [18, 30, 5],
						"lead": [18, 30, 5]
					}
				},
				{
					"name": "gn2",
					"parent": "Handgun11",
					"pivot": [18, 30, 7],
					"cubes": [
						{"origin": [16, 29, -1593], "size": [2, 2, 1600], "inflate": 0.5, "uv": [0, 0]}
					]
				},
				{
					"name": "Handgun12",
					"parent": "Handgun11",
					"pivot": [15, 29, 8],
					"rotation": [20, 0, -60],
					"cubes": [
						{"origin": [14, 29, 7.03407], "size": [2, 3, 2], "uv": [0, 0]}
					]
				},
				{
					"name": "Handgun13",
					"parent": "Handgun12",
					"pivot": [15, 32, 8],
					"rotation": [35, 0, 0],
					"cubes": [
						{"origin": [14, 32, 7], "size": [2, 3, 2], "uv": [0, 0]}
					]
				},
				{
					"name": "Handgun14",
					"parent": "Handgun11",
					"pivot": [16, 33, 8],
					"rotation": [25, 0, -40],
					"cubes": [
						{"origin": [15, 33, 7.03407], "size": [2, 3, 2], "uv": [0, 0]}
					]
				},
				{
					"name": "Handgun15",
					"parent": "Handgun14",
					"pivot": [16, 36, 8],
					"rotation": [35, 0, 0],
					"cubes": [
						{"origin": [15, 36, 7], "size": [2, 3, 2], "uv": [0, 0]}
					]
				},
				{
					"name": "Handgun16",
					"parent": "Handgun11",
					"pivot": [20, 33, 8],
					"rotation": [25, 0, 35],
					"cubes": [
						{"origin": [19, 33, 7.03407], "size": [2, 3, 2], "uv": [0, 0], "mirror": true}
					]
				},
				{
					"name": "Handgun17",
					"parent": "Handgun16",
					"pivot": [20, 36, 8],
					"rotation": [40, 0, 0],
					"cubes": [
						{"origin": [19, 36, 7], "size": [2, 3, 2], "uv": [0, 0], "mirror": true}
					]
				},
				{
					"name": "Handgun18",
					"parent": "Handgun11",
					"pivot": [21, 29, 8],
					"rotation": [20, 0, 45],
					"cubes": [
						{"origin": [20, 29, 7.03407], "size": [2, 3, 2], "uv": [0, 0]}
					]
				},
				{
					"name": "Handgun19",
					"parent": "Handgun18",
					"pivot": [21, 32, 8],
					"rotation": [35, 0, 0],
					"cubes": [
						{"origin": [20, 32, 7], "size": [2, 3, 2], "uv": [0, 0]}
					]
				},
				{
					"name": "Handgun20",
					"parent": "Handgun11",
					"pivot": [18, 33, 8],
					"rotation": [25, 0, 0],
					"cubes": [
						{"origin": [17, 33, 7.03407], "size": [2, 3, 2], "uv": [0, 0]}
					]
				},
				{
					"name": "Handgun21",
					"parent": "Handgun20",
					"pivot": [18, 36, 8],
					"rotation": [35, 0, 0],
					"cubes": [
						{"origin": [17, 36, 7], "size": [2, 3, 2], "uv": [0, 0]}
					]
				}
			]
		}
	]
}