{
	"format_version": "1.12.0",
	"minecraft:geometry": [
		{
			"description": {
				"identifier": "geometry.h2v_gaster_self_laser",
				"texture_width": 5120,
				"texture_height": 5120,
				"visible_bounds_width": 199,
				"visible_bounds_height": 3,
				"visible_bounds_offset": [0, 0, 0]
			},
			"bones": [
				{
					"name": "gn1",
					"parent": "Handgun",
					"cubes": [
						{"origin": [-18, 29, -1593], "size": [2, 2, 1600], "inflate": 0.5, "uv": [0, 0]}
					]
				},
				{
					"name": "gn2",
					"parent": "Handgun11",
					"cubes": [
						{"origin": [16, 29, -1593], "size": [2, 2, 1600], "inflate": 0.5, "uv": [0, 0], "mirror": true}
					]
				}
			]
		}
	]
}