{
    "format_version": "1.20.0",
    "minecraft:block": {
        "description": {
            "identifier": "ycreatures_savanna:crocodilo_egg_block2s2"
        },
        "components": {
            "minecraft:material_instances": {
                "*": {
                    "texture": "crocodilo_egg_crack",
                    "render_method": "opaque"
                }
            },
            "minecraft:collision_box": {
                "origin": [ -4, 0, -5 ],
                "size": [ 8, 6, 11 ]
            },
			"tag:ybrothersplants": {},
            "minecraft:selection_box": {
                "origin": [ -4, 0, -5 ],
                "size": [ 8, 6, 11 ]
            },
            "minecraft:loot": "loot_tables/empty_loot.json",
			"minecraft:random_ticking": {
			   "on_tick": {
			     "event": "minecraft:egg_eclode",
			     "target": "self"
		       }
	        },
			"minecraft:placement_filter": {
                "conditions": [
                {
                "allowed_faces": ["up"]
                }
              ]
            },
            "minecraft:geometry": "geometry.ycreatures_egg_amount_2",
            "minecraft:destructible_by_mining": {
		      "seconds_to_destroy": 1
	        },
	        "minecraft:destructible_by_explosion": {
		      "explosion_resistance": 0
	        },
            "minecraft:map_color": "#FFFAFA",
			"minecraft:on_fall_on": {
              "event": "minecraft:optional_break_egg",
			  "condition": "!query.has_any_family('crocodilo_adult')",
			  "min_fall_distance": 1.0,
              "target": "self"
            }
        },
		"events": {
		"minecraft:optional_break_egg": {
		  "randomize": [
		    {
			  "weight": 1,
              "run_command": {
			 	 "command": [
				    "playsound fall.egg @a[r=8] ~ ~ ~ 8.0 1.0"
				    ]
			    }
		 	},
			{
			  "weight": 1,
                "run_command": {
			      "command": [
				    "particle minecraft:egg_creature_break ~-0.5 ~ ~-0.5",
				    "playsound block.turtle_egg.crack @a[r=8] ~ ~ ~ 2.0 1.0",
				    "setblock ~ ~ ~ ycreatures_savanna:crocodilo_egg_block1s2"
				        ]
			        }
		 	    }
		    ]
		},
		"minecraft:egg_eclode": {
			"randomize": [
		    {
			  "weight": 42
		 	},
			{
			  "weight": 1,
              "run_command": {
					"target": "self",
					"command": [
						"setblock ~ ~ ~ air",
						"summon ycreatures_savanna:savanna_crocodilo ~ ~ ~ facing ~ ~ ~ minecraft:entity_born",
						"summon ycreatures_savanna:savanna_crocodilo ~ ~ ~ facing ~ ~ ~ minecraft:entity_born",
						"particle minecraft:egg_creature_break ~-0.5 ~ ~-0.5"
					        ]
				        }
		 	        }
		        ]
			}
		}
    }
}