{
    "format_version": "1.20.0",
    "minecraft:block": {
        "description": {
            "identifier": "ycreatures_savanna:monitor_egg_block3s1"
        },
        "components": {
            "minecraft:material_instances": {
                "*": {
                    "texture": "monitor_egg",
                    "render_method": "opaque"
                }
            },
            "minecraft:collision_box": {
                "origin": [ -4, 0, -5 ],
                "size": [ 8, 6, 11 ]
            },
			"tag:ybrothersplants": {},
            "minecraft:selection_box": {
                "origin": [ -4, 0, -5 ],
                "size": [ 8, 6, 11 ]
            },
            "minecraft:loot": "loot_tables/empty_loot.json",
			"minecraft:random_ticking": {
			   "on_tick": {
			     "event": "minecraft:egg_crack",
			     "target": "self"
		       }
	        },
			"minecraft:placement_filter": {
                "conditions": [
                {
                "allowed_faces": ["up"]
                }
              ]
            },
			"minecraft:on_player_destroyed": {
				"event": "minecraft:pick_block",
				"condition": "query.equipped_item_any_tag('slot.weapon.mainhand', 'minecraft:is_hoe')",
				"target": "self"
			},
			"minecraft:on_interact": {
               "condition": "query.get_equipped_item_name('main_hand') =='monitor_ovo'",
               "event": "minecraft:update_egg",
			   "target": "self"
            },
            "minecraft:geometry": "geometry.ycreatures_egg_amount_3",
            "minecraft:destructible_by_mining": {
		      "seconds_to_destroy": 1
	        },
	        "minecraft:destructible_by_explosion": {
		      "explosion_resistance": 0
	        },
            "minecraft:map_color": "#FFFAFA",
			"minecraft:on_fall_on": {
              "event": "minecraft:optional_break_egg",
			  "condition": "!query.is_sneaking && !query.has_any_family('monitor')",
			  "min_fall_distance": 1.0,
              "target": "self"
            }
        },
		"events": {
		"minecraft:optional_break_egg": {
		  "randomize": [
		    {
			  "weight": 3,
              "run_command": {
			 	 "command": [
				    "playsound fall.egg @a[r=8] ~ ~ ~ 8.0 1.0"
				    ]
			    }
		 	},
			{
			  "weight": 1,
                "run_command": {
			      "command": [
				    "particle minecraft:egg_creature_break ~-0.5 ~ ~-0.5",
				    "playsound block.turtle_egg.crack @a[r=8] ~ ~ ~ 2.0 1.0",
				    "setblock ~ ~ ~ ycreatures_savanna:monitor_egg_block2s1"
				        ]
			        }
		 	    }
		    ]
		},
		"minecraft:pick_block": {
			"spawn_loot": {
				"table": "loot_tables/blocks/monitor_egg_amount3.json"
			},
			"run_command": {
			  "command": [
				"playsound block.turtle_egg.crack @a[r=8] ~ ~ ~ 2.0 1.0"
				]
			}
		},
		"minecraft:update_egg": {
			"decrement_stack": {},
			"run_command": {
			  "command": [
				   "setblock ~ ~ ~ ycreatures_savanna:monitor_egg_block4s1"
				]
			}
		},
		"minecraft:egg_crack": {
			"randomize": [
		    {
			  "weight": 42
		 	},
			{
			  "weight": 1,
              "run_command": {
					"target": "self",
					"command": [
						"setblock ~ ~ ~ ycreatures_savanna:monitor_egg_block3s2",
						"playsound block.turtle_egg.crack @a[r=16] ~ ~ ~ 8.0 1.0"
					        ]
				        }
		 	        }
		        ]
			}
		}
    }
}