{
	"format_version": "1.12.0",
	"minecraft:geometry": [
		{
			"description": {
				"identifier": "geometry.portal_gunx",
				"texture_width": 64,
				"texture_height": 64,
				"visible_bounds_width": 4,
				"visible_bounds_height": 4,
				"visible_bounds_offset": [0, 1, 0]
			},
			"bones": [
				{
					"name": "root",
					"pivot": [0, 0, 0]
				},
				{
					"name": "waist",
					"parent": "root",
					"pivot": [0, 12, 0]
				},
				{
					"name": "body",
					"parent": "waist",
					"pivot": [0, 24, 0]
				},
				{
					"name": "rightArm",
					"parent": "body",
					"pivot": [-5, 22, -4]
				},
				{
					"name": "pg_1st",
					"parent": "rightArm",
					"pivot": [-5, 22, -4],
					"rotation": [40, 0, 0],
					"cubes": [
						{"origin": [-8, 13, -10], "size": [4, 4, 5], "uv": [0, 0]},
						{"origin": [-8, 11.25, -20], "size": [4, 1, 8], "uv": [28, 0]},
						{"origin": [-7.5, 11.25, -21], "size": [3, 1, 1], "uv": [28, 0]},
						{"origin": [-7.5, 11.25, -12], "size": [3, 1, 1], "uv": [29, 0]},
						{"origin": [-7.5, 20.25, -17], "size": [1, 1, 2], "pivot": [-4.5, 17.25, -22], "rotation": [0, 0, -90], "uv": [0, 27]},
						{"origin": [-1.5, 20.25, -15.5], "size": [1, 0.5, 3.5], "pivot": [1.5, 16.75, -22], "rotation": [0, 0, -90], "uv": [0, 35]},
						{"origin": [-2, 13.5, -19], "size": [0.5, 0.75, 4], "pivot": [-2, 13.75, -15.5], "rotation": [0, 45, -90], "uv": [0, 40]},
						{"origin": [-9.75, 13.5, -18.5], "size": [0.5, 0.75, 3.5], "pivot": [-9.75, 13.75, -15.5], "rotation": [0, 45, -90], "uv": [0, 41]},
						{"origin": [-6, 16.25, -19.5], "size": [0.5, 0.75, 4], "pivot": [-6, 16.5, -16], "rotation": [0, -30, -90], "uv": [0, 40]},
						{"origin": [-6, 17.75, -22.5], "size": [0.5, 0.75, 5], "pivot": [-6, 18, -19], "rotation": [0, 30, -90], "uv": [0, 38]},
						{"origin": [-2, 11.5, -22.25], "size": [0.5, 0.75, 5], "pivot": [-2, 11.75, -18.75], "rotation": [0, -25, -130], "uv": [0, 39]},
						{"origin": [-10, 11.5, -22.25], "size": [0.5, 0.75, 5], "pivot": [-10, 11.75, -18.75], "rotation": [-15, -15, -5], "uv": [0, 39]},
						{"origin": [-9, 20.25, -15.5], "size": [1, 0.5, 3.5], "pivot": [-6, 16.75, -22], "rotation": [0, 0, -90], "uv": [0, 35]},
						{"origin": [-2, 20.75, -12.25], "size": [1, 0.5, 5], "pivot": [1, 17.25, -17.25], "rotation": [0, 0, -90], "uv": [0, 35]},
						{"origin": [-8.5, 20.75, -12.25], "size": [1, 0.5, 5], "pivot": [-5.5, 17.25, -17.25], "rotation": [0, 0, -90], "uv": [0, 34]},
						{"origin": [-3, 20.75, -17], "size": [1, 1, 2], "pivot": [0, 17.25, -22], "rotation": [0, 0, -90], "uv": [0, 36]},
						{"origin": [-4, 13.25, -9.75], "size": [1, 3.5, 4.5], "uv": [0, 9]},
						{"origin": [-4, 13.25, -0.75], "size": [1, 3.5, 3.5], "pivot": [-2, 13, -3], "rotation": [0, -90, 0], "uv": [22, 0]},
						{"origin": [-9, 13.25, -9.75], "size": [1, 3.5, 4.25], "uv": [0, 9]},
						{"origin": [-6, 19.5, -9.5], "size": [0.5, 3, 4], "pivot": [-4, 19, -12], "rotation": [0, 0, -90], "uv": [13, 0]},
						{"origin": [-7, 13.5, -16], "size": [2, 2, 6], "uv": [0, 16]},
						{"origin": [-8, 12.5, -17], "size": [4, 4, 2], "uv": [0, 24]},
						{"origin": [-7.5, 13, -19], "size": [3, 3, 2], "uv": [0, 24]},
						{"origin": [-7, 13.5, -21], "size": [2, 2, 2], "uv": [0, 30]}
					]
				},
				{
					"name": "bone2",
					"parent": "pg_1st",
					"pivot": [-3.5, 14.25, -16],
					"rotation": [0, 0, 15],
					"cubes": [
						{"origin": [-2.5, 20.25, -18], "size": [1, 1, 4], "pivot": [0.5, 17.25, -22], "rotation": [0, 0, -90], "uv": [28, 0]},
						{"origin": [-3.5, 18.25, -19], "size": [3, 1, 6], "pivot": [0.5, 15.25, -22], "rotation": [0, 0, -90], "uv": [28, 0]}
					]
				},
				{
					"name": "bone",
					"parent": "pg_1st",
					"pivot": [-8.5, 14.25, -16],
					"rotation": [0, 0, -15],
					"cubes": [
						{"origin": [-8.5, 20.25, -18], "size": [1, 1, 4], "pivot": [-5.5, 17.25, -22], "rotation": [0, 0, -90], "uv": [28, 0]},
						{"origin": [-9.5, 18.25, -19], "size": [3, 1, 6], "pivot": [-5.5, 15.25, -22], "rotation": [0, 0, -90], "uv": [28, 0]}
					]
				},
				{
					"name": "pg_3rd",
					"parent": "rightArm",
					"pivot": [-4.75, 22, -1.5],
					"rotation": [90, 0, 0],
					"cubes": [
						{"origin": [-7.75, 20, -11.5], "size": [4, 4, 5], "uv": [0, 0]},
						{"origin": [-7.75, 18, -21.5], "size": [4, 1, 8], "uv": [28, 0]},
						{"origin": [-7.25, 18, -22.5], "size": [3, 1, 1], "uv": [28, 0]},
						{"origin": [-7.25, 18, -13.5], "size": [3, 1, 1], "uv": [29, 0]},
						{"origin": [-7.25, 21.25, -20.5], "size": [3, 1, 6], "pivot": [-3.25, 22.25, -17.5], "rotation": [0, 0, -75], "uv": [28, 0]},
						{"origin": [-2.25, 27.25, -19.5], "size": [1, 1, 4], "pivot": [0.75, 24.25, -19.5], "rotation": [0, 0, -90], "uv": [28, 0]},
						{"origin": [-12.25, 22.25, -20.5], "size": [3, 1, 6], "pivot": [-8.25, 22.25, -17.5], "rotation": [0, 0, -105], "uv": [28, 0]},
						{"origin": [-8.25, 27.25, -19.5], "size": [1, 1, 4], "pivot": [-5.25, 24.25, -19.5], "rotation": [0, 0, -90], "uv": [28, 0]},
						{"origin": [-7.25, 27.25, -18.5], "size": [1, 1, 2], "pivot": [-4.25, 24.25, -19.5], "rotation": [0, 0, -90], "uv": [0, 27]},
						{"origin": [-1.25, 27.25, -17], "size": [1, 0.5, 3.5], "pivot": [1.75, 23.75, -19.5], "rotation": [0, 0, -90], "uv": [0, 35]},
						{"origin": [1.07843, 20.5, -19.32843], "size": [0.5, 0.75, 4], "pivot": [-1.75, 20.75, -13], "rotation": [0, 45, -90], "uv": [0, 40]},
						{"origin": [-6.67157, 20.5, -18.82843], "size": [0.5, 0.75, 3.5], "pivot": [-9.5, 20.75, -13], "rotation": [0, 45, -90], "uv": [0, 41]},
						{"origin": [-7.75, 23.25, -20.4641], "size": [0.5, 0.75, 4], "pivot": [-5.75, 23.5, -13.5], "rotation": [0, -30, -90], "uv": [0, 40]},
						{"origin": [-3.75, 24.75, -23.4641], "size": [0.5, 0.75, 5], "pivot": [-5.75, 25, -16.5], "rotation": [0, 30, -90], "uv": [0, 38]},
						{"origin": [-3.44047, 18.5, -23.37523], "size": [0.5, 0.75, 5], "pivot": [-1.75, 18.75, -16.25], "rotation": [0, -25, -130], "uv": [0, 39]},
						{"origin": [-10.78528, 17.5, -23.48205], "size": [0.5, 0.75, 5], "pivot": [-9.75, 18.75, -16.25], "rotation": [-15, -15, -5], "uv": [0, 39]},
						{"origin": [-8.75, 27.25, -17], "size": [1, 0.5, 3.5], "pivot": [-5.75, 23.75, -19.5], "rotation": [0, 0, -90], "uv": [0, 35]},
						{"origin": [-1.75, 27.75, -13.75], "size": [1, 0.5, 5], "pivot": [1.25, 24.25, -14.75], "rotation": [0, 0, -90], "uv": [0, 35]},
						{"origin": [-8.25, 27.75, -13.75], "size": [1, 0.5, 5], "pivot": [-5.25, 24.25, -14.75], "rotation": [0, 0, -90], "uv": [0, 34]},
						{"origin": [-2.75, 27.75, -18.5], "size": [1, 1, 2], "pivot": [0.25, 24.25, -19.5], "rotation": [0, 0, -90], "uv": [0, 36]},
						{"origin": [-3.75, 20.25, -11.25], "size": [1, 3.5, 4.5], "uv": [0, 9]},
						{"origin": [-7.75, 20.25, 1.75], "size": [1, 3.5, 3.5], "pivot": [-1.75, 20, -0.5], "rotation": [0, -90, 0], "uv": [22, 0]},
						{"origin": [-8.75, 20.25, -11.25], "size": [1, 3.5, 4.25], "uv": [0, 9]},
						{"origin": [-5.75, 26.5, -11], "size": [0.5, 3, 4], "pivot": [-3.75, 26, -9.5], "rotation": [0, 0, -90], "uv": [13, 0]},
						{"origin": [-6.75, 20.5, -17.5], "size": [2, 2, 6], "uv": [0, 16]},
						{"origin": [-7.75, 19.5, -18.5], "size": [4, 4, 2], "uv": [0, 24]},
						{"origin": [-7.25, 20, -20.5], "size": [3, 3, 2], "uv": [0, 24]},
						{"origin": [-6.75, 20.5, -22.5], "size": [2, 2, 2], "uv": [0, 30]}
					]
				}
			]
		}
	]
}