{
	"format_version": "1.12.0",
	"minecraft:geometry": [
		{
			"description": {
				"identifier": "geometry.pgbook1",
				"texture_width": 28,
				"texture_height": 28,
				"visible_bounds_width": 4,
				"visible_bounds_height": 4,
				"visible_bounds_offset": [0, 1, 0]
			},
			"bones": [
				{
					"name": "root",
					"pivot": [0, 0, 0]
				},
				{
					"name": "waist",
					"parent": "root",
					"pivot": [0, 12, 0]
				},
				{
					"name": "body",
					"parent": "waist",
					"pivot": [0, 24, 0]
				},
				{
					"name": "rightArm",
					"parent": "body",
					"pivot": [-5, 22, -4]
				},
				{
					"name": "book",
					"parent": "rightArm",
					"pivot": [-5, 12, -3],
					"cubes": [
						{"origin": [-6, 7, -3], "size": [2, 10, 1], "uv": [0, 0]},
						{"origin": [-6, 7, -9], "size": [1, 10, 6], "pivot": [-5, 16, -3], "rotation": [0, 60, 0], "uv": [14, 7]},
						{"origin": [-5, 7, -9], "size": [1, 10, 6], "pivot": [-5, 16, -3], "rotation": [0, -60, 0], "uv": [0, 7]}
					]
				}
			]
		}
	]
}