{
	"format_version": "1.12.0",
	"minecraft:geometry": [
		{
			"description": {
				"identifier": "geometry.portal_cube_tube",
				"texture_width": 128,
				"texture_height": 170,
				"visible_bounds_width": 5,
				"visible_bounds_height": 3.5,
				"visible_bounds_offset": [0, 1.25, 0]
			},
			"bones": [
				{
					"name": "whole",
					"pivot": [0, -0.3, 0],
					"rotation": [0, -90, 0],
					"cubes": [
						{"origin": [15, 1.7, -7], "size": [2, 30, 2], "uv": [106, 0]},
						{"origin": [-2, 1.7, -16], "size": [2, 30, 2], "uv": [105, 0]},
						{"origin": [-2, 1.7, 18], "size": [2, 30, 2], "uv": [105, 0]},
						{"origin": [-16, 1.7, -7], "size": [2, 30, 2], "uv": [105, 0]},
						{"origin": [15, 1.7, 9], "size": [2, 30, 2], "uv": [106, 0]},
						{"origin": [-16, 1.7, 9], "size": [2, 30, 2], "uv": [105, 0]},
						{"origin": [-24, 30.7, 0], "size": [25, 1, 24], "uv": [0, 56]},
						{"origin": [1, 30.7, 0], "size": [23, 1, 24], "uv": [0, 56], "mirror": true},
						{"origin": [-22, 30.7, -25], "size": [24, 1, 25], "pivot": [-11, 31.7, -13], "rotation": [0, -90, 0], "uv": [0, 108]},
						{"origin": [4, 30.7, -25], "size": [23, 1, 25], "pivot": [14, 31.7, -12], "rotation": [-180, 0, 180], "uv": [0, 81]},
						{"origin": [1, -0.3, -19], "size": [5, 5, 4], "uv": [0, 135]},
						{"origin": [2.5, 1.05, -21], "size": [2, 2, 3], "pivot": [3, 1.7, -19], "rotation": [-47.5, 0, 0], "uv": [0, 144]},
						{"origin": [2.5, 3.69018, -31.81677], "size": [2, 2, 12], "pivot": [3, 3.8168, -20.89251], "rotation": [-80, 0, 0], "uv": [0, 149]},
						{"origin": [2.5, 15.03862, -37.70581], "size": [2, 2, 17], "pivot": [3, 15.76421, -22.02289], "rotation": [-97.5, 0, 0], "uv": [28, 144]}
					]
				},
				{
					"name": "hexadecagon",
					"parent": "whole",
					"pivot": [6, -4.8, -4],
					"cubes": [
						{"origin": [-3.97825, -0.3, -18], "size": [7.95649, 3, 3], "pivot": [0, 1.2, 2], "rotation": [0, 45, 0], "uv": [64, 1]},
						{"origin": [-3.97825, -0.3, -18], "size": [7.95649, 3, 3], "pivot": [0, 1.2, 2], "rotation": [0, 22.5, 0], "uv": [64, 1]},
						{"origin": [-3.97825, -0.3, -18], "size": [7.95649, 3, 3], "uv": [64, 1]},
						{"origin": [-3.97825, -0.3, -18], "size": [7.95649, 3, 3], "pivot": [0, 1.2, 2], "rotation": [0, -22.5, 0], "uv": [64, 1]},
						{"origin": [-3.97825, -0.3, -18], "size": [7.95649, 3, 3], "pivot": [0, 1.2, 2], "rotation": [0, -45, 0], "uv": [64, 1]},
						{"origin": [-3.97825, -0.3, 19], "size": [7.95649, 3, 3], "pivot": [0, 1.2, 2], "rotation": [0, 45, 0], "uv": [64, 1]},
						{"origin": [-3.97825, -0.3, 19], "size": [7.95649, 3, 3], "pivot": [0, 1.2, 2], "rotation": [0, 22.5, 0], "uv": [64, 1]},
						{"origin": [-3.97825, -0.3, 19], "size": [7.95649, 3, 3], "uv": [64, 1]},
						{"origin": [-3.97825, -0.3, 19], "size": [7.95649, 3, 3], "pivot": [0, 1.2, 2], "rotation": [0, -22.5, 0], "uv": [64, 1]},
						{"origin": [-3.97825, -0.3, 19], "size": [7.95649, 3, 3], "pivot": [0, 1.2, 2], "rotation": [0, -45, 0], "uv": [64, 1]},
						{"origin": [17, -0.3, -1.97825], "size": [3, 3, 7.95649], "pivot": [0, 1.2, 2], "rotation": [0, 22.5, 0], "uv": [64, 1]},
						{"origin": [17, -0.3, -1.97825], "size": [3, 3, 7.95649], "uv": [64, 1]},
						{"origin": [17, -0.3, -1.97825], "size": [3, 3, 7.95649], "pivot": [0, 1.2, 2], "rotation": [0, -22.5, 0], "uv": [64, 1]},
						{"origin": [-20, -0.3, -1.97825], "size": [3, 3, 7.95649], "pivot": [0, 1.2, 2], "rotation": [0, 22.5, 0], "uv": [64, 1]},
						{"origin": [-20, -0.3, -1.97825], "size": [3, 3, 7.95649], "uv": [64, 1]},
						{"origin": [-20, -0.3, -1.97825], "size": [3, 3, 7.95649], "pivot": [0, 1.2, 2], "rotation": [0, -22.5, 0], "uv": [64, 1]}
					]
				},
				{
					"name": "hexadecagon",
					"parent": "whole",
					"pivot": [6.5, 24.2, -4],
					"cubes": [
						{"origin": [-3.08042, 28.7, -16], "size": [7.16085, 3, 3], "pivot": [0.5, 30.2, 2], "rotation": [0, 45, 0], "uv": [85, 0]},
						{"origin": [-3.08042, 28.7, -16], "size": [7.16085, 3, 3], "pivot": [0.5, 30.2, 2], "rotation": [0, 22.5, 0], "uv": [85, 0]},
						{"origin": [-3.08042, 28.7, -16], "size": [7.16085, 3, 3], "uv": [85, 0]},
						{"origin": [-3.08042, 28.7, -16], "size": [7.16085, 3, 3], "pivot": [0.5, 30.2, 2], "rotation": [0, -22.5, 0], "uv": [85, 0]},
						{"origin": [-3.08042, 28.7, -16], "size": [7.16085, 3, 3], "pivot": [0.5, 30.2, 2], "rotation": [0, -45, 0], "uv": [85, 0]},
						{"origin": [-3.08042, 28.7, 17], "size": [7.16085, 3, 3], "pivot": [0.5, 30.2, 2], "rotation": [0, 45, 0], "uv": [85, 0]},
						{"origin": [-3.08042, 28.7, 17], "size": [7.16085, 3, 3], "pivot": [0.5, 30.2, 2], "rotation": [0, 22.5, 0], "uv": [85, 0]},
						{"origin": [-3.08042, 28.7, 17], "size": [7.16085, 3, 3], "uv": [85, 0]},
						{"origin": [-3.08042, 28.7, 17], "size": [7.16085, 3, 3], "pivot": [0.5, 30.2, 2], "rotation": [0, -22.5, 0], "uv": [85, 0]},
						{"origin": [-3.08042, 28.7, 17], "size": [7.16085, 3, 3], "pivot": [0.5, 30.2, 2], "rotation": [0, -45, 0], "uv": [85, 0]},
						{"origin": [15.5, 28.7, -1.58042], "size": [3, 3, 7.16085], "pivot": [0.5, 30.2, 2], "rotation": [0, 22.5, 0], "uv": [85, 0]},
						{"origin": [15.5, 28.7, -1.58042], "size": [3, 3, 7.16085], "uv": [85, 0]},
						{"origin": [15.5, 28.7, -1.58042], "size": [3, 3, 7.16085], "pivot": [0.5, 30.2, 2], "rotation": [0, -22.5, 0], "uv": [85, 0]},
						{"origin": [-17.5, 28.7, -1.58042], "size": [3, 3, 7.16085], "pivot": [0.5, 30.2, 2], "rotation": [0, 22.5, 0], "uv": [85, 0]},
						{"origin": [-17.5, 28.7, -1.58042], "size": [3, 3, 7.16085], "uv": [85, 0]},
						{"origin": [-17.5, 28.7, -1.58042], "size": [3, 3, 7.16085], "pivot": [0.5, 30.2, 2], "rotation": [0, -22.5, 0], "uv": [85, 0]}
					]
				},
				{
					"name": "door_right",
					"parent": "whole",
					"pivot": [0, -1.2, 0]
				},
				{
					"name": "door1",
					"parent": "door_right",
					"pivot": [0, -1.2, 0],
					"cubes": [
						{"origin": [0, -0.2, -15], "size": [11, 1, 4], "uv": [0, 32]}
					]
				},
				{
					"name": "door5",
					"parent": "door_right",
					"pivot": [0, -1.2, 30],
					"cubes": [
						{"origin": [0, -0.2, 15], "size": [11, 1, 4], "uv": [0, 32]}
					]
				},
				{
					"name": "door2",
					"parent": "door_right",
					"pivot": [0, -1.2, 4],
					"cubes": [
						{"origin": [0, -0.2, -11], "size": [15, 1, 4], "uv": [30, 32]}
					]
				},
				{
					"name": "door4",
					"parent": "door_right",
					"pivot": [0, -1.2, 26],
					"cubes": [
						{"origin": [0, -0.2, 11], "size": [15, 1, 4], "uv": [30, 32]}
					]
				},
				{
					"name": "door3",
					"parent": "door_right",
					"pivot": [0, -1.2, 4],
					"cubes": [
						{"origin": [0, -0.2, -7], "size": [17, 1, 18], "uv": [0, 37]}
					]
				},
				{
					"name": "door_left",
					"parent": "whole",
					"pivot": [-17, -1.2, 0]
				},
				{
					"name": "door6",
					"parent": "door_left",
					"pivot": [-11, -1.2, 0],
					"cubes": [
						{"origin": [-11, -0.2, -15], "size": [11, 1, 4], "uv": [0, 32], "mirror": true}
					]
				},
				{
					"name": "door7",
					"parent": "door_left",
					"pivot": [-11, -1.2, 30],
					"cubes": [
						{"origin": [-11, -0.2, 15], "size": [11, 1, 4], "uv": [0, 32], "mirror": true}
					]
				},
				{
					"name": "door8",
					"parent": "door_left",
					"pivot": [-15, -1.2, 4],
					"cubes": [
						{"origin": [-15, -0.2, -11], "size": [15, 1, 4], "uv": [30, 32], "mirror": true}
					]
				},
				{
					"name": "door9",
					"parent": "door_left",
					"pivot": [-15, -1.2, 26],
					"cubes": [
						{"origin": [-15, -0.2, 11], "size": [15, 1, 4], "uv": [30, 32], "mirror": true}
					]
				},
				{
					"name": "door10",
					"parent": "door_left",
					"pivot": [-17, -1.2, 4],
					"cubes": [
						{"origin": [-17, -0.2, -7], "size": [17, 1, 18], "uv": [0, 37], "mirror": true}
					]
				}
			]
		}
	]
}