{
	"format_version": "1.12.0",
	"minecraft:geometry": [
		{
			"description": {
				"identifier": "geometry.portal_bullet",
				"texture_width": 16,
				"texture_height": 16,
				"visible_bounds_width": 2,
				"visible_bounds_height": 1.5,
				"visible_bounds_offset": [0, 0.25, 0]
			},
			"bones": [
				{
					"name": "bb_main",
					"pivot": [0, 0, 0],
					"cubes": [
						{"origin": [-1, 0.1, -1], "size": [2, 2, 2], "pivot": [0, 1, 0], "rotation": [0, 0, 45], "uv": [0, 0]},
						{"origin": [-1, 0, -1], "size": [2, 2, 2], "pivot": [0, 0, 0], "rotation": [0, -52.5, 0], "uv": [0, 0]}
					]
				}
			]
		}
	]
}