{
	"format_version": "1.12.0",
	"minecraft:geometry": [
		{
			"description": {
				"identifier": "geometry.portal_button_small_on",
				"texture_width": 64,
				"texture_height": 32,
				"visible_bounds_width": 2,
				"visible_bounds_height": 2.5,
				"visible_bounds_offset": [0, 0.75, 0]
			},
			"bones": [
				{
					"name": "whole",
					"pivot": [0, 0, 0],
					"cubes": [
						{"origin": [-3, 0, -3], "size": [6, 11, 6], "uv": [0, 10]},
						{"origin": [-4, 0, -4], "size": [8, 2, 8], "uv": [0, 0]}
					]
				},
				{
					"name": "button_body",
					"parent": "whole",
					"pivot": [0, 0, 0],
					"cubes": [
						{"origin": [-2.9, 7.28994, 2.7668], "size": [5.8, 5, 6], "pivot": [0, 0, 0], "rotation": [35, 0, 0], "uv": [24, 10]},
						{"origin": [-3, 12.28994, 2.7668], "size": [1, 1, 6], "pivot": [0, 0, 0], "rotation": [35, 0, 0], "uv": [24, 21]},
						{"origin": [-2, 12.28994, 7.7668], "size": [4, 1, 1], "pivot": [0, 0, 0], "rotation": [35, 0, 0], "uv": [38, 26]},
						{"origin": [2, 12.28994, 2.7668], "size": [1, 1, 6], "pivot": [0, 0, 0], "rotation": [35, 0, 0], "uv": [24, 21]},
						{"origin": [-2, 12.28994, 2.7668], "size": [4, 1, 1], "pivot": [0, 0, 0], "rotation": [35, 0, 0], "uv": [38, 26]}
					]
				},
				{
					"name": "button",
					"parent": "button_body",
					"pivot": [0, 13.19102, -0.06014],
					"cubes": [
						{"origin": [-1.5, 11.28994, 4.2668], "size": [3, 2, 3], "pivot": [0, 0, 0], "rotation": [35, 0, 0], "uv": [48, 23]}
					]
				}
			]
		}
	]
}