{
	"format_version": "1.12.0",
	"minecraft:geometry": [
		{
			"description": {
				"identifier": "geometry.portal_gun_glados",
				"texture_width": 64,
				"texture_height": 64,
				"visible_bounds_width": 4,
				"visible_bounds_height": 4,
				"visible_bounds_offset": [0, 1, 0]
			},
			"bones": [
				{
					"name": "root",
					"pivot": [0, 0, 0]
				},
				{
					"name": "waist",
					"parent": "root",
					"pivot": [0, 12, 0]
				},
				{
					"name": "body",
					"parent": "waist",
					"pivot": [0, 24, 0]
				},
				{
					"name": "rightArm",
					"parent": "body",
					"pivot": [-5, 22, -4]
				},
				{
					"name": "pg_3rd",
					"parent": "rightArm",
					"pivot": [-6, 17.75, -5],
					"rotation": [90, 0, 0],
					"cubes": [
						{"origin": [-8, 15.75, -11], "size": [4, 4, 5], "uv": [0, 0]},
						{"origin": [-8.5, 13.75, -21], "size": [5, 1, 8], "uv": [38, 17]},
						{"origin": [-8.5, 14.75, -20], "size": [5, 1, 14], "uv": [0, 46]},
						{"origin": [-7.5, 14, -22], "size": [3, 1, 1], "uv": [28, 0]},
						{"origin": [0.25, 17, -19.25], "size": [3.25, 1, 6.25], "pivot": [0.5, 14, -23], "rotation": [0, 0, -90], "uv": [28, 0]},
						{"origin": [1.45, 19, -18.2], "size": [1, 1, 4], "pivot": [0.5, 16, -23], "rotation": [0, 0, -90], "uv": [28, 0]},
						{"origin": [-5.75, 17, -20], "size": [3.25, 1, 7], "pivot": [-5.5, 14, -23], "rotation": [0, 0, -90], "uv": [28, 0]},
						{"origin": [-4.5, 19, -19], "size": [1, 1, 4], "pivot": [-5.5, 16, -23], "rotation": [0, 0, -90], "uv": [28, 0]},
						{"origin": [-3.5, 18.5, -18], "size": [1, 1.5, 2], "pivot": [-4.5, 16, -23], "rotation": [0, 0, -90], "uv": [0, 27]},
						{"origin": [2.5, 19, -16.6], "size": [1, 1, 3.5], "pivot": [1.5, 15.5, -23], "rotation": [0, 0, -90], "uv": [0, 35]},
						{"origin": [-2.5, 16.25, -19.5], "size": [1, 1, 3.5], "pivot": [-2, 16.5, -16.5], "rotation": [0, 47.5, -90], "uv": [0, 40]},
						{"origin": [-7.42157, 12.25, -16.67157], "size": [1, 1, 3.5], "pivot": [-9.75, 12.5, -16.5], "rotation": [0, 45, -90], "uv": [0, 41]},
						{"origin": [-3.0359, 14.75, -22], "size": [1, 1, 3.5], "pivot": [-6, 15.25, -17], "rotation": [0, -30, -90], "uv": [0, 40]},
						{"origin": [-3.0359, 16.25, -21.5], "size": [1, 1, 5], "pivot": [-6, 16.75, -20], "rotation": [0, 30, -90], "uv": [0, 38]},
						{"origin": [0.52709, 7.67885, -24.79498], "size": [1, 1, 5], "pivot": [-2, 10.5, -19.75], "rotation": [0, -25, -130], "uv": [0, 39]},
						{"origin": [-10.16326, 14.07565, -24.36849], "size": [1, 1, 5], "pivot": [-10, 10.5, -19.75], "rotation": [-15, -15, -5], "uv": [0, 39]},
						{"origin": [-5, 18.55, -16.6], "size": [1, 1, 3.5], "pivot": [-6, 15.5, -23], "rotation": [0, 0, -90], "uv": [0, 35]},
						{"origin": [2, 19, -13.25], "size": [1, 1, 5], "pivot": [1, 16, -18.25], "rotation": [0, 0, -90], "uv": [0, 35]},
						{"origin": [-4.5, 19.5, -13.25], "size": [1, 1, 5], "pivot": [-5.5, 16, -18.25], "rotation": [0, 0, -90], "uv": [0, 34]},
						{"origin": [1, 19.5, -18], "size": [1, 1.5, 2], "pivot": [0, 16, -23], "rotation": [0, 0, -90], "uv": [0, 36]},
						{"origin": [-4, 16, -10.75], "size": [1, 3.5, 4.5], "uv": [0, 9]},
						{"origin": [-4, 16, -1.75], "size": [1, 3.5, 3.5], "pivot": [-2, 11.75, -4], "rotation": [0, -90, 0], "uv": [22, 0]},
						{"origin": [-9, 16, -10.75], "size": [1, 3.5, 4.25], "uv": [0, 9]},
						{"origin": [-2, 18.25, -10.5], "size": [0.5, 3, 4], "pivot": [-4, 17.75, -13], "rotation": [0, 0, -90], "uv": [13, 0]},
						{"origin": [-7, 16.25, -17], "size": [2, 2, 6], "uv": [0, 16]},
						{"origin": [-8, 15.25, -18], "size": [4, 4, 2], "uv": [0, 24]},
						{"origin": [-7.5, 15.75, -20], "size": [3, 3, 2], "uv": [0, 24]},
						{"origin": [-7.5, 15.75, -16], "size": [3, 3, 5], "uv": [48, 0]},
						{"origin": [-7, 16.25, -22], "size": [2, 2, 2], "uv": [0, 30]},
						{"origin": [-8, 19.25, -23], "size": [5, 5, 0], "inflate": -1, "pivot": [-5, 22, -22], "rotation": [180, 0, 0], "uv": [53, 9]}
					]
				}
			]
		}
	]
}