{
	"format_version": "1.12.0",
	"minecraft:geometry": [
		{
			"description": {
				"identifier": "geometry.cbb",
				"texture_width": 128,
				"texture_height": 128,
				"visible_bounds_width": 12,
				"visible_bounds_height": 8,
				"visible_bounds_offset": [
					0,
					3,
					0
				]
			},
			"bones": [
				{
					"name": "root",
					"pivot": [
						0,
						8,
						0
					],
					"rotation": [
						0,
						90,
						0
					],
					"cubes": [
						{
							"origin": [
								-8,
								-8.125,
								-16
							],
							"size": [
								16,
								16,
								16
							],
							"inflate": 0.05,
							"pivot": [
								0,
								0,
								0
							],
							"rotation": [
								-90,
								0,
								0
							],
							"uv": {
								"north": {
									"uv": [
										128,
										0
									],
									"uv_size": [
										0,
										0
									]
								},
								"east": {
									"uv": [
										128,
										0
									],
									"uv_size": [
										0,
										0
									]
								},
								"south": {
									"uv": [
										128,
										0
									],
									"uv_size": [
										0,
										0
									]
								},
								"west": {
									"uv": [
										128,
										0
									],
									"uv_size": [
										0,
										0
									]
								},
								"up": {
									"uv": [
										128,
										0
									],
									"uv_size": [
										0,
										0
									]
								},
								"down": {
									"uv": [
										128,
										0
									],
									"uv_size": [
										0,
										0
									]
								}
							}
						}
					]
				},
				{
					"name": "model",
					"parent": "root",
					"pivot": [
						0,
						0,
						0
					]
				},
				{
					"name": "rightitem",
					"parent": "model",
					"pivot": [
						10.794325,
						10.623815,
						10.794325
					],
					"rotation": [
						-20,
						45,
						0
					]
				},
				{
					"name": "Tentacles",
					"parent": "root",
					"pivot": [
						5,
						-13,
						0
					]
				},
				{
					"name": "Tentacle_1",
					"parent": "Tentacles",
					"pivot": [
						7.84,
						198.68,
						-37.632
					]
				},
				{
					"name": "1_1",
					"parent": "Tentacle_1",
					"pivot": [
						0,
						-9.864,
						-54.88
					],
					"rotation": [
						45,
						0,
						0
					],
					"cubes": [
						{
							"origin": [
								-10.68,
								-13,
								-62.72
							],
							"size": [
								15.68,
								25.088,
								15.68
							],
							"uv": [
								25.5,
								64.57692
							]
						}
					]
				},
				{
					"name": "1_2",
					"parent": "1_1",
					"pivot": [
						0,
						12.088,
						-53.312
					],
					"rotation": [
						-30,
						0,
						0
					],
					"cubes": [
						{
							"origin": [
								-9.112,
								12.088,
								-61.152
							],
							"size": [
								12.544,
								40.768,
								12.544
							],
							"uv": [
								25.625,
								64.57692
							]
						}
					]
				},
				{
					"name": "1_3",
					"parent": "1_2",
					"pivot": [
						0,
						52.856,
						-53.312
					],
					"rotation": [
						-40,
						0,
						0
					],
					"cubes": [
						{
							"origin": [
								-7.544,
								52.856,
								-59.584
							],
							"size": [
								9.408,
								40.768,
								9.408
							],
							"uv": [
								25.55,
								64.57692
							]
						}
					]
				},
				{
					"name": "1_4",
					"parent": "1_3",
					"pivot": [
						0,
						93.624,
						-53.312
					],
					"rotation": [
						-50,
						0,
						0
					],
					"cubes": [
						{
							"origin": [
								-5.976,
								93.624,
								-58.016
							],
							"size": [
								6.272,
								36.064,
								6.272
							],
							"uv": [
								25.4875,
								64.83725
							]
						}
					]
				},
				{
					"name": "1_5",
					"parent": "1_4",
					"pivot": [
						0,
						129.688,
						-54.88
					],
					"rotation": [
						-50,
						0,
						0
					],
					"cubes": [
						{
							"origin": [
								-4.7216,
								129.688,
								-56.7616
							],
							"size": [
								3.7632,
								31.36,
								3.7632
							],
							"uv": [
								25.375,
								64.83725
							]
						}
					]
				},
				{
					"name": "1_6",
					"parent": "1_5",
					"pivot": [
						0,
						170.456,
						-54.88
					],
					"rotation": [
						-19.71975,
						3.40487,
						9.40804
					]
				},
				{
					"name": "Tentacle_2",
					"parent": "Tentacles",
					"pivot": [
						7.84,
						198.68,
						37.632
					]
				},
				{
					"name": "2_1",
					"parent": "Tentacle_2",
					"pivot": [
						0,
						-9.864,
						54.88
					],
					"rotation": [
						-45,
						0,
						0
					],
					"cubes": [
						{
							"origin": [
								-10.68,
								-13,
								47.04
							],
							"size": [
								15.68,
								25.088,
								15.68
							],
							"uv": [
								26,
								65.13461
							]
						}
					]
				},
				{
					"name": "2_2",
					"parent": "2_1",
					"pivot": [
						0,
						12.088,
						53.312
					],
					"rotation": [
						30,
						0,
						0
					],
					"cubes": [
						{
							"origin": [
								-9.112,
								12.088,
								48.608
							],
							"size": [
								12.544,
								40.768,
								12.544
							],
							"uv": [
								26.03125,
								65
							]
						}
					]
				},
				{
					"name": "2_3",
					"parent": "2_2",
					"pivot": [
						0,
						52.856,
						53.312
					],
					"rotation": [
						40,
						0,
						0
					],
					"cubes": [
						{
							"origin": [
								-7.544,
								52.856,
								50.176
							],
							"size": [
								9.408,
								40.768,
								9.408
							],
							"uv": [
								25.92188,
								65
							]
						}
					]
				},
				{
					"name": "2_4",
					"parent": "2_3",
					"pivot": [
						0,
						93.624,
						53.312
					],
					"rotation": [
						50,
						0,
						0
					],
					"cubes": [
						{
							"origin": [
								-5.976,
								93.624,
								51.744
							],
							"size": [
								6.272,
								36.064,
								6.272
							],
							"uv": [
								25.75625,
								64.57956
							]
						}
					]
				},
				{
					"name": "2_5",
					"parent": "2_4",
					"pivot": [
						0,
						129.688,
						54.88
					],
					"rotation": [
						50,
						0,
						0
					],
					"cubes": [
						{
							"origin": [
								-4.7216,
								129.688,
								52.9984
							],
							"size": [
								3.7632,
								31.36,
								3.7632
							],
							"uv": [
								25.5625,
								64.57956
							]
						}
					]
				},
				{
					"name": "Tentacle_3",
					"parent": "Tentacles",
					"pivot": [
						47.04,
						-13,
						40.768
					],
					"rotation": [
						0,
						42.5,
						0
					]
				},
				{
					"name": "3_1",
					"parent": "Tentacle_3",
					"pivot": [
						47.04,
						-9.864,
						40.768
					],
					"rotation": [
						-45.02728,
						1.76749,
						-1.76833
					],
					"cubes": [
						{
							"origin": [
								36.36,
								-13,
								32.928
							],
							"size": [
								15.68,
								25.088,
								15.68
							],
							"uv": [
								26,
								65.13461
							]
						}
					]
				},
				{
					"name": "3_2",
					"parent": "3_1",
					"pivot": [
						47.04,
						12.088,
						39.2
					],
					"rotation": [
						30,
						0,
						0
					],
					"cubes": [
						{
							"origin": [
								37.928,
								12.088,
								34.496
							],
							"size": [
								12.544,
								40.768,
								12.544
							],
							"uv": [
								26.03125,
								65
							]
						}
					]
				},
				{
					"name": "3_3",
					"parent": "3_2",
					"pivot": [
						47.04,
						52.856,
						39.2
					],
					"rotation": [
						40,
						0,
						0
					],
					"cubes": [
						{
							"origin": [
								39.496,
								52.856,
								36.064
							],
							"size": [
								9.408,
								40.768,
								9.408
							],
							"uv": [
								25.92188,
								65
							]
						}
					]
				},
				{
					"name": "3_4",
					"parent": "3_3",
					"pivot": [
						47.04,
						93.624,
						39.2
					],
					"rotation": [
						50,
						0,
						0
					],
					"cubes": [
						{
							"origin": [
								41.064,
								93.624,
								37.632
							],
							"size": [
								6.272,
								36.064,
								6.272
							],
							"uv": [
								25.75625,
								64.57956
							]
						}
					]
				},
				{
					"name": "3_5",
					"parent": "3_4",
					"pivot": [
						47.04,
						129.688,
						40.768
					],
					"rotation": [
						50,
						0,
						0
					],
					"cubes": [
						{
							"origin": [
								42.3184,
								129.688,
								38.8864
							],
							"size": [
								3.7632,
								31.36,
								3.7632
							],
							"uv": [
								25.5625,
								64.57956
							]
						}
					]
				},
				{
					"name": "Tentacle_4",
					"parent": "Tentacles",
					"pivot": [
						47.04,
						-13,
						-40.768
					],
					"rotation": [
						0,
						-42.5,
						0
					]
				},
				{
					"name": "4_1",
					"parent": "Tentacle_4",
					"pivot": [
						47.04,
						-9.864,
						-40.768
					],
					"rotation": [
						45.02728,
						-1.76749,
						-1.76833
					],
					"cubes": [
						{
							"origin": [
								36.36,
								-13,
								-48.608
							],
							"size": [
								15.68,
								25.088,
								15.68
							],
							"uv": [
								25.5,
								64.57692
							]
						}
					]
				},
				{
					"name": "4_2",
					"parent": "4_1",
					"pivot": [
						47.04,
						12.088,
						-39.2
					],
					"rotation": [
						-30,
						0,
						0
					],
					"cubes": [
						{
							"origin": [
								37.928,
								12.088,
								-47.04
							],
							"size": [
								12.544,
								40.768,
								12.544
							],
							"uv": [
								25.625,
								64.57692
							]
						}
					]
				},
				{
					"name": "4_3",
					"parent": "4_2",
					"pivot": [
						47.04,
						52.856,
						-39.2
					],
					"rotation": [
						-40,
						0,
						0
					],
					"cubes": [
						{
							"origin": [
								39.496,
								52.856,
								-45.472
							],
							"size": [
								9.408,
								40.768,
								9.408
							],
							"uv": [
								25.55,
								64.57692
							]
						}
					]
				},
				{
					"name": "4_4",
					"parent": "4_3",
					"pivot": [
						47.04,
						93.624,
						-39.2
					],
					"rotation": [
						-50,
						0,
						0
					],
					"cubes": [
						{
							"origin": [
								41.064,
								93.624,
								-43.904
							],
							"size": [
								6.272,
								36.064,
								6.272
							],
							"uv": [
								25.4875,
								64.83725
							]
						}
					]
				},
				{
					"name": "4_5",
					"parent": "4_4",
					"pivot": [
						47.04,
						129.688,
						-40.768
					],
					"rotation": [
						-50,
						0,
						0
					],
					"cubes": [
						{
							"origin": [
								42.3184,
								129.688,
								-42.6496
							],
							"size": [
								3.7632,
								31.36,
								3.7632
							],
							"uv": [
								25.375,
								64.83725
							]
						}
					]
				},
				{
					"name": "Tentacle_5",
					"parent": "Tentacles",
					"pivot": [
						-47.04,
						-13,
						-40.768
					],
					"rotation": [
						0,
						42.5,
						0
					]
				},
				{
					"name": "5_1",
					"parent": "Tentacle_5",
					"pivot": [
						-47.04,
						-9.864,
						-40.768
					],
					"rotation": [
						45.02728,
						1.76749,
						1.76833
					],
					"cubes": [
						{
							"origin": [
								-57.72,
								-13,
								-48.608
							],
							"size": [
								15.68,
								25.088,
								15.68
							],
							"uv": [
								25.5,
								64.57692
							],
							"mirror": true
						}
					]
				},
				{
					"name": "5_2",
					"parent": "5_1",
					"pivot": [
						-47.04,
						12.088,
						-39.2
					],
					"rotation": [
						-30,
						0,
						0
					],
					"cubes": [
						{
							"origin": [
								-56.152,
								12.088,
								-47.04
							],
							"size": [
								12.544,
								40.768,
								12.544
							],
							"uv": [
								25.625,
								64.57692
							],
							"mirror": true
						}
					]
				},
				{
					"name": "5_3",
					"parent": "5_2",
					"pivot": [
						-47.04,
						52.856,
						-39.2
					],
					"rotation": [
						-40,
						0,
						0
					],
					"cubes": [
						{
							"origin": [
								-54.584,
								52.856,
								-45.472
							],
							"size": [
								9.408,
								40.768,
								9.408
							],
							"uv": [
								25.55,
								64.57692
							],
							"mirror": true
						}
					]
				},
				{
					"name": "5_4",
					"parent": "5_3",
					"pivot": [
						-47.04,
						93.624,
						-39.2
					],
					"rotation": [
						-50,
						0,
						0
					],
					"cubes": [
						{
							"origin": [
								-53.016,
								93.624,
								-43.904
							],
							"size": [
								6.272,
								36.064,
								6.272
							],
							"uv": [
								25.4875,
								64.83725
							],
							"mirror": true
						}
					]
				},
				{
					"name": "5_5",
					"parent": "5_4",
					"pivot": [
						-47.04,
						129.688,
						-40.768
					],
					"rotation": [
						-50,
						0,
						0
					],
					"cubes": [
						{
							"origin": [
								-51.7616,
								129.688,
								-42.6496
							],
							"size": [
								3.7632,
								31.36,
								3.7632
							],
							"uv": [
								25.375,
								64.83725
							],
							"mirror": true
						}
					]
				},
				{
					"name": "Tentacle_6",
					"parent": "Tentacles",
					"pivot": [
						-47.04,
						-13,
						40.768
					],
					"rotation": [
						0,
						-42.5,
						0
					]
				},
				{
					"name": "6_1",
					"parent": "Tentacle_6",
					"pivot": [
						-47.04,
						-9.864,
						40.768
					],
					"rotation": [
						-45.02728,
						-1.76749,
						1.76833
					],
					"cubes": [
						{
							"origin": [
								-57.72,
								-13,
								32.928
							],
							"size": [
								15.68,
								25.088,
								15.68
							],
							"uv": [
								26,
								65.13461
							],
							"mirror": true
						}
					]
				},
				{
					"name": "6_2",
					"parent": "6_1",
					"pivot": [
						-47.04,
						12.088,
						39.2
					],
					"rotation": [
						30,
						0,
						0
					],
					"cubes": [
						{
							"origin": [
								-56.152,
								12.088,
								34.496
							],
							"size": [
								12.544,
								40.768,
								12.544
							],
							"uv": [
								26.03125,
								65
							],
							"mirror": true
						}
					]
				},
				{
					"name": "6_3",
					"parent": "6_2",
					"pivot": [
						-47.04,
						52.856,
						39.2
					],
					"rotation": [
						40,
						0,
						0
					],
					"cubes": [
						{
							"origin": [
								-54.584,
								52.856,
								36.064
							],
							"size": [
								9.408,
								40.768,
								9.408
							],
							"uv": [
								25.92188,
								65
							],
							"mirror": true
						}
					]
				},
				{
					"name": "6_4",
					"parent": "6_3",
					"pivot": [
						-47.04,
						93.624,
						39.2
					],
					"rotation": [
						50,
						0,
						0
					],
					"cubes": [
						{
							"origin": [
								-53.016,
								93.624,
								37.632
							],
							"size": [
								6.272,
								36.064,
								6.272
							],
							"uv": [
								25.75625,
								64.57956
							],
							"mirror": true
						}
					]
				},
				{
					"name": "6_5",
					"parent": "6_4",
					"pivot": [
						-47.04,
						129.688,
						40.768
					],
					"rotation": [
						50,
						0,
						0
					],
					"cubes": [
						{
							"origin": [
								-51.7616,
								129.688,
								38.8864
							],
							"size": [
								3.7632,
								31.36,
								3.7632
							],
							"uv": [
								25.5625,
								64.57956
							],
							"mirror": true
						}
					]
				}
			]
		}
	]
}