{
	"format_version": "1.12.0",
	"minecraft:geometry": [
		{
			"description": {
				"identifier": "geometry.serpgoldeen",
				"texture_width": 64,
				"texture_height": 64,
				"visible_bounds_width": 4,
				"visible_bounds_height": 2.5,
				"visible_bounds_offset": [0, 0.75, 0]
			},
			"bones": [
				{
					"name": "goldeen",
					"pivot": [0, 1, 0]
				},
				{
					"name": "body",
					"parent": "goldeen",
					"pivot": [0, -4, 0],
					"cubes": [
						{"origin": [-3, 1, -5], "size": [6, 6, 9], "uv": [0, 12]},
						{"origin": [2.5, 1.5, -4.5], "size": [1, 5, 8], "uv": [1, 13]},
						{"origin": [-3.5, 1.5, -4.5], "size": [1, 5, 8], "uv": [1, 13]},
						{"origin": [-3, 1.5, -5.5], "size": [6, 5, 1], "uv": [28, 34]},
						{"origin": [-2.5, 3, -7.5], "size": [5, 3, 2], "uv": [38, 5]},
						{"origin": [-3, 3.5, -6.6], "size": [2, 2, 2], "inflate": 0.01, "pivot": [-3, 4, -6], "rotation": [0, 60, 0], "uv": [0, 14]},
						{"origin": [1, 3.5, -6.6], "size": [2, 2, 2], "inflate": 0.01, "pivot": [3, 4, -6], "rotation": [0, -60, 0], "uv": [0, 10]},
						{"origin": [-2, 3.5, -8], "size": [4, 2, 1], "uv": [20, 28]},
						{"origin": [-1.5, 2.5, -7.5], "size": [3, 1, 1], "pivot": [0, 2, -8], "rotation": [25, 0, 0], "uv": [0, 18]},
						{"origin": [-2, 6, -7.5], "size": [4, 3.4, 2], "pivot": [0, 6, -7.5], "rotation": [-65, 0, 0], "uv": [39, 0]},
						{"origin": [-0.5, 7, -10.5], "size": [1, 1, 5], "pivot": [0, 6, -7.5], "rotation": [-65, 0, 0], "uv": [14, 37]},
						{"origin": [-2.5, 0.43301, -7.75], "size": [5, 3, 2], "pivot": [0.5, 3.43301, -7.25], "rotation": [60, 0, 0], "uv": [32, 20]},
						{"origin": [-3, 1.5, 3.5], "size": [6, 5, 1], "uv": [0, 37]},
						{"origin": [-2.5, 2.5, 4], "size": [5, 3, 1], "uv": [26, 41]},
						{"origin": [-2.5, 6.5, -4.5], "size": [5, 1, 8], "uv": [31, 11]},
						{"origin": [0, 6.5, -4.5], "size": [0, 2, 9], "uv": [20, 23]},
						{"origin": [-2.5, 0.5, -4], "size": [5, 1, 7], "uv": [1, 29]}
					]
				},
				{
					"name": "tail_root",
					"parent": "body",
					"pivot": [0, 4, 5],
					"cubes": [
						{"origin": [-8, 4, 5], "size": [16, 0, 6], "uv": [0, 6]}
					]
				},
				{
					"name": "tail_tip",
					"parent": "tail_root",
					"pivot": [0, 4, 11],
					"cubes": [
						{"origin": [-8, 4, 11], "size": [16, 0, 6], "uv": [0, 0]}
					]
				},
				{
					"name": "right_fin",
					"parent": "goldeen",
					"pivot": [-3.5, 4, -0.5],
					"cubes": [
						{"origin": [-9.5, 4, -4], "size": [6, 0, 7], "uv": [25, 25]}
					]
				},
				{
					"name": "left_fin",
					"parent": "goldeen",
					"pivot": [3.5, 4, -0.5],
					"cubes": [
						{"origin": [3.5, 4, -4], "size": [6, 0, 7], "uv": [16, 12]}
					]
				}
			]
		}
	]
}