{
  "format_version": "1.10.0",
  "minecraft:entity": {
    "description": {
      "identifier": "rhex:mutant_zombie",
      "is_spawnable": true,
      "is_summonable": true,
      "is_experimental": false,
    "scripts": {
        "animate": [
          { "attack": "query.is_delayed_attacking" }
         
        ]
      },
      "animations": {
        "attack": "animation.mzsmash"
        
      }
    },
    "component_groups": {
    "calm": {   
    "minecraft:movement": {
          "value": 0.30
        },
"minecraft:on_target_acquired": {
        "event": "attack",
        "target": "self"
        }
      },
      "angry": {
      "minecraft:movement": {
          "value": 0.45
        },
      "minecraft:on_target_escape": {
        "event": "remove_attack",
        "target": "self"
      }  
      },
    "minecraft:normal_health": {
    "minecraft:damage_sensor": [
        {
	    "on_damage": {
  		  "filters": {
		    "with_damage_fatal": true
		  },
		  "event": "going_down"
}		  
        }
      ],
    "minecraft:attack": {
        "damage": {
          "range_min": 17,
          "range_max": 21
        }
      },
    "minecraft:health": {
        "value": 100,
        "max": 100
        }
      },
      "minecraft:health_is_in_danger": {
      "minecraft:damage_sensor": [
        {
	    "on_damage": {
  		  "filters": {
		    "with_damage_fatal": true
		  },
		  "event": "going_down2"
}		  
        }
      ],
      "minecraft:attack": {
        "damage": {
          "range_min": 15,
          "range_max": 19
        }
      },
    "minecraft:health": {
        "value": 100,
        "max": 100
        }
      },
      "minecraft:health_is_in_danger2": {
      "minecraft:damage_sensor": [
        {
	    "on_damage": {
  		  "filters": {
		    "with_damage_fatal": true
		  },
		  "event": "going_down3"
}		  
        }
      ],
      "minecraft:attack": {
        "damage": {
          "range_min": 15,
          "range_max": 19
        }
      },
    "minecraft:health": {
        "value": 100,
        "max": 100
        }
      },
    "attack": {
    "minecraft:behavior.delayed_attack": {
          "priority": 3,
          "reach_multiplier": 3,
          "attack_duration": 1.56,
          "hit_delay_pct": 0.7,
          "track_target": true,
          "sound_event": "attack.strong"
        },
        "minecraft:behavior.stalk_and_pounce_on_target": {
                "priority": 1,
                "stalk_speed": 2,
                "max_stalk_dist": 13.0,
                "leap_height": 1.25,
                "leap_dist": 1.5,
                "pounce_max_dist": 12.5,
                "strike_dist": 12.5,
                "interest_time": 0.0001
				},
      "minecraft:behavior.melee_attack": {
        "priority": 3,
        "speed_multiplier": 1,
        "track_target": false
        }
        },
          "start_roar": {
          "minecraft:timer": {
          "looping": true,
			"time": [15, 26],
          "time_down_event": {
          "event": "roar"
          }
          }
          },
        "roar": {
        "minecraft:is_shaking": {
        },
        "minecraft:mob_effect": {
          "effect_range": 10,
          "mob_effect": "weakness",
          "effect_time": 3,
          "entity_filter": {
            "any_of": [
              { "test": "is_family", "subject": "other", "value": "player" },
              { "test": "is_family", "subject": "other", "value": "mob" },
              { "test": "is_family", "subject": "other", "value": "monster" }
            ] 
        }
      },
        "minecraft:spell_effects": {
          "add_effects": [
            {
              "effect": "resistance",
              "amplifier": 255,
              "visible": false,
              "ambient": false,
              "duration": 7
              },
            {
              "effect": "regeneration",
              "amplifier": 3,
              "visible": false,
              "ambient": false,
              "duration": 7
            }
          ]
          },
          "minecraft:spawn_entity": [
	    {
		  "min_wait_time": 3.04,
		  "max_wait_time": 3.04,
		  "num_to_spawn": 6,
		  "single_use": true,
		  "spawn_entity": "rhex:zombie<minecraft:summon_by_mutant_zombie>"
		}
	  ],
          "minecraft:behavior.knockback_roar": {
          "priority": 0,
          "duration": 6.76,
          "attack_time": 0.2,
          "knockback_damage": 16,
          "knockback_strength": 7,
          "knockback_range": 10,
          "knockback_filters": {
            "test": "is_family",
            "subject": "other",
            "operator": "!=",
            "value": "zombie"
          },
          "damage_filters": {
            "test": "is_family",
            "subject": "other",
            "operator": "!=",
            "value": "zombie"
          },
          "cooldown_time": 99999
        },
          "minecraft:timer": {
          "looping": true,
			"time": [6.76, 6.76],
          "time_down_event": {
          "event": "attack"
          }
          }
          },
          "spell": {
      "minecraft:spell_effects": {
          "add_effects": [
            {
              "effect": "resistance",
              "amplifier": 1,
              "visible": false,
              "ambient": false,
              "duration": 999999
              },
            {
              "effect": "regeneration",
              "amplifier": 1,
              "visible": false,
              "ambient": false,
              "duration": 999999
            }
          ]
          }
          },
      "down": {
"minecraft:transformation": {
          "into": "rhex:mutant_zombie_dead<going_healed>",
          "delay": 0
        }
        },
        "down2": {
"minecraft:transformation": {
          "into": "rhex:mutant_zombie_dead<going_healed2>",
          "delay": 0
        }
        },
        "down3": {
"minecraft:transformation": {
          "into": "rhex:mutant_zombie_dead<going_dead>",
          "delay": 0
        }
        },
        "minecraft:spawn_entity": [
	    {
		  "min_wait_time": 0,
		  "max_wait_time": 0,
		  "num_to_spawn": 1,
		  "single_use": true,
		  "spawn_entity": "minecraft:xp_bottle"
		}
	  ],
        "minecraft:scale": {
          "value": 0
      }
     },
    "components": {
      "minecraft:nameable": {
      },
      "minecraft:equipment": {
          "table": "loot_tables/entities/zombie_equipment.json"
},
    "minecraft:experience_reward": {
          "on_death": "query.last_hit_by_player ? 15 + (query.equipment_count * Math.Random(1,3)) : 0"
        },
      "minecraft:scale": {
        "value": 1.5
      },
        
        "minecraft:rideable": {
          "seat_count": 1,
          "family_types": [
            "zombie"
          ],
          "seats": {
            "position": [ 0.0, 1.1, -0.35 ],
            "lock_rider_rotation": 0
          }
        },
        "minecraft:behavior.mount_pathing": {
          "priority": 2,
          "speed_multiplier": 1.25,
          "target_dist": 0.0,
          "track_target": true
        
      },
      
      "minecraft:boss": {
        "name":"§4§LMUTANT ZOMBIE",
        "should_darken_sky": false,
        "hud_range": 14
      },
      "minecraft:break_blocks": {
        "breakable_blocks": [

          "bamboo_sapling",
          "beetroot",
          "brown_mushroom",
          "carrots",
          "carved_pumpkin",
          "chorus_flower",
          "chorus_plant",
          "lit_pumpkin",
          "melon_stem",
          "potatoes",
          "pumpkin",
          "pumpkin_stem",
          "red_flower",
          "red_mushroom",
          "reeds",
          "sapling",
          "sweet_berry_bush",
          "vine",
          "waterlily",
          "yellow_flower",
          "bamboo",
          "wheat",
          "oak_stairs",
          "spruce_stairs",
          "dark_oak_stairs",
          "birch_stairs",
          "acacia_stairs",
          "carved_pumpkin",
          "leaves",
          "leaves2",
          "lit_pumpkin",
          "melon_block",
          "spruce_door",
          "oak_door",
          "birch_door",
          "acacia_door",
          "ice",
          "dark_oak_door",
          "turtle_egg",
          "wood_planks",
          "fence",
          "redstone_wire",
          "glass",
          "glass_pane",
          "slab",
          "wool",
          "bed",
          "planks",
          "ladder",
          "scaffolding",
          "trapdoor",
          "acacia_trapdoor",
          "planks_jungle",
          "cactus"
        ]
      },
      
      
      "minecraft:type_family": {
        "family": [ "rhexzombie", "zombie", "monster", "mob" ]
      },
      "minecraft:collision_box": {
        "width": 1.2,
        "height": 2.9
      },
      "minecraft:movement.basic": {
      },
      
      "minecraft:knockback_resistance": {
        "value": 1.0
      },
            "minecraft:navigation.walk": {
                "is_amphibious": true,
                "can_pass_doors": true,
                "can_open_doors": true,
                "avoid_water": false,
                "avoid_portals": true
            },
            "minecraft:movement.basic": {},
            "minecraft:jump.static": {},
            "minecraft:can_climb": {},
      "minecraft:behavior.break_door": {
                "priority": 1
            },
      
      "minecraft:hurt_on_condition": {
        "damage_conditions": [
          {
            "filters": { "test": "in_lava", "subject": "self", "operator": "==", "value": true },
            "cause": "lava",
            "damage_per_tick": 4
          }
        ]
      },
      "minecraft:breathable": {
        "total_supply": 15,
        "suffocate_time": 0,
        "breathes_air": true,
        "breathes_water": true
      },
      
      "minecraft:loot": {
        "table": "loot_tables/entities/zombie.json"
      },

      
      "minecraft:behavior.stomp_turtle_egg": {
        "priority": 4,
        "speed_multiplier": 1,
        "search_range": 10,
        "search_height": 3,
        "goal_radius": 1.14,
        "search_count": 4,
        "interval": 20
      },
      "minecraft:behavior.move_towards_restriction": {
        "priority": 5,
        "speed_multiplier": 1
      },
      "minecraft:behavior.random_stroll": {
        "priority": 6,
        "speed_multiplier": 1
      },
      "minecraft:behavior.look_at_player": {
        "priority": 7,
        "look_distance": 6,
        "probability": 0.02
      },
      "minecraft:behavior.random_look_around": {
        "priority": 7
      },
      "minecraft:behavior.hurt_by_target": {
        "priority": 1,
        "entity_types": {
          "filters": { "test": "is_family", "subject": "other", "operator": "!=", "value": "rhexzombie" }
        }
      },
      "minecraft:behavior.summon_entity": {
        "priority": 1,
        "summon_choices": [
          {
            "weight": 100,
            "cooldown_time": 999999,
            "cast_duration": 0,
            "sequence": [
              {
                "target": "target",
                "base_delay": 0,
                "num_entities_spawned": 1,
                "entity_type": "rhex:mztarget",
                "size": 0.0,
                "entity_lifespan": 0.1
              }
            ]
          }
        ]
      },
      "minecraft:behavior.nearest_attackable_target": {
        "priority": 2,
        "within_radius": 35,
        "reselect_targets": true,
        "entity_types": [
          {
            "filters": {
              "any_of": [
                { "test": "is_family", "subject": "other", "value": "player" },
                { "test" :  "has_tag", "subject" : "other", "value" :  "target"},
                { "test" :  "has_tag", "subject" : "other", "value" :  "mztarget"},
                { "test": "is_family", "subject": "other", "value": "snowgolem" },
                { "test": "is_family", "subject": "other", "value": "irongolem" }
              ]
            },
            "max_dist": 35
          },
          {
            "filters": {
              "any_of": [
                { "test": "is_family", "subject": "other", "value": "villager" },
                { "test": "is_family", "subject": "other", "value": "wandering_trader" }
              ]
            },
            "max_dist": 35,
            "must_see": false
          },
          {
            "filters": {
              "all_of": [
                { "test": "is_family", "subject": "other", "value": "baby_turtle" },
                { "test": "in_water", "subject": "other", "operator": "!=", "value": true }
              ]
            },
            "max_dist": 45
          }
        ],
        "must_see": true,
        "must_see_forget_duration": 17.0
      },
      "minecraft:physics": {
      },
      "minecraft:follow_range": {
        "value": 45,
        "max": 45
      },
      "minecraft:pushable": {
        "is_pushable": false,
        "is_pushable_by_piston": true
      }
    },

    "events": {
    "minecraft:entity_spawned": {
        "add": {
          "component_groups": [
          "spell",
            "minecraft:normal_health",
            "calm"
          ]
        }
      },
      "minecraft:health_is_in_danger": {
        "add": {
          "component_groups": [
            "minecraft:health_is_in_danger",
            "roar"
          ]
        },
        "remove": {
          "component_groups": [
            "calm"
          ]
        }
      },
      "minecraft:health_is_in_danger2": {
        "add": {
          "component_groups": [
            "minecraft:health_is_in_danger2",
            "roar"
          ]
        },
        "remove": {
          "component_groups": [
            "calm"
          ]
        }
      },
      "minecraft:as_adult": {
        "add": {
          "component_groups": [
            "minecraft:zombie_adult"
          ]
        }
      },
      "minecraft:as_baby": {
        "add": {
          "component_groups": [
            "minecraft:zombie_baby"
          ]
        }
      },
      "going_down": {
        "add": {
          "component_groups": [
            "down"
          ]
        }
      },
      "going_down2": {
        "add": {
          "component_groups": [
            "down2"
          ]
        }
      },
      "going_down3": {
        "add": {
          "component_groups": [
            "down3"
          ]
        }
      },
      "attack": {
        "remove": {
          "component_groups": [
            "roar",
            "calm"
          ]
        },
        "add": {
          "component_groups": [
          "spell",
            "attack",
            "angry",
            "start_roar"
          ]
        }
      },
      "roar": {
        "add": {
          "component_groups": [
            "roar"
          ]
        },
        "remove": {
          "component_groups": [
          "spell",
            "attack"
          ]
        }
      },
      "remove_attack": {
        "remove": {
          "component_groups": [
            "attack",
            "roar",
            "angry",
            "start_roar"
          ]
        },
        "add": {
          "component_groups": [
          "spell",
            "calm"
          ]
        }
      },
      "minecraft:start_transforming": {
        "add": {
          "component_groups": [
            "minecraft:start_drowned_transformation"
          ]
        },
        "remove": {
          "component_groups": [ "minecraft:look_to_start_drowned_transformation" ]
        }
      },
      "minecraft:stop_transforming": {
        "add": {
          "component_groups": [
            "minecraft:look_to_start_drowned_transformation"
          ]
        },
        "remove": {
          "component_groups": [
            "minecraft:start_drowned_transformation"
          ]
        }
      },
      "minecraft:convert_to_drowned": {
        "sequence": [
          {
            "filters": {
              "test": "has_component",
              "operator": "!=",
              "value": "minecraft:is_baby"
            },
            "add": {
              "component_groups": [ "minecraft:convert_to_drowned" ]
            },
            "remove": {
              "component_groups": [ "minecraft:start_drowned_transformation" ]
            }
          },
          {
            "filters": {
              "test": "has_component",
              "value": "minecraft:is_baby"
            },
            "add": {
              "component_groups": [ "minecraft:convert_to_baby_drowned" ]
            },
            "remove": {
              "component_groups": [ "minecraft:start_drowned_transformation" ]
            }
          }
        ]
      }
    }
  }
}
