{
	"format_version": "1.12.0",
	"minecraft:geometry": [
		{
			"description": {
				"identifier": "geometry.serpcloyster",
				"texture_width": 48,
				"texture_height": 48,
				"visible_bounds_width": 3,
				"visible_bounds_height": 2.5,
				"visible_bounds_offset": [0, 0.75, 0]
			},
			"bones": [
				{
					"name": "cloyster",
					"pivot": [0, 1, 8]
				},
				{
					"name": "head",
					"parent": "cloyster",
					"pivot": [0, 6, -1],
					"cubes": [
						{"origin": [-2, 4, -3], "size": [4, 4, 4], "uv": [28, 0]},
						{"origin": [-1.5, 7.5, -2.5], "size": [3, 1, 3], "uv": [30, 31]},
						{"origin": [-1.5, 3.5, -2.5], "size": [3, 1, 3], "uv": [28, 9]},
						{"origin": [-2.5, 4.5, -2.5], "size": [1, 3, 3], "uv": [31, 36]},
						{"origin": [1.5, 4.5, -2.5], "size": [1, 3, 3], "uv": [22, 34]},
						{"origin": [-1.5, 4.5, 0.5], "size": [3, 3, 1], "uv": [12, 18]},
						{"origin": [-2.2, 5.5, -3.5], "size": [2, 2, 0], "pivot": [-2, 8, -3.5], "rotation": [0, 20, 0], "uv": [21, 18]},
						{"origin": [0.2, 5.5, -3.5], "size": [2, 2, 0], "pivot": [2, 8, -3.5], "rotation": [0, -20, 0], "uv": [21, 18], "mirror": true},
						{"origin": [-1.5, 4.5, -3.5], "size": [3, 3, 1], "uv": [18, 0]},
						{"origin": [-2, 4, -3.52], "size": [4, 2, 0], "uv": [36, 18]}
					]
				},
				{
					"name": "body_root",
					"parent": "cloyster",
					"pivot": [0, 1, 0]
				},
				{
					"name": "body",
					"parent": "body_root",
					"pivot": [0, 0, 1],
					"cubes": [
						{"origin": [-2.5, 3, -4.2], "size": [5, 6, 6], "inflate": 0.1, "uv": [1, 1]},
						{"origin": [0, 8, -4], "size": [0, 4, 2], "pivot": [0, 8, -2.5], "rotation": [60, 0, 0], "uv": [16, 38]},
						{"origin": [-1, 8, -3], "size": [2, 4, 0], "pivot": [0, 8, -2.5], "rotation": [60, 0, 0], "uv": [16, 40]},
						{"origin": [-2, 2.5, 2], "size": [4, 7, 3], "uv": [24, 18]},
						{"origin": [-1, 1, 5], "size": [0, 10, 4], "pivot": [-1, 6, 5], "rotation": [0, -25, 0], "uv": [0, 30]},
						{"origin": [1, 1, 5], "size": [0, 10, 4], "pivot": [1, 6, 5], "rotation": [0, 25, 0], "uv": [0, 30], "mirror": true}
					]
				},
				{
					"name": "right_shell",
					"parent": "body_root",
					"pivot": [-2, 6, 4],
					"rotation": [0, 10, 0],
					"cubes": [
						{"origin": [-2.82552, 9, -4.99619], "size": [1, 3, 8], "pivot": [-2.82552, 9, -1.99619], "rotation": [0, 0, 45], "uv": [13, 22]},
						{"origin": [-6.82552, 9, -1.99619], "size": [4, 3, 0], "pivot": [-2.82552, 9, -1.99619], "rotation": [0, 0, 45], "uv": [37, 14]},
						{"origin": [-2.82552, 0, -4.99619], "size": [1, 3, 8], "pivot": [-2.82552, 3, -1.99619], "rotation": [0, 0, -45], "uv": [17, 6]},
						{"origin": [-2.82552, 3, 3.00381], "size": [2, 6, 2.7], "pivot": [-2.82552, 6, 3.00381], "rotation": [0, 45, 0], "uv": [0, 14]},
						{"origin": [-2.82552, 3, -4.99619], "size": [1, 6, 8], "uv": [1, 15]},
						{"origin": [-3.82552, 7, 0.00381], "size": [1, 2, 2], "uv": [9, 39]},
						{"origin": [-3.82552, 3, 0.00381], "size": [1, 2, 2], "uv": [0, 0]},
						{"origin": [-5.5, 6, -3], "size": [3, 2, 2], "uv": [9, 34]},
						{"origin": [-2.8, 1, -3], "size": [2, 1, 1], "pivot": [-0.82552, 1, 3.00381], "rotation": [-5, 0, -45], "uv": [5, 30]}
					]
				},
				{
					"name": "left_shell",
					"parent": "body_root",
					"pivot": [2, 6, 4],
					"rotation": [0, -10, 0],
					"cubes": [
						{"origin": [1.82552, 9, -4.99619], "size": [1, 3, 8], "pivot": [2.82552, 9, -1.99619], "rotation": [0, 0, -45], "uv": [13, 22], "mirror": true},
						{"origin": [2.82552, 9, -1.99619], "size": [4, 3, 0], "pivot": [2.82552, 9, -1.99619], "rotation": [0, 0, -45], "uv": [37, 14], "mirror": true},
						{"origin": [1.82552, 0, -4.99619], "size": [1, 3, 8], "pivot": [2.82552, 3, -1.99619], "rotation": [0, 0, 45], "uv": [17, 6], "mirror": true},
						{"origin": [0.82552, 3, 3.00381], "size": [2, 6, 2.7], "pivot": [2.82552, 6, 3.00381], "rotation": [0, -45, 0], "uv": [0, 14], "mirror": true},
						{"origin": [1.82552, 3, -4.99619], "size": [1, 6, 8], "uv": [1, 15], "mirror": true},
						{"origin": [2.82552, 7, 0.00381], "size": [1, 2, 2], "uv": [9, 39], "mirror": true},
						{"origin": [2.82552, 3, 0.00381], "size": [1, 2, 2], "uv": [0, 0], "mirror": true},
						{"origin": [2.5, 6, -3], "size": [3, 2, 2], "uv": [9, 34], "mirror": true},
						{"origin": [0.8, 1, -3], "size": [2, 1, 1], "pivot": [0.82552, 1, 3.00381], "rotation": [-5, 0, 45], "uv": [5, 30], "mirror": true}
					]
				}
			]
		}
	]
}