{
	"format_version": "1.12.0",
	"minecraft:geometry": [
		{
			"description": {
				"identifier": "geometry.serpmew",
				"texture_width": 48,
				"texture_height": 48,
				"visible_bounds_width": 6,
				"visible_bounds_height": 2.5,
				"visible_bounds_offset": [0, 0.75, 0]
			},
			"bones": [
				{
					"name": "mew",
					"pivot": [0, 0, 0]
				},
				{
					"name": "body_root",
					"parent": "mew",
					"pivot": [0, 3, 0]
				},
				{
					"name": "head",
					"parent": "body_root",
					"pivot": [0, 13.5, 0],
					"cubes": [
						{"origin": [-2.5, 12, -2.5], "size": [5, 5, 5], "uv": [0, 0]},
						{"origin": [-1, 12.5, -4], "size": [2, 1.5, 2], "uv": [16, 0]},
						{"origin": [-3.12, 12.5, -4], "size": [2.12, 1.5, 2], "pivot": [-1, 13, -4], "rotation": [0, 45, 0], "uv": [16, 0]},
						{"origin": [1, 12.5, -4], "size": [2.12, 1.5, 2], "pivot": [1, 13, -4], "rotation": [0, -45, 0], "uv": [16, 0], "mirror": true},
						{"origin": [-2, 12.5, -2.5], "size": [4, 4, 1], "uv": [34, 6]},
						{"origin": [-2, 12.5, 2], "size": [4, 4, 1], "uv": [34, 6]},
						{"origin": [-2, 12.5, -3], "size": [4, 4, 1], "uv": [34, 6]},
						{"origin": [-3, 12.5, -2], "size": [1, 4, 4], "uv": [0, 27]},
						{"origin": [2, 12.5, -2], "size": [1, 4, 4], "uv": [0, 27], "mirror": true},
						{"origin": [-3.5, 17, 0.5], "size": [3, 3, 0], "pivot": [-0.5, 17, 0.5], "rotation": [-25, 0, -35], "uv": [36, 26]},
						{"origin": [0.5, 17, 0.5], "size": [3, 3, 0], "pivot": [0.5, 17, 0.5], "rotation": [-25, 0, 35], "uv": [36, 26], "mirror": true},
						{"origin": [-2, 16.5, -2], "size": [4, 1, 4], "uv": [21, 0]}
					]
				},
				{
					"name": "open_eyes",
					"parent": "head",
					"pivot": [0, 14, -3],
					"cubes": [
						{"origin": [-2.5, 14, -3.02], "size": [5, 2, 0], "uv": [36, 16]}
					]
				},
				{
					"name": "closed_eyes",
					"parent": "head",
					"pivot": [0, 14, -3],
					"cubes": [
						{"origin": [-2.5, 14, -3.02], "size": [5, 2, 0], "uv": [34, 0]}
					]
				},
				{
					"name": "body",
					"parent": "body_root",
					"pivot": [0, 3, 0],
					"cubes": [
						{"origin": [-2.5, 3, -2.5], "size": [5, 4, 5], "uv": [0, 11]},
						{"origin": [-2.5, 7, -2.5], "size": [0, 5.1, 5], "pivot": [-2.5, 7, 1], "rotation": [0, 0, 11.3], "uv": [12, 23]},
						{"origin": [2.5, 7, -2.5], "size": [0, 5.1, 5], "pivot": [2.5, 7, 1], "rotation": [0, 0, -11.3], "uv": [12, 23], "mirror": true},
						{"origin": [-2, 2.5, -2], "size": [4, 1, 4], "uv": [0, 21]},
						{"origin": [-2.5, 7, -2.5], "size": [5, 5.1, 0], "pivot": [0, 7, -2.5], "rotation": [-11.3, 0, 0], "uv": [12, 28]},
						{"origin": [-2.5, 7, 2.5], "size": [5, 5.1, 0], "pivot": [0, 7, 2.5], "rotation": [-11.3, 180, 0], "uv": [12, 28]},
						{"origin": [-1.5, 12, -1.5], "size": [3, 0, 3], "uv": [26, 16]}
					]
				},
				{
					"name": "tail",
					"parent": "body",
					"pivot": [0, 4, 2.5],
					"cubes": [
						{"origin": [-0.5, 3.5, 2.5], "size": [1, 1, 5], "uv": [26, 9]}
					]
				},
				{
					"name": "tail2",
					"parent": "tail",
					"pivot": [0, 4, 7.5],
					"cubes": [
						{"origin": [-0.5, 3.5, 7.5], "size": [1, 1, 5], "uv": [26, 9]}
					]
				},
				{
					"name": "tail3",
					"parent": "tail2",
					"pivot": [0, 4, 12.5],
					"cubes": [
						{"origin": [-0.5, 3.5, 12.5], "size": [1, 1, 5], "uv": [26, 9]},
						{"origin": [-1, 3, 17.5], "size": [2, 2, 5], "uv": [16, 6]}
					]
				},
				{
					"name": "arms",
					"parent": "body_root",
					"pivot": [0, 11, -1]
				},
				{
					"name": "right_arm",
					"parent": "arms",
					"pivot": [-2.5, 11, -2],
					"cubes": [
						{"origin": [-3.5, 9.5, -4.5], "size": [2, 2, 3], "inflate": -0.25, "pivot": [-3, 11, -2], "rotation": [35, -15, 0], "uv": [33, 30]},
						{"origin": [-3.5, 9.5, -5], "size": [2, 2, 1], "inflate": -0.25, "pivot": [-3, 11, -2], "rotation": [35, -15, 0], "uv": [11, 34]}
					]
				},
				{
					"name": "left_arm",
					"parent": "arms",
					"pivot": [2.5, 11, -2],
					"cubes": [
						{"origin": [1.5, 9.5, -4.5], "size": [2, 2, 3], "inflate": -0.25, "pivot": [3, 11, -2], "rotation": [35, 15, 0], "uv": [33, 30], "mirror": true},
						{"origin": [1.5, 9.5, -5], "size": [2, 2, 1], "inflate": -0.25, "pivot": [3, 11, -2], "rotation": [35, 15, 0], "uv": [11, 34], "mirror": true}
					]
				},
				{
					"name": "legs",
					"parent": "mew",
					"pivot": [0, 5, 0]
				},
				{
					"name": "right_leg",
					"parent": "legs",
					"pivot": [-2.5, 5, 0],
					"cubes": [
						{"origin": [-3.75, 2, -1.5], "size": [2.5, 4, 3], "uv": [25, 23]},
						{"origin": [-3.75, 2, -1.5], "size": [2.5, 2.122, 2.122], "pivot": [-3, 2, -1.5], "rotation": [-45, 0, 0], "uv": [26, 24]},
						{"origin": [-3.5, 1, -4.5], "size": [2, 1, 6], "pivot": [-2.4, 1, 1.5], "rotation": [30, 0, 0], "uv": [15, 15]}
					]
				},
				{
					"name": "left_leg",
					"parent": "legs",
					"pivot": [2.5, 5, 0],
					"cubes": [
						{"origin": [1.25, 2, -1.5], "size": [2.5, 4, 3], "uv": [25, 23], "mirror": true},
						{"origin": [1.25, 2, -1.5], "size": [2.5, 2.122, 2.122], "pivot": [3, 2, -1.5], "rotation": [-45, 0, 0], "uv": [26, 24], "mirror": true},
						{"origin": [1.5, 1, -4.5], "size": [2, 1, 6], "pivot": [2.4, 1, 1.5], "rotation": [30, 0, 0], "uv": [15, 15], "mirror": true}
					]
				}
			]
		},
		{
			"description": {
				"identifier": "geometry.serpmew_aura",
				"texture_width": 48,
				"texture_height": 48,
				"visible_bounds_width": 4,
				"visible_bounds_height": 2.5,
				"visible_bounds_offset": [0, 0.75, 0]
			},
			"bones": [
				{
					"name": "mew",
					"pivot": [0, 0, 0]
				},
				{
					"name": "body_root",
					"parent": "mew",
					"pivot": [0, 2, 0]
				},
				{
					"name": "head",
					"parent": "body_root",
					"pivot": [0, 11.5, 0.5],
					"cubes": [
						{"origin": [-2.5, 11, -2], "size": [5, 5, 5], "inflate": 0.25, "uv": [0, 11]},
						{"origin": [-1, 11.5, -3.5], "size": [2, 1.5, 2], "inflate": 0.25, "uv": [11, 41]},
						{"origin": [-3.12, 11.5, -3.5], "size": [2.12, 1.5, 2], "inflate": 0.25, "pivot": [-1, 12, -3.5], "rotation": [0, 45, 0], "uv": [33, 40]},
						{"origin": [1, 11.5, -3.5], "size": [2.12, 1.5, 2], "inflate": 0.25, "pivot": [1, 12, -3.5], "rotation": [0, -45, 0], "uv": [33, 40], "mirror": true},
						{"origin": [-2, 11.5, -2.5], "size": [4, 4, 1], "inflate": 0.25, "uv": [38, 27]},
						{"origin": [-2, 11.5, 2.5], "size": [4, 4, 1], "inflate": 0.25, "uv": [38, 27]},
						{"origin": [-3, 11.5, -1.5], "size": [1, 4, 4], "inflate": 0.25, "uv": [0, 30]},
						{"origin": [2, 11.5, -1.5], "size": [1, 4, 4], "inflate": 0.25, "uv": [0, 30], "mirror": true},
						{"origin": [-3.5, 16, 0.5], "size": [3, 3, 0], "inflate": 0.25, "pivot": [-0.5, 16, 0.5], "rotation": [-25, 0, -35], "uv": [0, 45]},
						{"origin": [0.5, 16, 0.5], "size": [3, 3, 0], "inflate": 0.25, "pivot": [0.5, 16, 0.5], "rotation": [-25, 0, 35], "uv": [0, 45], "mirror": true},
						{"origin": [-2, 15.5, -1.5], "size": [4, 1, 4], "inflate": 0.25, "uv": [23, 0]}
					]
				},
				{
					"name": "open_eyes",
					"parent": "head",
					"pivot": [0, 13, -2],
					"cubes": [
						{"origin": [-2.5, 13, -2.52], "size": [5, 2, 0], "inflate": 0.25, "uv": [16, 13]}
					]
				},
				{
					"name": "body",
					"parent": "body_root",
					"pivot": [0, 2, 0],
					"cubes": [
						{"origin": [-3, 2, -2.5], "size": [6, 5, 5.5], "inflate": 0.25, "uv": [0, 0]},
						{"origin": [-3, 7, -1], "size": [1, 4.09, 3], "inflate": 0.25, "pivot": [-3, 7, 1], "rotation": [0, 0, 13.8], "uv": [40, 0]},
						{"origin": [2, 7, -1], "size": [1, 4.09, 3], "inflate": 0.25, "pivot": [3, 7, 1], "rotation": [0, 0, -13.8], "uv": [40, 0], "mirror": true},
						{"origin": [-2.5, 1.5, -2], "size": [5, 1, 4.5], "inflate": 0.25, "uv": [19, 7]},
						{"origin": [-2.5, 2.5, -3], "size": [5, 4, 1], "inflate": 0.25, "uv": [35, 34]},
						{"origin": [-2.5, 2.5, 2.5], "size": [5, 4, 1], "inflate": 0.25, "uv": [35, 34]},
						{"origin": [-3.5, 2.5, -2], "size": [1, 4, 4.5], "inflate": 0.25, "uv": [11, 32]},
						{"origin": [2.5, 2.5, -2], "size": [1, 4, 4.5], "inflate": 0.25, "uv": [11, 32], "mirror": true},
						{"origin": [-2, 7, -2.5], "size": [4, 4.26, 2], "inflate": 0.25, "pivot": [0, 7, -2.5], "rotation": [-20.6, 0, 0], "uv": [22, 34]},
						{"origin": [-2, 7, -1], "size": [4, 4, 3], "inflate": 0.25, "uv": [15, 24]},
						{"origin": [-2, 7, 2], "size": [4, 4.09, 1], "inflate": 0.25, "pivot": [0, 7, 3], "rotation": [13.8, 0, 0], "uv": [0, 39]}
					]
				},
				{
					"name": "tail",
					"parent": "body",
					"pivot": [0, 3, 3],
					"cubes": [
						{"origin": [-0.5, 2.5, 3], "size": [1, 1, 5], "inflate": 0.25, "uv": [25, 27]}
					]
				},
				{
					"name": "tail2",
					"parent": "tail",
					"pivot": [0, 3, 8],
					"cubes": [
						{"origin": [-0.5, 2.5, 8], "size": [1, 1, 5], "inflate": 0.25, "uv": [27, 20]}
					]
				},
				{
					"name": "tail3",
					"parent": "tail2",
					"pivot": [0, 3, 13],
					"cubes": [
						{"origin": [-0.5, 2.5, 13], "size": [1, 1, 5], "inflate": 0.25, "uv": [26, 13]},
						{"origin": [-1, 2, 18], "size": [2, 2, 5], "inflate": 0.25, "uv": [0, 22]}
					]
				},
				{
					"name": "arms",
					"parent": "body_root",
					"pivot": [0, 10, 0]
				},
				{
					"name": "right_arm",
					"parent": "arms",
					"pivot": [-2.5, 10, -1],
					"cubes": [
						{"origin": [-3.5, 8.5, -3.5], "size": [2, 2, 3], "inflate": 0.25, "pivot": [-3, 10, -1], "rotation": [35, -15, 0], "uv": [36, 18]},
						{"origin": [-3.5, 8.5, -4], "size": [2, 2, 1], "inflate": 0.25, "pivot": [-3, 10, -1], "rotation": [35, -15, 0], "uv": [7, 30]}
					]
				},
				{
					"name": "left_arm",
					"parent": "arms",
					"pivot": [2.5, 10, -1],
					"cubes": [
						{"origin": [1.5, 8.5, -3.5], "size": [2, 2, 3], "inflate": 0.25, "pivot": [3, 10, -1], "rotation": [35, 15, 0], "uv": [36, 18], "mirror": true},
						{"origin": [1.5, 8.5, -4], "size": [2, 2, 1], "inflate": 0.25, "pivot": [3, 10, -1], "rotation": [35, 15, 0], "uv": [7, 30], "mirror": true}
					]
				},
				{
					"name": "legs",
					"parent": "mew",
					"pivot": [0, 4, 0]
				},
				{
					"name": "right_leg",
					"parent": "legs",
					"pivot": [-3, 4, 0],
					"cubes": [
						{"origin": [-4, 1, -1.5], "size": [2, 4, 3], "inflate": 0.25, "uv": [35, 10]},
						{"origin": [-4, 0, -0.5], "size": [2, 1, 2], "inflate": 0.25, "uv": [18, 0]},
						{"origin": [-3.5, 1.5, -2], "size": [1, 3, 1], "inflate": 0.25, "uv": [0, 0]},
						{"origin": [-4.5, 1.5, -1], "size": [1, 3, 2], "inflate": 0.25, "uv": [20, 41]},
						{"origin": [-4, -0.34115, -5.22679], "size": [2, 1.5, 6], "inflate": 0.25, "pivot": [-3.4, 1.65885, 0.77321], "rotation": [30, 0, 0], "uv": [15, 16]}
					]
				},
				{
					"name": "left_leg",
					"parent": "legs",
					"pivot": [3, 4, 0],
					"cubes": [
						{"origin": [2, 1, -1.5], "size": [2, 4, 3], "inflate": 0.25, "uv": [35, 10], "mirror": true},
						{"origin": [2, 0, -0.5], "size": [2, 1, 2], "inflate": 0.25, "uv": [18, 0], "mirror": true},
						{"origin": [2.5, 1.5, -2], "size": [1, 3, 1], "inflate": 0.25, "uv": [0, 0], "mirror": true},
						{"origin": [3.5, 1.5, -1], "size": [1, 3, 2], "inflate": 0.25, "uv": [20, 41], "mirror": true},
						{"origin": [2, -0.34115, -5.22679], "size": [2, 1.5, 6], "inflate": 0.25, "pivot": [3.4, 1.65885, 0.77321], "rotation": [30, 0, 0], "uv": [15, 16], "mirror": true}
					]
				}
			]
		}
	]
}