{
  "format_version": "1.12.0",
  "minecraft:entity": {
    "description": {
      "identifier": "minecraftstorymode:knockback_roar",
      "is_spawnable": false,
      "is_summonable": true,
      "is_experimental": true
    },
        "component_groups": {

            "death": {
          "minecraft:explode": {
     "fuseLength": 0.1,
        "fuseLit": true,
        "power": 0,
        "causesFire": false
    }

      }
    },
    "components": {
      "minecraft:nameable": {
      },
      "minecraft:collision_box": {
        "width": 0,
        "height": 0
      },
      "minecraft:movement.basic": {
      },
      "minecraft:jump.static": {
      },
      "minecraft:can_climb": {
      },
      "minecraft:movement": {
        "value": 0.0
      },
      "minecraft:navigation.float": {
        "can_float": true
      },

      "minecraft:damage_sensor": {
        "triggers": {
          "cause": "all",
          "deals_damage": false
        }
      },

          "minecraft:explode": {
     "fuseLength": 0.1,
        "fuseLit": true,
        "power": 0,
        "causesFire": false
    },
      "minecraft:fire_immune": true,
      "minecraft:health": {
        "value": 10,
        "max": 10
      },
      "minecraft:breathable": {
        "totalSupply": 15,
        "suffocateTime": 0
      },
      "minecraft:follow_range": {
        "value": 128,
        "max": 128
      },
      "minecraft:behavior.float": {
        "priority": 0
      },

      
      "minecraft:type_family": {
        "family":[ "wither_storm", "effect","inanimate" ]
      },
      "minecraft:knockback_resistance": {
        "value": 1.0
      },
               "minecraft:behavior.knockback_roar": {
        "duration": 0.1,
        "attack_time": 0.1,
        "cooldown_time": 0.0,
        "knockback_strength": -1,
        "knockback_damage": 1,
        "knockback_range": 48,
        "knockback_filters": {
          "all_of": [
            {
              "test": "is_family",
              "subject": "other",
              "operator": "!=",
              "value": "wither_storm"
            },
            {
              "test": "is_family",
              "subject": "other",
              "operator": "!=",
              "value": "player"
            }
          ]
        },
        "damage_filters": {
          "test": "is_family",
          "subject": "other",
          "operator": "!=",
          "value": "wither_storm"
        }
      },                               
                    "minecraft:pushable": {
        "is_pushable": false,
        "is_pushable_by_piston": false
      },
      "minecraft:physics": {
      }
    },
            "events": {


                        "death": {
                      "add": {
              "component_groups": [
            "death"
              ]
            }
      }

        }
  }
}