{
  "format_version": "1.12.0",
  "minecraft:entity": {
    "description": {
      "identifier": "minecraftstorymode:size_summon_ws_2",
      "is_spawnable": false,
      "is_summonable": true,
      "is_experimental": true,
      "runtime_identifier": "minecraft:vex",
                    	      "scripts": {
        "animate": [
          "summon"
        ]
	     },
	        	  "animations": {
   	    "summon": "animation.size_summon_ws_2.summon"
   	  }
    },
        "component_groups": {

            "death": {
          "minecraft:explode": {
     "fuseLength": 0.1,
        "fuseLit": true,
        "power": 0,
        "causesFire": false
    }

      }
    },
    "components": {
      "minecraft:nameable": {
      },
      "minecraft:collision_box": {
        "width": 0,
        "height": 0
      },
      "minecraft:movement.basic": {
      },
      "minecraft:jump.static": {
      },
      "minecraft:can_climb": {
      },
      "minecraft:movement": {
        "value": 0.0
      },
      "minecraft:navigation.float": {
        "can_float": true
      },

      "minecraft:damage_sensor": {
        "triggers": {
          "cause": "all",
          "deals_damage": false
        }
      },

      "minecraft:fire_immune": true,
      "minecraft:health": {
        "value": 10,
        "max": 10,
        "min":10
      },
      "minecraft:breathable": {
        "totalSupply": 15,
        "suffocateTime": 0
      },

      "minecraft:behavior.float": {
        "priority": 0
      },
          "minecraft:explode": {
     "fuseLength": 0.13,
        "fuseLit": true,
        "power": 0,
        "causesFire": false
    },
      
      "minecraft:type_family": {
        "family":[ "wither_storm", "block","inanimate" ]
      },
      "minecraft:knockback_resistance": {
        "value": 32767
      },
                    "minecraft:pushable": {
        "is_pushable": false,
        "is_pushable_by_piston": false
      },
      "minecraft:physics": {
        "has_gravity": false,
        "has_collision": false
      }
    },
            "events": {


                        "summon_ws": {
                      "add": {
              "component_groups": [
            "summon"
              ]
            }
      }

        }
  }
}