{
    "format_version":"1.8.0",
    "minecraft:entity":{
        "description":{
            "identifier":"minecraftstorymode:super_tnt_entity",
         "is_spawnable" : false,
        "is_experimental" : true,
        "is_summonable" : true,
                    	      "scripts": {
        "animate": [
          "skin",
          "particles"
        ]
	     },
	        	  "animations": {
   	    "skin": "animation.formidi_bomb_entity.skin",
   	       	    "particles": "animation.formidi_bomb_entity.particles"
   	  }
    },
    "component_groups": {
        "skin1":{
      "minecraft:variant": {
        "value": 0
      }
        },
        "skin2":{
      "minecraft:variant": {
        "value": 1
      }
        }
    },

    "components": {
      "minecraft:type_family": {
        "family":["monster","super_tnt","tnt","block" ]
      },
      "minecraft:fire_immune": true,
      "minecraft:breathable": {
        "breathesAir": true,
        "breathesWater": true
      },
      "minecraft:health": {
        "value": 1,
        "max": 1
      },
              "minecraft:explode": {
          "fuseLength": 40,
          "fuseLit": true,
          "power": 20,
          "causesFire": true,
          "fireAffectedByGriefing": true,
          "destroyAffectedByGriefing": true
        },
      "minecraft:collision_box": {
        "width": 1,
        "height": 1
      },
      "minecraft:fall_damage": {
        "value": 0.0
      },
      
      "minecraft:damage_sensor": {
        "deals_damage": false
      },
      "minecraft:attack": {
        "damage": 0
      },



      "minecraft:movement": {
        "value": 0.0
      },
      "minecraft:movement.basic": {
      },
      "minecraft:follow_range": {
        "value": 125,
        "max": 125
      },

      "minecraft:jump.static": {
      },
      "minecraft:can_climb": {
      },
      "minecraft:behavior.float": {
      },



      "minecraft:pushable": {
        "is_pushable": false,
        "is_pushable_by_piston": false
      },
      "minecraft:physics": {
        "has_gravity": true
      }
    },
    "events": {
      "skin1": {
        "add": {
          "component_groups": [
            "skin1"
          ]
        }
      },
      "skin2": {
        "add": {
          "component_groups": [
            "skin2"
          ]
        }
      }
    }
  }
}
