{
  "format_version": "1.12.0",
  "minecraft:entity": {
    "description": {
      "identifier": "minecraftstorymode:ws_player_effect",
      "is_spawnable": false,
      "is_summonable": true,
      "is_experimental": false
    },
        "component_groups": {

            "death": {


      }
    },
    "components": {
      "minecraft:nameable": {
      },
      "minecraft:collision_box": {
        "width": 0,
        "height": 0
      },
      "minecraft:movement.basic": {
      },
      "minecraft:jump.static": {
      },
      "minecraft:can_climb": {
      },
      "minecraft:movement": {
        "value": 0.0
      },
      "minecraft:navigation.float": {
        "can_float": true
      },

      "minecraft:damage_sensor": {
        "triggers": {
          "cause": "all",
          "deals_damage": false
        }
      },

          "minecraft:explode": {
     "fuseLength": 7,
        "fuseLit": true,
        "power": 0,
        "causesFire": false
    },
      "minecraft:fire_immune": true,
      "minecraft:health": {
        "value": 1,
        "max": 1
      },
      "minecraft:breathable": {
        "totalSupply": 15,
        "suffocateTime": 0
      },
      "minecraft:follow_range": {
        "value": 1024,
        "max": 1024
      },
      "minecraft:behavior.float": {
        "priority": 0
      },

      
      "minecraft:type_family": {
        "family":[ "ws_player_effect", "effect","inanimate" ]
      },
      "minecraft:knockback_resistance": {
        "value": 1.0
      },
                    "minecraft:pushable": {
        "is_pushable": false,
        "is_pushable_by_piston": false
      },
      "minecraft:physics": {
        "has_gravity": false,
        "has_collision": false
      }
    },
            "events": {


                        "death": {
                      "add": {
              "component_groups": [
            "death"
              ]
            }
      }

        }
  }
}