{
    "format_version": "1.20.80",
    "minecraft:item": {
        "description": {
            "identifier": "yes:gilded_netherite_sword",
            "menu_category": {
                "category": "equipment",
                "group": "itemGroup.name.sword"
            }
        },
        "components": {
            "minecraft:tags": {
                "tags": [
                    "minecraft:transformable_items",
                    "minecraft:fire_immune"
                ]
            },
            "minecraft:custom_components": [
                "yes:mining_durability_damage",
                "yes:hit_durability_damage"
            ],
            "minecraft:max_stack_size": 1,
            "minecraft:hand_equipped": true,
            "minecraft:durability": {
                "max_durability": 2539,
                "damage_chance": {
                    "min": 60,
                    "max": 100
                }
            },
            "minecraft:display_name": {
                "value": "Gilded Netherite Sword\n\ue116\u00a7l\ue05b\u00a7r\ue115\n\ue05c"
            },
            "minecraft:icon": "gilded_netherite_sword",
            "minecraft:damage": 9,
            "minecraft:repairable": {
                "repair_items": [
                    {
                        "items": [
                            "yes:gilded_netherite_sword"
                        ],
                        "repair_amount": "context.other->query.remaining_durability+0.12*context.other->query.max_durability"
                    },
                    {
                        "items": [
                            "yes:gilded_blackstone_ingot"
                        ],
                        "repair_amount": "query.max_durability*0.33"
                    },
                    {
                        "items": [
                            "minecraft:netherite_ingot"
                        ],
                        "repair_amount": "query.max_durability*0.75"
                    }
                ]
            },
            "minecraft:can_destroy_in_creative": false,
            "minecraft:digger": {
                "destroy_speeds": [
                    {
                        "block": "minecraft:web",
                        "speed": 15
                    },
                    {
                        "block": "minecraft:bamboo",
                        "speed": 15
                    }
                ]
            },
            "minecraft:allow_off_hand": true,
            "minecraft:enchantable": {
                "value": 20,
                "slot": "sword"
            }
        }
    }
}