{
  "format_version": "1.16.0",
  "minecraft:entity": {
    "description": {
      "identifier": "pg:block2",
      "is_spawnable": false,
      "is_summonable": true,
	  "is_experimental": false,
      "runtime_identifier": "minecraft:pig",
	  "scripts": {
	  
        "animate": [
          "default"
        ]
      },
      "animations": {
        "default": "controller.animation.float2"
      }
    },
	"component_groups":{
		"despawn":{
			"minecraft:instant_despawn":{}
		},
		"redstone":{
			"minecraft:variant":{
				"value": 0
			}
		},
		"dirt":{
			"minecraft:variant":{
				"value": 1
			}
		},
		"grass":{
			"minecraft:variant":{
				"value": 2
			}
		},
		"stone":{
			"minecraft:variant":{
				"value": 3
			}
		},
		"granite":{
			"minecraft:variant":{
				"value": 4
			}
		},
		"diorite":{
			"minecraft:variant":{
				"value": 5
			}
		},
		"andesite":{
			"minecraft:variant":{
				"value": 6
			}
		},
		"gravel":{
			"minecraft:variant":{
				"value": 7
			}
		},
		"netherrack":{
			"minecraft:variant":{
				"value": 8
			}
		},
		"obsidian":{
			"minecraft:variant":{
				"value": 9
			}
		},
		"oak_log":{
			"minecraft:variant":{
				"value": 10
			}
		},
		"acacia_log":{
			"minecraft:variant":{
				"value": 11
			}
		},
		"birch_log":{
			"minecraft:variant":{
				"value": 12
			}
		},
		"dark_oak_log":{
			"minecraft:variant":{
				"value": 13
			}
		},
		"jungle_log":{
			"minecraft:variant":{
				"value": 14
			}
		},
		"spruce_log":{
			"minecraft:variant":{
				"value": 15
			}
		},
		"warped_log":{
			"minecraft:variant":{
				"value": 16
			}
		},
		"crimson_log":{
			"minecraft:variant":{
				"value": 17
			}
		},
		"oak_planks":{
			"minecraft:variant":{
				"value": 18
			}
		},
		"acacia_planks":{
			"minecraft:variant":{
				"value": 19
			}
		},
		"birch_planks":{
			"minecraft:variant":{
				"value": 20
			}
		},
		"dark_oak_planks":{
			"minecraft:variant":{
				"value": 21
			}
		},
		"jungle_planks":{
			"minecraft:variant":{
				"value": 22
			}
		},
		"spruce_planks":{
			"minecraft:variant":{
				"value": 23
			}
		},
		"warped_planks":{
			"minecraft:variant":{
				"value": 24
			}
		},
		"crimson_planks":{
			"minecraft:variant":{
				"value": 25
			}
		}
	},
	
    "components": {
	"minecraft:type_family": {
        "family": [ "block" ]
      },
	"minecraft:health":{
	"value": 999
	},
	"minecraft:fire_immune":{},
	"minecraft:breathable":{
		"breathes_lava": true,
		"breathes_solids": true,
		"breathes_water": true
	},
	"minecraft:environment_sensor": {
        "triggers": [
		{
		   "filters": {
            "all_of": [
              {
                "test": "has_tag",
                "subject": "self",
                "value": "redstone_block"
              }
            ]
          },
          "event": "redstone_block"
		},
		{
		   "filters": {
            "all_of": [
              {
                "test": "has_tag",
                "subject": "self",
                "value": "dirt"
              }
            ]
          },
          "event": "dirt_block"
		},
		{
		   "filters": {
            "all_of": [
              {
                "test": "has_tag",
                "subject": "self",
                "value": "grass"
              }
            ]
          },
          "event": "grass_block"
		},
		{
		   "filters": {
            "all_of": [
              {
                "test": "has_tag",
                "subject": "self",
                "value": "stone"
              }
            ]
          },
          "event": "stone_block"
		},
		{
		   "filters": {
            "all_of": [
              {
                "test": "has_tag",
                "subject": "self",
                "value": "granite"
              }
            ]
          },
          "event": "granite_block"
		},
		{
		   "filters": {
            "all_of": [
              {
                "test": "has_tag",
                "subject": "self",
                "value": "diorite"
              }
            ]
          },
          "event": "diorite_block"
		},
		{
		   "filters": {
            "all_of": [
              {
                "test": "has_tag",
                "subject": "self",
                "value": "andesite"
              }
            ]
          },
          "event": "andesite_block"
		},
		{
		   "filters": {
            "all_of": [
              {
                "test": "has_tag",
                "subject": "self",
                "value": "gravel"
              }
            ]
          },
          "event": "gravel_block"
		},
		{
		   "filters": {
            "all_of": [
              {
                "test": "has_tag",
                "subject": "self",
                "value": "netherrack"
              }
            ]
          },
          "event": "netherrack_block"
		},
		{
		   "filters": {
            "all_of": [
              {
                "test": "has_tag",
                "subject": "self",
                "value": "obsidian"
              }
            ]
          },
          "event": "obsidian_block"
		}
		]
	},
      "minecraft:collision_box": {
        "width": 0.3,
        "height": 0.3
      },
	    "minecraft:physics": {
		"has_gravity": true,
		"has_collision": true
      },
      "minecraft:pushable": {
        "is_pushable": true,
        "is_pushable_by_piston": true
      }
    },
	
	"events":{
		"despawn":{
			"add":{"component_groups":["despawn"]}
		},
		"redstone_block":{
			"add":{"component_groups":["redstone"]}
		},
		"dirt_block":{
			"add":{"component_groups":["dirt"]}
		},
		"grass_block":{
			"add":{"component_groups":["grass"]}
		},
		"stone_block":{
			"add":{"component_groups":["stone"]}
		},
		"granite_block":{
			"add":{"component_groups":["granite"]}
		},
		"diorite_block":{
			"add":{"component_groups":["diorite"]}
		},
		"andesite_block":{
			"add":{"component_groups":["andesite"]}
		},
		"gravel_block":{
			"add":{"component_groups":["gravel"]}
		},
		"netherrack_block":{
			"add":{"component_groups":["netherrack"]}
		},
		"obsidian_block":{
			"add":{"component_groups":["obsidian"]}
		},
		"oak_log_block":{
			"add":{"component_groups":["oak_log"]}
		},
		"acacia_log_block":{
			"add":{"component_groups":["acacia_log"]}
		},
		"birch_log_block":{
			"add":{"component_groups":["birch_log"]}
		},
		"dark_oak_log_block":{
			"add":{"component_groups":["dark_oak_log"]}
		},
		"jungle_log_block":{
			"add":{"component_groups":["jungle_log"]}
		},
		"spruce_log_block":{
			"add":{"component_groups":["spruce_log"]}
		},
		"warped_log_block":{
			"add":{"component_groups":["warped_log"]}
		},
		"crimson_log_block":{
			"add":{"component_groups":["crimson_log"]}
		},
		"oak_planks_block":{
			"add":{"component_groups":["oak_planks"]}
		},
		"acacia_planks_block":{
			"add":{"component_groups":["acacia_planks"]}
		},
		"birch_planks_block":{
			"add":{"component_groups":["birch_planks"]}
		},
		"dark_oak_planks_block":{
			"add":{"component_groups":["dark_oak_planks"]}
		},
		"jungle_planks_block":{
			"add":{"component_groups":["jungle_planks"]}
		},
		"spruce_planks_block":{
			"add":{"component_groups":["spruce_planks"]}
		},
		"warped_planks_block":{
			"add":{"component_groups":["warped_planks"]}
		},
		"crimson_planks_block":{
			"add":{"component_groups":["crimson_planks"]}
		},
		"minecraft:entity_spawned":{
			"sequence":[
				{
				"filters": {
				"test": "has_tag",
				"operator": "==",
				"value": "dirt"
				},
				"add":{"component_groups":["dirt"]}
				},
				{
				"remove":{"component_groups":["redstone"]}
				}
			]
		}
	}
  }
}
