{
  "format_version": "1.12.0",
  "minecraft:entity": {
    "description": {
      "identifier": "pg:ride1",
      "is_spawnable": false,
      "is_summonable": true,
	  "scripts": {
        "animate": [
          "default"
        ]
      },
      "animations": {
        "default": "controller.animation.ride1"
      }
    },
	"component_groups":{
		"despawn":{
			"minecraft:instant_despawn":{}
		},
		"on_destroy":{
			"minecraft:is_sheared":{}
		}
	},
    "components": {
		"minecraft:type_family": {
        "family": [ "block" ]
      },
		"minecraft:rideable": {
          "seat_count": 1,
          "family_types": [
			"mob"
          ],
          "pull_in_entities": true,
          "seats": [
            {
              "position": [
                0,
                0,
                0
              ],
              "min_rider_count": 1,
              "max_rider_count": 1,
              "lock_rider_rotation": 90
            }
          ]
        },
	"minecraft:tick_world":{
		"never_despawn": true,
		"radius": 1
	},
	 "minecraft:damage_sensor": {
        "triggers": {
          "cause": "all",
          "deals_damage": false
        }
      },
	  "minecraft:timer":{
	"looping": false,
	"time": [0.1,0.1],
	"time_down_event":{
		"event": "ride",
		"target": "self"
	}
	},
	"minecraft:persistent":{},
      "minecraft:collision_box": {
        "width": 0.1,
        "height": 0.1
      },
	    "minecraft:physics": {
		"has_collision": true,
		"has_gravity": true
      },
      "minecraft:pushable": {
        "is_pushable": false,
        "is_pushable_by_piston": false
      }
    },
	"events":{
		"ride":{
			"run_command":{
				"command": "ride @e[r=2,family=mob] start_riding @s teleport_rider"
			},
			"add":{"component_groups":["on_destroy"]}
		},
		"despawn":{
			"add":{
				"component_groups":[
				"despawn"
				]
			}
		}
	}
  }
}
