{
  "format_version": "1.8.0",
  "minecraft:entity": {
    "description": {
      "identifier": "mc:end7",
      "is_spawnable": false,
      "is_summonable": true,
      "is_experimental": false,
       "scripts": {
        "animate": [
    "b",
      "e",
        "9"
        ]
      },
      "animations": {
      "b": "animation.end7",
     "e": "animation.end8",
     "9": "animation.end9"
}
}
}}

]
      },
      "animations": {
      "d6": "animation.attnakck2",
         "d7": "controller.animation.atttik",
         "d8": "animation.kkiill",
     "d9": "animation.rkide3",
                     "d10": "controllekr.animation.jdead",
    "d11": "animation.scores_stop3"
}
}
}}








11": "animation.scores_stop3"
}
}
}}

















: "animation.scores_stop3"
}
}
}}

















: "animation.scores_stop3"
}
}
}}

















