{
  "format_version": "1.13.0",
  "minecraft:entity": {
    "description": {
      "identifier": "mc:nk",
      "is_spawnable": false,
      "is_summonable": true,
      "is_experimental": false,
          "scripts": {
        "animate": [
          "nk"
        ]
      },
      "animations": {
        "nk": "animation.nk"
      }
    },
    "component_groups": {
      "S": {
        "minecraft:environment_sensor": {
          "on_environment": {
            "event": "minecraft:effect"
          }
        },
        "minecraft:explode": {
          "fuseLength": 120,
          "fuseLit": true,
          "power": 0,
          "causesFire": false,
          "fireAffectedByGriefing": true,
          "destroyAffectedByGriefing": true
        },
        "minecraft:scale": {
          "value": 3
        }
      },
      "E": {
        "minecraft:environment_sensor": {
          "on_environment": {
            "event": "minecraft:effect"
          }
        },
        "minecraft:scale": {
          "value": 1
        }
      },
      "E": {
        "minecraft:health": {
        "value": 9999999999999999999999999,
        "max": 9999999999999999999999999
        },
        "minecraft:behavior.find_mount": {
          "priority": 1,
          "within_radius": 128
        },
        "minecraft:damage_sensor": {
          "triggers": [
            {
              "cause": "fall",
              "deals_damage": false
            },
            {
              "on_damage": {
                "filters": {
                  "test": "is_family",
                  "subject": "other",
                  "value": "wither_storm"
                }
              },
              "deals_damage": false
            }
          ]
        },
        "minecraft:scale": {
          "value": 3
        }
      },
      "minecraft:effect": {
        "minecraft:health": {
          "value": 10000,
          "min": 0
        },
        "minecraft:spell_effects": {
          "remove_effects": [ "blindness", "fatal_poison", "hunger", "levitation", "mining_fatigue", "nausea", "poison", "slowness", "weakness", "wither" ]
        }
      }
    },
    "components": {
      "minecraft:nameable": {
        "always_show": false,
        "allow_name_tag_renaming": false
      },
      "minecraft:collision_box": {
        "width": 3,
        "height": 1
      },
      "minecraft:movement.basic": {
      },
      "minecraft:jump.static": {
      },
      "minecraft:can_climb": {
      },
      "minecraft:movement": {
        "value": 0.0
      },
      "minecraft:fire_immune": true,
      "minecraft:breathable": {
        "totalSupply": 15,
        "suffocateTime": 1
      },
      "minecraft:attack": {
        "damage": 0
      },
      "minecraft:breathable": {
        "totalSupply": 35,
        "suffocateTime": 0,
        "breathesAir": true,
        "breathesWater": true
      },
      "minecraft:behavior.delayed_attack": {
          "priority": 0,
          "reach_multiplier": 0,
          "attack_duration": 0,
          "speed_multiplier": 0,
          "hit_delay_pct": 0,
          "track_target": true,
          "sound_event": "attack"
      },
      "minecraft:follow_range": {
        "value": 1,
        "max": 1
      },
      "minecraft:behavior.float": {
        "priority": 50
      },
      "minecraft:damage_sensor": {
        "triggers": [
          {
            "on_damage": {
              "filters": {
                "test": "has_damage",
                "value": "all"
              }
            },
            "deals_damage": false
          }
        ]
      },
      "minecraft:behavior.knockback_roar": {
        "duration": 0.1,
        "attack_time": 0.1,
        "cooldown_time": 0,
        "knockback_strength": 5,
        "knockback_damage": 0,
        "knockback_range": 9,
        "knockback_filters": {
          "all_of": [
            {
              "test": "is_family",
              "subject": "other",
              "operator": "!=",
              "value": "mc:tn2"
            },
            {
              "test": "is_family",
              "subject": "other",
              "operator": "!=",
              "value": "mc:end5"
            }
          ]
        },
        "damage_filters": {
          "test": "is_family",
          "subject": "other",
          "operator": "!=",
          "value": "mc:bl"
        }
      },
      "minecraft:physics": {
      }
    },
    "events": {
      "": {
        "add": {
          "component_groups": [
            ""
          ]
        }
      },
      "": {
        "add": {
          "component_groups": [
            ""
          ]
        }
      },
      "": {
        "add": {
          "component_groups": [
            ""
          ]
        }
      },
      "minecraft:effect": {
        "add": {
          "component_groups": [
            "minecraft:effect"
          ]
        }
      }
    }
  }
}
}
}
", "value": true }
              ]
            },
            "max_dist": 100
          }
        ],
        "must_see": false
      },
      "minecraft:physics": {
      }
    },
    "events": {
      "wither_storm_tentacles1": {
        "add": {
          "component_groups": [
            "tentacles_one"
          ]
        }
      },
      "wither_storm_tentacles2": {
        "add": {
          "component_groups": [
            "tentacles_two"
          ]
        }
      },
      "wither_storm_tentacles_split": {
        "add": {
          "component_groups": [
            "tentacles_split"
          ]
        }
      },
      "minecraft:effect": {
        "add": {
          "component_groups": [
            "minecraft:effect"
          ]
        }
      }
    }
  }
}
}

}
}
}

}

}
}

}




       }
      }
    }
  }
}
}

}
}
}

}

}
}

}











