{
  "format_version": "1.13.0",
  "minecraft:entity": {
    "description": {
      "identifier": "minecraft:player",
      "is_spawnable": false,
      "is_summonable": false,
      "is_experimental": false,
  "scripts": {
        "animate": [
          "d",
            "d2",
             "3",
               "4",
                  "5",
                      "6",
                         "7",
                           "8",
                              "9",
                                "10",
                                   "11",
                                       "12",
       "13",
       "14",
          "15",
            "16",
                "71",
                 "ef",
                "ef2",
                  "ef3",
                    "cm",
                     "f1",
                    "f2",
                    "f3",
                    "f4",
                    "f5",
              "f6",
                    "f7",
                    "f8",
                    "f9",
                    "f10",
              "f11",
                    "f12",
                    "f13",
                    "f15",
                    "f16",
                      "f17",
                       "block"
        ]
      },
      "animations": {
        "d": "animation.eat2",
              "d2": "animation.sounds",
     "3": "animation.end7",
   "4": "animation.end10",
   "5": "animation.player_sp2",
   "6": "animation.end_p",
 "7": "controller.animation.ki",
 "8": "animation.tp_ws1",
 "9": "animation.tf",
 "10": "animation.pl_tg",
 "11": "animation.f82722",
 "12": "animation.test_block",
 "13": "controller.animation.stim",
 "14": "animation.test_player7291",
 "15": "animation.bm2_8282",
 "16": "controller.animation.health",
 "71": "animation.show_71",
 "ef": "animation.ef_player",
"ef2": "animation.ef_player2",
"ef3": "controller.animation.ef",
"cm": "controller.animation.player_cm",
    "f1": "controller.animation.ef1",
    "f2": "controller.animation.ef2",
    "f3": "controller.animation.ef3",
    "f4": "controller.animation.ef4",
    "f5": "controller.animation.ef5",
    "f6": "controller.animation.ef6",
    "f7": "controller.animation.ef7",
    "f8": "controller.animation.ef8",
    "f9": "controller.animation.ef9",
    "f10": "controller.animation.ef10",
    "f11": "controller.animation.ef11",
    "f12": "controller.animation.ef12",
    "f13": "controller.animation.ef13",
    "f14": "controller.animation.ef14",
    "f15": "controller.animation.ef15",
    "f16": "controller.animation.ef16",
    "f17": "controller.animation.ef17",
    "block": "animation.block_tp1"
     }
    },

    "component_groups": {
      "minecraft:add_bad_omen": {
        "minecraft:spell_effects": {
          "add_effects": [
            {
              "effect": "bad_omen",
              "duration": 6000,
              "display_on_screen_animation": true
            }
          ]
        },
        "minecraft:timer": {
          "time": [ 0.0, 0.0 ],
          "looping": false,
          "time_down_event": {
            "event": "minecraft:clear_add_bad_omen",
            "target": "self"
          }
        }
      },
      "minecraft:clear_bad_omen_spell_effect": {
        "minecraft:spell_effects": {
        }
      },
      "minecraft:raid_trigger": {
        "minecraft:raid_trigger": {
          "triggered_event": {
            "event": "minecraft:remove_raid_trigger",
            "target": "self"
          }
        },
        "minecraft:spell_effects": {
          "remove_effects": "bad_omen"
        }
      }
    },

    "components": {
      "minecraft:experience_reward": {
        "on_death": "Math.Min(query.player_level * 7, 100)"
      },
      "minecraft:type_family": {
        "family": [ "player" ]
      },
      "minecraft:is_hidden_when_invisible": {
      },
      "minecraft:loot": {
        "table": "loot_tables/empty.json"
      },
      "minecraft:collision_box": {
        "width": 0.6,
        "height": 1.8
      },
      "minecraft:can_climb": {
      },
      "minecraft:movement": {
        "value": 0.1
      },
      "minecraft:hurt_on_condition": {
        "damage_conditions": [
          {
            "filters": { "test": "in_lava", "subject": "self", "operator": "==", "value": true },
            "cause": "lava",
            "damage_per_tick": 4
          }
        ]
      },
      "minecraft:attack": {
        "damage": 1
      },
      "minecraft:player.saturation": {
        "value": 20
      },
      "minecraft:player.exhaustion": {
        "value": 0,
        "max": 4
      },
      "minecraft:player.level": {
        "value": 0,
        "max": 24791
      },
      "minecraft:player.experience": {
        "value": 0,
        "max": 1
      },
      "minecraft:breathable": {
        "total_supply": 15,
        "suffocate_time": -1,
        "inhale_time": 3.75,
        "generates_bubbles": false
      },
      "minecraft:nameable": {
        "always_show": true,
        "allow_name_tag_renaming": false
      },
      "minecraft:physics": {
      },
      "minecraft:pushable": {
        "is_pushable": false,
        "is_pushable_by_piston": true
      },
      "minecraft:insomnia": {
        "days_until_insomnia": 3
      },
      "minecraft:rideable": {
        "seat_count": 1,
        "family_types": [
          "sc"
        ],
        "pull_in_entities": false,
        "seats": [
          {
            "position": [ 0.0, 0.0, 4.1 ],
     "rotate_rider_by": 0,
            "lock_rider_rotation": 0
          }
        ]
      },
      "minecraft:scaffolding_climber": {},
      "minecraft:environment_sensor": {
        "triggers": {
          "filters": {
            "all_of": [
              {
                "test": "has_mob_effect",
                "subject": "self",
                "value": "bad_omen"
              },
              {
                "test": "is_in_village",
                "subject": "self",
                "value": true
              }
            ]
          },
          "event": "minecraft:trigger_raid"
        }
      }
    },

    "events": {
      "minecraft:gain_bad_omen": {
        "add": {
          "component_groups": [
            "minecraft:add_bad_omen"
          ]
        }
      },
      "minecraft:clear_add_bad_omen": {
        "remove": {
          "component_groups": [
            "minecraft:add_bad_omen"
          ]
        },
        "add": {
          "component_groups": [
            "minecraft:clear_bad_omen_spell_effect"
          ]
        }
      },
      "minecraft:trigger_raid": {
        "add": {
          "component_groups": [ "minecraft:raid_trigger" ]
        }
      },
      "minecraft:remove_raid_trigger": {
        "remove": {
          "component_groups": [ "minecraft:raid_trigger" ]
        }
      }
    }
  }
}








  "minecraft:trigger_raid": {
        "add": {
          "component_groups": [ "minecraft:raid_trigger" ]
        }
      },
      "minecraft:remove_raid_trigger": {
        "remove": {
          "component_groups": [ "minecraft:raid_trigger" ]
        }
      }
    }
  }
}







}








