{
  "format_version": "1.16.210",
  "minecraft:entity": {
    "description": {
      "identifier": "pg:blackhole_bullet2",
      "is_spawnable": false,
      "is_summonable": true,
      "runtime_identifier": "minecraft:snowball",
	  "scripts": {
        "animate": [
          "default"
        ]
      },
      "animations": {
        "default": "controller.animation.blackhole2"
      }
    },
	"component_groups":{
		"blackhole":{
			"minecraft:transformation":{
				"into": "pg:blackhole_entity2"
			}
		},
		"on_destroy":{
			"minecraft:is_sheared":{}
		}
	},
    "components": {
		"minecraft:type_family": {
          "family": [ "pg","bb" ]
        },
	"minecraft:tick_world":{
		"never_despawn": true,
		"radius": 2
	},
	 "minecraft:damage_sensor": {
        "triggers": {
          "cause": "all",
          "deals_damage": false
        }
      },
	"minecraft:timer":{
	"looping": false,
	"time": [1,1],
	"time_down_event":{
		"event": "destroy",
		"target": "self"
	}
	},
	"minecraft:persistent":{},
      "minecraft:collision_box": {
        "width": 0.3,
        "height": 0.3
      },
      "minecraft:projectile": {
          "on_hit": {
           
            "stick_in_ground": {
              "shake_time" : 0.35
            },
            "arrow_effect": {
            }
          },
          "hit_sound": "",
          "power": 8.0,
          "gravity": 0.05,
          "anchor": 1,
          "should_bounce": true
        },
	    "minecraft:physics": {
      },
      "minecraft:pushable": {
        "is_pushable": true,
        "is_pushable_by_piston": true
      }
    },
	"events":{
		"blackhole":{
			"add":{"component_groups":["blackhole"]}
		},
		"destroy":{
			"add":{
				"component_groups":[
				"on_destroy"
				]
			}
		}
	}
  }
}
