{
  "format_version": "1.12.0",
  "minecraft:entity": {
    "description": {
      "identifier": "pg:blackhole_entity",
      "is_spawnable": false,
      "is_summonable": true,
      "runtime_identifier": "minecraft:pig",
	  "scripts": {
        "animate": [
          "default"
        ]
      },
      "animations": {
        "default": "controller.animation.suck"
      }
    },
	"component_groups":{
		"despawn":{
			"minecraft:instant_despawn":{}
		},
		"on_destroy":{
			"minecraft:is_sheared":{}
		}
	},
    "components": {
		"minecraft:type_family": {
          "family": [ "pg","blackhole" ]
        },
	"minecraft:tick_world":{
		"never_despawn": true,
		"radius": 2
	},
	 "minecraft:damage_sensor": {
        "triggers": {
          "cause": "all",
          "deals_damage": false
        }
      },
	"minecraft:timer":{
	"looping": false,
	"time": [1,1],
	"time_down_event":{
		"event": "destroy",
		"target": "self"
	}
	},
	"minecraft:persistent":{},
      "minecraft:collision_box": {
        "width": 1,
        "height": 1
      },
	    "minecraft:physics": {
		"has_collision": true,
		"has_gravity": false
      },
      "minecraft:pushable": {
        "is_pushable": false,
        "is_pushable_by_piston": false
      }
    },
	"events":{
		"destroy":{
			"add":{
				"component_groups":[
				"on_destroy"
				]
			}
		},
		"despawn":{
			"add":{
				"component_groups":[
				"despawn"
				]
			}
		}
	}
  }
}
