{"format_version":"1.10.0","minecraft:attachable":{"description":{"identifier":"ewings:fairy_1_6","materials":{"default":"wings","outline":"entity_alphatest"},"textures":{"default":"textures/models/armor/wings/fairy/1/6","outline":"textures/models/armor/wings/fairy/1/6_outline"},"geometry":{"default":"geometry.fairy_wings"},"animations":{"default_controller":"controller.animation.wings.default","flight_controller":"controller.animation.wings.flight","default":"animation.wings.fairy.default","fold":"animation.wings.fairy.default","fall":"animation.wings.fairy.glide","hover":"animation.wings.fairy.flap","glide":"animation.wings.fairy.glide","flap":"animation.wings.fairy.flap","idle":"animation.wings.fairy.idle"},"scripts":{"initialize":["v.is_flying = 0.0;","v.is_hovering = 0.0;","v.is_starving = 0.0;","v.sneakCooldown = 0; v.is_sneaking = 0; v.folded = 0;","v.author = 'Mhafy1016';"],"pre_animation":["v.is_flying = Math.mod(q.armor_damage_slot(1), 10) == 1;","v.is_hovering = Math.mod(q.armor_damage_slot(1), 10) == 2;","v.is_starving = Math.floor(q.armor_damage_slot(1) / 10) == 1;","(q.is_sneaking && !v.is_sneaking && v.sneakCooldown > 0) ? { v.folded = 1; };","q.is_sneaking ? { v.is_sneaking = 1; v.sneakCooldown = 20; };","!q.is_sneaking ? { v.is_sneaking = 0; };","v.sneakCooldown > 0 ? { v.sneakCooldown = v.sneakCooldown - 1; };","v.author = 'Mhafy1016';"],"animate":["default_controller"]},"render_controllers":["controller.render.insect_wings","controller.render.insect_wings_outline"]}}}