{
	"format_version": "1.8.0",
	"animations": {
		"animation.hypno.quiet": {
			"loop": true,
			"animation_length": 1.2,
			"bones": {
				"body_root": {
					"rotation": {
						"0.0": [0, 0, -5],
						"0.6": [0, 0, 5],
						"1.2": [0, 0, -5]
					}
				},
				"head": {
					"position": {
						"0.0": [-2, 0, 0],
						"0.6": [-1, 0, 0],
						"1.2": [-2, 0, 0]
					}
				},
				"body": {
					"rotation": [0, 25, 0]
				},
				"right_arm": {
					"rotation": {
						"0.0": [50, 0, 0],
						"0.5": [50, -10, -15],
						"1.2": [50, 0, 0]
					},
					"position": [0, 0, 2]
				},
				"left_arm": {
					"rotation": {
						"0.0": [15, 5, -20],
						"0.7": [15, 0, 0],
						"1.2": [15, 5, -20]
					},
					"position": [-2, -1, -1]
				},
				"right_leg": {
					"rotation": [0, 30, 0]
				},
				"pendulum": {
					"rotation": {
						"0.0": [-20, 0, 0],
						"0.6": [-15, 10, 30],
						"1.2": [-20, 0, 0]
					}
				}
			}
		},
		"animation.hypno.walk": {
			"loop": true,
			"animation_length": 1.2,
			"bones": {
				"hypno": {
					"position": {
						"0.0": [0, 2, 0],
						"0.3": [0, 0, 0],
						"0.6": [0, 2, 0],
						"0.9": [0, 0, 0],
						"1.2": [0, 2, 0]
					}
				},
				"body_root": {
					"rotation": {
						"0.0": [-15, 0, 0],
						"0.3": [0, 0, 0],
						"0.6": [-15, 0, 0],
						"0.9": [0, 0, 0],
						"1.2": [-15, 0, 0]
					}
				},
				"arms": {
					"rotation": {
						"0.0": [70, 0, 0],
						"0.4": [95, 0, 0],
						"0.6": [70, 0, 0],
						"1.0": [95, 0, 0],
						"1.2": [70, 0, 0]
					}
				},
				"right_leg": {
					"rotation": {
						"0.0": [50, 0, 0],
						"0.6": [-35, 0, 0],
						"1.2": [50, 0, 0]
					}
				},
				"left_leg": {
					"rotation": {
						"0.0": [-35, 0, 0],
						"0.6": [50, 0, 0],
						"1.2": [-35, 0, 0]
					}
				},
				"pendulum": {
					"rotation": {
						"0.0": [-65, 30, 10],
						"0.3": [-92.2, 0, 0],
						"0.6": [-65, -30, -10],
						"0.9": [-92.2, 0, 0],
						"1.2": [-65, 30, 10]
					}
				}
			}
		},
		"animation.hypno.sitting": {
			"loop": true,
			"bones": {
				"hypno": {
					"position": [0, -6, 0]
				},
				"head": {
					"position": [0, 0, -1]
				},
				"arms": {
					"rotation": [132.5, 0, 0]
				},
				"right_arm": {
					"rotation": [0, 0, 15]
				},
				"left_arm": {
					"rotation": [0, 0, -15]
				},
				"pendulum": {
					"rotation": [-60, 0, 0]
				},
				"legs": {
					"rotation": [-60, 0, 0],
					"position": [0, 1, 0]
				}
			}
		},
		"animation.hypno.jump": {
			"loop": true,
			"bones": {
				"hypno": {
					"position": [0, 1, -2]
				},
				"arms": {
					"rotation": [20, 0, 0]
				},
				"legs": {
					"rotation": [35, 0, 0],
					"position": [0, 1, 0]
				}
			}
		},
		"animation.hypno.attack": {
			"loop": true,
			"bones": {
				"head": {
					"position": [0, -1, -3]
				},
				"body": {
					"rotation": [10, 0, 0]
				},
				"arms": {
					"rotation": [90, 0, 0],
					"position": [0, -1, -2]
				},
				"right_arm": {
					"rotation": [20, 0, 50],
					"position": [0, -1, 0]
				},
				"left_arm": {
					"rotation": [0, 0, -40],
					"position": [0, 2, 0]
				},
				"pendulum": {
					"rotation": [-90, 0, 40]
				},
				"legs": {
					"rotation": [-40, 0, 0]
				}
			}
		},
		"animation.hypno.swimming": {
			"loop": true,
			"animation_length": 0.6,
			"bones": {
				"hypno": {
					"position": {
						"0.0": [0, 0, 0],
						"0.3": [0, -2, 0],
						"0.6": [0, 0, 0]
					}
				},
				"arms": {
					"rotation": [90, 0, 0]
				},
				"right_arm": {
					"rotation": {
						"0.0": [0, 0, 0],
						"0.4": [0, 0, -25],
						"0.6": [0, 0, 0]
					}
				},
				"left_arm": {
					"rotation": {
						"0.0": [0, 0, 0],
						"0.4": [0, 0, 25],
						"0.6": [0, 0, 0]
					}
				},
				"pendulum": {
					"rotation": [-90, 0, 0]
				},
				"right_leg": {
					"rotation": {
						"0.0": [40, 0, 0],
						"0.3": [-10, 0, 0],
						"0.6": [40, 0, 0]
					}
				},
				"left_leg": {
					"rotation": {
						"0.0": [-10, 0, 0],
						"0.3": [35, 0, 0],
						"0.6": [-10, 0, 0]
					}
				}
			}
		},
        "animation.hypno.health_bar":{
            "loop":true,
            "bones":{
                "health_hover":{
    "rotation":["q.camera_rotation(0)","q.camera_rotation(1)-q.body_y_rotation",0],
	"position": [0,31,0],
    "scale":"query.is_in_ui?0:1.5"
                },
				"bar_green": {
					"scale": ["query.health/query.max_health*1", 1, 1]
				},
				"bar_black": {
					"scale": ["(1)+(query.health/query.max_health*-1)", 1, 1]
				}
			}
        }
	}
}