{
	"format_version": "1.16.100",
	"minecraft:entity": {
		"description": {
			"identifier": "yes:aetherite_ingot_transform",
			"is_spawnable": false,
			"is_summonable": true,
			"is_experimental": false
		},
		"component_groups": {
			"yes:pre_despawn": {
				"minecraft:timer": {
					"looping": false,
					"time": 0.09,
					"time_down_event": {
						"event": "yes:despawn"
					}
				}
			},
			"yes:despawn": {
				"minecraft:instant_despawn": {}
			},
			"yes:barter": {
				"minecraft:environment_sensor": {
					"triggers": [
						{
							"filters": {
								"all_of": [
									{
										"test": "is_family",
										"subject": "self",
										"operator": "==",
										"value": "dont_do_anything"
									}
								]
							},
							"event": "yes:despawn"
						}
					]
				},
				"minecraft:behavior.barter": {
					"priority": 1
				},
				"minecraft:timer": {
					"looping": false,
					"time": 0.09,
					"time_down_event": {
						"event": "yes:despawn"
					}
				}
			},
			"yes:barter2": {
				"minecraft:environment_sensor": {
					"triggers": [
						{
							"filters": {
								"all_of": [
									{
										"test": "is_family",
										"subject": "self",
										"operator": "==",
										"value": "dont_do_anything"
									}
								]
							},
							"event": "yes:despawn2"
						}
					]
				},
				"minecraft:behavior.barter": {
					"priority": 1
				},
				"minecraft:timer": {
					"looping": false,
					"time": 0.09,
					"time_down_event": {
						"event": "yes:despawn2"
					}
				}
			}
		},
		"components": {
			"minecraft:environment_sensor": {
				"triggers": [
					{
						"filters": {
							"all_of": [
								{
									"test": "is_game_rule",
									"subject": "self",
									"domain": "mobgriefing",
									"operator": "==",
									"value": true
								}
							]
						},
						"event": "yes:no_mobgriefing_event"
					},
					{
						"filters": {
							"all_of": [
								{
									"test": "is_game_rule",
									"subject": "self",
									"domain": "mobgriefing",
									"operator": "==",
									"value": false
								}
							]
						},
						"event": "yes:mobgriefing_event"
					}
				]
			},
			"minecraft:inventory": {
				"inventory_size": 1
			},
			"minecraft:barter": {
				"barter_table": "loot_tables/aetherite/aetherite_ingot.json"
			},
			"minecraft:shareables": {
				"items": [
					{
						"item": "yes:aetherium_crystal",
						"priority": 1,
						"pickup_limit": 1,
						"barter": true
					}
				]
			},
			"minecraft:behavior.equip_item": {
				"priority": 5
			},
			"minecraft:behavior.pickup_items": {
				"priority": 6,
				"max_dist": 10,
				"goal_radius": 2,
				"speed_multiplier": 1
			},
			"minecraft:navigation.walk": {
				"is_amphibious": false,
				"can_pass_doors": false,
				"can_walk": false,
				"can_break_doors": false
			},
			"minecraft:physics": {},
			"minecraft:pushable": {
				"is_pushable": false,
				"is_pushable_by_piston": false
			},
			"minecraft:type_family": {
				"family": [
					"inanimate",
					"despawn",
					"weeweejuice"
				]
			},
			"minecraft:custom_hit_test": {
				"hitboxes": [
					{
						"pivot": [
							0,
							100,
							0
						],
						"width": 0,
						"height": 0
					}
				]
			},
			"minecraft:damage_sensor": {
				"triggers": {
					"deals_damage": false
				}
			},
			"minecraft:collision_box": {
				"width": 0.0001,
				"height": 0.0001
			}
		},
		"events": {
			"yes:mobgriefing_event": {
				"queue_command": {
					"command": [
						"gamerule mobgriefing true"
					]
				},
				"add": {
					"component_groups": [
						"yes:barter2"
					]
				}
			},
			"yes:no_mobgriefing_event": {
				"add": {
					"component_groups": [
						"yes:barter"
					]
				}
			},
			"yes:pre_despawn": {
				"add": {
					"component_groups": [
						"yes:pre_despawn"
					]
				}
			},
			"yes:despawn": {
				"add": {
					"component_groups": [
						"yes:despawn"
					]
				}
			},
			"yes:despawn2": {
				"queue_command": {
					"command": [
						"gamerule mobgriefing false"
					]
				},
				"add": {
					"component_groups": [
						"yes:despawn"
					]
				}
			}
		}
	}
}