{
"format_version":"1.8.0",
  "animations": {
      "animation.wither.functions": {
      "timeline": {
        "0.000": "/execute as @e[type=misc:dark_sky] at @e[type=decayed:commanded_wither] run tp @s ~ ~0.7 ~",
        "0.001": "/execute as @e[type=misc:dark_sky] at @e[tag=mainws] run tp @s ~1 ~-3.7 ~-3",
        "0.002": "/execute as @e[tag=phase3] at @e[tag=phase3] run tp @s ~ ~0.0000001 ~",
        "0.003": "/function raycast/start",
        "0.004": "/function raycast/start",
        "0.005": "/tag @e[type=player] remove absorbh1player",
        "0.006": "/tag @e[type=player] remove absorbh2player",
        "0.007": "/tag @e[type=player] remove absorbh3player",

        "0.008": "/execute as @e[tag=hd1] run function raycast/raycasthd1/starthd1",
        "0.009": "/execute as @e[tag=hd2] run function raycast/raycasthd2/starthd2",
        "0.0010": "/execute as @e[tag=hd3] run function raycast/raycasthd3/starthd3",

        "0.0011": "/execute as @e[tag=mainws] at @s unless entity @p[r=130] run tp ^^^0.65 facing @p false",
        "0.0012": "/execute as @e[tag=mainws] at @s unless entity @p[r=60] run tp ^^^0.75 facing @p false",
        "0.0013": "/execute as @e[tag=mainws] at @s if entity @p[rm=430] run tp ^^^0.85 facing @p false",
        "0.0014": "/execute as @e[tag=mainws] at @s if entity @p[rm=860] run tp ^^^0.95 facing @p false",
        "0.0013": "/execute as @e[tag=mainws] at @s if entity @p[rm=1030] run tp ^^^1.5 facing @p false",
        "0.0014": "/execute as @e[tag=mainws] at @s if entity @p[rm=1660] run tp ^^^2.5 facing @p false",
        "0.0015": "/execute as @e[tag=mainws] at @s if entity @p[rm=2060] run tp ^^^3.5 facing @p false",
        "0.0016": "/execute as @e[tag=mainws] at @s if entity @p[rm=2660] run tp ^^^6.5 facing @p false",
        "0.0017": "/execute as @e[tag=phase5.5] at @s run tp @s ~ 120 ~",
        "0.0018": "/execute as @e[tag=phase5] at @s run tp @s ~ 120 ~",
        "0.0019": "/execute as @e[tag=big] at @s run tp @s ~ 120 ~",
        "0.0020": "/execute as @e[tag=commandedbeam] run function raycast/raycastcmd/startcmd"

      },
      "animation_length": 0.2,
      "loop": true
    }
  }
}