{
"format_version":"1.8.0",
  "animations": {
      "animation.growl": {
      "timeline": {
        "5": "/playsound mob.wither_storm.growl @a",
        
        "5.1": "/playanimation @e[type=minecraftstorymode:wither_storm_head] animation.wither_storm_head.growl",
        
        "9": "/playsound mob.wither_storm.growl @a",
        
        "9.1": "/playanimation @e[type=minecraftstorymode:wither_storm_head] animation.wither_storm_head.growl",
         
        "7": "/playsound mob.wither_storm.growl @a",
        
        "7.1": "/playanimation @e[type=minecraftstorymode:wither_storm_headleft] animation.wither_storm_head.growl",
        
        "12": "/playsound mob.wither_storm.growl @a",
        
        "12.1": "/playanimation @e[type=minecraftstorymode:wither_storm_headright] animation.wither_storm_head.growl",
        
        "15": "/playsound mob.wither_storm.growl @a",
        
        "15.1": "/playanimation @e[type=minecraftstorymode:wither_storm_head3] animation.wither_storm_head.growl",
        
        "19": "/playsound mob.wither_storm.growl @a",
        
        "19.1": "/playanimation @e[type=minecraftstorymode:wither_storm_head2] animation.wither_storm_head.growl"
      },
      "animation_length": 20,
      "loop": true
    }
  }
}