{
    "format_version": "1.8.0",
    "animations": {
        "animation.ws_head.spawn2": {
            "animation_length": 2,
            "timeline": {
                "0":[
                    "/effect @e[type=minecraftstorymode:wither_storm_head] invisibility 255 25 true",
                    "/effect @e[type=minecraftstorymode:wither_storm_head] invisibility 255 25 true",
                    "/effect @e[type=minecraftstorymode:wither_storm_head] invisibility 255 25 true",
                    "/event entity @e[type=minecraftstorymode:wither_storm_head] death",                            "/event entity @e[type=minecraftstorymode:wither_storm_head_left] death",                                                "/event entity @e[type=minecraftstorymode:wither_storm_head_right] death",
                                        "/event entity @e[type=pa:air] death",
                    "/event entity @e[type=pa:air1] death"
               ]
            }
        }
    }
}