{
	"format_version": "1.8.0",
	"animations": {
		"animation.withered_symbiont.bob": {
			"loop": true,
			"bones": {
				"leftArm": {
					"rotation": [0, 0, "-((math.cos(query.life_time * 103.2) * 2.865) + 2.865)"]
				},
				"rightArm": {
					"rotation": [0, 0, "(math.cos(query.life_time * 103.2) * 2.865) + 2.865"]
				},
				"tantacle": {
					"rotation": ["Math.cos(query.life_time * 55) * -10", "Math.cos(query.life_time * 60) * 10", 0]
				},
				"tentacle2": {
					"rotation": [0, "Math.cos(query.life_time * 50) * 10", 0]
				},
				"tentacle3": {
					"rotation": ["Math.sin(query.life_time * 40) * 20", 0, 0]
				},
				"tentacle7": {
					"rotation": ["Math.cos(query.life_time * 50) * 10", 0, "Math.cos(query.life_time * 54) * 10"]
				},
				"tentacle8": {
					"rotation": ["Math.cos(query.life_time * 56) * 10", "Math.sin(query.life_time * 53) * 10", 0]
				},
				"tentacle9": {
					"rotation": ["Math.sin(query.life_time * 60) * 12", 0, 0]
				},
				"tentacle4": {
					"rotation": ["Math.sin(query.life_time * 50) * -10", "Math.cos(query.life_time * 50) * 10", 0]
				},
				"tentacle5": {
					"rotation": [0, 0, "Math.sin(query.life_time * 50) * 10"]
				},
				"tentacle6": {
					"rotation": ["Math.cos(query.life_time * 50) * 15", 0, 0]
				}
			}
		},
		"animation.withered_symbiont.walk": {
			"loop": true,
			"anim_time_update": "query.modified_distance_moved/variable.symbiont_walk_divisor",
			"bones": {
				"rightLeg": {
					"rotation": ["Math.cos(query.life_time * 250) * -40", 0, 0]
				},
				"leftLeg": {
					"rotation": ["Math.cos(query.life_time * 250) * 40", 0, 0]
				},
				"body": {
					"rotation": [0, 0, "Math.cos(query.life_time * 250) * 10"]
				},
				"tantacle": {
					"rotation": ["Math.cos(query.life_time * 230) * 10", 0, "Math.cos(query.life_time * 230) * 15"]
				},
				"tentacle2": {
					"rotation": ["Math.cos(query.life_time * 230) * 20", "Math.cos(query.life_time * 230) * 10", 0]
				},
				"tentacle3": {
					"rotation": [0, "Math.cos(query.life_time * 230) * 10", 0]
				},
				"tentacle7": {
					"rotation": ["Math.sin(query.life_time * 230) * 15", "Math.cos(query.life_time * 240) * -20", 0]
				},
				"tentacle8": {
					"rotation": ["Math.cos(query.life_time * 230) * 30", 0, 0]
				},
				"tentacle9": {
					"rotation": [0, "Math.cos(query.life_time * 230) * 10", 0]
				},
				"tentacle4": {
					"rotation": ["Math.cos(query.life_time * 250) * 25", "Math.sin(query.life_time * 247) * -15", 0]
				},
				"tentacle5": {
					"rotation": ["Math.cos(query.life_time * 250) * 40", 0, "Math.sin(query.life_time * 220) * -15"]
				},
				"tentacle6": {
					"rotation": [0, 0, "Math.cos(query.life_time * 230) * 15"]
				}
			}
		},
		"animation.withered_symbiont.attack": {
			"loop": true,
			"animation_length": 2.1,
			"anim_time_update": "query.anim_time + query.delta_time * 1",
			"bones": {
				"rightArm": {
					"rotation": {
						"0.0": [-50, 0, 0],
						"0.5": [-52.42768, 13.91715, -14.60127],
						"1.0": [-50, 0, 0],
						"1.5": [-52.42768, 13.91715, -14.60127],
						"2.0": [-50, 0, 0]
					}
				},
				"leftArm": {
					"rotation": {
						"0.0": [-42.5, 0, 0],
						"0.5": [-44.80087, -15.6855, 12.65733],
						"1.0": [-42.5, 0, 0],
						"1.5": [-44.80087, -15.6855, 12.65733],
						"2.0": [-42.5, 0, 0]
					}
				},
				"head": {
					"rotation": {
						"0.0": [17.5, 0, 0],
						"1.6": [-22.91, 0, 0],
						"1.7": [-31.94, 0, 0],
						"1.9": [10.28, 0, 0],
						"2.0": [2.5, 0, 0]
					}
				}
			}
		},
		"animation.withered_symbiont.attacklong": {
			"loop": true,
			"animation_length": 30.0,
			"anim_time_update": "query.anim_time + query.delta_time * 1",
			"bones": {
				"rightArm": {
					"rotation": {
						"0.0": [-50, 0, 0],
						"0.5": [-52.42768, 13.91715, -14.60127],
						"1.0": [-50, 0, 0],
						"1.5": [-52.42768, 13.91715, -14.60127],
						"2.0": [-50, 0, 0],
						"2.5": [-52.42768, 13.91715, -14.60127],
						"3.0": [-50, 0, 0],
						"3.5": [-52.42768, 13.91715, -14.60127],
						"4.0": [-50, 0, 0],
						"4.5": [-52.42768, 13.91715, -14.60127],
						"5.0": [-50, 0, 0],
						"5.5": [-52.42768, 13.91715, -14.60127],
						"6.0": [-50, 0, 0],
						"6.5": [-52.42768, 13.91715, -14.60127],
						"7.0": [-50, 0, 0],
						"7.5": [-52.42768, 13.91715, -14.60127],
						"8.0": [-50, 0, 0],
						"8.5": [-52.42768, 13.91715, -14.60127],
						"9.0": [-50, 0, 0],
						"9.5": [-52.42768, 13.91715, -14.60127],
						"10.0": [-50, 0, 0],
						"10.5": [-52.42768, 13.91715, -14.60127],
						"11.0": [-50, 0, 0],
						"11.5": [-52.42768, 13.91715, -14.60127],
						"12.0": [-50, 0, 0],
						"12.5": [-52.42768, 13.91715, -14.60127],
						"13.0": [-50, 0, 0],
						"13.5": [-52.42768, 13.91715, -14.60127],
						"14.0": [-50, 0, 0],
						"14.5": [-52.42768, 13.91715, -14.60127],
						"15.0": [-50, 0, 0],
						"15.5": [-52.42768, 13.91715, -14.60127],
						"16.0": [-50, 0, 0],
						"16.5": [-52.42768, 13.91715, -14.60127],
						"17.0": [-50, 0, 0],
						"17.5": [-50, 0, 0],
						"18.0": [-52.42768, 13.91715, -14.60127],
						"18.5": [-50, 0, 0],
						"19.0": [-52.42768, 13.91715, -14.60127],
						"19.5": [-50, 0, 0],
						"20.0": [-52.42768, 13.91715, -14.60127],
						"20.5": [-50, 0, 0],
						"21.0": [-52.42768, 13.91715, -14.60127],
						"21.5": [-50, 0, 0],
						"22.0": [-52.42768, 13.91715, -14.60127],
						"22.5": [-50, 0, 0],
						"23.0": [-52.42768, 13.91715, -14.60127],
						"23.5": [-50, 0, 0],
						"24.0": [-52.42768, 13.91715, -14.60127],
						"24.5": [-50, 0, 0],
						"25.0": [-52.42768, 13.91715, -14.60127],
						"25.5": [-50, 0, 0],
						"26.0": [-52.42768, 13.91715, -14.60127],
						"26.5": [-50, 0, 0],
						"27.0": [-52.42768, 13.91715, -14.60127],
						"27.5": [-50, 0, 0],
						"28.0": [-52.42768, 13.91715, -14.60127],
						"28.5": [-50, 0, 0],
						"29.0": [-52.42768, 13.91715, -14.60127],
						"29.5": [-50, 0, 0]
					}
				},
				"leftArm": {
					"rotation": {
						"0.0": [-42.5, 0, 0],
						"0.5": [-44.80087, -15.6855, 12.65733],
						"1.0": [-42.5, 0, 0],
						"1.5": [-44.80087, -15.6855, 12.65733],
						"2.0": [-42.5, 0, 0],
						"2.5": [-44.80087, -15.6855, 12.65733],
						"3.0": [-42.5, 0, 0],
						"3.5": [-44.80087, -15.6855, 12.65733],
						"4.0": [-42.5, 0, 0],
						"4.5": [-44.80087, -15.6855, 12.65733],
						"5.0": [-42.5, 0, 0],
						"5.5": [-44.80087, -15.6855, 12.65733],
						"6.0": [-42.5, 0, 0],
						"6.5": [-44.80087, -15.6855, 12.65733],
						"7.0": [-42.5, 0, 0],
						"7.5": [-44.80087, -15.6855, 12.65733],
						"8.0": [-42.5, 0, 0],
						"8.5": [-44.80087, -15.6855, 12.65733],
						"9.0": [-42.5, 0, 0],
						"9.5": [-44.80087, -15.6855, 12.65733],
						"10.0": [-42.5, 0, 0],
						"10.5": [-44.80087, -15.6855, 12.65733],
						"11.0": [-42.5, 0, 0],
						"11.5": [-44.80087, -15.6855, 12.65733],
						"12.0": [-42.5, 0, 0],
						"12.5": [-44.80087, -15.6855, 12.65733],
						"13.0": [-42.5, 0, 0],
						"13.5": [-44.80087, -15.6855, 12.65733],
						"14.0": [-42.5, 0, 0],
						"14.5": [-44.80087, -15.6855, 12.65733],
						"15.0": [-42.5, 0, 0],
						"15.5": [-44.80087, -15.6855, 12.65733],
						"16.0": [-42.5, 0, 0],
						"16.5": [-44.80087, -15.6855, 12.65733],
						"17.0": [-42.5, 0, 0],
						"17.5": [-42.5, 0, 0],
						"18.0": [-44.80087, -15.6855, 12.65733],
						"18.5": [-42.5, 0, 0],
						"19.0": [-44.80087, -15.6855, 12.65733],
						"19.5": [-42.5, 0, 0],
						"20.0": [-44.80087, -15.6855, 12.65733],
						"20.5": [-42.5, 0, 0],
						"21.0": [-44.80087, -15.6855, 12.65733],
						"21.5": [-42.5, 0, 0],
						"22.0": [-44.80087, -15.6855, 12.65733],
						"22.5": [-42.5, 0, 0],
						"23.0": [-44.80087, -15.6855, 12.65733],
						"23.5": [-42.5, 0, 0],
						"24.0": [-44.80087, -15.6855, 12.65733],
						"24.5": [-42.5, 0, 0],
						"25.0": [-44.80087, -15.6855, 12.65733],
						"25.5": [-42.5, 0, 0],
						"26.0": [-44.80087, -15.6855, 12.65733],
						"26.5": [-42.5, 0, 0],
						"27.0": [-44.80087, -15.6855, 12.65733],
						"27.5": [-42.5, 0, 0],
						"28.0": [-44.80087, -15.6855, 12.65733],
						"28.5": [-42.5, 0, 0],
						"29.0": [-44.80087, -15.6855, 12.65733],
						"29.5": [-42.5, 0, 0]
					}
				},
				"head": {
					"rotation": {
						"0.0": [17.5, 0, 0],
						"29.5": [-45.11, 0, 0],
						"29.6": [-60.41, 0, 0],
						"29.7": [-31.94, 0, 0],
						"29.8": [10.28, 0, 0],
						"29.9": [2.5, 0, 0]
					}
				}
			}
		},
		"animation.withered_symbiont.stop": {
			"loop": true,
			"animation_length": 15.8,
			"bones": {
				"body": {
					"rotation": {
						"13.9": [57.5, 0, 0],
						"14.4": [57.5, 0, 0],
						"14.9": [0, 0, 0]
					},
					"position": {
						"0.0": [0, 6, 11],
						"14.4": [0, 5.63, 10.15],
						"14.9": [0, 0, 0]
					}
				},
				"rightLeg": {
					"rotation": {
						"0.0": [-57.5, 0, 0],
						"13.9": [-57.5, 0, 0],
						"14.4": [-57.5, 0, 0],
						"14.9": [0.18254, -0.93562, 0.08587]
					}
				},
				"leftLeg": {
					"rotation": {
						"0.0": [-57.5, 0, 0],
						"13.9": [-57.5, 0, 0],
						"14.4": [-57.5, 0, 0],
						"14.9": [0, 0, 0]
					}
				},
				"tantacle": {
					"rotation": {
						"0.0": [-1.22887, 0.89574, 35.18522],
						"13.9": [-1.22887, 0.89574, 35.18522],
						"14.1": [17.5, 0, 0],
						"14.3": [12.18, 0, 0],
						"14.7": [31.98, 0, 0],
						"15.1": [0, 0, 0]
					}
				},
				"tentacle7": {
					"rotation": {
						"0.0": [15, 0, 15],
						"13.9": [15, 0, 15],
						"14.0": [0, 0, 15],
						"14.4": [0.2101, 0, 7.562],
						"14.8": [-22.51413, 0, 7.55941],
						"15.2": [0, 0, 0]
					}
				},
				"tentacle4": {
					"rotation": {
						"0.0": [59.2, 0, 0],
						"13.9": [59.2, 0, 0],
						"14.0": [36.7, 0, 0],
						"14.2": [39.92, 0, 0],
						"14.5": [-5.58, 0, 0],
						"14.7": [5.51, 0, 0],
						"14.8": [-7.08, 0, 0],
						"15.1": [10, 0, 0]
					}
				},
				"rightArm": {
					"rotation": {
						"0.0": [32.5, 0, 0],
						"13.9": [32.5, 0, 0],
						"14.2": [-32.46, 0, 0],
						"15.0": [-1.06, 0, 0],
						"15.8": [0, 0, 0]
					}
				},
				"leftArm": {
					"rotation": {
						"0.0": [25, 0, 0],
						"13.9": [25, 0, 0],
						"14.2": [-32.95, 0, 0],
						"15.0": [0, 0, 0],
						"15.8": [0, 0, 0]
					}
				}
			}
		}
	}
}