{
"format_version":"1.8.0",
  "animations": {
          "animation.wither_storm.idle": {
      "timeline": {
        "0.0": "/playsound mob.wither_storm.transitionidle @a ~ ~ ~ 10 1.0 1.0",
        "1.3": "/playsound mob.wither_storm.transitionidle @a ~ ~ ~ 10 1.2 1.0",
        "2.6": "/playsound mob.wither_storm.transitionidle @a ~ ~ ~ 10 0.8 1.0",
        "3.9": "/playsound mob.wither_storm.transitionidle @a ~ ~ ~ 10 1.1 1.0"
      },
      "animation_length": 4.1,
      "loop": true
          },
    "animation.wither_storm.commandblockhum": {
      "timeline": {
        "0.0": "/playsound mob.wither_storm.commandblockhum @a ~ ~ ~ 10 1.0 1.0"
      },
      "animation_length": 5.7,
      "loop": true
    },
    "animation.wither_storm.grow": {
      "timeline": {
        "0.0": [
          "/playsound mob.wither_storm.grow @a"
        ]
      },
      "animation_length": 8.1,
      "loop": true
    },
    "animation.command_block.pulse_loop": {
      "timeline": {
        "0.0": "/playsound mob.command_block.pulse_loop @a"
      },
      "animation_length": 11.1,
      "loop": true
    },
  "animation.wither_storm.random_move":{
   "timeline":{
"0":[ "@s move" 
],
"8":"@s move"
   },
 "loop":true,
"animation_length": 16
  },
  "animation.wither_storm_boss.random_move":{
   "timeline":{
"0":[ "@s move" 
],
"75":"@s move"
   },
 "loop":true,
"animation_length": 100
    },
  "animation.command_block_final.random_move":{
   "timeline":{
"0":[ "@s move2" 
],
"8":"@s move"
   },
 "loop":true,
"animation_length": 16
    },
  "animation.command_block_tentacle_cage.random_move":{
   "timeline":{
"0":[ "@s move2" 
],
"8":"@s move"
   },
 "loop":true,
"animation_length": 16
  },
  "animation.command_block.respawn_event_1":{
   "timeline":{
"0":[ "@s respawn" 
]
   },
 "loop":true,
"animation_length": 0.2
  },
  "animation.command_block.respawn_event_2":{
   "timeline":{
"0":[ "/execute @a[r=3] ~ ~ ~ event entity @e[type=minecraftstorymode:command_block] respawn","/effect @s resistance 30 10 true" 
]
   },
 "loop":true,
"animation_length": 0.2
  },
  "animation.size_summon_ws.pre_summon":{
   "timeline":{
"0":[ "/function pre_summon_ws" 
]
   },
 "loop":true,
"animation_length": 0.2
  },
  "animation.size_summon_ws_2.summon":{
   "timeline":{
"0":[ "/function summon_ws_2" 
]
   },
 "loop":true,
"animation_length": 0.2
  },
  "animation.size_summon_ws.summon":{
   "timeline":{
"0":["/execute @s ~ ~ ~ detect ^ ^-1 ^ soul_sand 1 execute @s ~ ~ ~ detect ^-1 ^ ^ soul_sand 1 execute @s ~ ~ ~ detect ^1 ^ ^ soul_sand 1 execute @s ~ ~ ~ detect ^1 ^1 ^ skull 1 execute @s ~ ~ ~ detect ^-1 ^1 ^ skull 1 execute @s ~ ~ ~ detect ~ ~1 ~ skull 1 execute @s ~ ~ ~ detect ~ ~ ~ minecraftstorymode:storymode_commandblock 0 summon minecraftstorymode:wither_storm_spawn ~ ~ ~",
"/execute @s ~ ~ ~ detect ^ ^-1 ^ soul_sand 1 execute @s ~ ~ ~ detect ^ ^ ^-1 soul_sand 1 execute @s ~ ~ ~ detect ^ ^ ^1 soul_sand 1 execute @s ~ ~ ~ detect ^ ^1 ^1 skull 1 execute @s ~ ~ ~ detect ^ ^1 ^-1 skull 1 execute @s ~ ~ ~ detect ~ ~1 ~ skull 1 execute @s ~ ~ ~ detect ~ ~ ~ minecraftstorymode:storymode_commandblock 0 summon minecraftstorymode:wither_storm_spawn ~ ~ ~"]
   },
 "loop":true,
"animation_length": 0.1
  },
  
 "animation.wither_storm.music":{
   "timeline":{
      "0":["/music play music.wither_storm.theme 1 0 loop"]
   },
 "loop":false,
"animation_length": 188
  },
  
              "animation.wither_storm_boss.music":{
   "timeline":{
      "0":["/music play music.wither_storm_boss.theme 1 0 loop"]
   },
 "loop":false,
"animation_length": 96
  },
     "animation.wither_storm_bowels_exposed.music":{
   "timeline":{
      "0":["/music play music.wither_storm_bowels_exposed.theme 1 0 loop"]
   },
 "loop":false,
"animation_length": 328
  },
              "animation.wither_storm_head.breaked":{
   "timeline":{
      "0":["@s breaked"],
      "20":["@s beam"]
   },
 "loop":false,
"animation_length": 20.1
  },
              "animation.wither_storm_boss.ws_player_effect":{
   "timeline":{
      "0":["/execute @a[rm=100,c=1] ~ ~20 ~ summon minecraftstorymode:ws_player_effect"]
   },
 "loop":true,
"animation_length": 5
  },
                "animation.wither_storm.bass_theme":{
   "timeline":{
     "0":["/music play music.wither_storm.bass_theme 1 0 loop"]
   },
 "loop":false,
"animation_length": 96
  },
                "animation.wither_storm_redstonia.music":{
   "timeline":{
     "0":["/music play music.wither_storm_redstonia.theme 1 0 loop"]
   },
 "loop":false,
"animation_length": 76
  },
    "animation.wither_storm_awaken.music":{
   "timeline":{
     "0":["/music play music.wither_storm_awaken.theme 1 0 loop"]
   },
 "loop":false,
"animation_length": 257
  },
                "animation.wither_storm.redstonia_respawn":{
   "timeline":{
     "0":["/music play music.wither_storm.redstonia_respawn 1 0 loop"]
   },
 "loop":false,
"animation_length": 89.5
  },
                "animation.wither_storm.destroyed":{
   "timeline":{
     "0":["/music play music.wither_storm.destroyed_theme 1 0 loop"]
   },
 "loop":false,
"animation_length": 158
  },
              "animation.wither_storm_spawn.skin":{
   "timeline":{
      "0":["@s skin2","/playsound mob.command_block.pulse_loop @a","/fill ~-1 ~1 ~-1 ~1 ~-1 ~1 air"],
      "8":"/summon minecraftstorymode:wither_storm",
      "8.1":"@s into"
   },
 "loop":false,
"animation_length": 8.2
  },
  	  "animation.command_block.spawn_ws":{
   "timeline":{
     "1":"/playsound mob.command_block.activates @a",
"2":["/particle storymode:command_block_snowstorm ~~~"],
"3":["/particle storymode:command_block_snowstorm ~~~"],
"4":["/particle storymode:command_block_snowstorm ~~~"],
"5":["/particle storymode:command_block_snowstorm ~~~~"],
"6":["/particle storymode:command_block_snowstorm ~~~"],
"7":["/particle storymode:command_block_snowstorm ~~~"],
"7.25":["/summon minecraftstorymode:wither_storm_spawn","/fill ~-1 ~1 ~-1 ~1 ~-1 ~1 air"]
   },
 "loop":false,
"animation_length": 7.5
  },
  	  "animation.wither_storm_boss.spawn_withered_symbiont":{
   "timeline":{
"25":["/summon minecraftstorymode:withered_symbiont ~ ~35 ~ wither_storm_summon"]
   },
 "loop":true,
"animation_length": 120
  },
              "animation.wither_storm_head.spawn":{
   "timeline":{
      "0.1":["/playanimation @s animation.wsattachment.spawn2"],
      "0.2":["/playsound mob.wither_storm_head.spawn @a"],
      "1.5":"@s beam"
   },
 "loop":false,
"animation_length": 2
  },
      	  "animation.wither_storm.kill_block":{
   "timeline":{
"0":["/event entity @e[type=minecraftstorymode:block_small,r=1] death","/event entity @e[type=minecraftstorymode:block_medium,r=1] death","/event entity @e[type=minecraftstorymode:block_large,r=1] death","/event entity @e[type=storm:grass_block,r=6] death","/event entity @e[type=storm:grass_block2,r=6] minecraft:death","/event entity @e[type=storm:grass_block3,r=6] minecraft:death","/event entity @e[type=storm:grass_block6,r=6] minecraft:death"]
   },
 "loop":true,
"animation_length": 0.1
  },
        	  "animation.wither_storm_boss.kill_block":{
   "timeline":{
"0":["/event entity @e[type=minecraftstorymode:block_small,r=6] death","/event entity @e[type=minecraftstorymode:block_medium,r=6] death","/event entity @e[type=minecraftstorymode:block_large,r=6] death","/event entity @e[type=storm:grass_block,r=6] death","/event entity @e[type=storm:grass_block2,r=6] minecraft:death","/event entity @e[type=storm:grass_block3,r=6] minecraft:death","/event entity @e[type=storm:grass_block6,r=6] minecraft:death"]
   },
 "loop":true,
"animation_length": 0.1
  },
    	  "animation.wither_storm.block_small":{
   "timeline":{
"0":["/summon minecraftstorymode:block_small"]
   },
 "loop":true,
"animation_length": 2
  },
      	  "animation.wither_storm.block_medium":{
   "timeline":{
"0":["/summon minecraftstorymode:block_medium"]
   },
 "loop":true,
"animation_length": 3
  },
        	  "animation.wither_storm.block_large":{
   "timeline":{
"0":["/summon minecraftstorymode:block_large"]
   },
 "loop":true,
"animation_length": 4
  },
  "animation.wither_storm.head_ambiemt":{
   "timeline":{
"0":["/playsound mob.wither_storm.ambient @a"]
   },
 "loop":true,
"animation_length": 3
  },
    "animation.wither_storm.particles":{
   "timeline":{
"0":[]
   },
 "loop":true,
"animation_length": 0.25
  },
      "animation.command_block.respawn_particles":{
   "timeline":{
"0":["/particle storymode:command_block_snowstorm ~ ~0.5 ~"]
   },
 "loop":true,
"animation_length": 0.5
  },
      "animation.command_block.particle":{
   "timeline":{
"0":["/particle storymode:command_block_snowstorm ~ ~1.2 ~"]
   },
 "loop":true,
"animation_length": 0.5
  },
      "animation.wither_storm.death":{
   "timeline":{
"0":["/particle minecraftstorymode:death ~ ~3 ~"]
   },
 "loop":true,
"animation_length": 3
  },
    "animation.command_block.respawn":{
   "timeline":{
   	"0":["/camerashake add @e[type=player,r=256] 0.5 0.5 rotational"],
   	"0.1":"/playsound mob.wither_storm.reactivates @a",
   	"3.1":"/playsound mob.command_block.pulse_loop @a",
   	"5":"/playsound mob.command_block.rib_bone_crack @a[r=64]",
   	   	"6":"/playsound mob.command_block.rib_bone_crack @a[r=64]",
   	   	"7":"/playsound mob.command_block.rib_bone_crack @a[r=64]",
   	   	"7.5":["/playsound mob.command_block.rib_bone_crack @a[r=64]"], 	
   	   	"8":"/playsound mob.command_block.pulse_loop @a",
   	   	   	"8.5":"/playsound mob.command_block.rib_bone_crack @a[r=64]",
   	   	   	   	"9":"/playsound mob.command_block.rib_bone_crack @a[r=64]",   	        "9.25":"/playanimation @s animation.ribs.close",
    "10":["/event entity @e[family=swsd_left] respawn_severed_l","/event entity @e[family=swsd_right] respawn_severed_r"],

   	"11":["/event entity @e[family=wsd_main] respawn"],
"11.8":["/fill ~-26 ~-8 ~-28 ~38 ~-4 ~36 air 0 replace minecraftstorymode:tainted_flesh_block","/fill ~-26 ~-4 ~-28 ~38 ~2 ~36 air 0 replace minecraftstorymode:tainted_flesh_block"]
   },
 "loop":false,
"animation_length": 11.9
  },
    "animation.wither_storm_boss.move_player":{
   "timeline":{
"0":[
"@s stop_ws_move"
    ]
   },
 "loop":false,
"animation_length": 2
    },
        "animation.wither_storm_head.beam_sound":{
   "timeline":{
"0":["/playsound mob.wither_storm.tractor_beam @a[r=60]"]
   },
 "loop":true,
"animation_length": 10
    },
            "animation.wither_storm.beam_sound":{
   "timeline":{
"0":["/playsound mob.wither_storm.tractor_beam @a[r=60]"]
   },
 "loop":true,
"animation_length": 10
    },
    "animation.wither_storm.stormblock":{
   "timeline":{
"0":[
            "/execute @e[r=60,y=~-64,type=storm:grass_block] ~ ~ ~ tp ^ ^0.5 ^0.5 facing @e[type=minecraftstorymode:wither_storm]",
        "/execute @e[r=60,y=~64,type=storm:grass_block] ~ ~ ~ tp ^ ^-0.5 ^0.5 facing @e[type=minecraftstorymode:wither_storm]",
            "/execute @e[r=60,y=~-64,type=storm:grass_block2] ~ ~ ~ tp ^ ^0.5 ^0.5 facing @e[type=minecraftstorymode:wither_storm]",
        "/execute @e[r=60,y=~64,type=storm:grass_block2] ~ ~ ~ tp ^ ^-0.5 ^0.5 facing @e[type=minecraftstorymode:wither_storm]",
            "/execute @e[r=60,y=~-64,type=storm:grass_block3] ~ ~ ~ tp ^ ^0.15 ^0.15 facing @e[type=minecraftstorymode:wither_storm]",
            "/execute @e[r=60,y=~64,type=storm:grass_block3] ~ ~ ~ tp ^ ^-0.5 ^0.5 facing @e[type=minecraftstorymode:wither_storm]",
            "/execute @e[r=60,y=~-64,type=storm:grass_block6] ~ ~ ~ tp ^ ^0.15 ^0.15 facing @e[type=minecraftstorymode:wither_storm]",
            "/execute @e[r=60,y=~64,type=storm:grass_block6] ~ ~ ~ tp ^ ^-0.5 ^0.5 facing @e[type=minecraftstorymode:wither_storm]"
]
   },
 "loop":true,
"animation_length": 0.01
    },
                "animation.wither_storm_boss.stormblock":{
   "timeline":{
"0":[
            "/execute @e[r=60,y=~-64,type=storm:grass_block] ~ ~ ~ tp ^ ^0.5 ^0.5 facing @e[type=minecraft:ender_dragon]",
        "/execute @e[r=60,y=~64,type=storm:grass_block] ~ ~ ~ tp ^ ^-0.1 ^0.5 facing @e[type=minecraft:ender_dragon]",
                    "/execute @e[r=60,y=~-64,type=storm:grass_block2] ~ ~ ~ tp ^ ^0.5 ^0.5 facing @e[type=minecraft:ender_dragon]",
        "/execute @e[r=60,y=~64,type=storm:grass_block2] ~ ~ ~ tp ^ ^-0.1 ^0.5 facing @e[type=minecraft:ender_dragon]",
                    "/execute @e[r=60,y=~-64,type=storm:grass_block3] ~ ~ ~ tp ^ ^0.5 ^0.5 facing @e[type=minecraft:ender_dragon]",
        "/execute @e[r=60,y=~64,type=storm:grass_block3] ~ ~ ~ tp ^ ^-0.1 ^0.5 facing @e[type=minecraft:ender_dragon]",
            "/execute @e[r=60,y=~-64,type=storm:grass_block6] ~ ~ ~ tp ^ ^0.5 ^0.5 facing @e[type=minecraft:ender_dragon]",
        "/execute @e[r=60,y=~64,type=storm:grass_block6] ~ ~ ~ tp ^ ^-0.1 ^0.5 facing @e[type=minecraft:ender_dragon]"
]
   },
 "loop":true,
"animation_length": 0.01
            },
            "animation.wither_storm_head.eat":{
   "timeline":{
"0":[
"/execute @e[family=!wither_storm,family=!player,r=6,type=!minecraftstorymode:wither_storm_skull,type=!item,type=!arrow,type=!minecraftstorymode:formidi_bomb_entity,type=!minecraftstorymode:super_tnt_entity,type=!ender_pearl] ~ ~ ~ playsound mob.wither_storm_head.bite @a",
"/kill @e[family=!wither_storm,family=!player,r=6,type=!minecraftstorymode:wither_storm_skull,type=!item,type=!arrow,type=!minecraftstorymode:formidi_bomb_entity,type=!minecraftstorymode:super_tnt_entity,type=!ender_pearl]","/kill @e[type=player,m=0,r=6]"]
   },
 "loop":true,
"animation_length": 0.1
    },
                "animation.wither_storm_head.beam":{
   "timeline":{
"0":[
    "/execute @e[r=60,y=~-64,family=!wither_storm,family=!ender_dragon,family=!player,type=!minecraftstorymode:wither_storm_skull,type=!item,type=!falling_block,type=!arrow,type=!minecraftstorymode:formidi_bomb_entity,type=!minecraftstorymode:super_tnt_entity,type=!ender_pearl,c=1] ~ ~ ~ tp ^ ^0.1 ^0.1 facing @e[type=minecraftstorymode:wither_storm_head,c=1]",
    "/execute @e[r=60,y=~64,family=!wither_storm,family=!ender_dragon,family=!player,family=!block,type=!minecraftstorymode:wither_storm_skull,type=!item,type=!falling_block,type=!arrow,type=!minecraftstorymode:formidi_bomb_entity,type=!minecraftstorymode:super_tnt_entity,type=!ender_pearl,c=1] ~ ~ ~ tp ^ ^-0.1 ^0.1 facing @e[type=minecraftstorymode:wither_storm_head,type=minecraftstorymode:wither_storm_head,c=1]",
        "/execute @e[r=60,y=~-64,type=minecraftstorymode:formidi_bomb_entity] ~ ~ ~ tp ^ ^0.03 ^0.03 facing @e[type=minecraftstorymode:wither_storm_head,c=1,rm=20]",
        "/execute @e[r=60,y=~64,type=minecraftstorymode:formidi_bomb_entity] ~ ~ ~ tp ^ ^-0.03 ^0.03 facing @e[type=minecraftstorymode:wither_storm_head,c=1,rm=20]"
]
   },
 "loop":true,
"animation_length": 0.01
    },
                "animation.wither_storm_headright.beam":{
   "timeline":{
"0":[
    "/execute @e[r=60,y=~-24,family=!wither_storm,family=!player,type=!minecraftstorymode:wither_storm_skull,type=!item,type=!falling_block,type=!arrow,type=!minecraftstorymode:formidi_bomb_entity,type=!minecraftstorymode:super_tnt_entity,type=!minecraft:ender_dragon,type=!ender_pearl,c=1] ~ ~ ~ tp ^ ^0.1 ^0.1 facing @e[type=minecraftstorymode:wither_storm_headright,c=1]",
        "/execute @e[r=60,y=~24,family=!wither_storm,family=!player,type=!minecraftstorymode:wither_storm_skull,type=!item,type=!falling_block,type=!arrow,type=!minecraftstorymode:formidi_bomb_entity,type=!minecraftstorymode:super_tnt_entity,type=!minecraft:ender_dragon,type=!ender_pearl,c=1] ~ ~ ~ tp ^ ^-0.1 ^0.1 facing @e[type=minecraftstorymode:wither_storm_headright,c=1]"
]
   },
 "loop":true,
"animation_length": 0.05
    },
                "animation.wither_storm_headleft.beam":{
   "timeline":{
"0":[
    "/execute @e[r=60,y=~-24,family=!wither_storm,family=!player,type=!minecraftstorymode:wither_storm_skull,type=!item,type=!falling_block,type=!arrow,type=!minecraftstorymode:formidi_bomb_entity,type=!minecraftstorymode:super_tnt_entity,type=!minecraft:ender_dragon,type=!ender_pearl,c=1] ~ ~ ~ tp ^ ^0.1 ^0.1 facing @e[type=minecraftstorymode:wither_storm_headleft,c=1]",
        "/execute @e[r=60,y=~24,family=!wither_storm,family=!player,type=!minecraftstorymode:wither_storm_skull,type=!item,type=!falling_block,type=!arrow,type=!minecraftstorymode:formidi_bomb_entity,type=!minecraftstorymode:super_tnt_entity,type=!minecraft:ender_dragon,type=!ender_pearl,c=1] ~ ~ ~ tp ^ ^-0.1 ^0.1 facing @e[type=minecraftstorymode:wither_storm_headleft,c=1]"
]
   },
 "loop":true,
"animation_length": 0.05
    },
                    "animation.wither_storm.beam":{
   "timeline":{
"0":[
    "/execute @e[r=60,y=~-64,family=!wither_storm,family=!player,type=!minecraftstorymode:wither_storm_skull,type=!item,type=!falling_block,type=!arrow,type=!minecraftstorymode:formidi_bomb_entity,type=!minecraftstorymode:super_tnt_entity,type=!ender_pearl] ~ ~ ~ tp ^ ^0.1 ^0.1 facing @e[type=minecraftstorymode:wither_storm,c=1]",
        "/execute @e[r=60,y=~64,family=!wither_storm,family=!player,type=!minecraftstorymode:wither_storm_skull,type=!item,type=!falling_block,type=!arrow,type=!minecraftstorymode:formidi_bomb_entity,type=!minecraftstorymode:super_tnt_entity,type=!ender_pearl] ~ ~ ~ tp ^ ^-0.1 ^0.1 facing @e[type=minecraftstorymode:wither_storm,c=1]",
        "/kill @e[family=!wither_storm,r=6,type=!minecraftstorymode:wither_storm_skull,type=!arrow,type=!minecraftstorymode:formidi_bomb_entity,type=!minecraftstorymode:super_tnt_entity,type=!ender_pearl]"
]
   },
 "loop":true,
"animation_length": 0.05
            },
            "animation.wither_storm_boss.explode":{
   "timeline":{
"0":[
"/execute @e[family=!wither_storm,family=!player,r=40,type=!minecraftstorymode:wither_storm_skull,type=!item,type=!arrow,type=!minecraftstorymode:formidi_bomb_entity,type=!minecraftstorymode:super_tnt_entity,type=!ender_pearl,c=1] ~ ~ ~ playsound mob.wither_storm @a",
"/execute @e[family=!wither_storm,family=!player,r=40,type=!minecraftstorymode:wither_storm_skull,type=!item,type=!arrow,type=!minecraftstorymode:formidi_bomb_entity,type=!minecraftstorymode:super_tnt_entity,type=!ender_pearl,c=1] ~ ~ ~ summon minecraftstorymode:formidi_bomb_entity_explode"]
   },
 "loop":true,
"animation_length": 0.5
    },
      "animation.wither_storm.pulse":{
   "timeline":{
"0":["/execute @e[r=10,y=~1,type=player,tag=!ws_end] ~ ~ ~ tickingarea add ~-64 ~-32 ~-64 ~64 ~64 ~64 wither_storm_entity",
"/execute @e[r=10,y=~1,type=player,tag=!ws_end] ~ ~ ~ tickingarea add 98334 174 98275 98256 256 98387 wither_storm",
"/execute @e[r=10,y=~1,type=player,tag=!ws_end] ~ ~ ~ summon minecraftstorymode:ws_end",
"/execute @e[r=10,y=~1,type=player,tag=!ws_end] ~ ~ ~ tag @s add ws_end",
"/execute @e[r=10,y=~1,type=player] ~ ~ ~ tp @s 98301 196 98301"]
   },
 "loop":true,
"animation_length": 0.2
  },
    "animation.wither_storm_boss.head_spawn":{
   "timeline":{
"4.4":["/summon minecraftstorymode:wither_storm_head ~ ~ ~ wither_storm_head"],
"6.75":["/summon minecraftstorymode:wither_storm_head_left ~ ~ ~ wither_storm_head1"],
"8.5":["/summon minecraftstorymode:wither_storm_head_right ~ ~ ~ wither_storm_head2"],
"11.5":["/function destroyerspawn"]
   },
 "loop":false,
"animation_length": 12
  },
      "animation.wither_storm_boss.death":{
   "timeline":{
"0":["/tickingarea remove wither_storm_entity","/summon minecraftstorymode:death_knockback_roar","/tag @e remove ws_end","/summon ageofminecraft:witherstormbosshelpfuldeath ~ ~ ~"],
"1":["/summon minecraftstorymode:falling_wither_block ~1 ~ ~","/summon minecraftstorymode:falling_wither_block ~-1 ~ ~"],
"2.5":["/summon minecraftstorymode:falling_wither_block ~-1 ~ ~","/summon minecraftstorymode:falling_wither_block ~-1 ~ ~1","/summon minecraftstorymode:falling_wither_block ~ ~ ~1"],
"3.75":["/summon minecraftstorymode:falling_wither_block ~-1 ~ ~1",
"/summon minecraftstorymode:falling_wither_block ~-1 ~ ~-1",
"/summon minecraftstorymode:falling_wither_block ~1 ~ ~"],
"4.5":["/summon minecraftstorymode:falling_wither_block ~1 ~ ~","/summon minecraftstorymode:falling_wither_block ~ ~ ~-1"]
   },
 "loop":false,
"animation_length": 5
  },
      "animation.wither_storm_boss.deathfinal":{
   "timeline":{
"0":["/tickingarea remove wither_storm_entity","/summon minecraftstorymode:death_knockback_roar","/tag @e remove ws_end"],
"1":["/summon minecraftstorymode:falling_wither_block ~1 ~2 ~","/summon minecraftstorymode:falling_wither_block ~-1 ~2 ~","/summon minecraftstorymode:falling_wither_block ~ ~2 ~1"],
"1.75":["/summon minecraftstorymode:falling_wither_block ~1 ~2 ~2","/summon minecraftstorymode:falling_wither_block ~-1 ~2 ~-2","/summon minecraftstorymode:falling_wither_block ~ ~2 ~1"],
"2.5":["/summon minecraftstorymode:falling_wither_block ~-1 ~ ~","/summon minecraftstorymode:falling_wither_block ~-1 ~ ~1"],
"3.75":["/summon minecraftstorymode:falling_wither_block ~-1 ~ ~1",
"/summon minecraftstorymode:falling_wither_block ~-1 ~ ~-1",
"/summon minecraftstorymode:falling_wither_block ~1 ~ ~"],
"4.5":["/summon minecraftstorymode:falling_wither_block ~1 ~ ~","/summon minecraftstorymode:falling_wither_block ~ ~ ~-1"],
"5.5":["/summon minecraftstorymode:falling_wither_block ~ ~4 ~1","/summon minecraftstorymode:falling_wither_block ~-1 ~4 ~2","/summon minecraftstorymode:falling_wither_block ~1 ~4 ~3"]
   },
 "loop":false,
"animation_length": 6
  },
      "animation.wither_storm_boss.head_spawn_respawn":{
   "timeline":{
"2":["/summon minecraftstorymode:wither_storm_head ~ ~ ~ wither_storm_head"],
"3":["/tag @e[name=wither_storm_head] add hd1"]
   },
 "loop":false,
"animation_length": 7.5
  },
      "animation.wither_storm_boss.head_spawn_grow":{
   "timeline":{
"41":["/summon minecraftstorymode:wither_storm_head_left ~ ~ ~ wither_storm_head1"],
"41.5":["/tag @e[name=wither_storm_head1] add hd2"],
"42":["/summon minecraftstorymode:wither_storm_head_right ~ ~ ~ wither_storm_head2","/playsound mob.wither_storm.splits @a"],
"42.5":["/tag @e[name=wither_storm_head2] add hd3"]
   },
 "loop":false,
"animation_length": 43
  },
        "animation.wither_storm_boss_severed.head_spawn_respawn_left":{
   "timeline":{
"4":["/summon minecraftstorymode:wither_storm_headleft ~ ~ ~ wither_storm_head"],
"5":["/tag @e[name=wither_storm_head] add hd1"]
   },
 "loop":false,
"animation_length": 7.5
  },
      "animation.wither_storm_boss_severed.head_spawn_grow_left":{
   "timeline":{

"42":["/summon minecraftstorymode:wither_storm_headleft ~ ~ ~ wither_storm_head1"],
"42.5":["/tag @e[name=wither_storm_head1] add hd2"],
"43":["/summon minecraftstorymode:wither_storm_headleft ~ ~ ~ wither_storm_head2"],
"43.5":["/tag @e[name=wither_storm_head2] add hd3"]
   },
 "loop":false,
"animation_length": 44
  },
          "animation.wither_storm_boss_severed.head_spawn_respawn_right":{
   "timeline":{
"4":["/summon minecraftstorymode:wither_storm_headright ~ ~ ~ wither_storm_head"],
"5":["/tag @e[name=wither_storm_head] add hd1"]
   },
 "loop":false,
"animation_length": 7.5
  },
      "animation.wither_storm_boss_severed.head_spawn_grow_right":{
   "timeline":{
"42":["/summon minecraftstorymode:wither_storm_headright ~ ~ ~ wither_storm_head1"],
"42.5":["/tag @e[name=wither_storm_head1] add hd2"],
"43":["/summon minecraftstorymode:wither_storm_headright ~ ~ ~ wither_storm_head2"],
"43.5":["/tag @e[name=wither_storm_head2] add hd3"]
   },
 "loop":false,
"animation_length": 44
  },
        "animation.wither_storm.pulse_spawn":{
   "timeline":{
       "0":["/tp @e[type=player,tag=!ws_end] 98301 196 98301","/tp @s 98301 196 98301",
       "/effect @e[type=player] levitation 4 0",
       "/tp @e[type=player,tag=!ws_end] 98301 196 98301"],
"1":["/function ws_pulse"]
   },
 "loop":false,
"animation_length": 10
  },
      "animation.formidi_bomb_entity.explode":{
   "timeline":{
       "0":"/playsound mob.command_block.pulse_loop @a[r=128] ~ ~ ~ 128 1.1",
              "10":"/playsound mob.command_block.pulse_loop @a[r=128] ~ ~ ~ 128 1.2",
                     "19":"/playsound mob.command_block.pulse_loop @a[r=128] ~ ~ ~ 128 1.3",
                                          "26":"/playsound mob.command_block.pulse_loop @a[r=128] ~ ~ ~ 128 1.4",
                                                                                    "33":"/playsound mob.command_block.pulse_loop @a[r=128] ~ ~ ~ 128 1.5",
   "40":["/music stop","/sound stop",     "/event entity @e death_explode","/event entity @e[type=minecraftstorymode:wither_storm_head] death","/event entity @e[type=minecraftstorymode:wither_storm_head_right] death","/event entity @e[type=minecraftstorymode:wither_storm_head_left] death",
   "/playsound mob.f_tnt.explode @a",
   "/function f_tnt/tnt_explode",
"/event entiy @e minecraft:death"
   ]
   },
 "loop":false,
"animation_length": 41.1
  },
      "animation.formidi_bomb_entity.skin":{
   "timeline":{
   "0":"@s skin1",
   "1":"@s skin2"
   },
 "loop":true,
"animation_length": 2
  },
        "animation.formidi_bomb_entity.particles":{
   "timeline":{
   "0":"/particle minecraft:basic_smoke_particle ~ ~0.95 ~"
   },
 "loop":true,
"animation_length": 0.1
  },
        "animation.wither_storm.death_explode":{
   "timeline":{
   "0.1":[ "/fog @a push minecraftstorymode:formidi_bomb_fog dont_even_think_about_it_player","/camera @a fade time 0.1 0 0.1 color 170 0 255","/summon minecraftstorymode:wither_storm_boss_death"
   ]
   },
 "loop":false,
"animation_length": 0.25
  },
          "animation.wither_storm.respawn":{
   "timeline":{
              "0":["/playanimation @e[family=wsd_main] animation.wither_storm.respawn","/playsound mob.wither_storm.reactivates(1) @a","/function riser"],
              "1":"/function riser",
              "2":"/function riser",
              "3":"/function riser",
              "3.5":"/playsound mob.wither_storm.roar @a[r=128]",
               "5":"/function riser",
               "6":"/function riser",
   	"7.0":"/playsound mob.wither_storm.hurt.head @a[r=128]",
   	              "11.0":"/playsound mob.wither_storm.roar @a[r=50]",
   	"13.8":"/playsound mob.wither_storm.ambient @a[r=128]",
   "14.8":[
       "/summon minecraft:ender_dragon ~ ~48 ~ stage7_respawn"
   ]
   },
 "loop":false,
"animation_length": 14.9
  },
            "animation.wither_storm.respawn_severed_l":{
   "timeline":{
              "0":["/playanimation @e[family=swsd_left] animation.severedleft.riser"],
              "3":["/playsound mob.wither_storm.roar @a"],
   "14.8":[
       "/summon minecraftstorymode:wither_storm_boss_severed ~ 5 ~ left"]
   },
 "loop":false,
"animation_length": 14.9
  },
              "animation.wither_storm.respawn_severed_r":{
   "timeline":{
              "0":["/playanimation @e[family=swsd_right] animation.severedright.riser"],
              "3":["/playsound mob.wither_storm.roar @a"],
   "14.8":[
       "/summon minecraftstorymode:wither_storm_boss_severed ~ 5 ~ right"]
   },
 "loop":false,
"animation_length": 14.9
  },
            "animation.wither_storm.fission":{
   "timeline":{
       "0":"/playsound mob.wither_storm.hurt.head @a[r=128]",
            "1":"/fog @a remove dont_even_think_about_it_player",
   "2":[
       "/summon minecraftstorymode:wither_storm_boss_death ^-30 ^ ^ left"],
              "2.5":["/summon minecraftstorymode:wither_storm_boss_death ^30 ^ ^ right"],
      "8":["/summon minecraftstorymode:command_block ~ ~7 ~","/structure load ws_death ~-26 ~ ~-28","/playsound mob.command_block.rib_bone_crack @a[r=64]"]
   },
 "loop":false,
"animation_length": 8
        }
    }
}