{
	"format_version": "1.8.0",
	"animations": {
		"animation.death": {
			"animation_length": 939.70833,
			"bones": {
				"Body": {
					"rotation": {
						"5.0417": {
							"pre": [0, 0, 0],
							"post": [0, 0, 0],
							"lerp_mode": "catmullrom"
						},
						"7.0833": [-90, 0, 0],
						"12.0": [-90, 0, 0]
					}
				},
				"ws_head1": {
					"rotation": {
						"0.0": {
							"post": [0, 0, 0],
							"lerp_mode": "catmullrom"
						},
						"1.5833": [-48.77, 0, 0],
						"4.0417": [-48.77, 0, 0],
						"4.3333": [40, 0, 0],
						"5.0417": [40, 0, 0],
						"7.125": [40, 0, 0]
					},
					"scale": [1.1, 1.2, 1.2]
				},
				"jaw": {
					"rotation": {
						"0.0": {
							"post": [0, 0, 0],
							"lerp_mode": "catmullrom"
						},
						"1.75": [72.26, 0, 0],
						"4.0417": [72.26, 0, 0],
						"4.3333": [56.9566, 12.13953, 12.33917],
						"5.0417": [56.63581, 14.23146, 10.93313]
					}
				},
				"beam": {
					"position": [0, -30861, 0]
				},
				"block_fragment": {
					"position": [0, -3422, 0]
				},
				"ws_head2": {
					"rotation": {
						"0.0": [0, 0, 0],
						"1.3333": [-55, 0, 0],
						"4.0": [-57.5, 0, 0],
						"4.1667": [57.4582, -0.3496, 1.98954],
						"4.2083": [29.92685, -0.61181, 3.48169]
					},
					"scale": [1.1, 1.2, 1.3]
				},
				"jaw2": {
					"rotation": {
						"0.0": [0, 0, 0],
						"1.7083": [72.5, 0, 0],
						"3.9583": [62.5, 0, 0],
						"4.375": [22.68944, -20.25437, -14.97401]
					}
				},
				"segment1": {
					"position": {
						"0.0": [0, 123, 0],
						"2.75": [0, 64.03, 0],
						"4.0": [0, -39.83, 0],
						"4.125": [0, -53.4, 0],
						"4.1667": [0, -59.83, 0]
					}
				},
				"segment2": {
					"position": {
						"0.0": [0, 123, 0],
						"2.75": [0, 64.03, 0],
						"4.0": [0, -39.83, 0],
						"4.125": [0, -53.4, 0],
						"4.1667": [0, -59.83, 0]
					}
				},
				"Body2": {
					"position": {
						"0.0": [0, 118, 0],
						"2.75": [0, 59.6, 0],
						"4.1667": [0, -41, 0]
					}
				},
				"ws_head3": {
					"rotation": {
						"0.0": [0, 0, 0],
						"1.3333": [-55, 0, 0],
						"4.0": [-57.5, 0, 0],
						"4.1667": [57.4582, -0.3496, 1.98954],
						"4.2083": [29.92685, -0.61181, 3.48169]
					}
				},
				"jaw3": {
					"rotation": {
						"0.0": [0, 0, 0],
						"1.7083": [72.5, 0, 0],
						"3.9583": [62.5, 0, 0],
						"4.375": [38.81195, 5.31308, -4.66939]
					}
				},
				"Body3": {
					"position": {
						"0.0": [0, 118, 0],
						"2.75": [0, 59.6, 0],
						"4.1667": [0, -41, 0]
					}
				},
				"ws_head4": {
					"rotation": {
						"0.0": [0, 0, 0],
						"1.3333": [-55, 0, 0],
						"4.0": [-57.5, 0, 0],
						"4.1667": [57.4582, -0.3496, 1.98954],
						"4.2083": [29.92685, -0.61181, 3.48169]
					}
				},
				"jaw4": {
					"rotation": {
						"0.0": [0, 0, 0],
						"1.7083": [72.5, 0, 0],
						"3.9583": [62.5, 0, 0],
						"4.375": [38.81195, 5.31308, -4.66939]
					}
				}
			}
		}
	}
}