{
    "format_version": "1.20.80",
    "minecraft:item": {
        "description": {
            "identifier": "yes:emerald_helmet",
            "menu_category": {
                "category": "equipment",
                "group": "itemGroup.name.helmet"
            }
        },
        "components": {
            "minecraft:tags": {
                "tags": [
                    "minecraft:transformable_items",
                    "minecraft:is_armor",
                    "minecraft:trimmable_armors"
                ]
            },
            "minecraft:custom_components": [
                "yes:mining_durability_damage",
                "yes:hit_durability_damage"
            ],
            "minecraft:max_stack_size": 1,
            "minecraft:durability": {
                "max_durability": 272,
                "damage_chance": {
                    "min": 60,
                    "max": 100
                }
            },
            "minecraft:display_name": {
                "value": "Emerald Helmet\n\ue116\u00a7l\ue05b\u00a7r\ue115\n\ue05c"
            },
            "minecraft:icon": "emerald_helmet",
            "minecraft:enchantable": {
                "value": 16,
                "slot": "armor_torso"
            },
            "minecraft:wearable": {
                "protection": 3,
                "slot": "slot.armor.head"
            },
            "minecraft:repairable": {
                "repair_items": [
                    {
                        "items": [
                            "yes:emerald_helmet"
                        ],
                        "repair_amount": "context.other->query.remaining_durability+0.12*context.other->query.max_durability"
                    },
                    {
                        "items": [
                            "minecraft:emerald"
                        ],
                        "repair_amount": "query.max_durability*0.33"
                    }
                ]
            }
        }
    }
}