{
  "format_version": "1.16.0",
  "minecraft:block": {
    "description": {
      "identifier": "mc:wither_obsidian",
      "is_experimental": false
    },
    "components": {
      "minecraft:loot": "loot_tables/blocks/mc_wither_obsidian.json",
      "minecraft:destroy_time": 1.8,
      "minecraft:friction": 0.7,
      "minecraft:map_color": "#FFFFFF",
      "minecraft:block_light_absorption": 0.0,
      "minecraft:block_light_emission": 0.0,
      "minecraft:explosion_resistance": 100.0
    }
  }
}