{
	"format_version": "1.12.0",
	"minecraft:geometry": [
		{
			"description": {
				"identifier": "geometry.serpmagikarp",
				"texture_width": 64,
				"texture_height": 64,
				"visible_bounds_width": 4,
				"visible_bounds_height": 2.5,
				"visible_bounds_offset": [0, 0.75, 0]
			},
			"bones": [
				{
					"name": "magikarp",
					"pivot": [0, 0, 0]
				},
				{
					"name": "body1",
					"parent": "magikarp",
					"pivot": [0, 10, 0],
					"cubes": [
						{"origin": [-3, 4, -6], "size": [6, 10, 5], "uv": [0, 18]},
						{"origin": [-3, -1, -7], "size": [0, 9, 2], "inflate": 0.02, "pivot": [-3, 8, -5], "rotation": [0, 0, 20], "uv": [17, 34]},
						{"origin": [3, -1, -7], "size": [0, 9, 2], "inflate": 0.02, "pivot": [3, 8, -5], "rotation": [0, 0, -20], "uv": [17, 34], "mirror": true},
						{"origin": [-3.5, 3.5, -1], "size": [7, 11, 1], "uv": [0, 34]},
						{"origin": [-2.5, 4.5, -7], "size": [5, 9, 1], "uv": [36, 37]},
						{"origin": [-2.5, 5.5, -8], "size": [5, 5, 1], "uv": [20, 0]}
					]
				},
				{
					"name": "open_eyes",
					"parent": "body1",
					"pivot": [0, 10, -3],
					"cubes": [
						{"origin": [-3.1, 8.5, -5.5], "size": [0, 4, 4], "uv": [0, 43]},
						{"origin": [3.1, 8.5, -5.5], "size": [0, 4, 4], "uv": [0, 43], "mirror": true}
					]
				},
				{
					"name": "closed_eyes",
					"parent": "body1",
					"pivot": [0, 10, -3],
					"cubes": [
						{"origin": [-3.1, 8.5, -5.5], "size": [0, 4, 4], "uv": [0, 47]},
						{"origin": [3.1, 8.5, -5.5], "size": [0, 4, 4], "uv": [0, 47], "mirror": true}
					]
				},
				{
					"name": "angry_eyes",
					"parent": "body1",
					"pivot": [0, 10, -3],
					"cubes": [
						{"origin": [-3.1, 8.5, -5.5], "size": [0, 4, 4], "uv": [0, 51]},
						{"origin": [3.1, 8.5, -5.5], "size": [0, 4, 4], "uv": [0, 51], "mirror": true}
					]
				},
				{
					"name": "body2",
					"parent": "magikarp",
					"pivot": [0, 9, 0],
					"cubes": [
						{"origin": [-3, 4, 0], "size": [6, 10, 7], "uv": [0, 0]},
						{"origin": [0, -1, -1.5], "size": [0, 5, 9], "inflate": 0.02, "uv": [33, -9]},
						{"origin": [0, 14, -1], "size": [0, 6, 8], "inflate": 0.02, "uv": [32, 0]},
						{"origin": [-2, 6, 7], "size": [4, 6, 3], "uv": [36, 27]},
						{"origin": [-2, 12, 7], "size": [4, 4, 3], "pivot": [0, 12, 10], "rotation": [60, 0, 0], "uv": [40, 15]},
						{"origin": [-2, 2, 7], "size": [4, 4, 3], "pivot": [0, 6, 10], "rotation": [-60, 0, 0], "uv": [40, 15]}
					]
				},
				{
					"name": "tail",
					"parent": "body2",
					"pivot": [0, 9, 10],
					"cubes": [
						{"origin": [0, 2, 10], "size": [0, 14, 6], "inflate": 0.02, "uv": [23, 27]}
					]
				},
				{
					"name": "right_fin",
					"parent": "magikarp",
					"pivot": [-3, 8, 0],
					"cubes": [
						{"origin": [-3, 4, 0], "size": [0, 8, 8], "inflate": 0.02, "pivot": [-3, 12, 0], "rotation": [0, -20, 0], "uv": [23, 10]}
					]
				},
				{
					"name": "left_fin",
					"parent": "magikarp",
					"pivot": [3, 8, 0],
					"cubes": [
						{"origin": [3, 4, 0], "size": [0, 8, 8], "inflate": 0.02, "pivot": [3, 12, 0], "rotation": [0, 20, 0], "uv": [23, 10], "mirror": true}
					]
				}
			]
		}
	]
}