{
"format_version":"1.13.0",
"animations":{
"animation.sbone":{
"loop":true,
"bones":{
"body":{
"position":[0,0,0],
"rotation":[-90,"query.life_time*-540",0]
}
}
},
"animation.sans_miss":{
"animation_length": 1,
"loop":true,
"bones":{
"rightArm":{
"position":[0,-1.2,0],
"rotation":[0, 180, 60]
},
"leftArm":{
"position":[0,-1.2,0],
"rotation":[0, -180, -60]
},
"rightArm2":{
"rotation":[0,0,-45]
},
"leftArm2":{
"rotation":[0,0,45]
},


"lefthand2":{
"scale":1.23
},
"righthand2":{
"scale":1.23
},
"body":{
"rotation":["Math.min(query.modified_move_speed,0.25)*12",0,0]
},
"rightLeg":{
"rotation":["(Math.cos(query.modified_distance_moved*38.17)*query.modified_move_speed/variable.gliding_speed_value)*40.3*1.2+Math.min(query.modified_move_speed,0.25)*-12",0.0,0.0]
},
"leftLeg":{
"rotation":["-(Math.cos(query.modified_distance_moved*38.17)*query.modified_move_speed/variable.gliding_speed_value)*40.3*1.2+Math.min(query.modified_move_speed,0.25)*-12",0.0,0.0]
},

"head":{
"relative_to":{
"rotation":"entity"
},
"rotation":["query.target_x_rotation","query.target_y_rotation",0]
}
}
},


"animation.sans_move_v2":{
"loop":true,
"bones":{
"lefthand2":{
"scale":1.23
},
"rightArm2":{
"rotation":[0,0,"variable.has_target==1?0:-60"]
},
"leftArm2":{
"rotation":[0,0,"variable.has_target==1?0:60"]
},

"righthand2":{
"scale":1.23
},
"rightEye":{
"scale":"query.is_powered==1?0:1"
},
"leftEye":{
"scale":"query.is_powered==1?0:1"
},

"body":{
"rotation":["Math.min(query.modified_move_speed,0.25)*12",0,0]
},
"rightLeg":{
"rotation":["(Math.cos(query.modified_distance_moved*38.17)*query.modified_move_speed/variable.gliding_speed_value)*40.3*1.2+Math.min(query.modified_move_speed,0.25)*-12",0.0,0.0]
},
"leftLeg":{
"rotation":["-(Math.cos(query.modified_distance_moved*38.17)*query.modified_move_speed/variable.gliding_speed_value)*40.3*1.2+Math.min(query.modified_move_speed,0.25)*-12",0.0,0.0]
},
"rightArm":{
"position":[0,-1.2,0],
"rotation":["variable.has_target*-(Math.cos(query.modified_distance_moved*38.17)*query.modified_move_speed/variable.gliding_speed_value)*40.3-Math.abs(Math.sin(variable.attack_time*180))*85+(query.variant==0?0:-90+query.target_x_rotation+(Math.cos(query.modified_distance_moved*38.17)*query.modified_move_speed/variable.gliding_speed_value)*40.3)*variable.has_target","(Math.abs(Math.sin(variable.attack_time*180))*-40+(query.variant==0&&variable.has_target==1?0:query.target_y_rotation))*variable.has_target","variable.has_target==1?0:8"]
},
"leftArm":{
"position":[0,-1.2,0],
"rotation":["variable.has_target*(query.is_casting==1?Math.sin(query.anim_time*180)*20-100:(Math.cos(query.modified_distance_moved*38.17)*query.modified_move_speed/variable.gliding_speed_value)*40.3)","query.is_casting==1?Math.sin(query.anim_time*180)*25-20:0","variable.has_target==1?0:-8"]
},

"head":{
"relative_to":{
"rotation":"entity"
},
"rotation":["query.target_x_rotation","query.target_y_rotation",0]
}
}
},

"animation.sans_bone0":{
"loop":true,
"bones":{
"body":{
"position":[0,"Math.min(query.anim_time*20,8)-2",0]
}
}
},
"animation.sans_bone1":{
"loop":true,
"bones":{
"body":{
"position":[0,"318-Math.min(query.anim_time*900,320)",0]
}
}
},
"animation.crawb":{
"loop":true,
"bones":{
"long":{
"relative_to":{
"rotation":"entity"
},
"position":[0, -3.5, -2],
"rotation":["Math.min(query.anim_time*2,1)*-16+query.target_x_rotation-this+10","query.target_y_rotation-this",0.0]
},
"long2":{
"rotation":["Math.min(query.anim_time*2,1)*16-10",0,0]
},

"nbody":{
"relative_to":{
"rotation":"entity"
},
"rotation":["query.target_x_rotation-this","query.target_y_rotation-this",0.0],
"scale":["query.anim_time>1.0?1:0","query.anim_time>1.0?1:0","query.anim_time>1?Math.min((query.anim_time-1)/1.65,1):0"],
"position":[0,3,0.5]
}
}
},


"animation.sans_bone":{
"loop":true,
"bones":{
"body":{
"position":[0.0,"Math.min(query.anim_time*8,4)-2",0.0]
}

}
}

}
}



//QQ913702423


/*

{
"format_version":"1.13.0",
"animations":{
"animation.sbone":{
"loop":true,
"bones":{
"body":{
"position":[0,0,0],
"rotation":[-90,"query.life_time*-540",0]
}
}
},
"animation.sans_miss":{
"animation_length": 1,
"loop":true,
"bones":{
"rightArm":{
"rotation":[0, 180, 30]
},
"leftArm":{
"rotation":[0, -180, -30]
},
"rightArm2":{
"rotation":[0,0,-100],
"position":[1.42,2.5,0]
},
"leftArm2":{
"rotation":[0,0,100],
"position":[-1.42,2.5,0]
},


"lefthand2":{
"scale":1.4,
"position":[-0.7,0,0]
},
"righthand2":{
"scale":1.4,
"position":[0.7,0,0]
},

"lefthand":{
"position":[-1,0,0]
},
"righthand":{
"position":[1,0,0]
},
"body":{
"position":[0,-2.9,0],
"rotation":["Math.min(query.modified_move_speed,0.25)*12",0,0]
},
"rightLeg":{
"rotation":["(Math.cos(query.modified_distance_moved*38.17)*query.modified_move_speed/variable.gliding_speed_value)*40.3*1.2+Math.min(query.modified_move_speed,0.25)*-12",0.0,0.0]
},
"leftLeg":{
"rotation":["-(Math.cos(query.modified_distance_moved*38.17)*query.modified_move_speed/variable.gliding_speed_value)*40.3*1.2+Math.min(query.modified_move_speed,0.25)*-12",0.0,0.0]
},

"head":{
"relative_to":{
"rotation":"entity"
},
"rotation":["query.target_x_rotation-this","query.target_y_rotation-this",0.0]
}
}
},


"animation.sans_move_v2":{
"loop":true,
"bones":{
"lefthand2":{
"scale":1.4,
"position":[-0.7,0,0]
},
"rightArm2":{
"rotation":[0,0,"variable.has_target==1?0:-60"],
"position":["variable.has_target==1?0:1","variable.has_target==1?0:2",0]
},
"leftArm2":{
"rotation":[0,0,"variable.has_target==1?0:60"],
"position":["variable.has_target==1?0:-1","variable.has_target==1?0:2",0]
},

"righthand2":{
"scale":1.4,
"position":[0.7,0,0]
},
"rightEye":{
"scale":"query.is_powered==1?0:1"
},
"leftEye":{
"scale":"query.is_powered==1?0:1"
},

"lefthand":{
"position":[-1,0,0]
},
"righthand":{
"position":[1,0,0]
},
"body":{
"position":[0,-2.9,0],
"rotation":["Math.min(query.modified_move_speed,0.25)*12",0,0]
},
"rightLeg":{
"rotation":["(Math.cos(query.modified_distance_moved*38.17)*query.modified_move_speed/variable.gliding_speed_value)*40.3*1.2+Math.min(query.modified_move_speed,0.25)*-12",0.0,0.0]
},
"leftLeg":{
"rotation":["-(Math.cos(query.modified_distance_moved*38.17)*query.modified_move_speed/variable.gliding_speed_value)*40.3*1.2+Math.min(query.modified_move_speed,0.25)*-12",0.0,0.0]
},
"rightArm":{
"rotation":["variable.has_target*-(Math.cos(query.modified_distance_moved*38.17)*query.modified_move_speed/variable.gliding_speed_value)*40.3-Math.abs(Math.sin(variable.attack_time*180))*85+(query.variant==0?0:-90+query.target_x_rotation)*variable.has_target","(Math.abs(Math.sin(variable.attack_time*180))*-40+(query.variant==0&&variable.has_target==1?0:query.target_y_rotation))*variable.has_target","variable.has_target==1?0:8"]
},
"leftArm":{
"rotation":["variable.has_target*(query.is_casting==1?Math.sin(query.anim_time*180)*20-100:(Math.cos(query.modified_distance_moved*38.17)*query.modified_move_speed/variable.gliding_speed_value)*40.3)","query.is_casting==1?Math.sin(query.anim_time*180)*25-20:0","variable.has_target==1?0:-8"]
},

"head":{
"relative_to":{
"rotation":"entity"
},
"rotation":["query.target_x_rotation-this","query.target_y_rotation-this",0.0]
}
}
},

"animation.sans_bone0":{
"loop":true,
"bones":{
"body":{
"position":[0,"Math.min(query.anim_time*20,8)-2",0]
}
}
},
"animation.sans_bone1":{
"loop":true,
"bones":{
"body":{
"position":[0,"318-Math.min(query.anim_time*900,320)",0]
}
}
},
"animation.crawb":{
"loop":true,
"bones":{
"long":{
"relative_to":{
"rotation":"entity"
},
"position":[0, -3.5, -2],
"rotation":["Math.min(query.anim_time*2,1)*-16+query.target_x_rotation-this+10","query.target_y_rotation-this",0.0]
},
"long2":{
"rotation":["Math.min(query.anim_time*2,1)*16-10",0,0]
},

"nbody":{
"relative_to":{
"rotation":"entity"
},
"rotation":["query.target_x_rotation-this","query.target_y_rotation-this",0.0],
"scale":["query.anim_time>1.0?1:0","query.anim_time>1.0?1:0","query.anim_time>1?Math.min((query.anim_time-1)/1.65,1):0"],
"position":[0,3,0.5]
}
}
},


"animation.sans_bone":{
"loop":true,
"bones":{
"body":{
"position":[0.0,"Math.min(query.anim_time*8,4)-2",0.0]
}

}
}

}
}




*/