{
	"format_version": "1.8.0",
	"animations": {
		"animation.sans_v2_pro2.sleep": {
			"loop": true,
			"override_previous_animation": true,
			"bones": {
				"body": {
					"position": [0, -9, 3]
				},
				"leftArm": {
					"rotation": [0, 0, 5]
				},
				"leftArm2": {
					"rotation": [0, 0, 50]
				},
				"rightArm": {
					"rotation": [0, 0, -5]
				},
				"rightArm2": {
					"rotation": [0, 0, -50]
				},
				"leftLeg": {
					"rotation": [-90, -15, 0]
				},
				"rightLeg": {
					"rotation": [-90, 10, 0]
				},
				"head": {
					"rotation": [20, 0, 0]
				},
				"leftEye": {
					"scale": [0, 0, 0]
				},
				"rightEye": {
					"scale": [0, 0, 0]
				}
			}
		}
	}
}