{
	"resource_pack_name": "Equippable Wings Resources",
	"texture_name": "atlas.items",
	"texture_data": {
		"bat.0": { "textures": "textures/items/wings/bat/0" },

		"feather.0": { "textures": "textures/items/wings/feather/0" },
		"feather.1": { "textures": "textures/items/wings/feather/1" },
		"feather.2": { "textures": "textures/items/wings/feather/2" },
		"feather.3": { "textures": "textures/items/wings/feather/3" },
		"feather.4": { "textures": "textures/items/wings/feather/4" },
		"feather.5": { "textures": "textures/items/wings/feather/5" },
		"feather.6": { "textures": "textures/items/wings/feather/6" },
		"feather.7": { "textures": "textures/items/wings/feather/7" },
		"feather.8": { "textures": "textures/items/wings/feather/8" },
		"feather.9": { "textures": "textures/items/wings/feather/9" },
		"feather.10": { "textures": "textures/items/wings/feather/10" },
		"feather.11": { "textures": "textures/items/wings/feather/11" },
		"feather.12": { "textures": "textures/items/wings/feather/12" },
		"feather.13": { "textures": "textures/items/wings/feather/13" },
		"feather.14": { "textures": "textures/items/wings/feather/14" },
		"feather.15": { "textures": "textures/items/wings/feather/15" },

		"fairy_1.0": { "textures": "textures/items/wings/fairy/1/0" },
		"fairy_1.1": { "textures": "textures/items/wings/fairy/1/1" },
		"fairy_1.2": { "textures": "textures/items/wings/fairy/1/2" },
		"fairy_1.3": { "textures": "textures/items/wings/fairy/1/3" },
		"fairy_1.4": { "textures": "textures/items/wings/fairy/1/4" },
		"fairy_1.5": { "textures": "textures/items/wings/fairy/1/5" },
		"fairy_1.6": { "textures": "textures/items/wings/fairy/1/6" },
		"fairy_1.7": { "textures": "textures/items/wings/fairy/1/7" },
		"fairy_1.8": { "textures": "textures/items/wings/fairy/1/8" },
		"fairy_1.9": { "textures": "textures/items/wings/fairy/1/9" },
		"fairy_1.10": { "textures": "textures/items/wings/fairy/1/10" },
		"fairy_1.11": { "textures": "textures/items/wings/fairy/1/11" },
		"fairy_1.12": { "textures": "textures/items/wings/fairy/1/12" },
		"fairy_1.13": { "textures": "textures/items/wings/fairy/1/13" },
		"fairy_1.14": { "textures": "textures/items/wings/fairy/1/14" },
		"fairy_1.15": { "textures": "textures/items/wings/fairy/1/15" },
		
		"fairy_2.0": { "textures": "textures/items/wings/fairy/2/0" },
		"fairy_2.1": { "textures": "textures/items/wings/fairy/2/1" },
		"fairy_2.2": { "textures": "textures/items/wings/fairy/2/2" },

		"fairy_3.0": { "textures": "textures/items/wings/fairy/3/0" },
		"fairy_3.1": { "textures": "textures/items/wings/fairy/3/1" },
		"fairy_3.2": { "textures": "textures/items/wings/fairy/3/2" },

		"dragonfly.0": { "textures": "textures/items/wings/dragonfly/0" },
		"dragonfly.1": { "textures": "textures/items/wings/dragonfly/1" },
		"dragonfly.2": { "textures": "textures/items/wings/dragonfly/2" },
		"dragonfly.3": { "textures": "textures/items/wings/dragonfly/3" },
		"dragonfly.4": { "textures": "textures/items/wings/dragonfly/4" },
		"dragonfly.5": { "textures": "textures/items/wings/dragonfly/5" },
		"dragonfly.6": { "textures": "textures/items/wings/dragonfly/6" },
		"dragonfly.7": { "textures": "textures/items/wings/dragonfly/7" },
		"dragonfly.8": { "textures": "textures/items/wings/dragonfly/8" },
		"dragonfly.9": { "textures": "textures/items/wings/dragonfly/9" },
		"dragonfly.10": { "textures": "textures/items/wings/dragonfly/10" },
		"dragonfly.11": { "textures": "textures/items/wings/dragonfly/11" },
		"dragonfly.12": { "textures": "textures/items/wings/dragonfly/12" },
		"dragonfly.13": { "textures": "textures/items/wings/dragonfly/13" },
		"dragonfly.14": { "textures": "textures/items/wings/dragonfly/14" },
		"dragonfly.15": { "textures": "textures/items/wings/dragonfly/15" },

		"demon.0": { "textures": "textures/items/wings/demon/0" },
		"demon.1": { "textures": "textures/items/wings/demon/1" },
		"demon.2": { "textures": "textures/items/wings/demon/2" },
		"demon.3": { "textures": "textures/items/wings/demon/3" },
		"demon.4": { "textures": "textures/items/wings/demon/4" },
		"demon.5": { "textures": "textures/items/wings/demon/5" },
		"demon.6": { "textures": "textures/items/wings/demon/6" },
		"demon.7": { "textures": "textures/items/wings/demon/7" },
		"demon.8": { "textures": "textures/items/wings/demon/8" },
		"demon.9": { "textures": "textures/items/wings/demon/9" },
		"demon.10": { "textures": "textures/items/wings/demon/10" },
		"demon.11": { "textures": "textures/items/wings/demon/11" },
		"demon.12": { "textures": "textures/items/wings/demon/12" },
		"demon.13": { "textures": "textures/items/wings/demon/13" },
		"demon.14": { "textures": "textures/items/wings/demon/14" },
		"demon.15": { "textures": "textures/items/wings/demon/15" }
	}
}