{
  "format_version": "1.8.0",
  "animations": {
    "animation.withered_symbiont.head": {
			"loop" : true,
			"bones" : {
				"head": {
				  "relative_to": {
				   "rotation": "entity"
				},
                "rotation": ["query.target_x_rotation - this", "query.target_y_rotation - this", "-this"]
				}
			}
		},
		"animation.wither_storm.move" : {
			"loop" : true,
			"bones" : {
				"upperbodypart2" : {
					"rotation" : [ "12+Math.cos(query.life_time * 114.6) * 9.5", "0", "0" ]
				},
				"upperbodypart3" : {
					"position" : [ -2.0, -16.9, -0.5 ],
					"rotation" : [ "((0.2 + 0.1 * variable.body_base_rotation) * 180) - this", "-this", "-this" ]
				}
			}
		},
		"animation.wither_command.float": {
			"loop": true,
			"bones": {
				"arm0": {
					"position": [0, "Math.cos(query.life_time * 229.2) * 1", 0]
				},
				"upperBodyPart1": {
					"position": [0, "Math.cos(query.life_time * 229.2) * 1", 0]
				},
				"beam1": {
					"position": [0, "Math.cos(query.life_time * 229.2) * 1", 0]
				},
				"body": {
					"position": [0, "Math.cos(query.life_time * 229.2) * 1", 0]
				},
				"armor": {
					"position": [0, "Math.cos(query.life_time * 229.2) * 1", 0]
				},
				"upperBodyParts0": {
					"position": [0, "Math.cos(query.life_time * 229.2) * 1", 0]
				},
				"core": {
					"position": [0, "Math.cos(query.life_time * 229.2) * 1", 0]
				}
			}
		},
		"animation.wither_storm.general": {
			"animation_length": 2.9,
			"bones": {
				"chin": {
					"rotation": [35, 0, 0]
				}
			},
         "sound_effects": {
				"0": {
					"effect": "roar"
				}
			}
		},
		"animation.wither_storm.death_unused": {
			"loop": true,
			"bones": {
				"head1": {
					"rotation": [0, 0, "Math.min(Math.sqrt(Math.max(0, query.anim_time * 20 - 0.5) / 20 * 1.6), 1) * -90"]
				}
			}
		},
		"animation.wither_storm.death": {
			"animation_length": 5,
			"bones": {
				"head1": {
					"rotation": {
						"0.0": [0, 0, 0],
						"0.2": [8.5, 0, 0],
						"0.48": [80, 0, 0],
						"0.6": [81, 0, 0],
						"0.72": [79, 0, 0]
					}
				},
				"chin": {
					"rotation": {
						"0.0": [0, 0, 0],
						"0.12": [12.5, 0, 0],
						"0.36": [0, 0, 0],
						"0.44": [0, 0, 0],
						"0.48": [12.5, 0, 0],
						"0.6": [0, 0, 0]
					}
				},
				"eye": {
					"scale": {
						"0.0": [1, 1, 1],
						"0.001": [0, 0, 0],
						"0.16": [0, 0, 0],
						"0.161": [1, 1, 1],
						"0.36": [1, 1, 1],
						"0.361": [0, 0, 0]
					}
				}
			}
		},
		"animation.wither_storm.bite": {  //unused animation btw (idk why i added this)
			"animation_length": 0.4167,
			"bones": {
				"head1": {
					"position": {
						"0.0": {
							"post": [0, 0, 0],
							"lerp_mode": "catmullrom"
						},
						"0.2083": {
							"post": [0, 0, -1],
							"lerp_mode": "catmullrom"
						},
						"0.4167": {
							"post": [0, 0, 0],
							"lerp_mode": "catmullrom"
						}
					}
				},
				"chin": {
					"rotation": {
						"0.0": {
							"post": [0, 0, 0],
							"lerp_mode": "catmullrom"
						},
						"0.125": {
							"post": [45, 0, 0],
							"lerp_mode": "catmullrom"
						},
						"0.25": {
							"post": [-3, 0, 0],
							"lerp_mode": "catmullrom"
						},
						"0.4167": {
							"post": [0, 0, 0],
							"lerp_mode": "catmullrom"
						}
					}
				}
			}
		}
	}
}

	}
}

}
