{
	"format_version": "1.8.0",
	"animations": {
		"animation.cap1": {
			"loop": true,
			"animation_length": 1,
	"anim_time_update": "query.anim_time + query.delta_time * 0.10",
			"bones": {
				"bone20": {
					"rotation": {
						"0.0": {
							"post": [-32.06869, 6.40865, 7.69263],
							"lerp_mode": "catmullrom"
						},
						"0.5": {
							"post": [-24.56869, 6.40865, 7.69263],
							"lerp_mode": "catmullrom"
						},
						"1.0": {
							"post": [-32.06869, 6.40865, 7.69263],
							"lerp_mode": "catmullrom"
						}
					},
					"position": {
						"0.0": {
							"post": [0, 7, -17],
							"lerp_mode": "catmullrom"
						},
						"1.0": {
							"post": [0, 7, -17],
							"lerp_mode": "catmullrom"
						}
					},
					"scale": {
						"0.0": {
							"post": [1.2, 1.2, 1],
							"lerp_mode": "catmullrom"
						},
						"1.0": {
							"post": [1.2, 1.2, 1],
							"lerp_mode": "catmullrom"
						}
					}
				},
				"bone21": {
					"rotation": {
						"0.0": {
							"post": [-14.89638, 1.61888, 7.32417],
							"lerp_mode": "catmullrom"
						},
						"0.5": {
							"post": [-4.89638, 1.61888, 7.32417],
							"lerp_mode": "catmullrom"
						},
						"1.0": {
							"post": [-14.89638, 1.61888, 7.32417],
							"lerp_mode": "catmullrom"
						}
					}
				},
				"bone22": {
					"rotation": {
						"0.0": {
							"post": [-14.93656, 0.9762, 7.43656],
							"lerp_mode": "catmullrom"
						},
						"0.5": {
							"post": [-10.49662, 0.52763, 9.87652],
							"lerp_mode": "catmullrom"
						},
						"1.0": {
							"post": [-14.93656, 0.9762, 7.43656],
							"lerp_mode": "catmullrom"
						}
					}
				},
				"bone23": {
					"rotation": {
						"0.0": {
							"post": [-17.43745, 1.50179, 4.76968],
							"lerp_mode": "catmullrom"
						},
						"0.5": {
							"post": [-12.43745, 1.50179, 4.76968],
							"lerp_mode": "catmullrom"
						},
						"1.0": {
							"post": [-17.43745, 1.50179, 4.76968],
							"lerp_mode": "catmullrom"
						}
					}
				},
				"bone24": {
					"rotation": {
						"0.0": {
							"post": [-17.55693, 14.4949, 6.71803],
							"lerp_mode": "catmullrom"
						},
						"0.5": {
							"post": [-12.55693, 14.4949, 6.71803],
							"lerp_mode": "catmullrom"
						},
						"1.0": {
							"post": [-17.55693, 14.4949, 6.71803],
							"lerp_mode": "catmullrom"
						}
					}
				},
				"bone9": {
					"rotation": {
						"0.0": {
							"post": [-17.5, 0, 0],
							"lerp_mode": "catmullrom"
						},
						"0.5": {
							"post": [-3.12489, 7.98133, 26.40319],
							"lerp_mode": "catmullrom"
						},
						"1.0": {
							"post": [-17.5, 0, 0],
							"lerp_mode": "catmullrom"
						}
					},
					"position": {
						"0.0": {
							"post": [0, 0, 16],
							"lerp_mode": "catmullrom"
						},
						"1.0": {
							"post": [0, 0, 16],
							"lerp_mode": "catmullrom"
						}
					},
					"scale": {
						"0.0": {
							"post": [1.2, 1.2, 1],
							"lerp_mode": "catmullrom"
						},
						"1.0": {
							"post": [1.2, 1.2, 1],
							"lerp_mode": "catmullrom"
						}
					}
				},
				"bone11": {
					"rotation": {
						"0.0": {
							"post": [15, 12.5, 0],
							"lerp_mode": "catmullrom"
						},
						"0.5": {
							"post": [22.04763, 5.55815, -2.87666],
							"lerp_mode": "catmullrom"
						},
						"1.0": {
							"post": [15, 12.5, 0],
							"lerp_mode": "catmullrom"
						}
					}
				},
				"bone13": {
					"rotation": {
						"0.0": {
							"post": [10, 7.5, 0],
							"lerp_mode": "catmullrom"
						},
						"0.5": {
							"post": [15, 7.5, 0],
							"lerp_mode": "catmullrom"
						},
						"1.0": {
							"post": [10, 7.5, 0],
							"lerp_mode": "catmullrom"
						}
					}
				},
				"bone14": {
					"rotation": {
						"0.0": {
							"post": [10, 10, 0],
							"lerp_mode": "catmullrom"
						},
						"0.5": {
							"post": [17.5, 10, 0],
							"lerp_mode": "catmullrom"
						},
						"1.0": {
							"post": [10, 10, 0],
							"lerp_mode": "catmullrom"
						}
					}
				},
				"bone15": {
					"rotation": {
						"0.0": {
							"post": [22.5, 2.5, 0],
							"lerp_mode": "catmullrom"
						},
						"0.5": {
							"post": [27.5, 2.5, 0],
							"lerp_mode": "catmullrom"
						},
						"1.0": {
							"post": [22.5, 2.5, 0],
							"lerp_mode": "catmullrom"
						}
					}
				},
				"bone18": {
					"rotation": {
						"0.0": {
							"post": [5, -17.5, 0],
							"lerp_mode": "catmullrom"
						},
						"0.5": {
							"post": [-0.16437, -25.58173, -6.33984],
							"lerp_mode": "catmullrom"
						},
						"1.0": {
							"post": [5, -17.5, 0],
							"lerp_mode": "catmullrom"
						}
					},
					"scale": {
						"0.0": {
							"post": [1.2, 1.2, 1],
							"lerp_mode": "catmullrom"
						},
						"1.0": {
							"post": [1.2, 1.2, 1],
							"lerp_mode": "catmullrom"
						}
					}
				},
				"bone28": {
					"rotation": {
						"0.0": {
							"post": [10, -17.5, 0],
							"lerp_mode": "catmullrom"
						},
						"0.5": {
							"post": [20, -17.5, 0],
							"lerp_mode": "catmullrom"
						},
						"1.0": {
							"post": [10, -17.5, 0],
							"lerp_mode": "catmullrom"
						}
					}
				},
				"bone29": {
					"rotation": {
						"0.0": {
							"post": [15, -17.5, 0],
							"lerp_mode": "catmullrom"
						},
						"0.5": {
							"post": [25, -17.5, 0],
							"lerp_mode": "catmullrom"
						},
						"1.0": {
							"post": [15, -17.5, 0],
							"lerp_mode": "catmullrom"
						}
					}
				},
				"bone30": {
					"rotation": {
						"0.0": {
							"post": [15, -15, 0],
							"lerp_mode": "catmullrom"
						},
						"0.5": {
							"post": [25, -15, 0],
							"lerp_mode": "catmullrom"
						},
						"1.0": {
							"post": [15, -15, 0],
							"lerp_mode": "catmullrom"
						}
					}
				},
				"bone31": {
					"rotation": {
						"0.0": {
							"post": [12.5, -7.5, 0],
							"lerp_mode": "catmullrom"
						},
						"0.5": {
							"post": [22.5, -7.5, 0],
							"lerp_mode": "catmullrom"
						},
						"1.0": {
							"post": [12.5, -7.5, 0],
							"lerp_mode": "catmullrom"
						}
					}
				},
				"bone34": {
					"rotation": {
						"0.0": {
							"post": [27.25742, -5.73853, 4.83711],
							"lerp_mode": "catmullrom"
						},
						"0.5": {
							"post": [37.25742, -5.73853, 4.83711],
							"lerp_mode": "catmullrom"
						},
						"1.0": {
							"post": [27.25742, -5.73853, 4.83711],
							"lerp_mode": "catmullrom"
						}
					},
					"position": {
						"0.0": {
							"post": [0, -12, -3],
							"lerp_mode": "catmullrom"
						},
						"1.0": {
							"post": [0, -12, -3],
							"lerp_mode": "catmullrom"
						}
					},
					"scale": {
						"0.0": {
							"post": [1.2, 1.2, 1],
							"lerp_mode": "catmullrom"
						},
						"1.0": {
							"post": [1.2, 1.2, 1],
							"lerp_mode": "catmullrom"
						}
					}
				},
				"bone35": {
					"rotation": {
						"0.0": {
							"post": [-20.12353, 7.24305, -1.95155],
							"lerp_mode": "catmullrom"
						},
						"0.5": {
							"post": [-20.86502, 16.61323, -5.52599],
							"lerp_mode": "catmullrom"
						},
						"1.0": {
							"post": [-20.12353, 7.24305, -1.95155],
							"lerp_mode": "catmullrom"
						}
					}
				},
				"bone36": {
					"rotation": {
						"0.0": {
							"post": [-30.15874, 7.04533, -2.57816],
							"lerp_mode": "catmullrom"
						},
						"0.5": {
							"post": [-20.15874, 7.04533, -2.57816],
							"lerp_mode": "catmullrom"
						},
						"1.0": {
							"post": [-30.15874, 7.04533, -2.57816],
							"lerp_mode": "catmullrom"
						}
					}
				},
				"bone37": {
					"rotation": {
						"0.0": {
							"post": [-32.5547, 4.82922, -1.29717],
							"lerp_mode": "catmullrom"
						},
						"0.5": {
							"post": [-13.12578, 11.13334, -5.40214],
							"lerp_mode": "catmullrom"
						},
						"1.0": {
							"post": [-32.5547, 4.82922, -1.29717],
							"lerp_mode": "catmullrom"
						}
					}
				},
				"bone38": {
					"rotation": {
						"0.0": {
							"post": [-50.07031, 4.69776, -1.71394],
							"lerp_mode": "catmullrom"
						},
						"0.5": {
							"post": [-33.132, 11.0011, -5.8188],
							"lerp_mode": "catmullrom"
						},
						"1.0": {
							"post": [-50.07031, 4.69776, -1.71394],
							"lerp_mode": "catmullrom"
						}
					}
				},
				"bone3": {
					"rotation": {
						"0.0": {
							"post": [62.38579, 7.14222, 14.52556],
							"lerp_mode": "catmullrom"
						},
						"0.5": {
							"post": [67.38579, 7.14222, 14.52556],
							"lerp_mode": "catmullrom"
						},
						"1.0": {
							"post": [62.38579, 7.14222, 14.52556],
							"lerp_mode": "catmullrom"
						}
					}
				},
				"bone4": {
					"rotation": {
						"0.0": {
							"post": [-24.17969, 13.1596, 2.91403],
							"lerp_mode": "catmullrom"
						},
						"0.5": {
							"post": [-19.17969, 13.1596, 2.91403],
							"lerp_mode": "catmullrom"
						},
						"1.0": {
							"post": [-24.17969, 13.1596, 2.91403],
							"lerp_mode": "catmullrom"
						}
					},
					"scale": {
						"0.0": {
							"post": [1.2, 1.2, 1],
							"lerp_mode": "catmullrom"
						},
						"1.0": {
							"post": [1.2, 1.2, 1],
							"lerp_mode": "catmullrom"
						}
					}
				},
				"bone5": {
					"rotation": {
						"0.0": {
							"post": [-25.37516, 12.10911, -2.51449],
							"lerp_mode": "catmullrom"
						},
						"0.5": {
							"post": [-17.87516, 12.10911, -2.51449],
							"lerp_mode": "catmullrom"
						},
						"1.0": {
							"post": [-25.37516, 12.10911, -2.51449],
							"lerp_mode": "catmullrom"
						}
					}
				},
				"bone6": {
					"rotation": {
						"0.0": {
							"post": [-16.755, 3.00813, 3.8307],
							"lerp_mode": "catmullrom"
						},
						"0.5": {
							"post": [-14.255, 3.00813, 3.8307],
							"lerp_mode": "catmullrom"
						},
						"1.0": {
							"post": [-16.755, 3.00813, 3.8307],
							"lerp_mode": "catmullrom"
						}
					}
				},
				"bone7": {
					"rotation": {
						"0.0": {
							"post": [-28.67283, 18.74724, -7.09597],
							"lerp_mode": "catmullrom"
						},
						"0.5": {
							"post": [-23.67283, 18.74724, -7.09597],
							"lerp_mode": "catmullrom"
						},
						"1.0": {
							"post": [-28.67283, 18.74724, -7.09597],
							"lerp_mode": "catmullrom"
						}
					}
				},
				"Body": {
					"rotation": [0, -180, 0]
				}
			}
		}
	}
}