{
	"format_version": "1.8.0",
	"animations": {
		"animation.head_eat": {
			"loop": true,
			"animation_length": 1.125,
			"bones": {
				"cube": {
					"rotation": {
						"0.0": {
							"post": [0, 0, 0],
							"lerp_mode": "catmullrom"
						},
						"0.125": {
							"post": [0, 0, 0],
							"lerp_mode": "catmullrom"
						},
						"0.2917": {
							"post": [25, 0, 0],
							"lerp_mode": "catmullrom"
						},
						"0.5417": {
							"post": [32.5, 0, 0],
							"lerp_mode": "catmullrom"
						},
						"0.7917": {
							"post": [0, 0, 0],
							"lerp_mode": "catmullrom"
						},
						"1.125": {
							"post": [0, 0, 0],
							"lerp_mode": "catmullrom"
						}
					}
				}
			}
		}
	}
}