{
	"format_version": "1.8.0",
	"animations": {
		"animation.wither_storm.look_at_target2": {
			"loop": true,
			"animation_length": 1,
"anim_time_update": "query.anim_time + query.delta_time * 0.15",
			"bones": {
					"aa": {
					"rotation": {
						"0.0": {
							"post": [0, 0, 0],
							"lerp_mode": "catmullrom"
						},
						"0.5": {
							"post": [10, 0, 0],
							"lerp_mode": "catmullrom"
						},
						"1.0": {
							"post": [0, 0, 0],
							"lerp_mode": "catmullrom"
						}
					}
				}
			}
		}
	}
}
