{
	"format_version": "1.8.0",
	"animations": {
		"animation.mc_wither_storm.new": {
			"animation_length": 15.58333,
			"bones": {
				"ws2": {
					"position": [0, 0, 0],
					"scale": {
						"0.0": [0, 0, 0],
						"10.0": {"pre": [0, 0, 0], "post": [1, 1, 1]},
						"10.5": {"pre": [1, 1, 1], "post": [0, 0, 0]},
						"11.0": {"pre": [0, 0, 0], "post": [1, 1, 1]},
						"11.5": {"pre": [1, 1, 1], "post": [0, 0, 0]},
						"12.0": {"pre": [0, 0, 0], "post": [1, 1, 1]},
						"12.5": {"pre": [1, 1, 1], "post": [0, 0, 0]},
						"13.0": {"pre": [0, 0, 0], "post": [1, 1, 1]},
						"13.5417": {"pre": [1, 1, 1], "post": [0, 0, 0]},
						"14.0": {"pre": [0, 0, 0], "post": [1, 1, 1]},
						"14.5": {"pre": [1, 1, 1], "post": [0, 0, 0]},
						"15.0": {"pre": [0, 0, 0], "post": [1, 1, 1]}
					}
				},
				"aa": {
					"position": [0, 0, 0]
				},
				"ws9": {
					"position": [0, 2000, 0],
					"scale": {
						"0.0": [1, 1, 1],
						"10.0": {"pre": [1, 1, 1], "post": [0, 0, 0]},
						"10.5": {"pre": [0, 0, 0], "post": [1, 1, 1]},
						"11.0": {"pre": [1, 1, 1], "post": [0, 0, 0]},
						"11.5": {"pre": [0, 0, 0], "post": [1, 1, 1]},
						"12.0": {"pre": [1, 1, 1], "post": [0, 0, 0]},
						"12.5": {"pre": [0, 0, 0], "post": [1, 1, 1]},
						"13.0": {"pre": [1, 1, 1], "post": [0, 0, 0]},
						"13.5": {"pre": [0, 0, 0], "post": [1, 1, 1]},
						"14.0": {"pre": [1, 1, 1], "post": [0, 0, 0]},
						"14.5": {"pre": [0, 0, 0], "post": [1, 1, 1]},
						"15.0": {"pre": [1, 1, 1], "post": [0, 0, 0]}
					}
				}
			}
		}
	}
}