{
	"format_version": "1.8.0",
	"animations": {
		"animation.model.sc": {
			"loop": true,
			"animation_length": 5,
				"bones": {
				"bone2": {
					"position": {
						"0.0": [0, -12, 0],
						"0.6667": {"pre": [0, -12, 0], "post": [0, 103, 0]},
						"0.8333": {"pre": [0, 103, 0], "post": [0, 103, 0]}
					},
					"scale": [1.2, 1.1, 1.1]
				},
				"bone3": {
					"position": {
						"0.0": [0, -8, 0],
						"0.5": {"pre": [0, -8, 0], "post": [0, 106, 0]}
					}
				},
				"bone4": {
					"position": {
						"0.0": [0, -12, 0],
						"1.0": {"pre": [0, -12, 0], "post": [0, 106, 0]}
					}
				},
				"bone5": {
					"position": {
						"0.0": [0, -12, 0],
						"1.3333": {"pre": [0, -12, 0], "post": [0, 103, 0]}
					},
					"scale": [1.2, 1.1, 1.1]
				},
				"bone6": {
					"position": {
						"0.0": [0, -11, 0],
						"1.1667": {"pre": [0, -11, 0], "post": [0, 106, 0]}
					}
				},
				"bone7": {
					"position": {
						"0.0": [0, -16, 0],
						"1.5": {"pre": [0, -16, 0], "post": [0, 106, 0]}
					}
				},
				"bone8": {
					"position": {
						"0.0": [0, -12, 0],
						"1.625": {"pre": [0, -12, 0], "post": [0, 106, 0]}
					}
				},
				"bone9": {
					"position": {
						"0.0": [0, -19, 0],
						"1.75": {"pre": [0, -19, 0], "post": [0, 106, 0]}
					}
				},
				"bone10": {
					"position": {
						"0.0": [0, -20, 0],
						"1.875": {"pre": [0, -20, 0], "post": [0, 106, 0]}
					}
				},
				"bone11": {
					"position": {
						"0.0": [0, -19, 0],
						"2.0": {"pre": [0, -19, 0], "post": [0, 106, 0]}
					}
				},
				"bone12": {
					"position": {
						"0.0": [0, -21, 0],
						"2.125": {"pre": [0, -21, 0], "post": [0, 106, 0]}
					}
				},
				"bone13": {
					"position": {
						"0.0": [0, -20, 0],
						"2.25": {"pre": [0, -20, 0], "post": [0, 106, 0]}
					}
				},
				"bone14": {
					"position": {
						"0.0": [0, -20, 0],
						"2.375": {"pre": [0, -20, 0], "post": [0, 106, 0]}
					}
				},
				"bone15": {
					"position": {
						"0.0": [0, -23, 0],
						"2.4583": {"pre": [0, -23, 0], "post": [0, 106, 0]}
					}
				},
				"bone16": {
					"position": {
						"0.0": [0, -26, 0],
						"2.5417": {"pre": [0, -26, 0], "post": [0, 106, 0]}
					}
				},
				"bone17": {
					"position": {
						"0.0": [0, -10, 0],
						"0.8333": {"pre": [0, -10, 0], "post": [0, 103, 0]}
					},
					"scale": 1.1
				}
			}
		}
	}
}
