{
	"format_version": "1.8.0",
	"animations": {
		"animation.sm_3.new": {
			"loop": true,
			"animation_length": 0.5,
			"bones": {
				"bone20": {
					"rotation": [-32.5, 0, 0],
					"position": [14, 0, -12]
				},
				"bone21": {
					"rotation": [-22.5, 17.5, 0]
				},
				"bone22": {
					"rotation": [-20, 12.5, 0]
				},
				"bone23": {
					"rotation": [-7.5, 12.5, 0]
				},
				"bone24": {
					"rotation": [-22.5, 7.5, 0]
				},
				"bone9": {
					"rotation": [-19.78729, 3.74196, 6.50446],
					"position": [18, 0, 0]
				},
				"bone11": {
					"rotation": [10, 5, 0]
				},
				"bone13": {
					"rotation": [7.64491, 24.97821, 0.35987]
				},
				"bone14": {
					"rotation": [10.36567, 24.92137, 0.95622]
				},
				"bone15": {
					"rotation": [7.64591, 14.95645, 0.67467]
				},
				"bone18": {
					"rotation": [-15, 7.5, 0],
					"position": [22, 0, 0]
				},
				"bone28": {
					"rotation": [17.5, 12.5, 0]
				},
				"bone29": {
					"rotation": [20, 20, 0]
				},
				"bone30": {
					"rotation": [15, 15, 0]
				},
				"bone31": {
					"rotation": [12.5, 22.5, 0]
				},
				"bone34": {
					"rotation": [149.79887, 3.45533, 173.33932],
					"position": [12, 0, 6]
				},
				"bone35": {
					"rotation": [-20.07031, -4.69776, 1.71394]
				},
				"bone36": {
					"rotation": [-25.08377, -4.53051, 2.11751]
				},
				"bone37": {
					"rotation": [-20.07031, -4.69776, 1.71394]
				},
				"bone38": {
					"rotation": [-15.01365, -2.41476, 0.64743]
				},
				"bone3": {
					"rotation": [-17.28217, 2.57593, 9.66579],
					"position": [38, 0, 31]
				},
				"bone4": {
					"rotation": [12.47168, -4.95712, 0.65426]
				},
				"bone5": {
					"rotation": [12.35832, -7.15102, 2.26708]
				},
				"bone6": {
					"rotation": [22.32771, -5.4965, 1.51876]
				},
				"bone7": {
					"rotation": [19.91547, -7.38542, 1.30962]
				},
				"bone41": {
					"rotation": [-12.5, 0, 0],
					"position": [0, 19, -20],
					"scale": 0.7
				},
				"headx": {
					"rotation": [3.2187, -15.65473, 11.12027],
					"position": [2, -28, 3],
					"scale": 0.7
				},
				"cube": {
					"rotation": [11.7394, 2.63289, 4.79775]
				},
				"Wholebody": {
					"rotation": [0, -30, 0],
					"position": [0, -20, 0]
				},
				"Body": {
					"rotation": [0, 0, -180]
				}
			}
		}
	}
}