{
	"format_version": "1.8.0",
	"animations": {
		"animation.spwan_boss": {
			"loop": true,
				"animation_length": 10,
"anim_time_update": "query.anim_time + query.delta_time * 0.50",
		"bones": {
				"bone": {
					"rotation": {
						"0.0": [-82.5, 0, 0],
						"0.5833": [-82.5, 0, 0],
						"3.0417": [0, 0, 0]
					},
					"position": {
						"0.0": [-27, 1, -338],
						"0.5833": [-27, 1, -338],
						"3.6667": [-27, 373.7, -338]
					}
				},
				"bone44": {
					"rotation": {
						"0.0": [0, -22.5, 0],
						"0.5833": [0, -22.5, 0]
					},
					"position": {
						"0.5833": [0, 0, 0],
						"0.9583": [-49, 0, 96]
					}
				},
				"bone45": {
					"rotation": {
						"0.0": [0, 35, 0],
						"0.5833": [0, 97.5, 0]
					}
				},
				"bone46": {
					"rotation": {
						"0.0": [0, 37.5, 0],
						"0.5833": [0, 82.5, 0]
					}
				},
				"bone41": {
					"rotation": {
						"0.0": [0, -10, 0],
						"0.5833": [0, -30, 0]
					},
					"position": {
						"0.5833": [0, 0, 0],
						"0.9583": [16, 0, 146]
					},
					"scale": [1, 1, 0.8]
				},
				"bone42": {
					"rotation": {
						"0.0": [0, -17.5, 0],
						"0.5833": [0, -42.5, 0]
					},
					"scale": [1, 1, 1.2]
				},
				"bone43": {
					"rotation": [0, -112.5, 0],
					"scale": [1, 1, 0.8]
				},
				"headx": {
					"rotation": {
						"0.0": [5, 0, 0],
						"0.5833": [5, 0, 0],
						"1.0417": [32.27379, -12.78516, 8.13742],
						"3.0833": [32.30814, -13.55192, 10.5172]
					},
					"position": {
						"0.0": [32, 77, -1],
						"1.0417": [32, 77, -1],
						"3.0833": [176, 160, -36]
					},
					"scale": {
						"0.0": [1.3, 1.3, 1.3],
						"3.0833": [1, 1, 1]
					}
				},
				"cube": {
					"rotation": {
						"0.0": [49.98428, 16.3235, 11.23678],
						"0.5833": [49.98428, 16.3235, 11.23678],
						"1.0417": [5.44571, 5.54906, 2.08794],
						"3.0833": [2.92038, 0.57149, 1.614]
					}
				},
				"bone26": {
					"rotation": {
						"0.5833": [0, 0, 0],
						"2.5417": [27.5, 0, 0]
					}
				},
				"bone27": {
					"rotation": {
						"0.5833": [0, 0, 0],
						"2.5417": [-20, 0, 0]
					}
				},
				"bone28": {
					"rotation": {
						"0.5833": [0, 0, 0],
						"2.5417": [-7.49527, 0.21782, 2.4905]
					}
				},
				"bone29": {
					"rotation": {
						"0.5833": [0, 0, 0],
						"2.5417": [-12.5, 0, 0]
					}
				},
				"bone30": {
					"rotation": {
						"0.5833": [0, 0, 0],
						"2.5417": [-15, 0, 0]
					}
				},
				"bone31": {
					"rotation": {
						"0.5833": [0, 0, 0],
						"2.5417": [-20, 0, 0]
					}
				},
				"bone34": {
					"rotation": {
						"0.5833": [0, 0, 0],
						"2.5417": [7.4958, -33.27242, 1.36961]
					}
				},
				"bone35": {
					"rotation": {
						"0.5833": [0, 0, 0],
						"2.5417": [0, 22.5, 0]
					}
				},
				"bone36": {
					"rotation": {
						"0.5833": [0, 0, 0],
						"2.5417": [0, 5, 0]
					}
				},
				"bone37": {
					"rotation": {
						"0.5833": [0, 0, 0],
						"2.5417": [0, 17.5, 0]
					}
				},
				"bone38": {
					"rotation": {
						"0.5833": [0, 0, 0],
						"2.5417": [0, 10, 0]
					}
				},
				"bone39": {
					"rotation": {
						"0.5833": [0, 0, 0],
						"2.5417": [0, 12.5, 0]
					}
				},
				"bone18": {
					"rotation": {
						"0.5833": [0, 0, 0],
						"2.5417": [0, 0, 0]
					}
				},
				"bone19": {
					"rotation": {
						"0.5833": [0, 0, 0],
						"2.5417": [0, 37.5, 0]
					}
				},
				"bone20": {
					"rotation": {
						"0.5833": [0, 0, 0],
						"2.5417": [0, 30, 0]
					}
				},
				"bone21": {
					"rotation": {
						"0.5833": [0, 0, 0],
						"2.5417": [0, 15, 0]
					}
				},
				"bone22": {
					"rotation": {
						"0.5833": [0, 0, 0],
						"2.5417": [0, 15, 0]
					}
				},
				"bone23": {
					"rotation": {
						"0.5833": [0, 0, 0],
						"2.5417": [0, 20, 0]
					}
				},
				"bone10": {
					"rotation": {
						"0.5833": [0, 0, 0],
						"2.5417": [0, 0, -10]
					}
				},
				"bone11": {
					"rotation": {
						"0.5833": [0, 0, 0],
						"2.5417": [0, 7.5, 0]
					}
				},
				"bone12": {
					"rotation": {
						"0.5833": [0, 0, 0],
						"2.5417": [0, 20, 0]
					}
				},
				"bone13": {
					"rotation": {
						"0.5833": [0, 0, 0],
						"2.5417": [0, 12.5, 0]
					}
				},
				"bone14": {
					"rotation": {
						"0.5833": [0, 0, 0],
						"2.5417": [0, 12.5, 0]
					}
				},
				"bone15": {
					"rotation": {
						"0.5833": [0, 0, 0],
						"2.5417": [0, 17.5, 0]
					}
				},
				"bone2": {
					"rotation": {
						"0.5833": [0, 0, 0],
						"2.5417": [0, 0, -5]
					}
				},
				"bone5": {
					"rotation": {
						"0.5833": [0, 0, 0],
						"2.5417": [0, 0, 20]
					}
				},
				"bone4": {
					"rotation": {
						"0.5833": [0, 0, 0],
						"2.5417": [0, 0, 22.5]
					}
				},
				"bone6": {
					"rotation": {
						"0.5833": [0, 0, 0],
						"2.5417": [0, 0, 10]
					}
				},
				"bone8": {
					"rotation": {
						"0.5833": [0, 0, 0],
						"2.5417": [0, 0, 20]
					}
				},
				"bone9": {
					"rotation": {
						"0.5833": [0, 0, 0],
						"2.5417": [0, 0, 17.5]
					}
				}
			}
		}
	}
}
