{
	"format_version": "1.8.0",
	"animations": {
		"animation.tn": {
			"loop": true,
			"animation_length": 2.5,
"anim_time_update": "query.anim_time + query.delta_time * 0.60",
			"bones": {
				"bone34": {
					"rotation": {
						"0.0": {
							"post": [0, 7.5, 47.5],
							"lerp_mode": "catmullrom"
						},
						"0.5": {
							"post": [0, 30, 47.5],
							"lerp_mode": "catmullrom"
						},
						"1.8333": {
							"post": [5.666, -22.28089, 32.37803],
							"lerp_mode": "catmullrom"
						},
						"2.5": {
							"post": [0, 7.5, 47.5],
							"lerp_mode": "catmullrom"
						}
					}
				},
				"bone35": {
					"rotation": {
						"0.0": {
							"post": [0, 17.5, 5],
							"lerp_mode": "catmullrom"
						},
						"0.7083": {
							"post": [0, 30, 5],
							"lerp_mode": "catmullrom"
						},
						"1.8333": {
							"post": [0, 32.5, 5],
							"lerp_mode": "catmullrom"
						},
						"2.5": {
							"post": [0, 17.5, 5],
							"lerp_mode": "catmullrom"
						}
					}
				},
				"bone36": {
					"rotation": {
						"0.0": {
							"post": [0, 15, 5],
							"lerp_mode": "catmullrom"
						},
						"0.9167": {
							"post": [0, 27.5, 5],
							"lerp_mode": "catmullrom"
						},
						"1.8333": {
							"post": [-5.39169, 22.63093, -4.81831],
							"lerp_mode": "catmullrom"
						},
						"2.5": {
							"post": [0, 15, 5],
							"lerp_mode": "catmullrom"
						}
					}
				},
				"bone37": {
					"rotation": {
						"0.0": {
							"post": [1.72159, 19.8881, 7.90999],
							"lerp_mode": "catmullrom"
						},
						"1.125": {
							"post": [1.86721, 29.88323, 8.25473],
							"lerp_mode": "catmullrom"
						},
						"1.8333": {
							"post": [1.75088, 22.38696, 7.99119],
							"lerp_mode": "catmullrom"
						},
						"2.5": {
							"post": [1.72159, 19.8881, 7.90999],
							"lerp_mode": "catmullrom"
						}
					}
				},
				"bone38": {
					"rotation": {
						"0.0": {
							"post": [0.44067, 9.99038, 2.53852],
							"lerp_mode": "catmullrom"
						},
						"1.3333": {
							"post": [0.46181, 19.99008, 2.61994],
							"lerp_mode": "catmullrom"
						},
						"1.8333": {
							"post": [0.48922, 27.48982, 2.68789],
							"lerp_mode": "catmullrom"
						},
						"2.5": {
							"post": [0.44067, 9.99038, 2.53852],
							"lerp_mode": "catmullrom"
						}
					}
				},
				"bone39": {
					"rotation": {
						"0.0": {
							"post": [0, 2.5, 10],
							"lerp_mode": "catmullrom"
						},
						"1.5417": {
							"post": [0, 15, 10],
							"lerp_mode": "catmullrom"
						},
						"1.8333": {
							"post": [0, 27.5, 10],
							"lerp_mode": "catmullrom"
						},
						"2.5": {
							"post": [0, 2.5, 10],
							"lerp_mode": "catmullrom"
						},
						"4.5417": {
							"post": [0, 15, 10],
							"lerp_mode": "catmullrom"
						}
					}
				}
			}
		}
	}
}
		}
	}
}
