{
	"format_version": "1.8.0",
	"animations": {
		"animation.wither_storm_head.22": {
			"loop": true,
			"animation_length": 8.67,
			"bones": {
				"headx": {
					"rotation": {
						"0.0": [-110, 0, -7],
						"3.0": [-22.15846, 18.26883, -20.36473]
					},
					"position": {
						"0.0": [0, -80, 20],
						"3.6667": [0, 486, -378]
					}
				},
				"cube": {
					"rotation": {
						"0.0": [16.07721, -2.98939, -10.04104],
						"3.0": [8.35843, -0.54052, -2.94819]
					}
				}
			}
		}
	}
}