{
	"format_version": "1.8.0",
	"animations": {
	   "animation.look_at_target2": {
			"loop" : true,
			"bones" : {
				"headx": {
				  "relative_to": {
				   "rotation": "entity"
				},
                "rotation": ["query.target_x_rotation - this", "query.target_y_rotation - this", "-this"]
				},
				"head2": {
				  "relative_to": {
				   "rotation": "entity"
				},
                "rotation": ["query.target_x_rotation - this", "query.target_y_rotation - this", "-this"]
				},
				"head3": {
				  "relative_to": {
				   "rotation": "entity"
				},
                "rotation": ["query.target_x_rotation - this", "query.target_y_rotation - this", "-this"]
				}
			}
		}
	}
}
9088]
				}
			}
		}
	}
}
	}
		}
	}
}
