{
	"format_version": "1.8.0",
	"animations": {
		"animation.smdead1": {
			"animation_length": 2.08333,
			"bones": {
				"bone": {
					"position": [0, -200, 0]
				},
				"bone36": {
					"rotation": [0, 0, -7.5],
					"position": [0, -200, 0]
				},
				"bone37": {
					"rotation": [0, 0, 7.5]
				},
				"bone38": {
					"rotation": [0, 0, 12.5]
				},
				"bone39": {
					"rotation": [0, 0, 12.5]
				},
				"bone41": {
					"rotation": [0, 0, 2.5]
				},
				"bone42": {
					"rotation": [0, 0, 12.5]
				},
				"bone46": {
					"rotation": [0, 0, -22.5],
					"position": [6, 200, 0]
				},
				"bone47": {
					"rotation": [0, 0, -15]
				},
				"bone48": {
					"rotation": [0, 0, -12.5]
				},
				"bone49": {
					"rotation": [0, 0, -5]
				},
				"bone50": {
					"rotation": [0, 0, -5]
				},
				"bone51": {
					"rotation": [0, 0, -10]
				},
				"bone55": {
					"rotation": [0, 0, -10],
					"position": [-200, 0, 0]
				},
				"bone56": {
					"rotation": [0, 0, 32.5]
				},
				"bone57": {
					"rotation": [0, 0, 12.5]
				},
				"bone58": {
					"rotation": [0, 0, 10]
				},
				"bone59": {
					"rotation": [0, 0, 17.5]
				},
				"bone60": {
					"rotation": [0, 0, 5]
				},
				"bone64": {
					"position": [0, 200, 0]
				},
				"bone65": {
					"rotation": [0, 0, -10]
				},
				"bone66": {
					"rotation": [0, 0, -15]
				},
				"bone67": {
					"rotation": [0, 0, -10]
				},
				"bone68": {
					"rotation": [0, 0, -7.5]
				},
				"bone69": {
					"rotation": [0, 0, -10]
				},
				"bone73": {
					"rotation": [-5.53469, -39.76253, 11.82619],
					"position": [200, 0, 0]
				},
				"bone74": {
					"rotation": [0, -7.5, 0]
				},
				"bone75": {
					"rotation": [0, -12.5, 0]
				},
				"bone76": {
					"rotation": [0, -10, 0]
				},
				"bone77": {
					"rotation": [0, -22.5, 0]
				},
				"bone78": {
					"rotation": [0, -15, 0]
				},
				"headx2": {
					"position": [0, -200, 0]
				}
			}
		}
	}
}