{
	"format_version": "1.8.0",
	"animations": {
		"animation.ws": {
			"loop": true,
			"animation_length": 3,
			"anim_time_update": "query.anim_time + query.delta_time * 0.30",
			"bones": {
				"bone2": {
					"rotation": {
						"0.0": {
							"post": [0, 0, -27.5],
							"lerp_mode": "catmullrom"
						},
						"1.0": {
							"post": [0, 0, -15],
							"lerp_mode": "catmullrom"
						},
						"3.0": {
							"post": [0, 0, -27.5],
							"lerp_mode": "catmullrom"
						}
					},
					"position": [15, -52, 0]
				},
				"bone5": {
					"rotation": {
						"0.0": {
							"post": [0, 0, 10],
							"lerp_mode": "catmullrom"
						},
						"1.125": {
							"post": [0, 0, 10],
							"lerp_mode": "catmullrom"
						},
						"3.0": {
							"post": [0, 0, 10],
							"lerp_mode": "catmullrom"
						}
					}
				},
				"bone6": {
					"rotation": {
						"0.0": {
							"post": [0, 0, 7.5],
							"lerp_mode": "catmullrom"
						},
						"1.25": {
							"post": [0, 0, 20],
							"lerp_mode": "catmullrom"
						},
						"3.0": {
							"post": [0, 0, 7.5],
							"lerp_mode": "catmullrom"
						}
					}
				},
				"bone8": {
					"rotation": {
						"0.0": {
							"post": [0, 0, 17.5],
							"lerp_mode": "catmullrom"
						},
						"1.375": {
							"post": [0, 0, 20],
							"lerp_mode": "catmullrom"
						},
						"3.0": {
							"post": [0, 0, 17.5],
							"lerp_mode": "catmullrom"
						}
					}
				},
				"bone9": {
					"rotation": {
						"0.0": {
							"post": [0, 0, 25],
							"lerp_mode": "catmullrom"
						},
						"1.375": {
							"post": [0, 0, 25],
							"lerp_mode": "catmullrom"
						},
						"3.0": {
							"post": [0, 0, 25],
							"lerp_mode": "catmullrom"
						}
					}
				},
				"bone10": {
					"rotation": {
						"0.0": {
							"post": [0, 0, 22.5],
							"lerp_mode": "catmullrom"
						},
						"1.375": {
							"post": [0, 0, 35],
							"lerp_mode": "catmullrom"
						},
						"3.0": {
							"post": [0, 0, 22.5],
							"lerp_mode": "catmullrom"
						}
					},
					"scale": 1
				},
				"bone12": {
					"rotation": {
						"0.0": {
							"post": [8.15544, -16.78832, 16.54502],
							"lerp_mode": "catmullrom"
						},
						"1.0": {
							"post": [-5.7632, -24.3683, 13.74538],
							"lerp_mode": "catmullrom"
						},
						"1.5417": {
							"post": [13.37388, -16.09147, 13.53834],
							"lerp_mode": "catmullrom"
						},
						"3.0": {
							"post": [8.15544, -16.78832, 16.54502],
							"lerp_mode": "catmullrom"
						}
					},
					"position": [0, 14, -2]
				},
				"bone13": {
					"rotation": {
						"0.0": {
							"post": [0, 0, 17.5],
							"lerp_mode": "catmullrom"
						},
						"1.0": {
							"post": [0, 0, 27.36],
							"lerp_mode": "catmullrom"
						},
						"3.0": {
							"post": [0, 0, 17.5],
							"lerp_mode": "catmullrom"
						}
					}
				},
				"bone14": {
					"rotation": {
						"0.0": {
							"post": [0, 0, 17.5],
							"lerp_mode": "catmullrom"
						},
						"1.25": {
							"post": [0, 0, 25],
							"lerp_mode": "catmullrom"
						},
						"3.0": {
							"post": [0, 0, 17.5],
							"lerp_mode": "catmullrom"
						}
					}
				},
				"bone15": {
					"rotation": {
						"0.0": {
							"post": [0, 0, 17.5],
							"lerp_mode": "catmullrom"
						},
						"1.0": {
							"post": [0, 0, 24.22],
							"lerp_mode": "catmullrom"
						},
						"3.0": {
							"post": [0, 0, 17.5],
							"lerp_mode": "catmullrom"
						}
					}
				},
				"bone16": {
					"rotation": {
						"0.0": {
							"post": [1.69865, 2.16852, 19.64627],
							"lerp_mode": "catmullrom"
						},
						"1.375": {
							"post": [1.79162, 2.09237, 22.14684],
							"lerp_mode": "catmullrom"
						},
						"3.0": {
							"post": [1.69865, 2.16852, 19.64627],
							"lerp_mode": "catmullrom"
						}
					}
				},
				"bone18": {
					"rotation": {
						"0.0": {
							"post": [2.29295, 2.56596, 24.57031],
							"lerp_mode": "catmullrom"
						},
						"1.375": {
							"post": [2.60816, 2.24482, 32.07006],
							"lerp_mode": "catmullrom"
						},
						"3.0": {
							"post": [2.29295, 2.56596, 24.57031],
							"lerp_mode": "catmullrom"
						}
					},
					"position": [0, -3, 0]
				},
				"bone22": {
					"rotation": {
						"0.0": {
							"post": [6.75649, -1.63983, -16.58637],
							"lerp_mode": "catmullrom"
						},
						"1.5": {
							"post": [3.98788, -17.15239, -10.4303],
							"lerp_mode": "catmullrom"
						},
						"3.0": {
							"post": [6.75649, -1.63983, -16.58637],
							"lerp_mode": "catmullrom"
						}
					}
				},
				"bone23": {
					"rotation": {
						"0.0": {
							"post": [-3.88714, -27.24513, 23.44236],
							"lerp_mode": "catmullrom"
						},
						"1.5417": {
							"post": [-1.30078, -27.47162, 17.81797],
							"lerp_mode": "catmullrom"
						},
						"3.0": {
							"post": [-3.88714, -27.24513, 23.44236],
							"lerp_mode": "catmullrom"
						}
					}
				},
				"bone24": {
					"rotation": {
						"0.0": {
							"post": [0, -12.5, 17.5],
							"lerp_mode": "catmullrom"
						},
						"1.5": {
							"post": [0, -22.5, 17.5],
							"lerp_mode": "catmullrom"
						},
						"3.0": {
							"post": [0, -12.5, 17.5],
							"lerp_mode": "catmullrom"
						}
					}
				},
				"bone25": {
					"rotation": {
						"0.0": {
							"post": [-2.06754, -22.40972, 17.90961],
							"lerp_mode": "catmullrom"
						},
						"1.5": {
							"post": [-2.10744, -24.90806, 18.00902],
							"lerp_mode": "catmullrom"
						},
						"3.0": {
							"post": [-2.06754, -22.40972, 17.90961],
							"lerp_mode": "catmullrom"
						}
					}
				},
				"bone26": {
					"rotation": {
						"0.0": {
							"post": [0, -25, 7.5],
							"lerp_mode": "catmullrom"
						},
						"1.5": {
							"post": [-12.2921, -30.32448, 30.84288],
							"lerp_mode": "catmullrom"
						},
						"3.0": {
							"post": [0, -25, 7.5],
							"lerp_mode": "catmullrom"
						}
					}
				},
				"bone27": {
					"rotation": {
						"0.0": {
							"post": [-6.89302, -36.91507, 9.61894],
							"lerp_mode": "catmullrom"
						},
						"1.5": {
							"post": [-21.29264, -33.0384, 39.66021],
							"lerp_mode": "catmullrom"
						},
						"3.0": {
							"post": [-6.89302, -36.91507, 9.61894],
							"lerp_mode": "catmullrom"
						}
					}
				},
				"bone30": {
					"rotation": {
						"0.0": {
							"post": [32.5, 10, -62.5],
							"lerp_mode": "catmullrom"
						},
						"1.5": {
							"post": [34.38199, 20.44463, -55.3706],
							"lerp_mode": "catmullrom"
						},
						"3.0": {
							"post": [32.5, 10, -62.5],
							"lerp_mode": "catmullrom"
						}
					}
				},
				"bone31": {
					"rotation": {
						"0.0": {
							"post": [0, 20, 0],
							"lerp_mode": "catmullrom"
						},
						"1.5": {
							"post": [0, 25, 0],
							"lerp_mode": "catmullrom"
						},
						"3.0": {
							"post": [0, 20, 0],
							"lerp_mode": "catmullrom"
						}
					}
				},
				"bone32": {
					"rotation": {
						"0.0": {
							"post": [0, 15, 0],
							"lerp_mode": "catmullrom"
						},
						"1.5": {
							"post": [0, 20, 0],
							"lerp_mode": "catmullrom"
						},
						"3.0": {
							"post": [0, 15, 0],
							"lerp_mode": "catmullrom"
						}
					}
				},
				"bone33": {
					"rotation": {
						"0.0": {
							"post": [0, 20, 0],
							"lerp_mode": "catmullrom"
						},
						"3.0": {
							"post": [0, 20, 0],
							"lerp_mode": "catmullrom"
						}
					}
				},
				"bone34": {
					"rotation": {
						"0.0": {
							"post": [0, 25, 0],
							"lerp_mode": "catmullrom"
						},
						"1.5": {
							"post": [0, 40, 0],
							"lerp_mode": "catmullrom"
						},
						"3.0": {
							"post": [0, 25, 0],
							"lerp_mode": "catmullrom"
						}
					}
				},
				"bone35": {
					"rotation": {
						"0.0": {
							"post": [0, 15, 0],
							"lerp_mode": "catmullrom"
						},
						"1.5": {
							"post": [0, 37.5, 0],
							"lerp_mode": "catmullrom"
						},
						"3.0": {
							"post": [0, 15, 0],
							"lerp_mode": "catmullrom"
						}
					}
				},
				"bone38": {
					"rotation": {
						"0.0": {
							"post": [0, -35, 0],
							"lerp_mode": "catmullrom"
						},
						"1.8333": {
							"post": [0, -52.5, 0],
							"lerp_mode": "catmullrom"
						},
						"3.0": {
							"post": [0, -35, 0],
							"lerp_mode": "catmullrom"
						}
					},
					"position": [13, 0, 10]
				},
				"bone39": {
					"rotation": {
						"0.0": {
							"post": [0, 20, 0],
							"lerp_mode": "catmullrom"
						},
						"1.8333": {
							"post": [0, 15, 0],
							"lerp_mode": "catmullrom"
						},
						"3.0": {
							"post": [0, 20, 0],
							"lerp_mode": "catmullrom"
						}
					}
				},
				"bone40": {
					"rotation": {
						"0.0": {
							"post": [0, 17.5, 0],
							"lerp_mode": "catmullrom"
						},
						"1.8333": {
							"post": [0, 5, 0],
							"lerp_mode": "catmullrom"
						},
						"3.0": {
							"post": [0, 17.5, 0],
							"lerp_mode": "catmullrom"
						}
					}
				},
				"bone41": {
					"rotation": {
						"0.0": {
							"post": [0, 35, 0],
							"lerp_mode": "catmullrom"
						},
						"1.8333": {
							"post": [0, 22.5, 0],
							"lerp_mode": "catmullrom"
						},
						"3.0": {
							"post": [0, 35, 0],
							"lerp_mode": "catmullrom"
						}
					}
				},
				"bone42": {
					"rotation": {
						"0.0": {
							"post": [0, 37.5, 0],
							"lerp_mode": "catmullrom"
						},
						"1.8333": {
							"post": [0, 30, 0],
							"lerp_mode": "catmullrom"
						},
						"3.0": {
							"post": [0, 37.5, 0],
							"lerp_mode": "catmullrom"
						}
					}
				},
				"bone43": {
					"rotation": {
						"0.0": {
							"post": [0, 42.5, 0],
							"lerp_mode": "catmullrom"
						},
						"1.8333": {
							"post": [0, 30, 0],
							"lerp_mode": "catmullrom"
						},
						"3.0": {
							"post": [0, 42.5, 0],
							"lerp_mode": "catmullrom"
						}
					}
				},
				"bone45": {
					"rotation": {
						"0.0": {
							"post": [0, 0, 0],
							"lerp_mode": "catmullrom"
						},
						"3.0": {
							"post": [0, -360, 0],
							"lerp_mode": "catmullrom"
						}
					}
				},
				"bone46": {
					"rotation": {
						"0.0": {
							"post": [0, 0, 0],
							"lerp_mode": "catmullrom"
						},
						"3.0": {
							"post": [0, 352.5, 0],
							"lerp_mode": "catmullrom"
						}
					}
				},
				"bone47": {
					"rotation": {
						"0.0": {
							"post": [0, 0, 0],
							"lerp_mode": "catmullrom"
						},
						"3.0": {
							"post": [0, -360, 0],
							"lerp_mode": "catmullrom"
						}
					}
				},
				"bone48": {
					"rotation": {
						"0.0": {
							"post": [0, -15, 0],
							"lerp_mode": "catmullrom"
						},
						"1.5": {
							"post": [17.75662, 44.33807, -303.86985],
							"lerp_mode": "catmullrom"
						},
						"3.0": {
							"post": [0, -15, 0],
							"lerp_mode": "catmullrom"
						}
					},
					"position": {
						"0.0": {
							"post": [0, 0, 0],
							"lerp_mode": "catmullrom"
						},
						"1.0": {
							"post": [-32, 17, 21],
							"lerp_mode": "catmullrom"
						},
						"2.0": {
							"post": [32, 0, 4],
							"lerp_mode": "catmullrom"
						},
						"3.0": {
							"post": [0, 0, 0],
							"lerp_mode": "catmullrom"
						}
					}
				}
			}
		}
	}
}