{
	"format_version": "1.12.0",
	"minecraft:geometry": [
		{
			"description": {
				"identifier": "geometry.serpekans",
				"texture_width": 48,
				"texture_height": 48,
				"visible_bounds_width": 5,
				"visible_bounds_height": 4,
				"visible_bounds_offset": [0, 0, 0]
			},
			"bones": [
				{
					"name": "ekans",
					"pivot": [0, -1, 0]
				},
				{
					"name": "head",
					"parent": "ekans",
					"pivot": [0, 14, -1.5],
					"cubes": [
						{"origin": [-1.75, 13, -6], "size": [3.5, 3, 5], "uv": [0, 0]},
						{"origin": [-1.5, 15.5, -5.5], "size": [3, 1, 4], "uv": [17, 0]},
						{"origin": [-1.5, 13.5, -1.5], "size": [3, 2, 1], "uv": [26, 12]},
						{"origin": [-2.25, 13.5, -4.5], "size": [1, 2, 3], "uv": [20, 20]},
						{"origin": [1.25, 13.5, -4.5], "size": [1, 2, 3], "uv": [20, 20], "mirror": true},
						{"origin": [-1, 13, -7], "size": [2, 2, 1], "uv": [20, 26]},
						{"origin": [-1, 13, -7], "size": [2, 2, 1.25], "pivot": [-1, 14, -7], "rotation": [0, -37, 0], "uv": [26, 16]},
						{"origin": [-1, 13, -7], "size": [2, 2, 1.25], "pivot": [1, 14, -7], "rotation": [0, 37, 0], "uv": [26, 16], "mirror": true}
					]
				},
				{
					"name": "open_eyes",
					"parent": "head",
					"pivot": [0, 14, -1],
					"cubes": [
						{"origin": [-2.25, 14.5, -6.5], "size": [0, 2, 2], "pivot": [-2.25, 15, -4.5], "rotation": [0, -15, 0], "uv": [11, 29]},
						{"origin": [2.25, 14.5, -6.5], "size": [0, 2, 2], "pivot": [2.25, 15, -4.5], "rotation": [0, 15, 0], "uv": [11, 29], "mirror": true}
					]
				},
				{
					"name": "closed_eyes",
					"parent": "head",
					"pivot": [0, 14, -1],
					"cubes": [
						{"origin": [-2.25, 14.5, -6.5], "size": [0, 2, 2], "pivot": [-2.25, 15, -4.5], "rotation": [0, -15, 0], "uv": [27, 24]},
						{"origin": [2.25, 14.5, -6.5], "size": [0, 2, 2], "pivot": [2.25, 15, -4.5], "rotation": [0, 15, 0], "uv": [27, 24], "mirror": true}
					]
				},
				{
					"name": "angry_eyes",
					"parent": "head",
					"pivot": [0, 14, -1],
					"cubes": [
						{"origin": [-2.25, 14.5, -6.5], "size": [0, 2, 2], "pivot": [-2.25, 15, -4.5], "rotation": [0, -15, 0], "uv": [0, 0]},
						{"origin": [2.25, 14.5, -6.5], "size": [0, 2, 2], "pivot": [2.25, 15, -4.5], "rotation": [0, 15, 0], "uv": [0, 0], "mirror": true}
					]
				},
				{
					"name": "body_root",
					"parent": "ekans",
					"pivot": [0, 15, -1.5]
				},
				{
					"name": "body1",
					"parent": "body_root",
					"pivot": [0, 13, -1.5],
					"cubes": [
						{"origin": [-1.5, 6, -3], "size": [3, 7, 3], "uv": [0, 20]},
						{"origin": [-1, 5.5, -2.5], "size": [2, 1, 2], "uv": [12, 0]},
						{"origin": [-1, 12.5, -2.5], "size": [2, 1, 2], "uv": [12, 0]}
					]
				},
				{
					"name": "body2",
					"parent": "body1",
					"pivot": [0, 6, -1.5],
					"cubes": [
						{"origin": [-1.5, -1, -3], "size": [3, 7, 3], "uv": [0, 9]},
						{"origin": [-1, 5.5, -2.5], "size": [2, 1, 2], "uv": [12, 0]},
						{"origin": [-1, -1.5, -2.5], "size": [2, 1, 2], "uv": [12, 0]}
					]
				},
				{
					"name": "body3",
					"parent": "body2",
					"pivot": [0, -1, -1.5],
					"cubes": [
						{"origin": [-1.5, -8, -3], "size": [3, 7, 3], "uv": [13, 9]},
						{"origin": [-1, -1.5, -2.5], "size": [2, 1, 2], "uv": [12, 0]},
						{"origin": [-1, -8.5, -2.5], "size": [2, 1, 2], "uv": [12, 0]}
					]
				},
				{
					"name": "body4",
					"parent": "body3",
					"pivot": [0, -8, -1.5],
					"cubes": [
						{"origin": [-1.5, -15, -3], "size": [3, 7, 3], "uv": [0, 9]},
						{"origin": [-1, -8.5, -2.5], "size": [2, 1, 2], "uv": [12, 0]},
						{"origin": [-1, -15.5, -2.5], "size": [2, 1, 2], "uv": [12, 0]}
					]
				},
				{
					"name": "body5",
					"parent": "body4",
					"pivot": [0, -15, -1.5],
					"cubes": [
						{"origin": [-1.5, -22, -3], "size": [3, 7, 3], "uv": [13, 9]},
						{"origin": [-1, -15.5, -2.5], "size": [2, 1, 2], "uv": [12, 0]},
						{"origin": [-1, -22.5, -2.5], "size": [2, 1, 2], "uv": [12, 0]}
					]
				},
				{
					"name": "body6",
					"parent": "body5",
					"pivot": [0, -22, -1.5],
					"cubes": [
						{"origin": [-1.5, -29, -3], "size": [3, 7, 3], "uv": [0, 9]},
						{"origin": [-1, -22.5, -2.5], "size": [2, 1, 2], "uv": [12, 0]},
						{"origin": [-1, -29.5, -2.5], "size": [2, 1, 2], "uv": [12, 0]},
						{"origin": [0, -34.5, -3], "size": [0, 5, 3], "uv": [13, 20]},
						{"origin": [-1.5, -34.5, -1.5], "size": [3, 5, 0], "uv": [23, 6]}
					]
				}
			]
		}
	]
}