{"resource_pack_name":"Furnicraft[Resource]","texture_name":"atlas.items","texture_data":{"egg_camel":{"textures":"textures/items/egg_camel"},"egg_lion":{"textures":"textures/items/egg_lion"},"egg_penguin":{"textures":"textures/items/egg_penguin"},"egg_tiger":{"textures":"textures/items/egg_tiger"},"egg_elephant":{"textures":"textures/items/egg_elephant"},"egg_deer":{"textures":"textures/items/egg_deer"},"egg_panther":{"textures":"textures/items/egg_panther"},"egg_frog":{"textures":"textures/items/egg_frog"},"egg_crocodile":{"textures":"textures/items/egg_crocodile"},"egg_mouse":{"textures":"textures/items/egg_mouse"},"gallardo":{"textures":"textures/items/gallardo"},"bench":{"textures":"textures/items/bench"},"christmas_tree":{"textures":"textures/items/christmas_tree"},"tivi":{"textures":"textures/items/tivi"},"closet":{"textures":"textures/items/closet"},"laptop":{"textures":"textures/items/laptop"},"piano":{"textures":"textures/items/piano"},"armchairs":{"textures":"textures/items/armchairs"},"chair":{"textures":"textures/items/chair"},"big_table":{"textures":"textures/items/big_table"},"small_table":{"textures":"textures/items/small_table"},"drone":{"textures":"textures/items/drone"},"colorful_gifts":{"textures":"textures/items/colorful_gifts"},"pa:35 4":{"textures":"textures/items/pamobile/pa_35 4"},"pa:35 3":{"textures":"textures/items/pamobile/pa_35 3"},"pa:35 1":{"textures":"textures/items/pamobile/pa_35 1"},"pa:35 5":{"textures":"textures/items/pamobile/pa_35 5"},"pa:35 6":{"textures":"textures/items/pamobile/pa_35 6"},"pa:35 2":{"textures":"textures/items/pamobile/pa_35 2"},"pa:35 14":{"textures":"textures/items/pamobile/pa_35 14"},"pa:35 9":{"textures":"textures/items/pamobile/pa_35 9"},"pa:35 7":{"textures":"textures/items/pamobile/pa_35 7"},"pa:35 10":{"textures":"textures/items/pamobile/pa_35 10"},"pa:35 15":{"textures":"textures/items/pamobile/pa_35 15"},"pa:35 20":{"textures":"textures/items/pamobile/pa_35 20"},"pa:35 11":{"textures":"textures/items/pamobile/pa_35 11"},"pa:35 19":{"textures":"textures/items/pamobile/pa_35 19"},"pa:35 18":{"textures":"textures/items/pamobile/pa_35 18"},"pa:35 21":{"textures":"textures/items/pamobile/pa_35 21"},"pa:35 23":{"textures":"textures/items/pamobile/pa_35 23"},"pa:35 22":{"textures":"textures/items/pamobile/pa_35 22"},"pa:35 28":{"textures":"textures/items/pamobile/pa_35 28"},"pa:35 32":{"textures":"textures/items/pamobile/pa_35 32"},"pa:35 29":{"textures":"textures/items/pamobile/pa_35 29"},"pa:35 24":{"textures":"textures/items/pamobile/pa_35 24"},"pa:35 27":{"textures":"textures/items/pamobile/pa_35 27"},"pa:35 25":{"textures":"textures/items/pamobile/pa_35 25"},"pa:35 26":{"textures":"textures/items/pamobile/pa_35 26"},"pa:35 33":{"textures":"textures/items/pamobile/pa_35 33"},"pa:35 13":{"textures":"textures/items/pamobile/pa_35 13"},"pa:35 12":{"textures":"textures/items/pamobile/pa_35 12"},"pa:35 8":{"textures":"textures/items/pamobile/pa_35 8"},"pa:35 36":{"textures":"textures/items/pamobile/pa_35 36"},"pa:35 42":{"textures":"textures/items/pamobile/pa_35 42"},"pa:35 34":{"textures":"textures/items/pamobile/pa_35 34"},"pa:35 35":{"textures":"textures/items/pamobile/pa_35 35"},"pa:35 31":{"textures":"textures/items/pamobile/pa_35 31"},"pa:35 40":{"textures":"textures/items/pamobile/pa_35 40"},"pa:35 37":{"textures":"textures/items/pamobile/pa_35 37"},"pa:35 45":{"textures":"textures/items/pamobile/pa_35 45"},"pa:35 38":{"textures":"textures/items/pamobile/pa_35 38"},"pa:35 46":{"textures":"textures/items/pamobile/pa_35 46"},"pa:35 41":{"textures":"textures/items/pamobile/pa_35 41"},"pa:35 44":{"textures":"textures/items/pamobile/pa_35 44"},"pa:35 48":{"textures":"textures/items/pamobile/pa_35 48"},"pa:35 49":{"textures":"textures/items/pamobile/pa_35 49"},"pa:35 30":{"textures":"textures/items/pamobile/pa_35 30"},"pa:35 50":{"textures":"textures/items/pamobile/pa_35 50"},"pa:35 43":{"textures":"textures/items/pamobile/pa_35 43"},"pa:35 47":{"textures":"textures/items/pamobile/pa_35 47"},"pa:35 54":{"textures":"textures/items/pamobile/pa_35 54"},"pa:35 53":{"textures":"textures/items/pamobile/pa_35 53"},"pa:35 52":{"textures":"textures/items/pamobile/pa_35 52"},"pa:35 51":{"textures":"textures/items/pamobile/pa_35 51"}}}