{
  "format_version": "1.8.0",
  "minecraft:entity": {
    "description": {

      "identifier": "ny:a",
      "is_spawnable": true,
      "is_summonable": true,
      "is_experimental": false,
      "runtime_identifier" : "minecraft:boat"
    },

    "component_groups": {
      "kill":{
        "minecraft:variant": {
          "value": 1
        },
        "minecraft:explode": {
         "fuse_length": 0,
         "fuse_lit": true,
         "power": 0,
         "causes_fire": false,
         "destroy_affected_by_griefing": true,
         "breaks_blocks": false
        }
      }
    },
   
    "components": {
      "minecraft:damage_sensor": {
        "triggers": {
          "cause": "all",
          "deals_damage": false
        }
      },
      "minecraft:nameable": {
        "always_show": false,
        "allow_name_tag_renaming": true
      },
      "minecraft:physics":{
        "has_collision":false,
        "has_gravity":false
      },
      "minecraft:knockback_resistance": {
        "value": 1.0
      },  
      "minecraft:collision_box": {
        "width": 0.0,
        "height": 0.0
      },
          "minecraft:type_family": {
            "family": [ "assist" ]
          }
    },
    "events": {
      "kill":{
        "add": {"component_groups":["kill"]}
                  }
    }
  }
}