{
  "format_version": "1.16.0",
  "minecraft:entity": {
    "description": {
      "identifier": "ny:copy5_icebox",
      "is_spawnable": false,
      "is_summonable": true,
      "is_experimental": false
    },
    "component_groups": {
      "attack": {
        "minecraft:projectile": {
         "on_hit": {
           "definition_event": {
            "affect_projectile": true,
            "event_trigger": {
                  "event": "kill",
                  "target": "self"
            }
           },
           "impact_damage": {
             "damage": 10,
             "knockback": true,
             "catch_fire": false,
             "semi_random_diff_damage": false
           }
         },
         "power": 0.0,
         "gravity": 0.0,
         "inertia": 1.00,
         "liquid_inertia": 1,
         "anchor": 1,
         "offset": [ 0, 1.8, 0 ],
         "uncertainty_base": 0
        }
      },
      "kill": {
        "minecraft:explode": {
          "fuse_length": 0,
          "fuse_lit": true,
          "power": 0,
          "causes_fire": false,
          "fire_affected_by_griefing": false,
          "destroy_affected_by_griefing": false
        }
      }
    },
    "components": {
      "minecraft:is_stackable": {},
      //火ダメ時にだけ判定取るように
      "minecraft:damage_sensor": {
        "triggers": [
          {
            "on_damage": {
              "filters": [
                {
                  "test": "has_damage",
                  "subject": "self",
                  "operator": "==",
                  "value": "attack"
                },
                {
                  "test": "is_family",
                  "subject": "other",
                  "operator": "==",
                  "value": "player"
                }
              ],
              "event": "attack"
            },
            "deals_damage": false
          },
          {
            "cause": "all",
            "deals_damage": false
          }
        ]
      },
      "minecraft:timer": {
        "time": [
          30.0,
          30.0
        ],
        "looping": false,
        "time_down_event": {
          "event": "kill",
          "target": "self"
        }
      },
      "minecraft:collision_box": {
        "width": 1,
        "height": 1
      },
      "minecraft:scale": {
        "value": 1
      },
      "minecraft:custom_hit_test": {
        "hitboxes": [
          {
            "width": 1.0,
            "height": 1.0,
            "pivot": [
              0,
              0.5,
              0
            ]
          }
        ]
      },
      "minecraft:type_family": {
        "family": [
          "icebox"
        ]
      },
      "minecraft:physics": {
        "has_gravity": false
      },
      "minecraft:pushable": {
        "is_pushable": true,
        "is_pushable_by_piston": true
      },
      "minecraft:conditional_bandwidth_optimization": {
        "default_values": {
          "max_optimized_distance": 80.0,
          "max_dropped_ticks": 10,
          "use_motion_prediction_hints": true
        }
      }
    },
    "events": {
      "attack": {
        "sequence": [
          {
            "run_command": {
              "command": [
                "tag @s add icebox_p"
              ],
              "target": "other"
            }
          },
          {
            "run_command": {
              "command": [
                "scoreboard players operation @s kirby_e = @e[tag=icebox_p] kirby_e",
                "tp @s ~~~ facing @e[tag=icebox_p]",
                "tp @s ~~~ facing ^^^-1",
                "tag @s add icebox_move"
              ],
              "target": "self"
            }
          },
          {
            "run_command": {
              "command": [
                "tag @s remove icebox_p"
              ],
              "target": "other"
            }
          }
        ]
      },
      "kill": {
        "add": {
          "component_groups": [
            "kill"
          ]
        },
        "run_command": {
          "command": [
            "playsound random.glass @a ~~~ 1.0 0.96 0.0",
            "particle ny:copy5_icebox_break ~~~"
          ]
        }
      }
    }
  }
}