{
  "format_version": "1.16.0",
 "minecraft:entity": {
  "description": {
    "identifier": "ny:copy5_ice",
    "is_spawnable": false,
    "is_summonable": true,
    "is_experimental": false,
    "runtime_identifier": "minecraft:snowball" ,
    "properties": {
      "property:bomb": {
        "range": [
          0,
          100
        ],
        "type": "int",
        "default": 0,
        "client_sync": true
      },
      "property:set": {
        "range": [
          0,
          1
        ],
        "type": "int",
        "default": 0,
        "client_sync": true
      }
    }
  },
  
  "component_groups": {
    "dummy":{},
    "chilly":{
      
   "minecraft:projectile": {

    "on_hit": {
      "definition_event": {
       "affect_projectile": true,
       "event_trigger": {
             "event": "",
             "target": "self"
       }
      },
      "impact_damage": {
        "damage": 3,
        "knockback": false,
        "catch_fire": false,
        "semi_random_diff_damage": false
      }
    },
    "power": 0.71,
    "gravity": 0.00,
    "inertia": 1.00,
    "liquid_inertia": 1,
    "anchor": 1,
    "offset": [ 0.0,-0.4,0.4 ],
    "uncertainty_base": 35.0
   }
    }
  },
  "components": {
    "minecraft:timer": {
      "time": [
        0.3,
        0.3
      ],
      "looping": false,
      "time_down_event": {
        "event": "kill1",
        "target": "self"
      }
    },
      "minecraft:collision_box": {
       "width": 0,
       "height": 0
      },
    "minecraft:scale":{
     "value": 1
    },
   "minecraft:type_family": {
    "family": [ "bomb" ]
  },
   "minecraft:projectile": {

    "on_hit": {
      "definition_event": {
       "affect_projectile": true,
       "event_trigger": {
             "event": "",
             "target": "self"
       }
      },
      "impact_damage": {
        "damage": 3,
        "knockback": false,
        "catch_fire": false,
        "semi_random_diff_damage": false
      }
    },
    "power": 0.7,
    "gravity": 0.00,
    "inertia": 1.00,
    "liquid_inertia": 1,
    "anchor": 2,
    "offset": [ 0.0,-0.4,0.4 ],
    "uncertainty_base": 35.0
   },
   "minecraft:physics": {
   },
   "minecraft:pushable": {
    "is_pushable": false,
    "is_pushable_by_piston": true
   },
   "minecraft:conditional_bandwidth_optimization": {
    "default_values": {
      "max_optimized_distance": 80.0,
      "max_dropped_ticks": 10,
      "use_motion_prediction_hints": true
    }
  }
  },
  "events": {
    "minecraft:entity_spawned":{
      "sequence": [
        {
          "filters": { "test": "is_family", "subject":"other", "value": "kirby_mob" },
          "randomize": [
            {
              "weight": 12,
              "run_command":{
                "command":["playsound mob.blaze.shoot @a ~~~ 0.1 1.0 0.0"]
              }
            },
            {
              "weight": 10
            }
          ]
        },
        {
          "add": {
            "component_groups": [
              "chilly"
            ]
          }

        }
      ]
    },
    "minecraft:entity_born": {
      "sequence": [
        {
          "run_command": {
            "command": [
              "tag @s add ice_p"
            ],
            "target": "other"
          }
        },
        {
          "run_command": {
            "command": [
              "scoreboard players operation @s kirby_e = @e[tag=ice_p] kirby_e",
              "tag @s add kirby_log",
              "tag @s add kirby_ice"
            ],
            "target": "self"
          }
        },
        {
          "run_command": {
            "command": [
              "tag @s remove ice_p"
            ],
            "target": "other"
          }
        }
      ]
    },
    "kill1":{
      "run_command":{
        "command":["kill @s"]
      }
    }
  }
 }
}
