{
  "format_version": "1.19.20",
  "minecraft:entity": {
    "description": {
      "identifier": "minecraft:player",
      "is_spawnable": false,
      "is_summonable": false,
      "is_experimental": false,
      "scripts": {
        "animate": [
          "score",
          "death",
          "jump",
          "sliding",
          "sneak",
          "suikomi",
          "hobari",
          "glide",
          "getcopy",
          "sprint",
          "in_air",
          "copy1",
          "copy2",
          "copy2_ren",
          "copy2_dash",
          "copy2_kaiten",
          "copy3",
          "copy3_on",
          "copy3_dash",
          "copy4",
          "copy4_fireres",
          "copy4_dash",
          "copy4_kaiten",
          "copy5",
          "copy5_dash",
          "copy5_dashmove",
          "copy5_kaiten",
          "copy6",
          "copy7_sound",
          "copy7_dash",
          "copy7_kaiten",
          "copy7_attack",
          "copy8_beam",
          "copy8_beammove",
          "copy8_jump",
          "copy8_dash",
          "copy9",
          "copy9_barrier",
          "copy10",
          "copy10_sleep"
        ]
      },
      "animations": {
        "score": "controller.animation.score",
        "death": "controller.animation.death",
        "jump": "controller.animation.jump",
        "sliding": "controller.animation.sliding",
        "sneak": "controller.animation.sneak",
        "suikomi": "controller.animation.suikomi",
        "hobari": "controller.animation.hobari",
        "glide": "controller.animation.glide",
        "getcopy": "controller.animation.getcopy",
        "sprint": "controller.animation.sprint",
        "in_air": "controller.animation.in_air",
        "copy1": "controller.animation.copy1",
        "copy2": "controller.animation.copy2",
        "copy2_ren": "controller.animation.copy2_ren",
        "copy2_dash": "controller.animation.copy2_dash",
        "copy2_kaiten": "controller.animation.copy2_kaiten",
        "copy3": "controller.animation.copy3",
        "copy3_on": "controller.animation.copy3_on",
        "copy3_dash": "controller.animation.copy3_dash",
        "copy4": "controller.animation.copy4",
        "copy4_fireres": "controller.animation.copy4_fireres",
        "copy4_dash": "controller.animation.copy4_dash",
        "copy4_kaiten": "controller.animation.copy4_kaiten",
        "copy5": "controller.animation.copy5",
        "copy5_dash" : "controller.animation.copy5_dash",
        "copy5_dashmove":"controller.animation.copy5_dashmove",
        "copy5_kaiten": "controller.animation.copy5_kaiten",
        "copy6": "controller.animation.copy6",
        "copy7_sound" : "controller.animation.copy7_sound",
        "copy7_dash" : "controller.animation.copy7_dash",
        "copy7_kaiten": "controller.animation.copy7_kaiten",
        "copy7_attack": "controller.animation.copy7_attack",
        "copy8_beam": "controller.animation.copy8_beam",
        "copy8_beammove": "controller.animation.copy8_beammove",
        "copy8_jump": "controller.animation.copy8_jump",
        "copy8_dash": "controller.animation.copy8_dash",
        "copy9": "controller.animation.copy9",
        "copy9_barrier":"controller.animation.copy9_barrier",
        "copy10": "controller.animation.copy10",
        "copy10_sleep": "controller.animation.copy10_sleep"
      },
      "properties": {
        "property:jump": {
          "range": [
            0,
            100
          ],
          "type": "int",
          "default": 0,
          "client_sync": true
        },
        "property:sliding": {
          "range": [
            0,
            1
          ],
          "type": "int",
          "default": 0,
          "client_sync": true
        },
        "property:suikomi": {
          "range": [
            0,
            1
          ],
          "type": "int",
          "default": 0,
          "client_sync": true
        },
        "property:hobari": {
          "range": [
            0,
            1
          ],
          "type": "int",
          "default": 0,
          "client_sync": true
        },
        "property:getcopy": {
          "range": [
            0,
            1
          ],
          "type": "int",
          "default": 0,
          "client_sync": true
        },
        "property:copy": {
          "range": [
            0,
            100
          ],
          "type": "int",
          "default": 0,
          "client_sync": true
        },
        "property:copy_skill": {
          "range": [
            0,
            10000
          ],
          "type": "int",
          "default": 0,
          "client_sync": true
        },
        "property:head_x_rotation": {
          "range": [
            -18000,
            18000
          ],
          "type": "int",
          "default": 0,
          "client_sync": true
        },
        "property:head_y_rotation": {
          "range": [
            -18000,
            18000
          ],
          "type": "int",
          "default": 0,
          "client_sync": true
        }
      }
    },

    "component_groups": {
      "dummy":{},
      "timer_reset": {
        "minecraft:timer": {
          "time": [
            0.0,
            0.0
          ],
          "looping": false,
          "time_down_event": {
            "event": "no_event",
            "target": "self"
          }
        }
      },
      "damage_sensor":{
        "minecraft:damage_sensor": {
          "triggers": [
            {
              "on_damage": {
                "filters": {
                  "test": "has_damage",
                  "subject": "self",
                  "operator": "==",
                  "value": "fall"
                }
              },
              "deals_damage": false
            }
          ]
        }
      },
      //コピー能力１
      "copy1_bomb_set": {
        "minecraft:timer": {
          "time": [
            4.25,
            4.25
          ],
          "looping": false,
          "time_down_event": {
            "event": "copy1_bomb_self",
            "target": "self"
          }
        }
      },
      "copy1_bomb_ground": {
        "minecraft:spawn_entity": {
          "entities": [
            {
              "min_wait_time": 0,
              "max_wait_time": 0,
              "spawn_entity": "ny:copy1_bomb",
              "single_use": true,
              "num_to_spawn": 1,
              "should_leash": false
            }
          ]
        }
      },
      "copy1_bomb_self": {
        "minecraft:spawn_entity": {
          "entities": [
            {
              "min_wait_time": 0,
              "max_wait_time": 0,
              "spawn_entity": "ny:copy1_bomb",
              "spawn_event": "explode",
              "single_use": true,
              "num_to_spawn": 1,
              "should_leash": false
            }
          ]
        }
      },
      "copy1_bomb_throw": {
        "minecraft:spawn_entity": {
          "entities": [
            {
              "min_wait_time": 0,
              "max_wait_time": 0,
              "spawn_entity": "ny:copy1_bomb",
              "single_use": true,
              "num_to_spawn": 1,
              "should_leash": false
            }
          ]
        },
        "minecraft:timer": {
          "time": [
            0.6,
            0.6
          ],
          "looping": false,
          "time_down_event": {
            "event": "copy1_bomb_throw_end",
            "target": "self"
          }
        }
      },
      //コピー能力2
      "copy2_zangeki_ren1": {
        "minecraft:spawn_entity": {
          "entities": [
            {
              "min_wait_time": 0,
              "max_wait_time": 0,
              "spawn_entity": "ny:copy2_zangeki",
              "spawn_event": "ren1",
              "single_use": true,
              "num_to_spawn": 1,
              "should_leash": false
            }
          ]
        }
      },
      "copy2_zangeki": {
        "minecraft:spawn_entity": {
          "entities": [
            {
              "min_wait_time": 0,
              "max_wait_time": 0,
              "spawn_entity": "ny:copy2_zangeki",
              "single_use": true,
              "num_to_spawn": 1,
              "should_leash": false
            }
          ]
        }
      },
      //コピー能力3
      "copy3_stone": {
        "minecraft:is_baby":{
        },
        "minecraft:spell_effects": {
          "add_effects": [
            {
              "effect": "slow_falling",
              "duration": 1,
              "amplifier": -2,
              "visible": false,
              "display_on_screen_animation": false
            }
          ]
        },
        "minecraft:timer": {
          "time": [
            0.2,
            0.2
          ],
          "looping": false,
          "time_down_event": {
            "event": "copy3_stone2",
            "target": "self"
          }
        }
      },
      "copy3_stone_set": {
        "minecraft:movement": {
          "value": 0.0
        },
        "minecraft:damage_sensor": {
          "triggers": [
            {
              "on_damage": {
                "filters": {
                  "test": "has_damage",
                  "subject": "self",
                  "operator": "==",
                  "value": "all"
                }
              },
              "deals_damage": false
            }
          ]
        },
        "minecraft:spell_effects": {
          "add_effects": [
            {
              "effect": "levitation",
              "duration": 10000,
              "amplifier": -80,
              "visible": false,
              "display_on_screen_animation": false
            },
            {
              "effect": "jump_boost",
              "duration": 10000,
              "amplifier": -200,
              "visible": false,
              "display_on_screen_animation": false
            },
            {
              "effect": "slow_falling",
              "duration": 0,
              "amplifier": -1,
              "visible": false,
              "display_on_screen_animation": false
            }
          ]
        }
      },
      "copy3_stone_end": {
        "minecraft:is_baby":{
        },
        "minecraft:timer": {
          "time": [
            0.2,
            0.2
          ],
          "looping": false,
          "time_down_event": {
            "event": "copy3_stone_end2",
            "target": "self"
          }
        }
      },
      //コピー能力4
      "copy4_fire": {
        "minecraft:movement": {
          "value": 0.0
        },
        "minecraft:spawn_entity": {
          "entities": [
            {
              "min_wait_time": 0,
              "max_wait_time": 0,
              "spawn_entity": "ny:copy4_fire",
              //"spawn_event": "ren1",
              "single_use": true,
              "num_to_spawn": 3,
              "should_leash": false
            }
          ]
        }
      },
      "copy4_fire2": {
        "minecraft:movement": {
          "value": 0.0
        },
        "minecraft:spawn_entity": {
          "entities": [
            {
              "min_wait_time": 0,
              "max_wait_time": 0,
              "spawn_entity": "ny:copy4_fire",
              //"spawn_event": "ren1",
              "single_use": true,
              "num_to_spawn": 2,
              "should_leash": false
            }
          ]
        }
      },
      "copy4_fire3": {
        "minecraft:movement": {
          "value": 0.0
        },
        "minecraft:spawn_entity": {
          "entities": [
            {
              "min_wait_time": 0,
              "max_wait_time": 0,
              "spawn_entity": "ny:copy4_fire",
              //"spawn_event": "ren1",
              "single_use": true,
              "num_to_spawn": 1,
              "should_leash": false
            }
          ]
        }
      },
      "copy4_fire4": {
        "minecraft:movement": {
          "value": 0.0
        },
        "minecraft:spawn_entity": {
          "entities": [
            {
              "min_wait_time": 0,
              "max_wait_time": 0,
              "spawn_entity": "ny:copy4_fire",
              "spawn_event": "ren1",
              "single_use": true,
              "num_to_spawn": 1,
              "should_leash": false
            }
          ]
        }
      },
      "copy4_hidaruma": {
        "minecraft:damage_sensor": {
          "triggers": [
            {
              "on_damage": {
                "filters": {
                  "test": "has_damage",
                  "subject": "self",
                  "operator": "==",
                  "value": "all"
                }
              },
              "deals_damage": false
            }
          ]
        }
      },
      "copy4_hidaruma_move": {
        "minecraft:movement": {
          "value": 0.01
        },
        "minecraft:spawn_entity": {
          "entities": [
            {
              "min_wait_time": 0,
              "max_wait_time": 0,
              "spawn_entity": "ny:copy4_fire",
              "spawn_event": "hidaruma",
              "single_use": true,
              "num_to_spawn": 3,
              "should_leash": false
            }
          ]
        }
      },
      "copy4_dash_move": {
        "minecraft:movement": {
          "value": 0.15
        },
        "minecraft:spawn_entity": {
          "entities": [
            {
              "min_wait_time": 0,
              "max_wait_time": 0,
              "spawn_entity": "ny:copy4_fire",
              "spawn_event": "dash",
              "single_use": true,
              "num_to_spawn": 3,
              "should_leash": false
            }
          ]
        }
      },
      "copy4_kaiten": {
        "minecraft:spawn_entity": {
          "entities": [
            {
              "min_wait_time": 0,
              "max_wait_time": 0,
              "spawn_entity": "ny:copy4_fire",
              "spawn_event": "kaiten",
              "single_use": true,
              "num_to_spawn": 3,
              "should_leash": false
            }
          ]
        }
      },
      "copy4_fire_res": {
        "minecraft:damage_sensor": {
          "triggers": [
            {
              "on_damage": {
                "filters": {
                  "test": "has_damage",
                  "subject": "self",
                  "operator": "==",
                  "value": "fire"
                }
              },
              "deals_damage": false
            },
            {
              "on_damage": {
                "filters": {
                  "test": "has_damage",
                  "subject": "self",
                  "operator": "==",
                  "value": "magma"
                }
              },
              "deals_damage": false
            },
            {
              "on_damage": {
                "filters": {
                  "test": "has_damage",
                  "subject": "self",
                  "operator": "==",
                  "value": "lava"
                }
              },
              "deals_damage": false
            },
            {
              "on_damage": {
                "filters": {
                  "test": "has_damage",
                  "subject": "self",
                  "operator": "==",
                  "value": "fall"
                }
              },
              "deals_damage": false
            }
          ]
        }
      },
      //コピー能力5
      "copy5_ice": {
        "minecraft:movement": {
          "value": 0.0
        },
        "minecraft:spawn_entity": {
          "entities": [
            {
              "min_wait_time": 0,
              "max_wait_time": 0,
              "spawn_entity": "ny:copy5_ice",
              //"spawn_event": "ren1",
              "single_use": true,
              "num_to_spawn": 3,
              "should_leash": false
            }
          ]
        }
      },
      "copy5_dashmove": {
        "minecraft:movement": {
          "value": 0.145
        }
      },
      "copy5_dash_ice": {
        "minecraft:movement": {
          "value": 0.01
        }
      },
      //コピー能力6
      "copy6_dashmove": {
        "minecraft:movement": {
          "value": 0.26
        }
      },
      //コピー能力7
      "copy7_charge": {
        "minecraft:movement": {
          "value": 0.01
        }
      },
      //コピー能力8
      "copy8_beammove": {
        "minecraft:movement": {
          "value": 0.0
        }
      },
      "copy8_beam": {
        "minecraft:spawn_entity": {
          "entities": [
            {
              "min_wait_time": 0,
              "max_wait_time": 0,
              "spawn_entity": "ny:copy8_beam",
              //"spawn_event": "ren1",
              "single_use": true,
              "num_to_spawn": 2,
              "should_leash": false
            }
          ]
        }
      },
      "copy8_beamattack1": {
        "minecraft:spawn_entity": {
          "entities": [
            {
              "min_wait_time": 0,
              "max_wait_time": 0,
              "spawn_entity": "minecraft:arrow",
              //"spawn_event": "ren1",
              "single_use": true,
              "num_to_spawn": 1,
              "should_leash": false
            }
          ]
        }
      },
      "copy8_beamattack2": {
        "minecraft:spawn_entity": {
          "entities": [
            {
              "min_wait_time": 0,
              "max_wait_time": 0,
              "spawn_entity": "ny:copy8_beam",
              "spawn_event": "tame",
              "single_use": true,
              "num_to_spawn": 1,
              "should_leash": false
            }
          ]
        }
      },
      //コピー能力9
      "copy9_plasma1": {
        "minecraft:spawn_entity": {
          "entities": [
            {
              "min_wait_time": 0,
              "max_wait_time": 0,
              "spawn_entity": "ny:copy9_plasma",
              //"spawn_event": "ren1",
              "single_use": true,
              "num_to_spawn": 1,
              "should_leash": false
            }
          ]
        }
      },
      "copy9_plasma2": {
        "minecraft:spawn_entity": {
          "entities": [
            {
              "min_wait_time": 0,
              "max_wait_time": 0,
              "spawn_entity": "ny:copy9_plasma",
              "spawn_event": "plasma2",
              "single_use": true,
              "num_to_spawn": 2,
              "should_leash": false
            }
          ]
        }
      },
      "copy9_plasma3": {
        "minecraft:spawn_entity": {
          "entities": [
            {
              "min_wait_time": 0,
              "max_wait_time": 0,
              "spawn_entity": "ny:copy9_plasma",
              "spawn_event": "plasma3",
              "single_use": true,
              "num_to_spawn": 3,
              "should_leash": false
            }
          ]
        }
      },
      "copy9_plasma4": {
        "minecraft:spawn_entity": {
          "entities": [
            {
              "min_wait_time": 0,
              "max_wait_time": 0,
              "spawn_entity": "ny:copy9_plasma",
              "spawn_event": "plasma4",
              "single_use": true,
              "num_to_spawn": 5,
              "should_leash": false
            }
          ]
        }
      },
      "copy9_plasma5": {
        "minecraft:spawn_entity": {
          "entities": [
            {
              "min_wait_time": 0,
              "max_wait_time": 0,
              "spawn_entity": "ny:copy9_plasma",
              "spawn_event": "plasma5",
              "single_use": true,
              "num_to_spawn": 8,
              "should_leash": false
            }
          ]
        }
      },
      //コピー能力10
      "copy10_sleep": {
        "minecraft:movement": {
          "value": 0.0
        },
        "minecraft:spell_effects": {
          "add_effects": [
            {
              "effect": "jump_boost",
              "duration": 10,
              "amplifier": -100,
              "visible": false,
              "display_on_screen_animation": false
            }
          ]
        }
      },


      //吸い込み吐き出し
      "normal_speed": {
        "minecraft:movement": {
          "value": 0.1
        }
      },
      "suikomi": {
        "minecraft:movement": {
          "value": 0.0
        }
      },
      "hobari": {
        "minecraft:movement": {
          "value": 0.05
        }
      },
      "hakidashi":{
        "minecraft:variant":{
          "value":1
        },
        "minecraft:spawn_entity": {
          "entities": [
            {
              "min_wait_time": 0,
              "max_wait_time": 0,
              "spawn_entity": "ny:hakidashi",
              "single_use": true,
              "num_to_spawn": 1,
              "should_leash": false
            }
          ]
        }
      },

      //ジャンプ
      "jump_ride": {
        "minecraft:rideable": {
          "seat_count": 1,
          "family_types": [
            "jump"
          ],
          "pull_in_entities": true,
          "seats": [
            {
              "position": [
                0.0,
                0.0,
                -0.01
              ],
              "min_rider_count": 0,
              "max_rider_count": 0,
              "lock_rider_rotation": 0
            }
          ]
        }
      },
      "no_jump_ride": {
        "minecraft:rideable": {
          "seat_count": 2,
          "family_types": [
            "parrot_tame"
          ],
          "pull_in_entities": true,
          "seats": [
            {
              "position": [
                0.3,
                -0.53,
                -0.1
              ],
              "min_rider_count": 0,
              "max_rider_count": 0,
              "lock_rider_rotation": 0
            },
            {
              "position": [
                -0.3,
                -0.53,
                -0.1
              ],
              "min_rider_count": 1,
              "max_rider_count": 2,
              "lock_rider_rotation": 0
            }
          ]
        }
      },


      "minecraft:add_bad_omen": {
        "minecraft:spell_effects": {
          "add_effects": [
            {
              "effect": "bad_omen",
              "duration": 6000,
              "visible": false,
              "display_on_screen_animation": true
            }
          ]
        },
        "minecraft:timer": {
          "time": [
            0.0,
            0.0
          ],
          "looping": false,
          "time_down_event": {
            "event": "minecraft:clear_add_bad_omen",
            "target": "self"
          }
        }
      },
      "minecraft:clear_bad_omen_spell_effect": {
        "minecraft:spell_effects": {}
      },
      "minecraft:raid_trigger": {
        "minecraft:raid_trigger": {
          "triggered_event": {
            "event": "minecraft:remove_raid_trigger",
            "target": "self"
          }
        },
        "minecraft:spell_effects": {
          "remove_effects": "bad_omen"
        }
      }
    },
    "components": {
      "minecraft:is_stackable": {
      },
      "minecraft:damage_sensor": {
        "triggers": [
          {
            "on_damage": {
              "filters": {
                "test": "has_damage",
                "subject": "self",
                "operator": "==",
                "value": "fall"
              }
            },
            "deals_damage": false
          }
        ]
      },
      "minecraft:experience_reward": {
        "on_death": "Math.Min(q.player_level * 7, 100)"
      },
      "minecraft:type_family": {
        "family": [
          "player"
        ]
      },
      "minecraft:is_hidden_when_invisible": {},
      "minecraft:loot": {
        "table": "loot_tables/empty.json"
      },
      "minecraft:collision_box": {
        "width": 0.6,
        "height": 1.8
      },
      "minecraft:can_climb": {},
      "minecraft:movement": {
        "value": 0.1
      },
      "minecraft:hurt_on_condition": {
        "damage_conditions": [
          {
            "filters": {
              "test": "in_lava",
              "subject": "self",
              "operator": "==",
              "value": true
            },
            "cause": "lava",
            "damage_per_tick": 4
          }
        ]
      },
      "minecraft:attack": {
        "damage": 1
      },
      "minecraft:exhaustion_values": {
        "heal": 6,
        "jump": 0.05,
        "sprint_jump": 0.2,
        "mine": 0.005,
        "attack": 0.1,
        "damage": 0.1,
        "walk": 0.0,
        "sprint": 0.01,
        "swim": 0.01
      },
      "minecraft:player.saturation": {
        "value": 5,
        "max": 20
      },
      "minecraft:player.exhaustion": {
        "value": 0,
        "max": 20
      },
      "minecraft:player.level": {
        "value": 0,
        "max": 24791
      },
      "minecraft:player.experience": {
        "value": 0,
        "max": 1
      },
      "minecraft:breathable": {
        "total_supply": 15,
        "suffocate_time": -1,
        "inhale_time": 3.75,
        "generates_bubbles": false
      },
      "minecraft:nameable": {
        "always_show": true,
        "allow_name_tag_renaming": false
      },
      "minecraft:physics": {},
      "minecraft:pushable": {
        "is_pushable": false,
        "is_pushable_by_piston": true
      },
      "minecraft:insomnia": {
        "days_until_insomnia": 3
      },
      "minecraft:conditional_bandwidth_optimization": {},
      "minecraft:block_climber": {},
      "minecraft:environment_sensor": {
        "triggers": [
          {
            "filters": {
              "all_of": [
                {
                  "test": "has_mob_effect",
                  "subject": "self",
                  "value": "bad_omen"
                },
                {
                  "test": "is_in_village",
                  "subject": "self",
                  "value": true
                }
              ]
            },
            "event": "minecraft:trigger_raid"
          }
        ]
      }
    },
    "events": {
      "test": {
        "run_command":{
          "command":["say uuu"]
        }
      },

      "property_set": {
        "set_property": {
          "property:head_x_rotation": "v.head_x_rotation * 100",
          "property:head_y_rotation": "v.head_y_rotation * 100"
        },
        "add": {
          "component_groups": [
            "dummy"
          ]
        }
      },
      //コピー能力取る時
      "getcopy_end": {
        "set_property": {
          "property:getcopy": "0"
        },
        "add": {
          "component_groups": [
            "dummy"
          ]
        }
      },
      "getcopy_start": {
        "set_property": {
          "property:getcopy": "1"
        },
        "add": {
          "component_groups": [
            "dummy"
          ]
        }
      },
      //コピー能力
      "copy_end": {
        "set_property": {
          "property:copy": "0",
          "property:copy_skill": "0"
        },
        "add": {
          "component_groups": [
            "dummy","timer_reset","damage_sensor","normal_speed"
          ]
        }
      },
      //コピー能力１
      "copy1": {
        "set_property": {
          "property:copy": "1",
          "property:copy_skill": "0"
        },
        "add": {
          "component_groups": [
            "dummy"
          ]
        }
      },
      "copy1_bomb_set": {
        "randomize": [
          {
            "weight": 20,
            "set_property": {
              "property:copy_skill": "1"
            },
            "run_command":{
              "command":["tag @s add copy1_bomb1"]
            },
            "add": {
              "component_groups": [
                "copy1_bomb_set"
              ]
            }
          },
          {
            "weight": 5,
            "set_property": {
              "property:copy_skill": "2"
            },
            "run_command":{
              "command":["tag @s add copy1_bomb2"]
            },
            "add": {
              "component_groups": [
                "copy1_bomb_set"
              ]
            }
          },
          {
            "weight": 1,
            "set_property": {
              "property:copy_skill": "3"
            },
            "run_command":{
              "command":["tag @s add copy1_bomb3"]
            },
            "add": {
              "component_groups": [
                "copy1_bomb_set"
              ]
            }
          }
        ]
      },
      "copy1_bomb_ground": {
        "set_property": {
          "property:copy_skill": "0"
        },
        "add": {
          "component_groups": [
            "copy1_bomb_ground"
          ]
        },
        "remove": {
          "component_groups": [
            "copy1_bomb_set"
          ]
        }
      },
      "copy1_bomb_self": {
        "set_property": {
          "property:copy_skill": "0"
        },
        "add": {
          "component_groups": [
            "copy1_bomb_self"
          ]
        }
      },
      "copy1_bomb_throw": {
        "set_property": {
          "property:copy_skill": "4"
        },
        "add": {
          "component_groups": [
            "copy1_bomb_throw"
          ]
        },
        "remove": {
          "component_groups": [
            "copy1_bomb_set"
          ]
        }
      },
      "copy1_bomb_throw_end": {
        "set_property": {
          "property:copy_skill": "0"
        },
        "add": {
          "component_groups": [
            "dummy","normal_speed"
          ]
        }
      },
      //コピー能力2
      "copy2": {
        "set_property": {
          "property:copy": "2",
          "property:copy_skill": "0"
        },
        "add": {
          "component_groups": [
            "dummy"
          ]
        }
      },
      "copy2_ren1": {
        "set_property": {
          "property:copy_skill": "1"
        },
        "add": {
          "component_groups": [
            "dummy"
          ]
        }
      },
      "copy2_ren2": {
        "set_property": {
          "property:copy_skill": "2"
        },
        "add": {
          "component_groups": [
            "dummy"
          ]
        }
      },
      "copy2_ren3": {
        "set_property": {
          "property:copy_skill": "3"
        },
        "add": {
          "component_groups": [
            "dummy"
          ]
        }
      },
      "copy2_zangeki": {
        "add": {
          "component_groups": [
            "copy2_zangeki"
          ]
        }
      },
      "copy2_zangeki_ren1": {
        "add": {
          "component_groups": [
            "copy2_zangeki_ren1"
          ]
        }
      },
      "copy2_jump1_ren1": {
        "add": {
          "component_groups": [
            "jump_ride"
          ]
        }
      },
      "copy2_jump2_ren1": {
        "add": {
          "component_groups": [
            "no_jump_ride"
          ]
        }
      },
      "copy2_renend": {
        "set_property": {
          "property:copy_skill": "0"
        },
        "add": {
          "component_groups": [
            "dummy","normal_speed"
          ]
        }
      },
      "copy2_dash": {
        "set_property": {
          "property:copy_skill": "4"
        },
        "add": {
          "component_groups": [
            "dummy"
          ]
        }
      },
      "copy2_dashend": {
        "set_property": {
          "property:copy_skill": "0"
        },
        "add": {
          "component_groups": [
            "dummy","no_jump_ride","normal_speed"
          ]
        }
      },
      "copy2_kaiten": {
        "set_property": {
          "property:copy_skill": "5"
        },
        "add": {
          "component_groups": [
            "dummy"
          ]
        }
      },
      "copy2_kaitenend": {
        "set_property": {
          "property:copy_skill": "0"
        },
        "add": {
          "component_groups": [
            "dummy","normal_speed"
          ]
        }
      },
      "copy2_dashride": {
        "add": {
          "component_groups": [
            "jump_ride"
          ]
        }
      },
      //コピー能力3
      "copy3": {
        "set_property": {
          "property:copy": "3",
          "property:copy_skill": "0"
        },
        "add": {
          "component_groups": [
            "dummy"
          ]
        }
      },
      "copy3_stone_set": {
        "add": {
          "component_groups": [
            "copy3_stone_set"
          ]
        }
      },
      "copy3_stone_set2": {
        "remove": {
          "component_groups": [
            "copy3_stone_set"
          ]
        },
        "add": {
          "component_groups": [
            "damage_sensor"
          ]
        }
      },
      "copy3_stone": {
        "add": {
          "component_groups": [
            "copy3_stone"
          ]
        },
        "run_command":{
          "command":["effect @s levitation 0 0","effect @s jump_boost 0 0"]
        }
      },
      "copy3_stone2": {
        "sequence": [
          {
            "randomize": [
              {
                "weight": 20,
                "set_property": {
                  "property:copy_skill": "1"
                }
              },
              {
                "weight": 20,
                "set_property": {
                  "property:copy_skill": "2"
                }
              },
              {
                "weight": 20,
                "set_property": {
                  "property:copy_skill": "3"
                }
              },
              {
                "weight": 15,
                "set_property": {
                  "property:copy_skill": "4"
                }
              },
              {
                "weight": 15,
                "set_property": {
                  "property:copy_skill": "5"
                }
              },
              {
                "weight": 5,
                "set_property": {
                  "property:copy_skill": "6"
                }
              },
              {
                "weight": 5,
                "set_property": {
                  "property:copy_skill": "7"
                }
              }
            ]
          },
          {
            "run_command":{
              "command":["effect @s levitation 0 0","effect @s jump_boost 0 0"]
            },
            "add": {
              "component_groups": [
                "dummy"
              ]
            },
            "remove": {
              "component_groups": [
                "copy3_stone"
              ]
            }
          }
        ]
      },
      "copy3_stone_end": {
        "add": {
          "component_groups": [
            "copy3_stone_end"
          ]
        }
      },
      "copy3_stone_end2": {
        "set_property": {
          "property:copy_skill": "0"
        },
        "add": {
          "component_groups": [
            "dummy","normal_speed"
          ]
        },
        "remove": {
          "component_groups": [
            "copy3_stone_end"
          ]
        },
        "run_command":{
          "command":["effect @s levitation 0 0","effect @s jump_boost 0 0"]
        }
      },
      //コピー能力4
      "copy4": {
        "set_property": {
          "property:copy": "4",
          "property:copy_skill": "0"
        },
        "add": {
          "component_groups": [
            "dummy"
          ]
        }
      },
      "copy4_firestart": {
        "set_property": {
          "property:copy_skill": "1"
        },
        "add": {
          "component_groups": [
            "dummy"
          ]
        }
      },
      "copy4_fire": {
        "add": {
          "component_groups": [
            "copy4_fire"
          ]
        }
      },
      "copy4_fire2": {
        "add": {
          "component_groups": [
            "copy4_fire2"
          ]
        }
      },
      "copy4_fire3": {
        "add": {
          "component_groups": [
            "copy4_fire3"
          ]
        }
      },
      "copy4_fire4": {
        "add": {
          "component_groups": [
            "copy4_fire4"
          ]
        }
      },
      "copy4_fireend": {
        "set_property": {
          "property:copy_skill": "0"
        },
        "add": {
          "component_groups": [
            "dummy","normal_speed","damage_sensor"
          ]
        },
        "remove": {
          "component_groups": [
            "copy4_hidaruma"
          ]
        }
      },
      "copy4_hidaruma": {
        "set_property": {
          "property:copy_skill": "2"
        },
        "add": {
          "component_groups": [
            "copy4_hidaruma"
          ]
        }
      },
      "copy4_hidaruma_move": {
        "add": {
          "component_groups": [
            "copy4_hidaruma_move"
          ]
        }
      },
      "copy4_dash": {
        "set_property": {
          "property:copy_skill": "3"
        },
        "add": {
          "component_groups": [
            "copy4_hidaruma"
          ]
        }
      },
      "copy4_dash_cool": {
        "set_property": {
          "property:copy_skill": "4"
        },
        "add": {
          "component_groups": [
            "dummy","damage_sensor"
          ]
        }
      },
      "copy4_dash_move": {
        "add": {
          "component_groups": [
            "copy4_dash_move"
          ]
        }
      },
      "copy4_kaiten": {
        "set_property": {
          "property:copy_skill": "5"
        },
        "add": {
          "component_groups": [
            "dummy"
          ]
        }
      },
      "copy4_kaiten_fire": {
        "add": {
          "component_groups": [
            "copy4_kaiten"
          ]
        }
      },
      //コピー能力5
      "copy5": {
        "set_property": {
          "property:copy": "5",
          "property:copy_skill": "0"
        },
        "add": {
          "component_groups": [
            "dummy"
          ]
        }
      },
      "copy5_icestart": {
        "set_property": {
          "property:copy_skill": "1"
        },
        "add": {
          "component_groups": [
            "dummy"
          ]
        }
      },
      "copy5_ice": {
        "add": {
          "component_groups": [
            "copy5_ice"
          ]
        }
      },
      "copy5_iceend": {
        "set_property": {
          "property:copy_skill": "0"
        },
        "add": {
          "component_groups": [
            "dummy","damage_sensor","normal_speed"
          ]
        }
      },
      "copy5_dashmove": {
        "add": {
          "component_groups": [
            "copy5_dashmove"
          ]
        }
      },
      "copy5_dash": {
        "set_property": {
          "property:copy_skill": "2"
        },
        "add": {
          "component_groups": [
            "dummy"
          ]
        }
      },
      "copy5_dash_ice": {
        "add": {
          "component_groups": [
            "copy5_dash_ice"
          ]
        }
      },
      "copy5_dashend": {
        "set_property": {
          "property:copy_skill": "3"
        },
        "add": {
          "component_groups": [
            "dummy","normal_speed"
          ]
        }
      },
      "copy5_dashend2": {
        "set_property": {
          "property:copy_skill": "0"
        },
        "add": {
          "component_groups": [
            "dummy","damage_sensor"
          ]
        }
      },
      "copy5_kaiten": {
        "set_property": {
          "property:copy_skill": "4"
        },
        "add": {
          "component_groups": [
            "dummy"
          ]
        }
      },
      "copy5_kaitenend": {
        "set_property": {
          "property:copy_skill": "0"
        },
        "add": {
          "component_groups": [
            "dummy","damage_sensor","normal_speed"
          ]
        }
      },
      //コピー能力6
      "copy6": {
        "set_property": {
          "property:copy": "6",
          "property:copy_skill": "0"
        },
        "add": {
          "component_groups": [
            "dummy"
          ]
        }
      },
      "copy6_wheel": {
        "set_property": {
          "property:copy_skill": "1"
        },
        "add": {
          "component_groups": [
            "dummy"
          ]
        }
      },
      "copy6_dashmove": {
        "add": {
          "component_groups": [
            "copy6_dashmove"
          ]
        }
      },
      "copy6_wheelend": {
        "set_property": {
          "property:copy_skill": "0"
        },
        "add": {
          "component_groups": [
            "dummy","normal_speed"
          ]
        }
      },
      //コピー能力7
      "copy7": {
        "set_property": {
          "property:copy": "7",
          "property:copy_skill": "0"
        },
        "add": {
          "component_groups": [
            "dummy"
          ]
        }
      },
      "copy7_dash": {
        "set_property": {
          "property:copy_skill": "1"
        },
        "add": {
          "component_groups": [
            "dummy"
          ]
        }
      },
      "copy7_dashend": {
        "set_property": {
          "property:copy_skill": "0"
        },
        "add": {
          "component_groups": [
            "dummy","normal_speed"
          ]
        }
      },
      "copy7_kaiten": {
        "set_property": {
          "property:copy_skill": "2"
        },
        "add": {
          "component_groups": [
            "dummy"
          ]
        }
      },
      "copy7_kaitenend": {
        "set_property": {
          "property:copy_skill": "0"
        },
        "add": {
          "component_groups": [
            "dummy","normal_speed"
          ]
        }
      },
      "copy7_charge": {
        "set_property": {
          "property:copy_skill": "3"
        },
        "add": {
          "component_groups": [
            "dummy"
          ]
        }
      },
      "copy7_chargemove": {
        "add": {
          "component_groups": [
            "copy7_charge"
          ]
        }
      },
      "copy7_attack": {
        "set_property": {
          "property:copy_skill": "4"
        },
        "add": {
          "component_groups": [
            "dummy"
          ]
        }
      },
      "copy7_attackend": {
        "set_property": {
          "property:copy_skill": "0"
        },
        "add": {
          "component_groups": [
            "dummy","normal_speed"
          ]
        }
      },
      //コピー能力8
      "copy8": {
        "set_property": {
          "property:copy": "8",
          "property:copy_skill": "0"
        },
        "add": {
          "component_groups": [
            "dummy"
          ]
        }
      },
      "copy8_beamstart": {
        "set_property": {
          "property:copy_skill": "1"
        },
        "add": {
          "component_groups": [
            "dummy"
          ]
        }
      },
      "copy8_beam": {
        "set_property": {
          "property:copy_skill": "2"
        },
        "add": {
          "component_groups": [
            "jump_ride"
          ]
        }
      },
      "copy8_beammove": {
        "add": {
          "component_groups": [
            "copy8_beammove"
          ]
        }
      },
      "copy8_beamattack1": {
        "set_property": {
          "property:copy_skill": "5"
        },
        "add": {
          "component_groups": [
            "jump_ride"
          ]
        }
      },
      "copy8_beamattack2": {
        "add": {
          "component_groups": [
            "copy8_beamattack2","jump_ride"
          ]
        }
      },
      "copy8_beamend": {
        "set_property": {
          "property:copy_skill": "0"
        },
        "add": {
          "component_groups": [
            "no_jump_ride","normal_speed"
          ]
        }
      },
      "copy8_jumpstart": {
        "set_property": {
          "property:copy_skill": "3"
        },
        "add": {
          "component_groups": [
            "jump_ride"
          ]
        }
      },
      "copy8_jumpattack": {
        "add": {
          "component_groups": [
            "copy8_beam","jump_ride"
          ]
        }
      },
      "copy8_jumpend": {
        "set_property": {
          "property:copy_skill": "0"
        },
        "add": {
          "component_groups": [
            "no_jump_ride","normal_speed"
          ]
        }
      },
      "copy8_dashstart": {
        "set_property": {
          "property:copy_skill": "4"
        },
        "add": {
          "component_groups": [
            "dummy"
          ]
        }
      },
      "copy8_dashattack": {
        "add": {
          "component_groups": [
            "copy8_beam"
          ]
        }
      },
      "copy8_dashend": {
        "set_property": {
          "property:copy_skill": "0"
        },
        "add": {
          "component_groups": [
            "dummy","normal_speed"
          ]
        }
      },
      //コピー能力9
      "copy9": {
        "set_property": {
          "property:copy": "9",
          "property:copy_skill": "0"
        },
        "add": {
          "component_groups": [
            "dummy"
          ]
        }
      },
      "copy9_attackstart": {
        "set_property": {
          "property:copy_skill": "1"
        },
        "add": {
          "component_groups": [
            "jump_ride"
          ]
        }
      },
      "copy9_attackend": {
        "set_property": {
          "property:copy_skill": "0"
        },
        "add": {
          "component_groups": [
            "no_jump_ride","normal_speed"
          ]
        }
      },
      "copy9_attack1": {
        "set_property": {
          "property:copy_skill": "2"
        },
        "add": {
          "component_groups": [
            "copy9_plasma1"
          ]
        }
      },
      "copy9_attack2": {
        "set_property": {
          "property:copy_skill": "3"
        },
        "add": {
          "component_groups": [
            "copy9_plasma2"
          ]
        }
      },
      "copy9_attack3": {
        "set_property": {
          "property:copy_skill": "4"
        },
        "add": {
          "component_groups": [
            "copy9_plasma3"
          ]
        }
      },
      "copy9_attack4": {
        "set_property": {
          "property:copy_skill": "5"
        },
        "add": {
          "component_groups": [
            "copy9_plasma4","jump_ride"
          ]
        }
      },
      "copy9_attack5": {
        "set_property": {
          "property:copy_skill": "6"
        },
        "add": {
          "component_groups": [
            "copy9_plasma5","jump_ride"
          ]
        }
      },
      //コピー能力10
      "copy10": {
        "set_property": {
          "property:copy": "10",
          "property:copy_skill": "0"
        },
        "add": {
          "component_groups": [
            "dummy"
          ]
        }
      },
      "copy10_sleep": {
        "add": {
          "component_groups": [
            "copy10_sleep"
          ]
        }
      },
      "copy10_sleep1": {
        "set_property": {
          "property:copy_skill": "1"
        },
        "add": {
          "component_groups": [
            "dummy"
          ]
        }
      },
      "copy10_sleep2": {
        "set_property": {
          "property:copy_skill": "2"
        },
        "add": {
          "component_groups": [
            "dummy"
          ]
        }
      },
      "copy10_sleepend": {
        "set_property": {
          "property:copy_skill": "0"
        },
        "add": {
          "component_groups": [
            "dummy","normal_speed"
          ]
        },
        "remove": {
          "component_groups": [
            "copy10_sleep"
          ]
        }
      },

      //コピー能力11
      "copy11": {
        "set_property": {
          "property:copy": "11",
          "property:copy_skill": "0"
        },
        "add": {
          "component_groups": [
            "dummy"
          ]
        }
      },
      //コピー能力12
      "copy12": {
        "set_property": {
          "property:copy": "12",
          "property:copy_skill": "0"
        },
        "add": {
          "component_groups": [
            "dummy"
          ]
        }
      },
      //コピー能力13
      "copy13": {
        "set_property": {
          "property:copy": "13",
          "property:copy_skill": "0"
        },
        "add": {
          "component_groups": [
            "dummy"
          ]
        }
      },
      //コピー能力14
      "copy14": {
        "set_property": {
          "property:copy": "14",
          "property:copy_skill": "0"
        },
        "add": {
          "component_groups": [
            "dummy"
          ]
        }
      },

      //吸い込み吐き出し
      "hobari_start": {
        "set_property": {
          "property:hobari": "1"
        },
        "add": {
          "component_groups": [
            "dummy"
          ]
        },
        "run_command":{
          "command":["playsound step @a ~~~ 0.3 1.7 0.0"]
        }
      },
      "hobari": {
        "add": {
          "component_groups": [
            "hobari"
          ]
        }
      },
      "hakidashi": {
        "add": {
          "component_groups": [
            "hakidashi"
          ]
        },
        "run_command":{
          "command":[
            "playsound step @a ~~~ 0.4 1.7 0.0",
            "playsound hakidashi @a ~~~ 0.8 1.5 0.0"
          ]
        }
      },
      "hobari_end": {
        "set_property": {
          "property:hobari": "0"
        },
        "add": {
          "component_groups": [
            "dummy","normal_speed"
          ]
        }
      },

      "suikomi_start": {
        "set_property": {
          "property:suikomi": "1"
        },
        "add": {
          "component_groups": [
            "dummy"
          ]
        }
      },
      "suikomi": {
        "add": {
          "component_groups": [
            "suikomi"
          ]
        }
      },
      "suikomi_end": {
        "set_property": {
          "property:suikomi": "0"
        },
        "add": {
          "component_groups": [
            "dummy","normal_speed"
          ]
        },
        "remove": {
          "component_groups": [
            "suikomi"
          ]
        }
      },

      //スライディング
      "sliding_ride": {
        "add": {
          "component_groups": [
            "jump_ride"
          ]
        }
      },
      "sliding": {
        "set_property": {
          "property:sliding": "1"
        },
        "add": {
          "component_groups": [
            "dummy"
          ]
        }
      },
      "sliding_end": {
        "set_property": {
          "property:sliding": "0"
        },
        "add": {
          "component_groups": [
            "no_jump_ride","normal_speed"
          ]
        }
      },
      //ジャンプ
      "jump_ride": {
        "add": {
          "component_groups": [
            "jump_ride"
          ]
        }
      },
      "jump": {
        "set_property": {
          "property:jump": "query.property('property:jump')+1"
        },
        "add": {
          "component_groups": [
            "jump_ride"
          ]
        }
      },
      "jump_end": {
        "set_property": {
          "property:jump": "0"
        },
        "add": {
          "component_groups": [
            "no_jump_ride","normal_speed"
          ]
        }
      },


      "minecraft:gain_bad_omen": {
        "add": {
          "component_groups": [
            "minecraft:add_bad_omen"
          ]
        }
      },
      "minecraft:clear_add_bad_omen": {
        "remove": {
          "component_groups": [
            "minecraft:add_bad_omen"
          ]
        },
        "add": {
          "component_groups": [
            "minecraft:clear_bad_omen_spell_effect"
          ]
        }
      },
      "minecraft:trigger_raid": {
        "add": {
          "component_groups": [
            "minecraft:raid_trigger"
          ]
        }
      },
      "minecraft:remove_raid_trigger": {
        "remove": {
          "component_groups": [
            "minecraft:raid_trigger"
          ]
        }
      }
    }
  }
}