{
  "format_version": "1.20.0",
  "minecraft:recipe_shaped": {
    "description": {
    "identifier": "yes:phantom_hoe"
    },  
    "tags": [ "crafting_table" ],
    "pattern": [
      "ZX",
      " Y",
      " Y"
    ],
    "key": {
      "Y": {
        "item": "minecraft:stick"
      },
      "X": {
        "item": "yes:phantom_cloth"
      },
      "Z": {
        "item": "minecraft:bone"
      }
    },
		"unlock": [
			{
				"item": "yes:phantom_cloth"
			},
			{
				"item": "minecraft:bone"
			}
		],
    "result": {
      "item": "yes:phantom_hoe"
    }
  }
}
