{
	"format_version": "1.10.0",
	"animations": {
		"animation.awp_reload_anim": {
			"timeline": {
				"0.5": [
                                 "/playsound pixelpoly.awp_clipout @a ~~~ 1.5"
				],
				"1.9": [
                                 "/playsound pixelpoly.awp_clipin @a ~~~ 1.5"
				],
				"2.8": [
                                 "/playsound pixelpoly.awp_boltup @a ~~~ 1.5"
				],
				"2.9": [
                                 "/playsound pixelpoly.awp_boltbackr @a ~~~ 1.5"
				],
				"3.2": [
                                 "/playsound pixelpoly.awp_boltforwardr @a ~~~ 1.5"
				],
				"3.3": [
                                 "/playsound pixelpoly.awp_boltdown @a ~~~ 1.5"
				]
			},
			"animation_length": 3.9,
			"loop": true
		}
	}
}