{
	"format_version": "1.10.0",
	"animations": {
		"animation.barrett_reload_anim": {
			"timeline": {
				"0.0": [
                                 "/playsound pixelpoly.barrett_grab @a ~~~ 1.5"
				],
				"1.25": [
                                 "/playsound pixelpoly.barrett_magout @a ~~~ 1.5"
				],
				"2.5": [
                                 "/playsound pixelpoly.barrett_magrel @a ~~~ 1.5"
				],
				"3.125": [
                                 "/playsound pixelpoly.barrett_magin @a ~~~ 1.5"
				],
				"4.5": [
                                 "/playsound pixelpoly.barrett_forearm_back @a ~~~ 1.5",
                                 "/playsound pixelpoly.barrett_press @a ~~~ 1.5"
				]
			},
			"animation_length": 5.3,
			"loop": false
		}
	}
}