{
    "format_version": "1.20.80",
    "minecraft:item": {
        "description": {
            "identifier": "yes:glowing_obsidian_hoe",
            "menu_category": {
                "category": "equipment",
                "group": "itemGroup.name.hoe"
            }
        },
        "components": {
            "minecraft:tags": {
                "tags": [
                    "minecraft:is_hoe"
                ]
            },
            "minecraft:custom_components": [
                "yes:mining_durability_damage",
                "yes:hit_durability_damage"
            ],
            "minecraft:max_stack_size": 1,
            "minecraft:hand_equipped": true,
            "minecraft:durability": {
                "max_durability": 1795,
                "damage_chance": {
                    "min": 60,
                    "max": 100
                }
            },
            "minecraft:display_name": {
                "value": "Glowing Obsidian Hoe\n\ue116\u00a7l\ue05b\u00a7r\ue115\n\ue05c"
            },
            "minecraft:icon": "glowing_obsidian_hoe",
            "minecraft:damage": 5,
            "minecraft:repairable": {
                "repair_items": [
                    {
                        "items": [
                            "yes:glowing_obsidian_hoe"
                        ],
                        "repair_amount": "context.other->query.remaining_durability+0.12*context.other->query.max_durability"
                    },
                    {
                        "items": [
                            "yes:glowing_obsidian_shard"
                        ],
                        "repair_amount": "query.max_durability*0.33"
                    }
                ]
            },
            "minecraft:can_destroy_in_creative": true,
            "minecraft:digger": {
                "destroy_speeds": [
                    {
                        "block": "minecraft:nether_wart_block",
                        "speed": 9
                    },
                    {
                        "block": "minecraft:hay_block",
                        "speed": 9
                    },
                    {
                        "block": "minecraft:target",
                        "speed": 9
                    },
                    {
                        "block": "minecraft:shroomlight",
                        "speed": 9
                    },
                    {
                        "block": "minecraft:leaves",
                        "speed": 9
                    },
                    {
                        "block": "minecraft:leaves2",
                        "speed": 9
                    },
                    {
                        "block": "minecraft:warped_wart_block",
                        "speed": 9
                    }
                ]
            },
            "minecraft:allow_off_hand": true,
            "minecraft:enchantable": {
                "value": 12,
                "slot": "hoe"
            }
        }
    }
}