{
    "format_version": "1.20.80",
    "minecraft:item": {
        "description": {
            "identifier": "yes:gilded_netherite_mace_ad2",
            "menu_category": {
                "category": "nature",
                "group": "itemGroup.name.monsterStoneEgg"
            }
        },
        "components": {
            "minecraft:max_stack_size": 1,
            "minecraft:hand_equipped": true,
            "minecraft:allow_off_hand": false,
            "minecraft:glint": true,
            "minecraft:durability": {
                "max_durability": 2539,
                "damage_chance": {
                    "min": 60,
                    "max": 100
                }
            },
            "minecraft:display_name": {
                "value": "Gilded Netherite Mace\n\u00a7c!no longer in use!\n\ue116\u00a7l\ue05b\u00a7r\ue115\n\ue05c\n\u00a77Ability Damage II\n\n\u00a7cPut this in a crafting table \nto get the new Morningstar \n(new mace)"
            },
            "minecraft:icon": "gilded_netherite_morningstar",
            "minecraft:can_destroy_in_creative": false
        }
    }
}