{
	"format_version": "1.8.0",
	"animations": {
		"animation.clefairy.quiet": {
			"loop": true,
			"animation_length": 1.2,
			"bones": {
				"body": {
					"rotation": {
						"0.0": {
							"post": [0, 0, 0],
							"lerp_mode": "catmullrom"
						},
						"0.6": {
							"post": [5, 0, 0],
							"lerp_mode": "catmullrom"
						},
						"1.2": {
							"post": [0, 0, 0],
							"lerp_mode": "catmullrom"
						}
					}
				},
				"tail": {
					"rotation": {
						"0.0": {
							"post": [0, -35, 0],
							"lerp_mode": "catmullrom"
						},
						"0.4": {
							"post": [-10, -60, 0],
							"lerp_mode": "catmullrom"
						},
						"1.2": {
							"post": [0, -35, 0],
							"lerp_mode": "catmullrom"
						}
					},
					"position": {
						"0.0": {
							"post": [-2, 0, 0],
							"lerp_mode": "catmullrom"
						}
					}
				},
				"right_arm": {
					"rotation": {
						"0.0": {
							"post": [0, 0, -25],
							"lerp_mode": "catmullrom"
						},
						"0.8": {
							"post": [0, 0, -35],
							"lerp_mode": "catmullrom"
						},
						"1.2": {
							"post": [0, 0, -25],
							"lerp_mode": "catmullrom"
						}
					},
					"position": {
						"0.0": {
							"post": [1, 0, 0],
							"lerp_mode": "catmullrom"
						},
						"0.6": {
							"post": [1, 0, -1],
							"lerp_mode": "catmullrom"
						},
						"1.2": {
							"post": [1, 0, 0],
							"lerp_mode": "catmullrom"
						}
					}
				},
				"left_arm": {
					"rotation": {
						"0.0": {
							"post": [0, 0, 25],
							"lerp_mode": "catmullrom"
						},
						"0.8": {
							"post": [0, 0, 35],
							"lerp_mode": "catmullrom"
						},
						"1.2": {
							"post": [0, 0, 25],
							"lerp_mode": "catmullrom"
						}
					},
					"position": {
						"0.0": {
							"post": [-1, 0, 0],
							"lerp_mode": "catmullrom"
						},
						"0.6": {
							"post": [-1, 0, -1],
							"lerp_mode": "catmullrom"
						},
						"1.2": {
							"post": [-1, 0, 0],
							"lerp_mode": "catmullrom"
						}
					}
				}
			}
		},
		"animation.clefairy.walk": {
			"loop": true,
			"animation_length": 0.8,
			"bones": {
				"clefairy": {
					"rotation": {
						"0.0": {
							"post": [0, 7.5, 0],
							"lerp_mode": "catmullrom"
						},
						"0.4": {
							"post": [0, -7.5, 0],
							"lerp_mode": "catmullrom"
						},
						"0.8": {
							"post": [0, 7.5, 0],
							"lerp_mode": "catmullrom"
						}
					},
					"position": {
						"0.0": {
							"post": [0, 2, 0],
							"lerp_mode": "catmullrom"
						},
						"0.2": {
							"post": [0, 0, 0],
							"lerp_mode": "catmullrom"
						},
						"0.4": {
							"post": [0, 2, 0],
							"lerp_mode": "catmullrom"
						},
						"0.6": {
							"post": [0, 0, 0],
							"lerp_mode": "catmullrom"
						},
						"0.8": {
							"post": [0, 2, 0],
							"lerp_mode": "catmullrom"
						}
					}
				},
				"tail": {
					"rotation": {
						"0.0": {
							"post": [0, -15, 0],
							"lerp_mode": "catmullrom"
						},
						"0.4": {
							"post": [0, 15, 0],
							"lerp_mode": "catmullrom"
						},
						"0.8": {
							"post": [0, -15, 0],
							"lerp_mode": "catmullrom"
						}
					}
				},
				"right_arm": {
					"rotation": {
						"0.0": {
							"post": [0, 30, 0],
							"lerp_mode": "catmullrom"
						},
						"0.4": {
							"post": [0, -27.5, 0],
							"lerp_mode": "catmullrom"
						},
						"0.8": {
							"post": [0, 32.5, 0],
							"lerp_mode": "catmullrom"
						}
					}
				},
				"left_arm": {
					"rotation": {
						"0.0": {
							"post": [0, 30, 0],
							"lerp_mode": "catmullrom"
						},
						"0.4": {
							"post": [0, -30, 0],
							"lerp_mode": "catmullrom"
						},
						"0.8": {
							"post": [0, 30, 0],
							"lerp_mode": "catmullrom"
						}
					}
				},
				"right_leg": {
					"rotation": {
						"0.0": {
							"post": [30, 0, 0],
							"lerp_mode": "catmullrom"
						},
						"0.4": {
							"post": [-30, 0, 0],
							"lerp_mode": "catmullrom"
						},
						"0.8": {
							"post": [30, 0, 0],
							"lerp_mode": "catmullrom"
						}
					}
				},
				"left_leg": {
					"rotation": {
						"0.0": {
							"post": [-30, 0, 0],
							"lerp_mode": "catmullrom"
						},
						"0.4": {
							"post": [30, 0, 0],
							"lerp_mode": "catmullrom"
						},
						"0.8": {
							"post": [-30, 0, 0],
							"lerp_mode": "catmullrom"
						}
					}
				}
			}
		},
		"animation.clefairy.sitting": {
			"loop": true,
			"bones": {
				"clefairy": {
					"position": [0, -2, 0]
				},
				"right_leg": {
					"rotation": [-90, 22.5, 0],
					"position": [-1, 0, -3]
				},
				"left_leg": {
					"rotation": [-90, -25, 0],
					"position": [1, 0, -3]
				},
				"tail": {
					"rotation": [30, 0, -90]
				},
				"arms": {
					"rotation": [-75, 0, 0],
					"position": [0, -1, -3]
				},
				"right_arm": {
					"rotation": [0, 0, -120]
				},
				"left_arm": {
					"rotation": [0, 0, 120]
				}
			}
		},
		"animation.clefairy.health_bar": {
			"loop": true,
			"bones": {
				"health_hover": {
					"rotation": ["q.camera_rotation(0)", "q.camera_rotation(1)-q.body_y_rotation", 0],
					"position": [0, 26, 0],
					"scale": "query.is_in_ui?0:1.5"
				},
				"bar_green": {
					"scale": ["query.health/query.max_health*1", 1, 1]
				},
				"bar_black": {
					"scale": ["(1)+(query.health/query.max_health*-1)", 1, 1]
				}
			}
		},
		"animation.clefairy.jump": {
			"loop": true,
			"bones": {
				"clefairy": {
					"position": [0, 2, 0]
				},
				"tail": {
					"rotation": [-75, 0, 0],
					"position": [0, 1, -2]
				},
				"right_arm": {
					"rotation": [0, 0, 45],
					"position": [1, 0, -2]
				},
				"left_arm": {
					"rotation": [0, 0, -45],
					"position": [-1, 0, -2]
				},
				"legs": {
					"rotation": [-45, 0, 0],
					"position": [0, 0, -3]
				},
				"right_leg": {
					"rotation": [0, 0, 20]
				},
				"left_leg": {
					"rotation": [0, 0, -20]
				}
			}
		},
		"animation.clefairy.attack": {
			"loop": true,
			"bones": {
				"body": {
					"rotation": [15, 15, 0],
					"position": [0, 0, 1]
				},
				"tail": {
					"rotation": [0, 45, 0],
					"position": [2, 0, 0]
				},
				"arms": {
					"position": [0, -2, 0]
				},
				"right_arm": {
					"rotation": [0, -40, 0],
					"position": [0, 0, -2]
				},
				"left_arm": {
					"rotation": [0, 60, 0],
					"position": [-2, 0, -4]
				},
				"right_leg": {
					"position": [-1, 0, -1]
				},
				"left_leg": {
					"rotation": [0, -35, 0],
					"position": [-1, 0, 0]
				}
			}
		}
	}
}