{
  "format_version": "1.16.100",
  "minecraft:item": {
    "description": {
      "identifier": "minecraftstorymode:golden_apple_stew",
      "category": "items"
    },
    "components": {
      "minecraft:hand_equipped": false,
      "minecraft:max_stack_size": 1,
      "minecraft:foil": false,
      "minecraft:food": {
        "saturation_modifier": "normal",
        "nutrition": 4,
        "can_always_eat": false,
        "on_consume": {
          "event": "on_consume_effects",
          "target": "self"
        }
      },
      "minecraft:use_duration": 1,
      "minecraft:cooldown": {
        "category": "action_cooldown",
        "duration": 9
      },
      "minecraft:allow_off_hand": false,
      "tag:minecraft:is_food": {},
      "minecraft:use_animation": "eat",
      "minecraft:icon": {
        "texture": "golden_apple_stew"
      },
      "minecraft:render_offsets": {
        "main_hand": {
          "third_person": {
            "scale": [
              0.1,
              0.1,
              0.1
            ]
          },
          "first_person": {
            "scale": [
              0.037999999999977205,
              0.037999999999977205,
              0.037999999999977205
            ]
          }
        },
        "off_hand": {
          "third_person": {
            "scale": [
              0.1,
              0.1,
              0.1
            ]
          },
          "first_person": {
            "scale": [
              0.037999999999977205,
              0.037999999999977205,
              0.037999999999977205
            ]
          }
        }
      }
    },
    "events": {
      "on_consume_effects": {
        "sequence": [
          {
            "add_mob_effect": {
              "effect": "haste",
              "amplifier": 2,
              "target": "holder",
              "duration": 30
            }
          },
          {
            "add_mob_effect": {
              "effect": "resistance",
              "amplifier": 5,
              "target": "holder",
              "duration": 30
            }
          },
          {
            "add_mob_effect": {
              "effect": "strength",
              "amplifier": 5,
              "target": "holder",
              "duration": 30
            }
          }
        ]
      }
    }
  }
}