{"format_version":"1.10.0","particle_effect":{"components":{"minecraft:emitter_lifetime_looping":{"active_time":0.05,"sleep_time":0},"minecraft:emitter_local_space":{"position":false,"rotation":true},"minecraft:emitter_rate_instant":{"num_particles":2},"minecraft:emitter_shape_sphere":{"direction":[0,-0.2,0],"offset":[0,0,0],"radius":0.1},"minecraft:particle_appearance_billboard":{"facing_camera_mode":"lookat_xyz","minecraft:particle_appearance_lighting":{},"size":["0.1-(variable.particle_age>1?Math.min((variable.particle_age-1)*0.1,0.1):0)","0.1-(variable.particle_age>1?Math.min((variable.particle_age-1)*0.1,0.1):0)"],"uv":{"texture_height":80,"texture_width":80,"uv":[0,0],"uv_size":[80,80]}},"minecraft:particle_lifetime_expression":{"max_lifetime":2},"minecraft:particle_motion_dynamic":{"linear_acceleration":[0.4,0.4,0],"linear_drag_coefficient":0,"rotation_drag_coefficient":0}},"description":{"basic_render_parameters":{"material":"particles_alpha","texture":"particles/fire_blue"},"identifier":"kvn:fire_blue"}}}