{
  "format_version": "1.10.0",
  "animation_controllers": {
"controller.animation.cvz.spawn": {
      "states": {
        "default": {
          "transitions": [
            { "spawn": "query.variant == 0" }
          ]
        },
        "spawn": {
          "animations": [
        "spawn"
          ]
        }
      }
    },
"controller.animation.tizxcZXtan.dead": {
      "states": {
        "default": {
          "transitions": [
            { "dead": "query.variant == 10" }
          ]
        },
        "dead": {
          "animations": [
        "dead"
          ]
        }
      }
    },
"controller.animation.zombie_titan.locxok": {
      "states": {
        "default": {
          "transitions": [
            { "summon": "query.variant == 3||query.variant == 4" }
          ]
        },
        "summon": {
          "animations": [
        "look"
          ],
          "transitions": [
            { "default": "query.variant != 3&&query.variant != 4" }
          ]
        }
      }
    },
"controller.animation.zombie_titan.summeeeon": {
      "states": {
        "default": {
          "transitions": [
            { "summon": "query.variant == 2" }
          ]
        },
        "summon": {
          "animations": [
        "summon"
          ],
          "transitions": [
            { "default": "query.variant != 2" }
          ]
        }
      }
    },
"controller.animation.zombie_titan.sumdmon2": {
      "states": {
        "default": {
          "transitions": [
            { "summon": "query.variant == 3" }
          ]
        },
        "summon": {
          "animations": [
        "summon2"
          ],
          "transitions": [
            { "default": "query.variant != 3" }
          ]
        }
      }
    },
"controller.animation.zombie_titan.summodn3": {
      "states": {
        "default": {
          "transitions": [
            { "summon": "query.variant == 4" }
          ]
        },
        "summon": {
          "animations": [
        "summon3"
          ],
          "transitions": [
            { "default": "query.variant != 4" }
          ]
        }
      }
    },
    "controller.animation.dio_titan.attack": {
      "states": {
        "default": {
          "transitions": [
            { "attack_ex": "query.is_delayed_attacking && Math.Random(1,5)<3" },
            { "attack_ex2": "query.is_delayed_attacking && Math.Random(1,5)>2" }
          ]
        },
        "attack_ex": {
          "transitions": [
            { "attack": "query.is_delayed_attacking && Math.Random(1,3)<2" },
            { "attack2": "query.is_delayed_attacking && Math.Random(1,3)>1" }
          ]
        },
        "attack_ex2": {
          "transitions": [
            { "attack3": "query.is_delayed_attacking && Math.Random(1,3)<2" },
          { "attack4": "query.is_delayed_attacking && Math.Random(1,3)>1" }
          ]
        },
        "attack": {
          "animations": [
        "attack"
          ],
          "transitions": [
            { "default": "query.all_animations_finished == 1 ||!query.is_delayed_attacking" }
          ]
        },
        "attack2": {
          "animations": [
        "attack2"
          ],
          "transitions": [
            { "default": "query.all_animations_finished == 1 ||!query.is_delayed_attacking" }
          ]
        },
        "attack3": {
          "animations": [
        "attack3"
          ],
          "transitions": [
            { "default": "query.all_animations_finished == 1 ||!query.is_delayed_attacking" }
          ]
        },
        "attack4": {
          "animations": [
        "attack4"
          ],
          "transitions": [
            { "default": "query.all_animations_finished == 1 ||!query.is_delayed_attacking" }
          ]
        },
        "attack5": {
          "animations": [
        "attack5"
          ],
          "transitions": [
            { "default": "query.all_animations_finished == 1 ||!query.is_delayed_attacking" }
          ]
        }
      }
    },
          "controller.animation.tizxctan.move": {
      "states": {
                  "move": {
           "animations": [{ 
           "move":"query.modified_move_speed" 
            }
          ]
        },
        "default": {
                    "transitions": [
     { "move": "query.variant != 0" } ]
        }
      }
    }
  }
}
