{
  "format_version": "1.16.100",
  "minecraft:block": {
    "description": {
      "identifier": "pg:barrier_block_active"
    },
    "components": {
		"minecraft:creative_category": {
				"category": "commands",
				"group": "itemGroup.name.construction"
			},
		"minecraft:block_light_absorption": 1,
	  "minecraft:display_name": "Barrier Block Active",
      "minecraft:destroy_time": 99,
	   "minecraft:geometry": "geometry.portal_barrier",
	  	"minecraft:material_instances" : {
		"*": {
      "texture": "portal_barrier_block_active",
      "render_method" : "blend"
		}
		},
	"minecraft:entity_collision": true,
	  "minecraft:pick_collision": true,
	  "minecraft:ticking": {
		"looping": true,
		"range": [1, 1],
		"on_tick": {
			"event": "to_inactive",
			"target": "self"
		}
	}
    },
	"events":{
		"to_inactive":{
		"set_block_at_pos": {
			"block_type": "pg:barrier_block_inactive",
			"block_offset": [0, 0, 0]
		}	
		}
	},
	"permutations":[
	
	]
  }
}
