{
  "format_version": "1.16.100",
  "minecraft:block": {
    "description": {
      "identifier": "pg:barrier_block_inactive_side"
    },
    "components": {
		"minecraft:creative_category": {
				"category": "commands",
				"group": "itemGroup.name.construction"
			},
		"minecraft:rotation": [0,90,0],
		"minecraft:block_light_absorption": 1,
	  "minecraft:display_name": "Barrier Block Inactive",
      "minecraft:destroy_time": 99,
	  "minecraft:geometry": "geometry.portal_barrier",
	  	"minecraft:material_instances" : {
		"*": {
      "texture": "portal_barrier_block",
      "render_method" : "blend"
		}
		},
	"minecraft:entity_collision": false,
	  "minecraft:pick_collision": true,
	"minecraft:on_player_placing": {
      "event": "onPlace",
      "target": "self"
	}
    },
	"events":{
		"onPlace":{
			"sequence":[
			{
				"condition": "(query.cardinal_facing_2d) == 2 || (query.cardinal_facing_2d) == 3",
				"set_block_at_pos": {
				"block_type": "pg:barrier_block_inactive",
				"block_offset": [0, 0, 0]
				}	
			}
			]
		}
	},
	"permutations":[
	
	]
  }
}
