{
  "format_version": "1.10.0",
  "minecraft:entity": {
    "description": {
      "identifier": "mod:mutant_skeleton",
      "is_spawnable": true,
      "is_summonable": true,
      "is_experimental": false,
    "scripts": {
        "animate": [
          { "clear": "query.is_roaring" }
        ]
      },
      "animations": {
        "clear": "controller.animation.msribattck"
      }
    },
    "component_groups": {
    "dead": {
    "minecraft:scale": {
        "value": 0.0
      },
"minecraft:transformation": {
          "into": "mod:mutant_skeleton_dead",
          "delay": 0
        }
        },
      "calm":{
        "minecraft:on_target_acquired": {
          "event": "angry",
          "target": "self"
        },
        
        "minecraft:movement": {
          "value": 0.30
        }
      },
      "angry":{
      "minecraft:movement": {
        "value": 0.45
      },
      "minecraft:on_target_escape": {
        "event": "calm",
        "target": "self"
        }
      },
      "spell": {
      "minecraft:spell_effects": {
          "add_effects": [
            {
              "effect": "resistance",
              "amplifier": 1,
              "visible": false,
              "ambient": false,
              "duration": 999999
              },
            {
              "effect": "regeneration",
              "amplifier": 1,
              "visible": false,
              "ambient": false,
              "duration": 999999
            }
          ]
          }
          },
          "roar":{
          "minecraft:is_shaking": {
        },
          "minecraft:behavior.knockback_roar": {
          "priority": 0,
          "duration": 3.08,
          "attack_time": 0.2,
          "knockback_damage": 16,
          "knockback_strength": -5,
          "knockback_range": 10,
          "knockback_filters": {
            "test": "is_family",
            "subject": "other",
            "operator": "!=",
            "value": "skeleton"
          },
          "damage_filters": {
            "test": "is_family",
            "subject": "other",
            "operator": "!=",
            "value": "skeleton"
          },
          "cooldown_time": 99999
        
        },
        "minecraft:timer": {
          "looping": false,
			"time": [3.08, 3.08],
          "time_down_event": {
          "event": "attack"
          
          }
          },
      "minecraft:spell_effects": {
          "add_effects": [
            {
              "effect": "resistance",
              "amplifier": 255,
              "visible": false,
              "ambient": false,
              "duration": 2
              },
            {
              "effect": "regeneration",
              "amplifier": 3,
              "visible": false,
              "ambient": false,
              "duration": 2
            }
          ]
          }
          },
          "sssrange":{
          
          "minecraft:spawn_entity": [
	    {
		  "min_wait_time": 2.08,
		  "max_wait_time": 2.08,
		  "num_to_spawn": 30,
		  "single_use": true,
		  "spawn_entity": "mod:ms_arrow2"
}
],
"minecraft:timer": {
          "looping": false,
			"time": [2.16, 2.16],
          "time_down_event": {
          "event": "attack"
          
          }
          },
"minecraft:is_sheared": {
}
          },
      "range": {
        "minecraft:is_charged": {
},
"minecraft:behavior.melee_attack": {
          "priority": 4,
          "track_target": false,
          "speed_multiplier": 1.25
        },
				"minecraft:behavior.ranged_attack": {
			
					"attack_interval_min": 1,
					"attack_interval_max": 2,
					"attack_radius": 20,
          "speed_multiplier": 1.15,
					"burst_shots": 5,
					"burst_interval": 0.25
				
     		
        },
        "minecraft:timer": {
          "looping": false,
			"time": [10, 15],
          "time_down_event": {
          "event": "roar"
          }
          },
        "minecraft:shooter": {
          "def": "mod:ms_arrow"
          }
        },
          "attack": {
        "minecraft:timer": {
          "looping": false,
			"time": [0, 0],
          "time_down_event": {
          "event": "attack"
          }
          }
          },
      "melee": {
      "minecraft:behavior.delayed_attack": {
          "priority": 3,
          "reach_multiplier": 3,
          "attack_duration": 1.04,
          "hit_delay_pct": 0.52,
          "track_target": true,
          "sound_event": "attack.strong"
        },
        "minecraft:behavior.melee_attack": {
          "priority": 4,
          "track_target": true,
          "speed_multiplier": 1.25
        },
        "minecraft:attack": {
          "damage": 11
        },
        "minecraft:timer": {
          "looping": false,
			"time": [10, 15],
          "time_down_event": {
          "event": "roar"
          }
          }
          }
},
    "components": {
      "minecraft:experience_reward": {
        "on_death": "query.last_hit_by_player ? 5 + (query.equipment_count * Math.Random(1,3)) : 0"
      },
      "minecraft:equip_item": {
      },
      "minecraft:collision_box": {
        "width": 0.8,
        "height": 2.9
      },
      "minecraft:damage_sensor": [
        {
          "on_damage": {
            "filters": {
              "test": "is_family",
              "subject": "other",
              "value": "rmsarrow"
            }
          },
          "deals_damage": false
        },
        {
	    "on_damage": {
  		  "filters": {
		    "with_damage_fatal": true
		  },
		  "event": "dead"
}		  
        }
      ],
      "minecraft:type_family": {
        "family": [ "rhexskeleton","skeleton", "monster", "mob" ]
      },
      "minecraft:breathable": {
        "total_supply": 15,
        "suffocate_time": 0,
        "breathes_water": true
      },
      "minecraft:health": {
        "value": 250,
        "max": 250
      },
      "minecraft:hurt_on_condition": {
        "damage_conditions": [
          {
            "filters": { "test": "in_lava", "subject": "self", "operator": "==", "value": true },
            "cause": "lava",
            "damage_per_tick": 4
          }
        ]
      },
      "minecraft:loot": {
        "table": "loot_tables/entities/msm.json"
      },
      
      "minecraft:navigation.walk": {
        "is_amphibious": true,
        "avoid_sun": true,
        "avoid_water": true
      },
      "minecraft:movement.basic": {
      },
      "minecraft:jump.static": {
      },
      "minecraft:can_climb": {
      },
      "minecraft:nameable": {
      },
      "minecraft:equipment": {
        "table": "loot_tables/entities/skeleton_gear.json"
      },
      "minecraft:shareables": {
        "items": [
          {
            "item": "minecraft:netherite_sword",
            "want_amount": 1,
            "surplus_amount": 1,
            "priority": 0
          },
          {
            "item": "minecraft:diamond_sword",
            "want_amount": 1,
            "surplus_amount": 1,
            "priority": 1
          },
          {
            "item": "minecraft:iron_sword",
            "want_amount": 1,
            "surplus_amount": 1,
            "priority": 2
          },
          {
            "item": "minecraft:stone_sword",
            "want_amount": 1,
            "surplus_amount": 1,
            "priority": 3
          },
          {
            "item": "minecraft:golden_sword",
            "want_amount": 1,
            "surplus_amount": 1,
            "priority": 4
          },
          {
            "item": "minecraft:wooden_sword",
            "want_amount": 1,
            "surplus_amount": 1,
            "priority": 5
          },
          {
            "item": "minecraft:bow",
            "want_amount": 1,
            "surplus_amount": 1,
            "priority": 6
          },
          {
            "item": "minecraft:netherite_helmet",
            "want_amount": 1,
            "surplus_amount": 1,
            "priority": 0
          },
          {
            "item": "minecraft:diamond_helmet",
            "want_amount": 1,
            "surplus_amount": 1,
            "priority": 1
          },
          {
            "item": "minecraft:iron_helmet",
            "want_amount": 1,
            "surplus_amount": 1,
            "priority": 2
          },
          {
            "item": "minecraft:chainmail_helmet",
            "want_amount": 1,
            "surplus_amount": 1,
            "priority": 3
          },
          {
            "item": "minecraft:golden_helmet",
            "want_amount": 1,
            "surplus_amount": 1,
            "priority": 4
          },
          {
            "item": "minecraft:leather_helmet",
            "want_amount": 1,
            "surplus_amount": 1,
            "priority": 5
          },
          {
            "item": "minecraft:turtle_helmet",
            "want_amount": 1,
            "surplus_amount": 1,
            "priority": 6
          },
          {
            "item": "minecraft:skull:0",
            "want_amount": 1,
            "surplus_amount": 1,
            "priority": 7
          },
          {
            "item": "minecraft:skull:1",
            "want_amount": 1,
            "surplus_amount": 1,
            "priority": 7
          },
          {
            "item": "minecraft:carved_pumpkin",
            "want_amount": 1,
            "surplus_amount": 1,
            "priority": 7
          },
          {
            "item": "minecraft:netherite_chestplate",
            "want_amount": 1,
            "surplus_amount": 1,
            "priority": 0
          },
          {
            "item": "minecraft:diamond_chestplate",
            "want_amount": 1,
            "surplus_amount": 1,
            "priority": 1
          },
          {
            "item": "minecraft:iron_chestplate",
            "want_amount": 1,
            "surplus_amount": 1,
            "priority": 2
          },
          {
            "item": "minecraft:chainmail_chestplate",
            "want_amount": 1,
            "surplus_amount": 1,
            "priority": 3
          },
          {
            "item": "minecraft:golden_chestplate",
            "want_amount": 1,
            "surplus_amount": 1,
            "priority": 4
          },
          {
            "item": "minecraft:leather_chestplate",
            "want_amount": 1,
            "surplus_amount": 1,
            "priority": 5
          },
          {
            "item": "minecraft:netherite_leggings",
            "want_amount": 1,
            "surplus_amount": 1,
            "priority": 0
          },
          {
            "item": "minecraft:diamond_leggings",
            "want_amount": 1,
            "surplus_amount": 1,
            "priority": 1
          },
          {
            "item": "minecraft:iron_leggings",
            "want_amount": 1,
            "surplus_amount": 1,
            "priority": 2
          },
          {
            "item": "minecraft:chainmail_leggings",
            "want_amount": 1,
            "surplus_amount": 1,
            "priority": 3
          },
          {
            "item": "minecraft:golden_leggings",
            "want_amount": 1,
            "surplus_amount": 1,
            "priority": 4
          },
          {
            "item": "minecraft:leather_leggings",
            "want_amount": 1,
            "surplus_amount": 1,
            "priority": 5
          },
          {
            "item": "minecraft:netherite_boots",
            "want_amount": 1,
            "surplus_amount": 1,
            "priority": 0
          },
          {
            "item": "minecraft:diamond_boots",
            "want_amount": 1,
            "surplus_amount": 1,
            "priority": 1
          },
          {
            "item": "minecraft:iron_boots",
            "want_amount": 1,
            "surplus_amount": 1,
            "priority": 2
          },
          {
            "item": "minecraft:chainmail_boots",
            "want_amount": 1,
            "surplus_amount": 1,
            "priority": 3
          },
          {
            "item": "minecraft:golden_boots",
            "want_amount": 1,
            "surplus_amount": 1,
            "priority": 4
          },
          {
            "item": "minecraft:leather_boots",
            "want_amount": 1,
            "surplus_amount": 1,
            "priority": 5
          }
        ]
      },
      "minecraft:behavior.hurt_by_target": {
        "priority": 1
      },
      "minecraft:behavior.nearest_attackable_target": {
        "priority": 2,
        "must_see": true,
        "reselect_targets": true,
        "entity_types": [
          {
            "filters": {
              "any_of": [
                { "test": "is_family", "subject": "other", "value": "player" },
                { "test" :  "has_tag", "subject" : "other", "value" :  "target"},
                { "test": "is_family", "subject": "other", "value": "irongolem" }
              ]
            },
            "max_dist": 35
          },
          {
            "filters": {
              "all_of": [
                {
                  "test": "is_family",
                  "subject": "other",
                  "value": "baby_turtle"
                },
                {
                  "test": "in_water",
                  "subject": "other",
                  "operator": "!=",
                  "value": true
                }
              ]
            },
            "max_dist": 35
          }
        ]
      },

      "minecraft:behavior.equip_item": {
        "priority": 3
      },
      "minecraft:knockback_resistance": {
        "value": 1.0
      },
      "minecraft:follow_range": {
        "value": 45,
        "max": 45
      },
      "minecraft:scale": {
        "value": 1.1
      },
      "minecraft:break_blocks": {
        "breakable_blocks": [

          "bamboo_sapling",
          "beetroot",
          "brown_mushroom",
          "carrots",
          "carved_pumpkin",
          "chorus_flower",
          "chorus_plant",
          "lit_pumpkin",
          "melon_stem",
          "potatoes",
          "pumpkin",
          "pumpkin_stem",
          "red_flower",
          "red_mushroom",
          "reeds",
          "sapling",
          "sweet_berry_bush",
          "vine",
          "waterlily",
          "yellow_flower",
          "bamboo",
          "wheat",
          "oak_stairs",
          "spruce_stairs",
          "dark_oak_stairs",
          "birch_stairs",
          "acacia_stairs",
          "carved_pumpkin",
          "leaves",
          "leaves2",
          "lit_pumpkin",
          "melon_block",
          "spruce_door",
          "oak_door",
          "birch_door",
          "acacia_door",
          "ice",
          "dark_oak_door",
          "turtle_egg",
          "wood_planks",
          "fence",
          "redstone_wire",
          "glass",
          "glass_pane",
          "slab",
          "wool",
          "bed",
          "planks",
          "ladder",
          "scaffolding",
          "trapdoor",
          "acacia_trapdoor",
          "planks_jungle",
          "cactus"
        ]
      },
       
      "minecraft:behavior.pickup_items": {
        "priority": 5,
        "max_dist": 3,
        "goal_radius": 2,
        "speed_multiplier": 1.0,
        "pickup_based_on_chance": true,
        "can_pickup_any_item": true
      },
      "minecraft:behavior.random_stroll": {
        "priority": 6,
        "speed_multiplier": 1
      },
      "minecraft:behavior.look_at_player": {
        "priority": 7,
        "look_distance": 8
      },
      "minecraft:behavior.random_look_around": {
        "priority": 8
      },
      "minecraft:physics": {
      },
      "minecraft:pushable": {
        "is_pushable": true,
        "is_pushable_by_piston": true
      }
    },

    "events": {
      "minecraft:entity_spawned": {
        "add": {
          "component_groups": [
            "calm",
            "spell"
            
          ]
        }
      },
      "mutant": {
        "add": {
          "component_groups": [
            "calm",
            "spell"
            
          ]
        }
      },
      "dead": {
        "add": {
          "component_groups": [
            "dead"
          ]
        }
      },
      "angry": {
        "add": {
          "component_groups": [
            "angry",
            "spell",
            "attack"
            
          ]
        },
"remove": {
          "component_groups": [
            "calm",
            "roar",
            "sssrange"
            
          ]
        }
      },
      "roar": {
      "randomize": [
          {
            "weight": 20,
        "add": {
          "component_groups": [
            "roar"
            
          ]
        },
"remove": {
          "component_groups": [
          "sssrange",
            "spell",
            "range",
            "melee",
            "attack"
            
          ]
        }
      },
      {
      "weight": 20,
        "add": {
          "component_groups": [
            "sssrange"
            
          ]
        },
"remove": {
          "component_groups": [
          "roar",
            "spell",
            "range",
            "melee",
            "attack"
            
          ]
        }
      }
      ]
      },
"calm": {
        "remove": {
          "component_groups": [
          "sssrange",
            "angry",
            "range",
            "melee",
            "roar",
            "attack"
            
          ]
        },
"add": {
          "component_groups": [
            "calm",
            "spell"
          ]
        }
      }, 
"attack": {
      "randomize": [
          {
            "weight": 20,
            "remove": {
              "component_groups": [
              "roar",
              "range",
              "sssrange"
                
              ]
            },
            "add": {
              "component_groups": [         
                "melee",
                "spell"
              ]
            }
          },
          {
          "weight": 20,
            "remove": {
              "component_groups": [
              "roar",
                "melee",
                "sssrange"
                
              ]
            },
            "add": {
              "component_groups": [         
                "range",
                "spell"
              ]
            }
          }
          ]
          },     
      "minecraft:spring_trap": {
        "add": { "component_groups": [ "minecraft:lightning_immune" ] }
      },

      "minecraft:melee_mode": {
        "remove": { "component_groups": [ "minecraft:ranged_attack" ] },
        "add": { "component_groups": [ "minecraft:melee_attack" ] }
      },
      "minecraft:ranged_mode": {
        "remove": { "component_groups": [ "minecraft:melee_attack" ] },
        "add": { "component_groups": [ "minecraft:ranged_attack" ] }
      }
    }
  }
}