{
	"format_version": "1.8.0",
	"animations": {
		"animation.rhydon.quiet": {
			"loop": true,
			"animation_length": 0.8,
			"bones": {
				"head": {
					"position": {
						"0.0": [0, 0, 0],
						"0.4": [0, -1, -3],
						"0.8": [0, 0, 0]
					}
				},
				"body": {
					"rotation": {
						"0.0": [0, 0, 0],
						"0.4": [10, 0, 0],
						"0.8": [0, 0, 0]
					}
				},
				"tail": {
					"rotation": {
						"0.0": [0, 35, 0],
						"0.3": [0, 20, 0],
						"0.8": [0, 35, 0]
					}
				},
				"arms": {
					"rotation": {
						"0.0": [0, 0, 0],
						"0.5": [-15, 0, 0],
						"0.8": [0, 0, 0]
					},
					"position": {
						"0.0": [0, 0, 0],
						"0.4": [0, -1, -3],
						"0.8": [0, 0, 0]
					}
				}
			}
		},
		"animation.rhydon.walk": {
			"loop": true,
			"animation_length": 0.6,
			"bones": {
				"rhydon": {
					"position": {
						"0.0": [0, -1, 0],
						"0.15": [0, 2, 0],
						"0.3": [0, -1, 0],
						"0.45": [0, 2, 0],
						"0.6": [0, -1, 0]
					}
				},
				"body_root": {
					"rotation": {
						"0.0": [0, 0, 0],
						"0.2": [5, 0, 0],
						"0.6": [0, 0, 0]
					},
					"position": [0, 2, 0]
				},
				"head": {
					"position": [0, -2, -7]
				},
				"body": {
					"rotation": [20, 0, 0]
				},
				"tail": {
					"rotation": {
						"0.0": [0, 30, 0],
						"0.3": [0, -20, 0],
						"0.6": [0, 30, 0]
					}
				},
				"arms": {
					"rotation": {
						"0.0": [80, 0, 0],
						"0.3": [105, 0, 0],
						"0.6": [80, 0, 0]
					},
					"position": [0, -2, -5]
				},
				"right_leg": {
					"rotation": {
						"0.0": [80, 0, 0],
						"0.3": [-35, 0, 0],
						"0.6": [80, 0, 0]
					},
					"position": {
						"0.0": [0, 0, -2],
						"0.3": [0, 0, 0],
						"0.6": [0, 0, -2]
					}
				},
				"left_leg": {
					"rotation": {
						"0.0": [-35, 0, 0],
						"0.3": [80, 0, 0],
						"0.6": [-35, 0, 0]
					},
					"position": {
						"0.0": [0, 0, 0],
						"0.3": [0, 0, -2],
						"0.6": [0, 0, 0]
					}
				}
			}
		},
		"animation.rhydon.sitting": {
			"loop": true,
			"bones": {
				"rhydon": {
					"position": [0, -3, 0]
				},
				"head": {
					"position": [0, 0, -4]
				},
				"body": {
					"rotation": [10, 0, 0]
				},
				"tail": {
					"rotation": [40, 15, 90],
					"position": [-2, 0, -1]
				},
				"arms": {
					"position": [0, -1, -2]
				},
				"right_arm": {
					"rotation": [-60, -35, 25],
					"position": [-1, 0, 0]
				},
				"left_arm": {
					"rotation": [-60, 35, -25],
					"position": [1, 0, 0]
				},
				"legs": {
					"rotation": [-50, 0, 0],
					"position": [0, 0, -2]
				}
			}
		},
		"animation.rhydon.jump": {
			"loop": true,
			"bones": {
				"tail": {
					"rotation": [-50, 0, 0],
					"position": [0, 0, -1]
				},
				"arms": {
					"rotation": [-105, 0, 0]
				},
				"right_arm": {
					"rotation": [0, 0, -10]
				},
				"left_arm": {
					"rotation": [0, 0, 10]
				},
				"legs": {
					"rotation": [45, 0, 0],
					"position": [0, 1, -2]
				}
			}
		},
		"animation.rhydon.attack": {
			"loop": true,
			"bones": {
				"head": {
					"position": [1, -4, -11]
				},
				"body": {
					"rotation": [35, -20, -15]
				},
				"tail": {
					"rotation": [-20, -40, 0]
				},
				"right_arm": {
					"rotation": [-60, 0, 50],
					"position": [0, -6, -10]
				},
				"left_arm": {
					"rotation": [25, 0, -15],
					"position": [0, -2, -5]
				},
				"right_leg": {
					"position": [0, 0, -6]
				},
				"left_leg": {
					"rotation": [0, -45, 0],
					"position": [-1, 0, 0]
				}
			}
		},
		"animation.rhydon.swimming": {
			"loop": true,
			"animation_length": 0.6,
			"bones": {
				"rhydon": {
					"position": {
						"0.0": [0, 0, 0],
						"0.3": [0, 1, 0],
						"0.6": [0, 0, 0]
					}
				},
				"tail": {
					"rotation": {
						"0.0": [-40, 0, 0],
						"0.4": [-25, 0, 0],
						"0.6": [-40, 0, 0]
					},
					"position": [0, 0, -1]
				},
				"arms": {
					"position": [0, -3, 0]
				},
				"right_arm": {
					"rotation": {
						"0.0": [0, 0, 60],
						"0.2": [-40, 0, 60],
						"0.6": [0, 0, 60]
					}
				},
				"left_arm": {
					"rotation": {
						"0.0": [0, 0, -60],
						"0.2": [-40, 0, -60],
						"0.6": [0, 0, -60]
					}
				},
				"right_leg": {
					"rotation": {
						"0.0": [-25, 0, 0],
						"0.3": [25, 0, 0],
						"0.6": [-25, 0, 0]
					}
				},
				"left_leg": {
					"rotation": {
						"0.0": [25, 0, 0],
						"0.3": [-25, 0, 0],
						"0.6": [25, 0, 0]
					}
				}
			}
		},
        "animation.rhydon.health_bar":{
            "loop":true,
            "bones":{
                "health_hover":{
    "rotation":["q.camera_rotation(0)","q.camera_rotation(1)-q.body_y_rotation",0],
	"position": [0,34,0],
    "scale":"query.is_in_ui?0:1.5"
                },
				"bar_green": {
					"scale": ["query.health/query.max_health*1", 1, 1]
				},
				"bar_black": {
					"scale": ["(1)+(query.health/query.max_health*-1)", 1, 1]
				}
			}
        }
	}
}