{
	"format_version": "1.8.0",
	"animations": {
		"animation.rhyhorn.quiet": {
			"loop": true,
			"animation_length": 1,
			"bones": {
				"head": {
					"rotation": {
						"0.0": [0, 0, 0],
						"0.5": [10, 0, 0],
						"1.0": [0, 0, 0]
					},
					"position": {
						"0.0": [0, 0, 0],
						"0.6": [0, -1, 0],
						"1.0": [0, 0, 0]
					}
				},
				"body": {
					"position": {
						"0.0": [0, 0, 0],
						"0.5": [0, -1, 0],
						"1.0": [0, 0, 0]
					}
				},
				"right_front_leg": {
					"rotation": [0, 5, 0]
				},
				"left_front_leg": {
					"rotation": [0, -5, 0]
				},
				"right_back_leg": {
					"rotation": [0, 5, 0]
				},
				"left_back_leg": {
					"rotation": [0, -5, 0]
				}
			}
		},
		"animation.rhyhorn.walk": {
			"loop": true,
			"animation_length": 0.8,
			"bones": {
				"head": {
					"position": {
						"0.0": [0, 0, 0],
						"0.3": [0, 2, 1],
						"0.8": [0, 0, 0]
					}
				},
				"body": {
					"rotation": {
						"0.0": [0, 0, 0],
						"0.4": [-5, 0, 0],
						"0.8": [0, 0, 0]
					}
				},
				"front_legs": {
					"rotation": {
						"0.0": [-50, 0, 0],
						"0.3": [60, 0, 0],
						"0.8": [-50, 0, 0]
					},
					"position": {
						"0.0": [0, 0, -1],
						"0.3": [0, 1, 0],
						"0.8": [0, 0, -1]
					}
				},
				"right_front_leg": {
					"position": [-1, 0, 0]
				},
				"left_front_leg": {
					"position": [1, 0, 0]
				},
				"back_legs": {
					"rotation": {
						"0.0": [45, 0, 0],
						"0.5": [-45, 0, 0],
						"0.8": [45, 0, 0]
					}
				},
				"right_back_leg": {
					"position": [-1, 0, 0]
				},
				"left_back_leg": {
					"position": [1, 0, 0]
				}
			}
		},
		"animation.rhyhorn.sitting": {
			"loop": true,
			"bones": {
				"rhyhorn": {
					"position": [0, -2, 1]
				},
				"head": {
					"position": [0, -1, 0]
				},
				"front_legs": {
					"rotation": [-45, 0, 0]
				},
				"right_front_leg": {
					"position": [-1, 1, -1]
				},
				"left_front_leg": {
					"position": [1, 1, -1]
				},
				"back_legs": {
					"rotation": [55, 0, 0]
				},
				"right_back_leg": {
					"position": [-1, 1, 1]
				},
				"left_back_leg": {
					"position": [1, 1, 1]
				}
			}
		},
		"animation.rhyhorn.jump": {
			"loop": true,
			"bones": {
				"rhyhorn": {
					"position": [0, 1, 0]
				},
				"head": {
					"position": [0, 6, 3]
				},
				"body": {
					"rotation": [-25, 0, 0]
				},
				"front_legs": {
					"rotation": [-60, 0, 0],
					"position": [0, 4, 0]
				},
				"back_legs": {
					"rotation": [30, 0, 0],
					"position": [0, 0, 1]
				}
			}
		},
		"animation.rhyhorn.attack": {
			"loop": true,
			"bones": {
				"rhyhorn": {
					"rotation": [0, 45, 0]
				},
				"right_front_leg": {
					"rotation": [0, 20, 0]
				},
				"left_front_leg": {
					"rotation": [0, -25, 0],
					"position": [0, 0, -1]
				},
				"left_back_leg": {
					"rotation": [0, -45, 0]
				}
			}
		},
		"animation.rhyhorn.swimming": {
			"loop": true,
			"animation_length": 0.6,
			"bones": {
				"rhyhorn": {
					"position": {
						"0.0": [0, -2, 0],
						"0.3": [0, -1, 0],
						"0.6": [0, -2, 0]
					}
				},
				"head": {
					"position": {
						"0.0": [0, 6, 3],
						"0.2": [0, 5, 3],
						"0.6": [0, 6, 3]
					}
				},
				"body": {
					"rotation": [-25, 0, 0]
				},
				"front_legs": {
					"rotation": {
						"0.0": [-60, 0, 0],
						"0.2": [-22.5, 0, 0],
						"0.6": [-60, 0, 0]
					},
					"position": [0, 4, 0]
				},
				"back_legs": {
					"rotation": [30, 0, 0],
					"position": [0, 0, 1]
				},
				"right_back_leg": {
					"rotation": {
						"0.0": [0, 0, 0],
						"0.3": [-55, 0, 0],
						"0.6": [0, 0, 0]
					}
				},
				"left_back_leg": {
					"rotation": {
						"0.0": [-55, 0, 0],
						"0.3": [0, 0, 0],
						"0.6": [-55, 0, 0]
					}
				}
			}
		},
        "animation.rhyhorn.health_bar":{
            "loop":true,
            "bones":{
                "health_hover":{
    "rotation":["q.camera_rotation(0)","q.camera_rotation(1)-q.body_y_rotation",0],
	"position": [0,21,0],
    "scale":"query.is_in_ui?0:1.5"
                },
				"bar_green": {
					"scale": ["query.health/query.max_health*1", 1, 1]
				},
				"bar_black": {
					"scale": ["(1)+(query.health/query.max_health*-1)", 1, 1]
				}
			}
        }
	}
}