{
    "format_version": "1.8.0",
    "animations": {
        "animation.player.holding": {
            "loop": true,
            "bones": {
                "root": {
                    "scale": [
                        "v.change_delay = v.change_delay??0; return 1;",
                        "v.has_wings = q.equipped_item_all_tags('slot.armor.chest', 'wings'); return 1;",
                        "t.dmg = Math.mod(q.armor_damage_slot(1), 10); v.change_delay = (v.change_delay + 1) + (t.dmg * 20) + (q.is_on_ground * 20); v.change_delay >= 20 ? { v.wings_state = t.dmg; v.change_delay = 0 }; return 1;"
                    ],
                    "rotation": [
                        "t.state=v.wings_state??0;t.has_wings=v.has_wings??0;v.pitch=((v.pitch??0)+0.02)*(t.state==1&&t.has_wings); return (q.target_x_rotation + Math.min(v.pitch*90, 90)) * (t.state==1&&t.has_wings) + Math.min(q.modified_move_speed * 22.5, 22.5) * (t.state==2&&t.has_wings);",
                        0,
                        "t.diff=Math.mod(q.body_y_rotation-q.head_y_rotation(0)+180,360)-180;t.df=(t.diff<-180)?(t.diff+360):t.diff; return math.clamp(t.df / 2, -22.5, 22.5) * (t.state==1&&t.has_wings);"
                    ],
                    "position": [ 0, "!q.is_sneaking * (Math.min(v.pitch??0,1) * 12 * ((90 - q.target_x_rotation) / 90)) * ((v.wings_state??0) == 1 && (v.has_wings??0))", 0 ]
                },
                "leftarm": { "rotation": [ "t.animate = (v.wings_state??0) != 0 && (v.has_wings??0); return -(v.tcos0 * t.animate);", 0.0, "-8 * t.animate" ] },
                "rightarm": { "rotation": [ "t.animate = (v.wings_state??0) != 0 && (v.has_wings??0); return (v.tcos0 * t.animate) + (v.is_holding_right ? -18 : 0.0);", 0.0, "8 * t.animate" ] },
                "leftleg": { "rotation": [ "t.animate = (v.wings_state??0) != 0 && (v.has_wings??0); return v.tcos0 * 1.4 * t.animate;", 0.0, "-Math.max(Math.sin(q.anim_time * 30) * 3, 1) * t.animate" ] },
                "rightleg": { "rotation": [ "t.animate = (v.wings_state??0) != 0 && (v.has_wings??0); return v.tcos0 * -1.4 * t.animate;", 0.0, "Math.max(Math.sin(q.anim_time * 30) * 3, 1) * t.animate" ] }
            }
        }
    }
}
