{
	"format_version": "1.8.0",
	"animations": {
		"animation.wings.fairy.idle": {
			"loop": true,
			"bones": {
				"rightWingA": {
					"rotation": [0, -25, 0],
					"position": [0, 0, -1]
				},
				"leftWingA": {
					"rotation": [0, 25, 0],
					"position": [0, 0, -1]
				},
				"rightWingB": {
					"rotation": [0, -20, 0],
					"position": [0, 0, -1]
				},
				"leftWingB": {
					"rotation": [0, 20, 0],
					"position": [0, 0, -1]
				}
			}
		},
		"animation.wings.fairy.glide": {
			"loop": true,
			"bones": {
				"rightWingA": {
					"rotation": [0, "-Math.sin(q.anim_time * 90) * 2", 0]
				},
				"leftWingA": {
					"rotation": [0, "Math.sin(q.anim_time * 90) * 2", 0]
				},
				"rightWingB": {
					"rotation": [0, "-Math.sin(q.anim_time * 120) * 2", 0]
				},
				"leftWingB": {
					"rotation": [0, "Math.sin(q.anim_time * 120) * 2", 0]
				}
			}
		},
		"animation.wings.fairy.default": {
			"loop": true
		},
		"animation.wings.fairy.flap": {
			"loop": true,
			"bones": {
				"rightWingA": {
					"rotation": [0, "-Math.abs(Math.sin(q.anim_time * 180 * 4) * 77.5) + 25", 0]
				},
				"rightWingB": {
					"rotation": [0, "-Math.sin(q.anim_time * 90) * 10", 0]
				},
				"leftWingA": {
					"rotation": [0, "Math.abs(Math.sin(q.anim_time * 180 * 4) * 77.5) - 25", 0]
				},
				"leftWingB": {
					"rotation": [0, "Math.sin(q.anim_time * 90) * 10", 0]
				}
			}
		},
		"animation.wings.fairy.flap2": {
			"loop": true,
			"bones": {
				"rightWingA": {
					"rotation": [0, "-Math.abs(Math.sin(q.anim_time * 180 * 4) * 77.5) + 25", 0]
				},
				"rightWingB": {
					"rotation": [0, "-Math.abs(Math.sin(q.anim_time * 180 * 4) * 77.5) + 25", 0]
				},
				"leftWingA": {
					"rotation": [0, "Math.abs(Math.sin(q.anim_time * 180 * 4) * 77.5) - 25", 0]
				},
				"leftWingB": {
					"rotation": [0, "Math.abs(Math.sin(q.anim_time * 180 * 4) * 77.5) - 25", 0]
				}
			}
		}
	}
}