{
  "pools": [
    {
      "rolls": 1,
      "entries": [
        {
          "type": "item",
          "name": "minecraft:diamond_helmet",
          "weight": 1,
          "functions": [
            {
              "function": "enchant_random_gear",
              "chance": 0.25
            }
          ],
          "pools": [
            {
              "conditions": [
                {
                  "condition": "random_difficulty_chance",
                  "default_chance": 0.75,
                  "peaceful": 0,
                  "hard": 0.85
                }
              ],
              "rolls": 1,
              "entries": [
                {
                  "type": "item",
                  "name": "minecraft:diamond_chestplate",
                  "weight": 1,
                  "functions": [
                    {
                      "function": "enchant_random_gear",
                      "chance": 0.25
                    }
                  ],
                  "pools": [
                    {
                      "conditions": [
                        {
                          "condition": "random_difficulty_chance",
                          "default_chance": 0.75,
                          "peaceful": 0,
                          "hard": 0.85
                        }
                      ],
                      "rolls": 1,
                      "entries": [
                        {
                          "type": "item",
                          "name": "minecraft:diamond_leggings",
                          "weight": 1,
                          "functions": [
                            {
                              "function": "enchant_random_gear",
                              "chance": 0.25
                            }
                          ],
                          "pools": [
                            {
                              "conditions": [
                                {
                                  "condition": "random_difficulty_chance",
                                  "default_chance": 0.75,
                                  "peaceful": 0,
                                  "hard": 0.85
                                }
                              ],
                              "rolls": 1,
                              "entries": [
                                {
                                  "type": "item",
                                  "name": "minecraft:diamond_boots",
                                  "weight": 1,
                                  "functions": [
												{
                                      "function": "enchant_random_gear",
                                      "chance": 0.25
                                    }
                                  ],
	     "pools": [
         {
        "conditions": [
          {
            "condition": "random_difficulty_chance",
             "default_chance": 0.75,
             "peaceful": 0,
             "hard": 0.9
              }
         ],
            "rolls": 1,
          "entries": [
        {
          "type": "item",
          "name": "yes:emerald_dagger",
          "weight": 1,
          "functions": [
            {
              "function": "enchant_random_gear",
              "chance": 0.25
            }
          ]
        },
        {
          "type": "item",
          "name": "yes:amethyst_spear",
          "weight": 1,
          "functions": [
            {
              "function": "enchant_random_gear",
              "chance": 0.25
            }
          ]
        },
        {
          "type": "item",
          "name": "yes:glowing_obsidian_battleaxe",
          "weight": 1,
          "functions": [
            {
              "function": "enchant_random_gear",
              "chance": 0.25
            }
          ]
        },
        {
          "type": "item",
          "name": "yes:copper_hammer",
          "weight": 1,
          "functions": [
            {
              "function": "enchant_random_gear",
              "chance": 0.25
            }
          ]
        },
        {
          "type": "item",
          "name": "yes:exposed_copper_hammer",
          "weight": 1,
          "functions": [
            {
              "function": "enchant_random_gear",
              "chance": 0.25
            }
          ]
        },
        {
          "type": "item",
          "name": "yes:weathered_copper_hammer",
          "weight": 1,
          "functions": [
            {
              "function": "enchant_random_gear",
              "chance": 0.25
            }
          ]
        },
        {
          "type": "item",
          "name": "yes:oxidized_copper_hammer",
          "weight": 1,
          "functions": [
            {
              "function": "looting_enchant",
              "count": {
                "min": 0,
                "max": 1
              }
            },
            {
              "function": "enchant_random_gear",
              "chance": 0.25
            }
          ]
        }
			
										  
                                      ]
                                    }
                                  ]
                                }
                              ]
                            }
                 		     ]
               		   }
              			 ]
            		  }
          			]
        			 }
      		  ]
    			}
			 ]
		  }
		]
	 }
  ]
}