{
  "pools": [
    {
      "rolls": 1,
      "entries": [
        {
          "type": "item",
          "name": "minecraft:bow",
          "weight": 1,
          "functions": [
            {
              "function": "looting_enchant",
              "count": {
                "min": 0,
                "max": 1
              }
            },
            {
              "function": "enchant_random_gear",
              "chance": 0.10
            }
          ]
        }
      ]
    },
    {
      "conditions": [
        {
          "condition": "random_regional_difficulty_chance",
          "max_chance": 0.035
        }
      ],
      "rolls": 1,
      "entries": [
        {
          "type": "item",
          "name": "yes:emerald_helmet",
          "weight": 1,
          "functions": [
            {
              "function": "enchant_random_gear",
              "chance": 0.25
            }
          ],
          "pools": [
            {
              "conditions": [
                {
                  "condition": "random_difficulty_chance",
                  "default_chance": 0.6,
                  "peaceful": 0,
                  "hard": 0.7
                }
      			],
              "rolls": 1,
              "entries": [
                {
                  "type": "item",
                  "name": "yes:emerald_chestplate",
                  "weight": 1,
                  "functions": [
                    {
                      "function": "enchant_random_gear",
                      "chance": 0.25
                    }
                  ],
                  "pools": [
                    {
                      "conditions": [
                        {
                          "condition": "random_difficulty_chance",
                          "default_chance": 0.6,
                          "peaceful": 0,
                          "hard": 0.7
                        }
                      ],
                      "rolls": 1,
                      "entries": [
                        {
                          "type": "item",
                          "name": "yes:emerald_leggings",
                          "weight": 1,
                          "functions": [
                            {
                              "function": "enchant_random_gear",
                              "chance": 0.25
                            }
                          ],
                          "pools": [
                            {
                              "conditions": [
                                {
                                  "condition": "random_difficulty_chance",
                                  "default_chance": 0.6,
                                  "peaceful": 0,
                                  "hard": 0.7
                                }
                              ],
                              "rolls": 1,
                              "entries": [
                                {
                                  "type": "item",
                                  "name": "yes:emerald_boots",
                                  "weight": 1,
                                  "functions": [
                                    {
                                      "function": "enchant_random_gear",
                                      "chance": 0.25
                                    }
                                  ],
	     "pools": [
         {
        "conditions": [
          {
            "condition": "random_difficulty_chance",
             "default_chance": 0.75,
             "peaceful": 0,
             "hard": 0.9
              }
         ],
            "rolls": 1,
          "entries": [
        {
          "type": "item",
          "name": "yes:emerald_dagger",
          "weight": 1,
          "functions": [
            {
              "function": "enchant_random_gear",
              "chance": 0.25
            }
          ]
        },
        {
          "type": "item",
          "name": "yes:amethyst_spear",
          "weight": 1,
          "functions": [
            {
              "function": "enchant_random_gear",
              "chance": 0.25
            }
          ]
        },
        {
          "type": "item",
          "name": "yes:glowing_obsidian_battleaxe",
          "weight": 1,
          "functions": [
            {
              "function": "enchant_random_gear",
              "chance": 0.25
            }
          ]
        },
        {
          "type": "item",
          "name": "yes:copper_hammer",
          "weight": 1,
          "functions": [
            {
              "function": "enchant_random_gear",
              "chance": 0.25
            }
          ]
        },
        {
          "type": "item",
          "name": "yes:exposed_copper_hammer",
          "weight": 1,
          "functions": [
            {
              "function": "enchant_random_gear",
              "chance": 0.25
            }
          ]
        },
        {
          "type": "item",
          "name": "yes:weathered_copper_hammer",
          "weight": 1,
          "functions": [
            {
              "function": "enchant_random_gear",
              "chance": 0.25
            }
          ]
        },
        {
          "type": "item",
          "name": "yes:oxidized_copper_hammer",
          "weight": 1,
          "functions": [
            {
              "function": "looting_enchant",
              "count": {
                "min": 0,
                "max": 1
              }
            },
            {
              "function": "enchant_random_gear",
              "chance": 0.25
            }
          ]
        }
			
										  
                                      ]
                                    }
                                  ]
                                }
                              ]
                            }
                 		     ]
               		   }
              			 ]
            		  }
          			]
        			 }
      		  ]
    			}
			 ]
		  }
		]
	 },
    {
      "conditions": [
        {
          "condition": "random_regional_difficulty_chance",
          "max_chance": 0.045
        }
      ],
      "rolls": 1,
      "entries": [
        {
          "type": "item",
          "name": "yes:amethyst_helmet",
          "weight": 1,
          "functions": [
            {
              "function": "enchant_random_gear",
              "chance": 0.25
            }
          ],
          "pools": [
            {
              "conditions": [
                {
                  "condition": "random_difficulty_chance",
                  "default_chance": 0.6,
                  "peaceful": 0,
                  "hard": 0.7
                }
              ],
              "rolls": 1,
              "entries": [
                {
                  "type": "item",
                  "name": "yes:amethyst_chestplate",
                  "weight": 1,
                  "functions": [
                    {
                      "function": "enchant_random_gear",
                      "chance": 0.25
                    }
                  ],
                  "pools": [
                    {
                      "conditions": [
                        {
                          "condition": "random_difficulty_chance",
                          "default_chance": 0.6,
                          "peaceful": 0,
                          "hard": 0.7
                        }
                      ],
                      "rolls": 1,
                      "entries": [
                        {
                          "type": "item",
                          "name": "yes:amethyst_leggings",
                          "weight": 1,
                          "functions": [
                            {
                              "function": "enchant_random_gear",
                              "chance": 0.25
                            }
                          ],
                          "pools": [
                            {
                              "conditions": [
                                {
                                  "condition": "random_difficulty_chance",
                                  "default_chance": 0.6,
                                  "peaceful": 0,
                                  "hard": 0.7
                                }
                              ],
                              "rolls": 1,
                              "entries": [
                                {
                                  "type": "item",
                                  "name": "yes:amethyst_boots",
                                  "weight": 1,
                                  "functions": [
                                    {
                                      "function": "enchant_random_gear",
                                      "chance": 0.25
                                    }
                                  ],
	     "pools": [
         {
        "conditions": [
          {
            "condition": "random_difficulty_chance",
             "default_chance": 0.75,
             "peaceful": 0,
             "hard": 0.9
              }
         ],
            "rolls": 1,
          "entries": [
        {
          "type": "item",
          "name": "yes:emerald_dagger",
          "weight": 1,
          "functions": [
            {
              "function": "enchant_random_gear",
              "chance": 0.25
            }
          ]
        },
        {
          "type": "item",
          "name": "yes:amethyst_spear",
          "weight": 1,
          "functions": [
            {
              "function": "enchant_random_gear",
              "chance": 0.25
            }
          ]
        },
        {
          "type": "item",
          "name": "yes:glowing_obsidian_battleaxe",
          "weight": 1,
          "functions": [
            {
              "function": "enchant_random_gear",
              "chance": 0.25
            }
          ]
        },
        {
          "type": "item",
          "name": "yes:copper_hammer",
          "weight": 1,
          "functions": [
            {
              "function": "enchant_random_gear",
              "chance": 0.25
            }
          ]
        },
        {
          "type": "item",
          "name": "yes:exposed_copper_hammer",
          "weight": 1,
          "functions": [
            {
              "function": "enchant_random_gear",
              "chance": 0.25
            }
          ]
        },
        {
          "type": "item",
          "name": "yes:weathered_copper_hammer",
          "weight": 1,
          "functions": [
            {
              "function": "enchant_random_gear",
              "chance": 0.25
            }
          ]
        },
        {
          "type": "item",
          "name": "yes:oxidized_copper_hammer",
          "weight": 1,
          "functions": [
            {
              "function": "looting_enchant",
              "count": {
                "min": 0,
                "max": 1
              }
            },
            {
              "function": "enchant_random_gear",
              "chance": 0.25
            }
          ]
        }
			
										  
                                      ]
                                    }
                                  ]
                                }
                              ]
                            }
                 		     ]
               		   }
              			 ]
            		  }
          			]
        			 }
      		  ]
    			}
			 ]
		  }
		]
	 },
	 
	 
	 
	 
	 
	 
	 
	 
	 
	 
    {
      "conditions": [
        {
          "condition": "random_regional_difficulty_chance",
          "max_chance": 0.085
        }
      ],
      "rolls": 1,
      "entries": [
        {
          "type": "item",
          "name": "yes:copper_helmet",
          "weight": 1,
          "functions": [
            {
              "function": "enchant_random_gear",
              "chance": 0.25
            }
          ],
			 
			 
			           "pools": [
            {
              "conditions": [
                {
                  "condition": "random_difficulty_chance",
                  "default_chance": 0.6,
                  "peaceful": 0,
                  "hard": 0.7
                }
              ],
              "rolls": 1,
              "entries": [
                {
                  "type": "item",
                  "name": "yes:copper_chestplate",
                  "weight": 1,
                  "functions": [
                    {
                      "function": "enchant_random_gear",
                      "chance": 0.25
                    }
                  ],
                  "pools": [
                    {
                      "conditions": [
                        {
                          "condition": "random_difficulty_chance",
                          "default_chance": 0.6,
                          "peaceful": 0,
                          "hard": 0.7
                        }
                      ],
                      "rolls": 1,
                      "entries": [
                        {
                          "type": "item",
                          "name": "yes:copper_leggings",
                          "weight": 1,
                          "functions": [
                            {
                              "function": "enchant_random_gear",
                              "chance": 0.25
                            }
                          ],
                          "pools": [
                            {
                              "conditions": [
                                {
                                  "condition": "random_difficulty_chance",
                                  "default_chance": 0.6,
                                  "peaceful": 0,
                                  "hard": 0.7
                                }
                              ],
                              "rolls": 1,
                              "entries": [
                                {
                                  "type": "item",
                                  "name": "yes:copper_boots",
                                  "weight": 1,
                                  "functions": [
                                    {
                                      "function": "enchant_random_gear",
                                      "chance": 0.25
                                    }
                                  ],
	     "pools": [
         {
        "conditions": [
          {
            "condition": "random_difficulty_chance",
             "default_chance": 0.75,
             "peaceful": 0,
             "hard": 0.9
              }
         ],
            "rolls": 1,
          "entries": [
        {
          "type": "item",
          "name": "yes:emerald_dagger",
          "weight": 1,
          "functions": [
            {
              "function": "enchant_random_gear",
              "chance": 0.25
            }
          ]
        },
        {
          "type": "item",
          "name": "yes:amethyst_spear",
          "weight": 1,
          "functions": [
            {
              "function": "enchant_random_gear",
              "chance": 0.25
            }
          ]
        },
        {
          "type": "item",
          "name": "yes:glowing_obsidian_battleaxe",
          "weight": 1,
          "functions": [
            {
              "function": "enchant_random_gear",
              "chance": 0.25
            }
          ]
        },
        {
          "type": "item",
          "name": "yes:copper_hammer",
          "weight": 1,
          "functions": [
            {
              "function": "enchant_random_gear",
              "chance": 0.25
            }
          ]
        },
        {
          "type": "item",
          "name": "yes:exposed_copper_hammer",
          "weight": 1,
          "functions": [
            {
              "function": "enchant_random_gear",
              "chance": 0.25
            }
          ]
        },
        {
          "type": "item",
          "name": "yes:weathered_copper_hammer",
          "weight": 1,
          "functions": [
            {
              "function": "enchant_random_gear",
              "chance": 0.25
            }
          ]
        },
        {
          "type": "item",
          "name": "yes:oxidized_copper_hammer",
          "weight": 1,
          "functions": [
            {
              "function": "looting_enchant",
              "count": {
                "min": 0,
                "max": 1
              }
            },
            {
              "function": "enchant_random_gear",
              "chance": 0.25
            }
          ]
        }
			
										  
                                      ]
                                    }
                                  ]
                                }
                              ]
                            }
                 		     ]
               		   }
              			 ]
            		  }
          			]
        			 }
      		  ]
    			}
			 ]
		  }
		]
	 },
			 
			 
			 
			 
			 
			 
			 
			 
			 
			 
			 
			 
			 
			 
			 

    {
      "conditions": [
        {
          "condition": "random_difficulty_chance",
          "default_chance": 1.0,
          "peaceful": 0,
          "easy": 0
        },
        {
          "condition": "random_regional_difficulty_chance",
          "max_chance": 0.15
        }
      ],
      "tiers": {
        "initial_range": 2,
        "bonus_rolls": 3,
        "bonus_chance": 0.095
      },

      "entries": [
        {
          "type": "loot_table",
          "name": "loot_tables/entities/armor_set_leather.json"
        },
        {
          "type": "loot_table",
          "name": "loot_tables/entities/armor_set_gold.json"
        },
        {
          "type": "loot_table",
          "name": "loot_tables/entities/armor_set_chain.json"
        },
        {
          "type": "loot_table",
          "name": "loot_tables/entities/armor_set_iron.json"
        },
        {
          "type": "loot_table",
          "name": "loot_tables/entities/armor_set_diamond.json"
        }
      ]
    }
  ]
}