{
    "pools": [
        {
            "rolls": 1,
            "entries": [
                {
                    "type": "item",
                    "name": "minecraft:sculk_catalyst"
                }
            ]
        },
        {
            "rolls": 1,
            "entries": [
                {
                    "type": "item",
                    "name": "yes:warden_heart"
                }
            ]
        },
        {
            "rolls": 2,
            "entries": [
                {
                    "type": "item",
                    "name": "yes:warden_tendril"
                }
            ]
        }
    ]
}