{
	"format_version" : "1.8.0",
	"animations" : {
		"animation.menderman.roar_effect" : {
            "timeline": {         
          
              "0.05": "/effect @e[type=!mutant:mutant_enderman,r=15] nausea 10 10 true",
              "0.1": "/effect @e[type=!mutant:mutant_enderman,r=15] slowness 8 5 true",
              "0.15": "/effect @e[type=!mutant:mutant_enderman,r=4] blindness 7 5 true",
              "0.2": "/weather clear",
              "0.3": "/effect @e[type=!mutant:mutant_enderman,r=15] weakness 30 2 true",
              "0.4": "/effect @e[type=!mutant:mutant_enderman,r=15] fatal_poison 6 2 true"
             
            },
            "animation_length": 6.0,
			"loop" : true
		}
	}
}
