{
	"format_version" : "1.8.0",
	"animations" : {
		"animation.mzsmash" : {
            "timeline": {
              "0.7999": "@s smash",
              "0.8200": "/execute @s ~~~ detect ~~-1~ grass 0 fill ~~-1 ~ ~~-1 ~ dirt 0 destroy",
              "0.8400": "/execute @s ~~~ detect ~1~-1~1 grass 0 fill ~1~-1~1 ~1~-1 ~1 dirt 0 destroy",
              "0.8600": "/execute @s ~~~ detect ~-1~-1~-1 grass 0 fill ~-1~-1~-1 ~-1~-1 ~-1 dirt 0 destroy",
              "0.8800": "/execute @s ~~~ detect ~-1~-1~1 grass 0 fill ~-1~-1~1 ~-1~-1 ~1 dirt 0 destroy",
              "0.9000": "/execute @s ~~~ detect ~1~-1~-1 grass 0 fill ~1~-1~-1 ~1~-1 ~-1 dirt 0 destroy"
            },
            "animation_length": 1.56,
			"loop" : true
		}
	}
}
