{
	"format_version": "1.8.0",
	"animations": {
		"animation.nidoranh.quiet": {
			"loop": true,
			"animation_length": 1.6,
			"bones": {
				"body": {
					"rotation": {
						"0.0": {
							"post": [0, 0, -3],
							"lerp_mode": "catmullrom"
						},
						"0.4": {
							"post": [0, 0, 0],
							"lerp_mode": "catmullrom"
						},
						"0.8": {
							"post": [0, 0, 3],
							"lerp_mode": "catmullrom"
						},
						"1.2": {
							"post": [0, 0, 0],
							"lerp_mode": "catmullrom"
						},
						"1.6": {
							"post": [0, 0, -3],
							"lerp_mode": "catmullrom"
						}
					},
					"position": {
						"0.0": {
							"post": [0, 0, 0],
							"lerp_mode": "catmullrom"
						},
						"0.4": {
							"post": [0, -0.5, 0],
							"lerp_mode": "catmullrom"
						},
						"0.8": {
							"post": [0, 0, 0],
							"lerp_mode": "catmullrom"
						},
						"1.2": {
							"post": [0, -0.5, 0],
							"lerp_mode": "catmullrom"
						},
						"1.6": {
							"post": [0, 0, 0],
							"lerp_mode": "catmullrom"
						}
					}
				},
				"head": {
					"rotation": {
						"0.0": {
							"post": [0, 0, -2.5],
							"lerp_mode": "catmullrom"
						},
						"0.4": {
							"post": [0, 0, 0],
							"lerp_mode": "catmullrom"
						},
						"0.8": {
							"post": [0, 0, 2.5],
							"lerp_mode": "catmullrom"
						},
						"1.2": {
							"post": [0, 0, 0],
							"lerp_mode": "catmullrom"
						},
						"1.6": {
							"post": [0, 0, -2.5],
							"lerp_mode": "catmullrom"
						}
					},
					"position": {
						"0.0": {
							"post": [0, 0, 0],
							"lerp_mode": "catmullrom"
						},
						"0.4": {
							"post": [0, -0.5, 0],
							"lerp_mode": "catmullrom"
						},
						"0.8": {
							"post": [0, 0, 0],
							"lerp_mode": "catmullrom"
						},
						"1.2": {
							"post": [0, -0.5, 0],
							"lerp_mode": "catmullrom"
						},
						"1.6": {
							"post": [0, 0, 0],
							"lerp_mode": "catmullrom"
						}
					}
				}
			}
		},
		"animation.nidoranh.walk": {
			"loop": true,
			"animation_length": 0.76,
			"bones": {
				"nidoranh": {
					"rotation": {
						"0.0": {
							"post": [5, 0, 0],
							"lerp_mode": "catmullrom"
						},
						"0.24": {
							"post": [10, 0, 0],
							"lerp_mode": "catmullrom"
						},
						"0.76": {
							"post": [5, 0, 0],
							"lerp_mode": "catmullrom"
						}
					}
				},
				"body": {
					"rotation": {
						"0.0": {
							"post": [15, 0, 0],
							"lerp_mode": "catmullrom"
						},
						"0.52": {
							"post": [2.5, 0, 0],
							"lerp_mode": "catmullrom"
						},
						"0.76": {
							"post": [15, 0, 0],
							"lerp_mode": "catmullrom"
						}
					}
				},
				"front_legs": {
					"rotation": {
						"0.0": {
							"post": [-60, 0, 0],
							"lerp_mode": "catmullrom"
						},
						"0.24": {
							"post": [-22.5, 0, 0],
							"lerp_mode": "catmullrom"
						},
						"0.52": {
							"post": [5, 0, 0],
							"lerp_mode": "catmullrom"
						},
						"0.76": {
							"post": [-60, 0, 0],
							"lerp_mode": "catmullrom"
						}
					},
					"position": {
						"0.0": {
							"post": [0, 0, -1],
							"lerp_mode": "catmullrom"
						}
					}
				},
				"back_legs": {
					"rotation": {
						"0.0": {
							"post": [-5, 0, 0],
							"lerp_mode": "catmullrom"
						},
						"0.24": {
							"post": [45, 0, 0],
							"lerp_mode": "catmullrom"
						},
						"0.52": {
							"post": [-5, 0, 0],
							"lerp_mode": "catmullrom"
						},
						"0.76": {
							"post": [-5, 0, 0],
							"lerp_mode": "catmullrom"
						}
					},
					"position": {
						"0.0": {
							"post": [0, 0, 0],
							"lerp_mode": "catmullrom"
						},
						"0.24": {
							"post": [0, 1, 2],
							"lerp_mode": "catmullrom"
						},
						"0.52": {
							"post": [0, 0, 0],
							"lerp_mode": "catmullrom"
						},
						"0.76": {
							"post": [0, 0, 0],
							"lerp_mode": "catmullrom"
						}
					}
				},
				"head": {
					"rotation": {
						"0.0": {
							"post": [2.5, 0, 0],
							"lerp_mode": "catmullrom"
						},
						"0.24": {
							"post": [-5, 0, 0],
							"lerp_mode": "catmullrom"
						},
						"0.76": {
							"post": [2.5, 0, 0],
							"lerp_mode": "catmullrom"
						}
					},
					"position": {
						"0.0": {
							"post": [0, 0, -2],
							"lerp_mode": "catmullrom"
						},
						"0.52": {
							"post": [0, 0, -1],
							"lerp_mode": "catmullrom"
						},
						"0.76": {
							"post": [0, 0, -2],
							"lerp_mode": "catmullrom"
						}
					}
				}
			}
		},
		"animation.nidoranh.sitting": {
			"loop": true,
			"bones": {
				"nidoranh": {
					"rotation": ["-this", 0, 0]
				},
				"body": {
					"rotation": [-30, 0, 0],
					"position": [0, 0, -1]
				},
				"head": {
					"position": [0, 2, 3]
				},
				"back_legs": {
					"position": [0, 0, -1]
				},
				"front_legs": {
					"rotation": [0, 0, 0],
					"position": [0, 2, -1],
					"scale": [1, 1.4, 1]
				}
			}
		},
		"animation.nidoranh.jump": {
			"loop": true,
			"bones": {
				"nidoranh": {
					"rotation": [-10, 0, 0],
					"position": [0, 2, 0]
				},
				"body": {
					"rotation": [30, 0, 0]
				},
				"back_legs": {
					"rotation": [60, 0, 0],
					"position": [0, -1, 1]
				},
				"front_legs": {
					"rotation": [-72.5, 0, 0],
					"position": [0, -1, 0]
				}
			}
		},
		"animation.nidoranh.attack": {
			"loop": true,
			"bones": {
				"front_legs": {
					"rotation": [-80, 0, -15]
				}
			}
		},
		"animation.nidoranh.swimming": {
			"loop": true,
			"animation_length": 0.6,
			"override_previous_animation": true,
			"bones": {
				"nidoranh": {
					"position": {
						"0.0": [0, 3, 0],
						"0.32": [0, 2, 0],
						"0.6": [0, 3, 0]
					}
				},
				"body": {
					"rotation": [-45, 0, 0],
					"position": [0, -1, -3]
				},
				"back_legs": {
					"rotation": {
						"0.0": [-35, 0, 0],
						"0.2": [20, 0, 0],
						"0.6": [-35, 0, 0]
					},
					"position": [0, -3, -6]
				},
				"front_legs": {
					"rotation": {
						"0.0": [-85, 0, 0],
						"0.4": [-60, 0, 0],
						"0.6": [-85, 0, 0]
					},
					"position": [0, 1, -3]
				}
			}
		},
		"animation.nidoranh.health_bar": {
			"loop": true,
			"bones": {
				"health_hover": {
					"rotation": ["q.camera_rotation(0)", "q.camera_rotation(1)-q.body_y_rotation", 0],
					"position": [0, 24, 0],
					"scale": "query.is_in_ui?0:1.5"
				},
				"bar_green": {
					"scale": ["query.health/query.max_health*1", 1, 1]
				},
				"bar_black": {
					"scale": ["(1)+(query.health/query.max_health*-1)", 1, 1]
				}
			}
		}
	}
}