{
  "format_version": "1.10.0",
  "minecraft:client_entity": {
    "description": {
      "identifier": "ybh:blood_eye_shooter",
 "textures": {
        "default": "textures/blood_gaster_entity/blood_eye"
      },
      "geometry": {
        "default": "geometry.blood_eye"
      },
     "spawn_egg": {
       "texture": "blood_gaster",
         "texture_index": 666
         },
         "materials": {
            "default": "entity_alphatest"
            },
             "particle_effects": {
        "error1": "ybh:wingdings",
        "error2": "ybh:error2",
        "error3": "ybh:error3",
        "error4": "ybh:error4",
        "error5": "ybh:error5",
        "error6": "ybh:error6",
        "error7": "ybh:error7",
        "error8": "ybh:error8",
        "error9": "ybh:error9",
        "error10": "ybh:error10"
      },
      "scripts": {
        "scale": "1.0",
        "pre_animation": [
          "variable.ybh_blood = (math.cos(query.modified_distance_moved * 38.17) * query.modified_move_speed / variable.gliding_speed_value) * 57.3;"
        ],
        "animate": [
          "look_at_target"
        ]
      },
       "animations": {
          "look_at_target": "animation.bgaster.eye"
        },
      "render_controllers": [  "controller.render.gaster.blood" ],
      "enable_attachables": true
    }
  }
}
