{
  "format_version": "1.8.0",
  "minecraft:client_entity": {
    "description": {
      "identifier": "ybh:blood_bone",
 "textures": {
        "default": "textures/blood_gaster_entity/blood"
      },
      "geometry": {
        "default": "geometry.blood_bone"
      },
     "spawn_egg": {
       "texture": "blood_gaster",
         "texture_index": 666
         },
         "materials": {
            "default": "entity_alphatest"
            },
             "particle_effects": {
        "error1": "ybh:wingdings",
        "error2": "ybh:error2",
        "error3": "ybh:error3",
        "error4": "ybh:error4",
        "error5": "ybh:error5",
        "error6": "ybh:error6",
        "error7": "ybh:error7",
        "error8": "ybh:error8",
        "error9": "ybh:error9",
        "error10": "ybh:error10"
      },
      "render_controllers": [  "controller.render.gaster.blood" ],
      "enable_attachables": true
    }
  }
}
