{
  "format_version": "1.20.80",
  "minecraft:item": {
    "description": {
      "identifier": "sniper:barrett",
      "menu_category": {
        "category": "equipment"
      }
    },
    "components": {
      "minecraft:cooldown": {
        "category": "chorusfruit",
        "duration": 1.5
      },
      "minecraft:stacked_by_data": {
        "value": true
      },
      "minecraft:food": {
        "can_always_eat": true
      },
      "minecraft:allow_off_hand": {
        "value": false
      },
      "minecraft:hand_equipped": {
        "value": true
      },
      "minecraft:should_despawn": {
        "value": false
      },
      "minecraft:max_stack_size": {
        "value": 1
      },
      "minecraft:icon": "sniper:barrett.texture",
      "minecraft:use_modifiers": {
        "use_duration": 3200.0
      },
      "minecraft:tags": {
        "tags": [
          "ag3d:barrett"
        ]
      }
    }
  }
}