{
  "format_version":"1.10.0",
  "minecraft:client_entity":{
    "description":{
      "identifier":"pokemon:p10",
      "materials":{"default":"pokemon","aura":"aura"},
      "textures":{
    "evo_aura":"textures/entity/aura/evolve",
    "max_aura":"textures/entity/aura/max",
    "totem_aura":"textures/entity/aura/totem",
    "default":"textures/entity/normal/caterpie/caterpie",
    "default_s":"textures/entity/shiny/caterpie/caterpie",
    "mega1":"textures/entity/normal/caterpie/caterpie",
    "mega_s1":"textures/entity/shiny/caterpie/caterpie",
    "mega2":"textures/entity/normal/caterpie/caterpie",
    "mega_s2":"textures/entity/shiny/caterpie/caterpie",
    "gigamax":"textures/entity/normal/caterpie/caterpie",
    "gigamax_s":"textures/entity/shiny/caterpie/caterpie"
      },
      "geometry":{
    "default":"geometry.serpcaterpie",
    "mega1":"geometry.serpcaterpie",
    "mega2":"geometry.serpcaterpie",
    "gigamax":"geometry.serpcaterpie"
      },
      "animations":{
    "eyes_controller":"controller.animation.eyes",
    "open":"animation.serpmob.open",
    "close":"animation.serpmob.close",
    "angry":"animation.serpmob.angry",
    "fainted":"animation.serpmob.fainted",
    "quiet":"animation.caterpie.quiet",
    "walk":"animation.caterpie.walk",
    "sit":"animation.caterpie.sitting",
    "attack":"animation.caterpie.attack",
    "attack2":"animation.caterpie.attack2",
    "defeated":"animation.caterpie.defeated",
    "look_at_target":"animation.common.look_at_target",
    "main_controller":"controller.animation.pokemon_ground",
    "effects_controller":"controller.animation.effects"
      },
      "particle_effects":{
    "shiny":"serp:shiny",
    "evolve":"serp:evolve"
      },
      "scripts":{
    "scale":"0.5",
    "animate":["effects_controller","main_controller"]
      },
      "render_controllers":[{"controller.render.pokemon":"query.property('serp:v')<3"},{"controller.render.pokemons":"query.property('serp:v')>2"},{"controller.render.aura":"query.is_chested"}]
    }
  }
}