{
	"format_version": "1.10.0",
	"particle_effect": {
		"description": {
			"identifier": "serp:moltres_body",
			"basic_render_parameters": {
				"material": "particles_alpha",
				"texture": "textures/particle/pokedrock_particles"
			}
		},
		"components": {
			"minecraft:emitter_local_space": {
				"position": true,
				"rotation": true
			},
			"minecraft:emitter_rate_steady": {
				"spawn_rate": 80,
				"max_particles": 100
			},
			"minecraft:emitter_lifetime_expression": {
				"activation_expression": "!query.is_invisible"
			},
			"minecraft:emitter_shape_point": {},
			"minecraft:particle_lifetime_expression": {
				"max_lifetime": "Math.random(0.2, 0.7)"
			},
			"minecraft:particle_initial_speed": 2,
			"minecraft:particle_motion_dynamic": {
				"linear_acceleration": [0, -20, 0],
				"linear_drag_coefficient": 8
			},
			"minecraft:particle_appearance_billboard": {
				"size": ["v.entity_scale*(0.2+variable.particle_random_1*0.2)-(0.5*variable.particle_age)", "v.entity_scale*(0.2+variable.particle_random_1*0.2)-(0.5*variable.particle_age)"],
				"facing_camera_mode": "lookat_xyz",
				"uv": {
					"texture_width": 8,
					"texture_height": 8,
					"uv": [3, 0],
					"uv_size": [1, 1]
				}
			},
			"minecraft:particle_appearance_tinting": {
				"color": {
					"interpolant": "v.particle_random_2",
					"gradient": {
						"0.0": "#FFFF3F00",
						"0.5": "#FFFF7B00",
						"1.0": "#FFFFCB00"
					}
				}
			}
		}
	}
}