{
	"format_version":"1.17.0",
	"minecraft:entity":{
	   "description":{
		  "identifier":"tt:creeper_magmatico",
		  "is_spawnable":true,
		  "is_summonable":true,
		  "is_experimental":false,
		  "runtime_identifier":"minecraft:creeper"
	   },
	   "components":{
		  "minecraft:experience_reward":{
			 "on_death":"query.last_hit_by_player?5:0"
		  },
		  "minecraft:type_family":{
			 "family":[
				"creeper",
				"monster",
				"mob"
			 ]
		  },
		  "minecraft:breathable":{
			 "total_supply":15,
			 "suffocate_time":0
		  },
		  "minecraft:nameable":{
			 
		  },
		  "minecraft:collision_box":{
			 "width":0.8,
			 "height":1.6
		  },
		  "minecraft:movement":{
			 "value":0.2
		  },
		  "minecraft:navigation.walk":{
			 "can_path_over_water":true
		  },
		  "minecraft:movement.basic":{
			 
		  },
		  "minecraft:jump.static":{
			 
		  },
		  "minecraft:can_climb":{
			 
		  },
		  "minecraft:loot":{
			 "table":"loot_tables/entities/creeper_magmatico.json"
		  },
		  "minecraft:health":{
			 "value":50,
			 "max":60
		  },
		  "minecraft:hurt_on_condition":{
			 "damage_conditions":[
				{
				   "filters":{
					  "test":"in_lava",
					  "subject":"self",
					  "operator":"==",
					  "value":true
				   },
				   "cause":"lava",
				   "damage_per_tick":4
				}
			 ]
		  },
		  "minecraft:attack":{
			 "damage":3
		  },
		  "minecraft:scale":{
			 "value":1
		  },
		  "minecraft:damage_sensor":{
			 "triggers":{
				"on_damage":{
				   "filters":{
					  "test":"is_family",
					  "subject":"other",
					  "value":"lightning"
				   },
				   "event":"minecraft:become_charged"
				},
				"deals_damage":false
			 }
		  },
		  "minecraft:target_nearby_sensor":{
			 "inside_range":2.5,
			 "outside_range":6,
			 "must_see":true,
			 "on_inside_range":{
				"event":"minecraft:start_exploding",
				"target":"self"
			 },
			 "on_outside_range":{
				"event":"minecraft:stop_exploding",
				"target":"self"
			 },
			 "on_vision_lost_inside_range":{
				"event":"minecraft:stop_exploding",
				"target":"self"
			 }
		  },
		  "minecraft:interact":{
			 "interactions":{
				"on_interact":{
				   "filters":{
					  "all_of":[
						 {
							"test":"is_family",
							"subject":"other",
							"value":"player"
						 },
						 {
							"test":"has_equipment",
							"domain":"hand",
							"subject":"other",
							"value":"flint_and_steel"
						 },
						 {
							"test":"has_component",
							"operator":"!=",
							"value":"minecraft:explode"
						 }
					  ]
				   },
				   "event":"minecraft:start_exploding_forced",
				   "target":"self"
				},
				"hurt_item":1,
				"swing":true,
				"play_sounds":"ignite",
				"interact_text":"action.interact.creeper"
			 }
		  },
		  "minecraft:despawn":{
			 "despawn_from_distance":{
				
			 }
		  },
		  "minecraft:behavior.float":{
			 "priority":0
		  },
		  "minecraft:behavior.swell":{
			 "start_distance":2.5,
			 "stop_distance":6,
			 "priority":2
		  },
		  "minecraft:behavior.melee_attack":{
			 "priority":4,
			 "speed_multiplier":1.25,
			 "track_target":false,
			 "reach_multiplier":0
		  },
		  "minecraft:behavior.avoid_mob_type":{
			 "priority":3,
			 "entity_types":[
				{
				   "filters":{
					  "any_of":[
						 {
							"test":"is_family",
							"subject":"other",
							"value":"ocelot"
						 },
						 {
							"test":"is_family",
							"subject":"other",
							"value":"cat"
						 }
					  ]
				   },
				   "max_dist":6,
				   "sprint_speed_multiplier":1.2
				}
			 ]
		  },
		  "minecraft:behavior.random_stroll":{
			 "priority":5,
			 "speed_multiplier":1
		  },
		  "minecraft:behavior.look_at_player":{
			 "priority":6,
			 "look_distance":8
		  },
		  "minecraft:behavior.random_look_around":{
			 "priority":6
		  },
		  "minecraft:behavior.nearest_attackable_target":{
			 "priority":1,
			 "must_see":true,
			 "must_see_forget_duration":3,
			 "entity_types":[
				{
				   "filters":{
					  "test":"is_family",
					  "subject":"other",
					  "value":"player"
				   },
				   "max_dist":16
				}
			 ]
		  },
		  "minecraft:behavior.hurt_by_target":{
			 "priority":2
		  },
		  "minecraft:physics":{
			 
		  },
		  "minecraft:pushable":{
			 "is_pushable":true,
			 "is_pushable_by_piston":true
		  },
		  "minecraft:on_target_escape":{
			 "event":"minecraft:stop_exploding",
			 "target":"self"
		  },
		  "minecraft:conditional_bandwidth_optimization":{
			 
		  },
		  "minecraft:fire_immune":true,
		  "minecraft:timer":{
			 "time":[
				4,
				10
			 ],
			 "looping":true,
			 "randomInterval":true,
			 "time_down_event":{
				"event":"tt:particula"
			 }
		  }
	   },
	   "events":{
		  "tt:particula":{
			 "run_command":{
				"command":[
				   "particle tt:prueba ~ ~ ~",
				   "damage @e[r=2,type=!tt:creeper_magmatico,type=!tt:creeper_magmatico_retorcido] 1"
				]
			 }
		  },
		  "minecraft:start_exploding_forced":{
			 "sequence":[
				{
				   "filters":{
					  "test":"has_component",
					  "operator":"!=",
					  "value":"minecraft:is_charged"
				   },
				   "add":{
					  "component_groups":[
						 "minecraft:forced_exploding"
					  ]
				   }
				},
				{
				   "filters":{
					  "test":"has_component",
					  "value":"minecraft:is_charged"
				   },
				   "add":{
					  "component_groups":[
						 "minecraft:forced_charged_exploding"
					  ]
				   }
				}
			 ]
		  },
		  "minecraft:start_exploding":{
			 "sequence":[
				{
				   "filters":{
					  "test":"has_component",
					  "operator":"!=",
					  "value":"minecraft:is_charged"
				   },
				   "add":{
					  "component_groups":[
						 "minecraft:exploding"
					  ]
				   }
				},
				{
				   "filters":{
					  "test":"has_component",
					  "value":"minecraft:is_charged"
				   },
				   "add":{
					  "component_groups":[
						 "minecraft:charged_exploding"
					  ]
				   }
				}
			 ]
		  },
		  "minecraft:stop_exploding":{
			 "remove":{
				"component_groups":[
				   "minecraft:exploding"
				]
			 }
		  },
		  "minecraft:become_charged":{
			 "remove":{
				"component_groups":[
				   "minecraft:exploding"
				]
			 },
			 "add":{
				"component_groups":[
				   "minecraft:charged_creeper"
				]
			 }
		  },
		  "spawn_adult":{
			 "add":{
				"component_groups":[
				   "tt:creeper_magmatico_adult",
				   "tt:detect_suffocating"
				]
			 }
		  },
		  "spawn_baby":{
			 "add":{
				"component_groups":[
				   "tt:creeper_magmatico_baby",
				   "tt:detect_suffocating"
				]
			 }
		  },
		  "minecraft:entity_spawned":{
			 "randomize":[
				{
				   "weight":40,
				   "trigger":"spawn_adult"
				},
				{
				   "weight":2,
				   "trigger":"spawn_adult_piglin_jockey"
				},
				{
				   "weight":8,
				   "trigger":"spawn_adult_parent_jockey"
				},
				{
				   "weight":50,
				   "trigger":"spawn_baby"
				}
			 ]
		  },
		  "minecraft:ageable_grow_up":{
			 "remove":{
				"component_groups":[
				   "tt:creeper_magmatico_baby"
				]
			 },
			 "add":{
				"component_groups":[
				   "tt:creeper_magmatico_adult"
				]
			 }
		  },
		  "spawn_adult_parent_jockey":{
			 "add":{
				"component_groups":[
				   "tt:creeper_magmatico_adult",
				   "tt:creeper_magmatico_parent_jockey",
				   "tt:detect_suffocating"
				]
			 }
		  },
		  "spawn_adult_piglin_jockey":{
			 "add":{
				"component_groups":[
				   "tt:creeper_magmatico_adult",
				   "tt:creeper_magmatico_piglin_jockey",
				   "tt:detect_suffocating"
				]
			 }
		  },
		  "minecraft:entity_born":{
			 "trigger":"spawn_baby"
		  }
	   },
	   "component_groups":{
		  "minecraft:exploding":{
			 "minecraft:explode":{
				"fuse_length":1.5,
				"fuse_lit":true,
				"power":4,
				"causes_fire":true,
				"destroy_affected_by_griefing":true
			 }
		  },
		  "minecraft:charged_creeper":{
			 "minecraft:is_charged":{
				
			 }
		  },
		  "minecraft:charged_exploding":{
			 "minecraft:explode":{
				"fuse_length":1.5,
				"fuse_lit":true,
				"power":6,
				"causes_fire":true,
				"destroy_affected_by_griefing":true
			 }
		  },
		  "minecraft:forced_exploding":{
			 "minecraft:target_nearby_sensor":{
				
			 },
			 "minecraft:explode":{
				"fuse_length":1.5,
				"fuse_lit":true,
				"power":5,
				"causes_fire":true,
				"destroy_affected_by_griefing":true
			 },
			 "minecraft:on_target_escape":{
				
			 }
		  },
		  "minecraft:forced_charged_exploding":{
			 "minecraft:target_nearby_sensor":{
				
			 },
			 "minecraft:explode":{
				"fuse_length":1.5,
				"fuse_lit":true,
				"power":7,
				"causes_fire":true,
				"destroy_affected_by_griefing":true
			 },
			 "minecraft:on_target_escape":{
				
			 }
		  },
		  "tt:creeper_magmatico_adult":{
			 "minecraft:type_family":{
				"family":[
				   "tt:creeper_magmatico",
				   "tt:creeper_magmatico_retorcido",
				   "monster"
				]
			 },
			 "minecraft:behavior.breed":{
				"priority":4,
				"speed_multiplier":1
			 },
			 "minecraft:loot":{
				"table":"loot_tables/entities/creeper_magmatico.json"
			 },
			 "minecraft:experience_reward":{
				"on_bred":"math.random(1,7)",
				"on_death":"query.last_hit_by_player?math.random(1,3):0"
			 }
		  },
		  "tt:creeper_magmatico_baby":{
			 "minecraft:type_family":{
				"family":[
				   "tt:creeper_magmatico",
				   "tt:creeper_magmatico_retorcido",
				   "monster"
				]
			 },
			 "minecraft:is_baby":{
				
			 },
			 "minecraft:scale":{
				"value":0.5
			 },
			 "minecraft:behavior.follow_parent":{
				"priority":6,
				"speed_multiplier":1.1
			 }
		  },
		  "tt:creeper_magmatico_piglin_jockey":{
			 "minecraft:addrider":{
				"entity_type":"tt:creeper_magmatico_retorcido",
				"spawn_event":"spawn_baby"
			 },
			 "minecraft:rideable":{
				"seat_count":1,
				"family_types":[
				   "strider"
				],
				"seats":{
				   "position":[
					  0,
					  1.5,
					  0
				   ]
				}
			 }
		  },
		  "tt:creeper_magmatico_parent_jockey":{
			 "minecraft:addrider":{
				"entity_type":"tt:creeper_magmatico",
				"spawn_event":"spawn_baby"
			 },
			 "minecraft:rideable":{
				"seat_count":1,
				"family_types":[
				   "tt:creeper_magmatico"
				],
				"seats":{
				   "position":[
					  0,
					  1.5,
					  0
				   ]
				}
			 }
		  }
	   }
	}
 }