{
	"format_version": "1.16.200",
	"minecraft:entity": {
		"description": {
			"identifier": "tt:soulstrider",
			"is_spawnable": true,
			"is_summonable": true,
			"is_experimental": false
		},
		"components": {
			"minecraft:type_family": {
				"family": [
					"piglin",
					"adult_piglin",
					"piglin_brute",
					"monster",
					"soulstrider"
				]
			},
			"minecraft:collision_box": {
				"width": 0.9,
				"height": 1.7
			},
			"minecraft:pushable": {
				"is_pushable": true,
				"is_pushable_by_piston": true
			},
			"minecraft:hurt_on_condition": {
				"damage_conditions": [
					{
						"filters": {
							"test": "in_contact_with_water",
							"operator": "==",
							"value": true
						},
						"cause": "drowning",
						"damage_per_tick": 1
					}
				]
			},
			"minecraft:leashable": {
				"soft_distance": 4,
				"hard_distance": 6,
				"max_distance": 10
			},
			"minecraft:despawn": {
				"despawn_from_distance": {}
			},
			"minecraft:movement": {
				"value": 0.16
			},
			"minecraft:lava_movement": {
				"value": 0.32
			},
			"minecraft:movement.basic": {},
			"minecraft:navigation.walk": {
				"can_path_over_lava": true,
				"avoid_water": true,
				"can_sink": false,
				"can_walk_in_lava": true
			},
			"minecraft:jump.static": {},
			"minecraft:health": {
				"value": 18,
				"max": 18
			},
			"minecraft:fire_immune": true,
			"minecraft:physics": {},
			"minecraft:behavior.rise_to_liquid_level": {
				"priority": 0,
				"liquid_y_offset": 0.25,
				"rise_delta": 0.01,
				"sink_delta": 0.01
			},
			"minecraft:behavior.move_to_liquid": {
				"priority": 7,
				"search_range": 16,
				"search_height": 10,
				"goal_radius": 0.9,
				"material_type": "Lava",
				"search_count": 30
			},
			"minecraft:behavior.random_stroll": {
				"priority": 8,
				"speed_multiplier": 0.8
			},
			"minecraft:behavior.look_at_player": {
				"priority": 9,
				"look_distance": 6,
				"probability": 0.02
			},
			"minecraft:behavior.random_look_around": {
				"priority": 10
			},
			"minecraft:follow_range": {
				"value": 32
			},
			"minecraft:behavior.melee_attack": {
				"priority": 3
			},
			"minecraft:attack": {
				"damage": 5
			},
			"minecraft:behavior.nearest_attackable_target": {
				"priority": 2,
				"must_see": true,
				"reselect_targets": true,
				"within_radius": 15,
				"must_see_forget_duration": 17,
				"entity_types": [
					{
						"filters": {
							"any_of": [
								{
									"test": "is_family",
									"subject": "other",
									"value": "player"
								},
								{
									"test": "is_family",
									"subject": "other",
									"value": "mob"
								},
								{
									"test": "is_family",
									"subject": "other",
									"value": "irongolem"
								}
							]
						},
						"max_dist": 35
					},
					{
						"filters": {
							"any_of": [
								{
									"test": "is_family",
									"subject": "other",
									"value": "petblackstone"
								},
								{
									"test": "is_family",
									"subject": "other",
									"value": "petblackstone"
								}
							]
						},
						"max_dist": 35,
						"must_see": false
					}
				]
			},
			"minecraft:loot": {
				"table": "loot_tables/soulstrider.json"
			}
		},
		"events": {
			"minecraft:entity_spawned": {
				"randomize": [
					{
						"weight": 40,
						"trigger": "spawn_adult"
					},
					{
						"weight": 2,
						"trigger": "spawn_adult_piglin_jockey"
					},
					{
						"weight": 8,
						"trigger": "spawn_adult_parent_jockey"
					},
					{
						"weight": 50,
						"trigger": "spawn_baby"
					}
				]
			},
			"minecraft:entity_born": {
				"trigger": "spawn_baby"
			},
			"spawn_adult": {
				"add": {
					"component_groups": [
						"tt:soulstrider_adult",
						"tt:detect_suffocating"
					]
				}
			},
			"spawn_adult_parent_jockey": {
				"add": {
					"component_groups": [
						"tt:soulstrider_adult",
						"tt:soulstrider_parent_jockey",
						"tt:detect_suffocating"
					]
				}
			},
			"spawn_adult_piglin_jockey": {
				"add": {
					"component_groups": [
						"tt:soulstrider_adult",
						"tt:soulstrider_piglin_jockey",
						"tt:detect_suffocating"
					]
				}
			},
			"spawn_baby": {
				"add": {
					"component_groups": [
						"tt:soulstrider_baby",
						"tt:detect_suffocating"
					]
				}
			},
			"minecraft:ageable_grow_up": {
				"remove": {
					"component_groups": [
						"tt:souldstrider_baby"
					]
				},
				"add": {
					"component_groups": [
						"tt:souldstrider_adult"
					]
				}
			},
			"start_suffocating": {
				"add": {
					"component_groups": [
						"tt:start_suffocating"
					]
				}
			},
			"stop_suffocating": {
				"add": {
					"component_groups": [
						"tt:detect_suffocating"
					]
				},
				"remove": {
					"component_groups": [
						"tt:start_suffocating"
					]
				}
			}
		},
		"component_groups": {
			"tt:detect_suffocating": {
				"minecraft:environment_sensor": {
					"triggers": {
						"filters": {
							"all_of": [
								{
									"test": "in_lava",
									"subject": "self",
									"operator": "==",
									"value": false
								},
								{
									"any_of": [
										{
											"test": "is_riding",
											"subject": "self",
											"operator": "==",
											"value": false
										},
										{
											"test": "in_lava",
											"subject": "other",
											"operator": "==",
											"value": false
										}
									]
								}
							]
						},
						"event": "start_suffocating"
					}
				}
			},
			"tt:start_suffocating": {
				"minecraft:environment_sensor": {
					"triggers": {
						"filters": {
							"any_of": [
								{
									"test": "in_lava",
									"subject": "self",
									"operator": "==",
									"value": true
								},
								{
									"test": "in_lava",
									"subject": "other",
									"operator": "==",
									"value": true
								}
							]
						},
						"event": "stop_suffocating"
					}
				},
				"minecraft:is_shaking": {}
			},
			"tt:soulstrider_adult": {
				"minecraft:type_family": {
					"family": [
						"strider",
						"strider_adult",
						"monster"
					]
				},
				"minecraft:behavior.breed": {
					"priority": 4,
					"speed_multiplier": 1
				},
				"minecraft:loot": {
					"table": "loot_tables/entities/strider.json"
				},
				"minecraft:experience_reward": {
					"on_bred": "math.random(1,7)",
					"on_death": "query.last_hit_by_player?math.random(1,3):0"
				}
			},
			"tt:soulstrider_baby": {
				"minecraft:type_family": {
					"family": [
						"strider",
						"strider_baby",
						"monster"
					]
				},
				"minecraft:is_baby": {},
				"minecraft:scale": {
					"value": 0.5
				},
				"minecraft:behavior.follow_parent": {
					"priority": 6,
					"speed_multiplier": 1.1
				}
			},
			"tt:soulstrider_piglin_jockey": {
				"minecraft:addrider": {
					"entity_type": "minecraft:strider",
					"spawn_event": "spawn_baby"
				},
				"minecraft:rideable": {
					"seat_count": 1,
					"family_types": [
						"strider"
					],
					"seats": {
						"position": [
							0,
							1.6,
							0
						]
					}
				}
			},
			"tt:soulstrider_parent_jockey": {
				"minecraft:addrider": {
					"entity_type": "tt:soulstrider",
					"spawn_event": "spawn_baby"
				},
				"minecraft:rideable": {
					"seat_count": 1,
					"family_types": [
						"strider"
					],
					"seats": {
						"position": [
							0,
							1.6,
							0
						]
					}
				}
			}
		}
	}
}