{
	"format_version": "1.12.0",
	"minecraft:geometry": [
		{
			"description": {
				"identifier": "geometry.serplawnmower",
				"texture_width": 48,
				"texture_height": 48,
				"visible_bounds_width": 3,
				"visible_bounds_height": 2.5,
				"visible_bounds_offset": [0, 0.75, 0]
			},
			"bones": [
				{
					"name": "lawn_mower",
					"pivot": [0, 0, 7]
				},
				{
					"name": "machine",
					"parent": "lawn_mower",
					"pivot": [0, 1, 0],
					"cubes": [
						{"origin": [-5, 1, -4.5], "size": [10, 3, 11], "uv": [1, 1]},
						{"origin": [-7, 1.5, -1.5], "size": [2, 2, 3], "uv": [0, 0]},
						{"origin": [5, 1.5, -1.5], "size": [2, 2, 3], "uv": [0, 0], "mirror": true},
						{"origin": [-3, 4, -3], "size": [6, 3, 6], "uv": [0, 16]},
						{"origin": [-2, 7, 3], "size": [1, 3, 0], "pivot": [-1, 7, 3], "rotation": [-45, 0, -25], "uv": [9, 6]},
						{"origin": [-1.5, 7, -1.5], "size": [3, 1, 3], "uv": [0, 32]},
						{"origin": [-2, 8, -2], "size": [4, 1, 4], "uv": [21, 22]},
						{"origin": [-4, 4.5, -1], "size": [1, 2, 2], "uv": [18, 35]},
						{"origin": [-3.5, 5, -2.5], "size": [1, 1, 5], "uv": [25, 28]},
						{"origin": [-5.5, 5, 1.5], "size": [2, 1, 1], "uv": [20, 28]},
						{"origin": [-3, 1, -6.5], "size": [6, 3, 2], "uv": [0, 26]},
						{"origin": [-5.83, 1, -6.5], "size": [2.83, 3, 2], "pivot": [-3, 3, -6.5], "rotation": [0, 45, 0], "uv": [0, 6]},
						{"origin": [3, 1, -6.5], "size": [2.83, 3, 2], "pivot": [3, 3, -6.5], "rotation": [0, -45, 0], "uv": [0, 6], "mirror": true}
					]
				},
				{
					"name": "handle",
					"parent": "machine",
					"pivot": [0, 4, 5],
					"rotation": [-30, 0, 0],
					"cubes": [
						{"origin": [-4, 4, 5], "size": [1, 9, 1], "pivot": [-3, 13, 6], "rotation": [0, 0, -7], "uv": [33, 0]},
						{"origin": [3, 4, 5], "size": [1, 9, 1], "pivot": [3, 13, 6], "rotation": [0, 0, 7], "uv": [33, 0], "mirror": true},
						{"origin": [-3, 12, 5], "size": [6, 1, 1], "uv": [19, 19]},
						{"origin": [-3, 8, 5], "size": [6, 1, 1], "uv": [19, 19]}
					]
				},
				{
					"name": "front_weels",
					"parent": "lawn_mower",
					"pivot": [0, 2.5, -4.5],
					"cubes": [
						{"origin": [-5.5, 2, -5], "size": [11, 1, 1], "uv": [19, 16]},
						{"origin": [-6.5, 1.5, -7], "size": [1, 2, 5], "uv": [12, 27]},
						{"origin": [5.5, 1.5, -7], "size": [1, 2, 5], "uv": [12, 27], "mirror": true},
						{"origin": [-6.6, 1, -6], "size": [0, 3, 3], "uv": [34, 19]},
						{"origin": [6.6, 1, -6], "size": [0, 3, 3], "uv": [34, 19], "mirror": true},
						{"origin": [-6.5, 1.5, -7], "size": [1, 2, 2.12], "pivot": [-7, 3.5, -7], "rotation": [45, 0, 0], "uv": [33, 28]},
						{"origin": [5.5, 1.5, -7], "size": [1, 2, 2.12], "pivot": [7, 3.5, -7], "rotation": [45, 0, 0], "uv": [33, 28], "mirror": true},
						{"origin": [-6.5, 1.49907, -6.99907], "size": [1, 2, 2.12], "pivot": [-7, 1.49907, -6.99907], "rotation": [-45, 0, 0], "uv": [33, 28]},
						{"origin": [5.5, 1.49907, -6.99907], "size": [1, 2, 2.12], "pivot": [7, 1.49907, -6.99907], "rotation": [-45, 0, 0], "uv": [33, 28], "mirror": true},
						{"origin": [-6.5, 1.49907, -4.12093], "size": [1, 2, 2.12], "pivot": [-7, 1.49907, -2.00093], "rotation": [45, 0, 0], "uv": [33, 28]},
						{"origin": [5.5, 1.49907, -4.12093], "size": [1, 2, 2.12], "pivot": [7, 1.49907, -2.00093], "rotation": [45, 0, 0], "uv": [33, 28], "mirror": true},
						{"origin": [-6.5, 1.5, -4.12], "size": [1, 2, 2.12], "pivot": [-7, 3.5, -2], "rotation": [-45, 0, 0], "uv": [33, 28]},
						{"origin": [5.5, 1.5, -4.12], "size": [1, 2, 2.12], "pivot": [7, 3.5, -2], "rotation": [-45, 0, 0], "uv": [33, 28], "mirror": true},
						{"origin": [-6.5, 0, -5.5], "size": [1, 5, 2], "uv": [11, 35]},
						{"origin": [5.5, 0, -5.5], "size": [1, 5, 2], "uv": [11, 35], "mirror": true}
					]
				},
				{
					"name": "back_weels",
					"parent": "lawn_mower",
					"pivot": [0, 2.5, 4.5],
					"cubes": [
						{"origin": [-5.5, 2, 4], "size": [11, 1, 1], "uv": [19, 16]},
						{"origin": [-6.5, 1.5, 2], "size": [1, 2, 5], "uv": [12, 27]},
						{"origin": [5.5, 1.5, 2], "size": [1, 2, 5], "uv": [12, 27], "mirror": true},
						{"origin": [-6.6, 1, 3], "size": [0, 3, 3], "uv": [34, 19]},
						{"origin": [6.6, 1, 3], "size": [0, 3, 3], "uv": [34, 19], "mirror": true},
						{"origin": [-6.5, 1.5, 2], "size": [1, 2, 2.12], "pivot": [-7, 3.5, 2], "rotation": [45, 0, 0], "uv": [33, 28]},
						{"origin": [5.5, 1.5, 2], "size": [1, 2, 2.12], "pivot": [7, 3.5, 2], "rotation": [45, 0, 0], "uv": [33, 28], "mirror": true},
						{"origin": [-6.5, 1.49907, 2.00093], "size": [1, 2, 2.12], "pivot": [-7, 1.49907, 2.00093], "rotation": [-45, 0, 0], "uv": [33, 28]},
						{"origin": [5.5, 1.49907, 2.00093], "size": [1, 2, 2.12], "pivot": [7, 1.49907, 2.00093], "rotation": [-45, 0, 0], "uv": [33, 28], "mirror": true},
						{"origin": [-6.5, 1.49907, 4.87907], "size": [1, 2, 2.12], "pivot": [-7, 1.49907, 6.99907], "rotation": [45, 0, 0], "uv": [33, 28]},
						{"origin": [5.5, 1.49907, 4.87907], "size": [1, 2, 2.12], "pivot": [7, 1.49907, 6.99907], "rotation": [45, 0, 0], "uv": [33, 28], "mirror": true},
						{"origin": [-6.5, 1.5, 4.88], "size": [1, 2, 2.12], "pivot": [-7, 3.5, 7], "rotation": [-45, 0, 0], "uv": [33, 28]},
						{"origin": [5.5, 1.5, 4.88], "size": [1, 2, 2.12], "pivot": [7, 3.5, 7], "rotation": [-45, 0, 0], "uv": [33, 28], "mirror": true},
						{"origin": [-6.5, 0, 3.5], "size": [1, 5, 2], "uv": [11, 35]},
						{"origin": [5.5, 0, 3.5], "size": [1, 5, 2], "uv": [11, 35], "mirror": true}
					]
				}
			]
		}
	]
}