{
    "format_version":"1.8.0",
    "minecraft:entity":{
        "description":{
            "identifier":"minecraftstorymode:block_large",
         "is_spawnable" : false,
        "is_experimental" : true,
        "is_summonable" : true,
                    	      "scripts": {
        "animate": [
"spawn"
        ]
	     },
	        	  "animations": {
"spawn":"animation.block_large.spawn"
   	  }
    },
    "component_groups": {
      "grass_block": {
        "minecraft:variant": { 
          "value": 0
        }
      },
      "soil_block": {
        "minecraft:variant": { 
          "value": 1
        }
      },


      "gravity_off": {
      "minecraft:projectile": {
                   "minecraft:mark_variant":{"value":3},
        "onHit": {
          "spawn_aoe_cloud": {
            "radius": 2.0,
            "radius_on_use": 0,
            "potion": 22,
            "particle": "heart",
            "duration": 2,
            "affect_owner": true
          },
          "remove_on_hit": { }
        },
        "power": 1.3,
        "gravity": 0.00,
        "inertia": 1,
        "anchor": 2
      },
        "minecraft:scale": {
          "value": 0
        }
      },
      "minecraft:rock_sky": {
        "minecraft:timer": {
          "time": 0.1,
          "looping": true,
          "time_down_event": {
            "event": "minecraft:fly",
            "target": "self"
          }
        },
         "minecraft:mark_variant":{"value":1}

      },
            "minecraft:death": {
         "minecraft:mark_variant":{"value":2},
                 "minecraft:health": {
          "value": -1,
          "max": -1
        },
        "minecraft:scale": {
          "value": 0
        }

      },
      "minecraft:rock_gravity": {
        "minecraft:timer": {
          "time": 1,
          "looping": true,
          "time_down_event": {
            "event": "minecraft:fly_attack",
            "target": "self"
          }
        }
      },
      "minecraft:exploding": {
                   "minecraft:mark_variant":{"value":3},

          "minecraft:explode": {
     "fuseLength": 0.2,
        "fuseLit": true,
        "power": 0,
        "causesFire": false
    }
      },
      "minecraft:rock_normal":{
                  "minecraft:timer": {
          "time": 15,
          "looping": true,
          "time_down_event": {
            "event": "minecraft:death",
            "target": "self"
          }
        }
      }
    },

    "components": {
      "minecraft:type_family": {
        "family":["wither_storm","inanimate","block" ]
      },
      "minecraft:fire_immune": true,
      "minecraft:breathable": {
        "breathesAir": true,
        "breathesWater": true
      },
      "minecraft:health": {
        "value": 1,
        "max": 1
      },
      "minecraft:collision_box": {
        "width": 0.45,
        "height": 0.45
      },
      "minecraft:fall_damage": {
        "value": 0.0
      },

          "minecraft:explode": {
     "fuseLength": 2,
        "fuseLit": true,
        "power": 0,
        "causesFire": false
    },
      "minecraft:damage_sensor": {
        "deals_damage": false
      },
      "minecraft:attack": {
        "damage": 0
      },
      "minecraft:behavior.nearest_attackable_target": {
        "within_radius": 125,
        "entity_types": [
          {
            "filters": { "test" :  "is_family", "subject" : "other", "value" :  "ws_body"},
            "max_dist": 125
          }
        ]
      },
      "minecraft:target_nearby_sensor": {
        "inside_range": 1.5,
        "outside_range": 1.5,
        "on_inside_range": {
          "event": "minecraft:start_exploding",
          "target": "self"
        },
        "on_outside_range": {
          "event": "minecraft:stop_exploding",
          "target": "self"
        }
      },
      "minecraft:movement": {
        "value": 0.0
      },
      "minecraft:movement.basic": {
      },
      "minecraft:follow_range": {
        "value": 125,
        "max": 125
      },
      "minecraft:navigation.float": {
        "can_float": true
      },
      "minecraft:jump.static": {
      },
      "minecraft:can_climb": {
      },
      "minecraft:behavior.float": {
      },

      "minecraft:behavior.charge_attack": {
      },
      "minecraft:timer": {
        "time": 15,
        "looping": true,
        "time_down_event": {
          "event": "wither_storm",
          "target": "self"
        }
      },
      "minecraft:on_target_escape": {
        "event": "minecraft:stop_exploding",
        "target": "self"
      },
      "minecraft:physics": {
        "has_gravity": false
      }
    },
    "events": {
      "wither_storm": {
        "add": {
          "component_groups": [
            "gravity_off"
          ]
        }
      },
            "minecraft:death": {
        "add": {
          "component_groups": [
            "minecraft:death"
          ]
        }
      },
      "minecraft:fly": {
        "remove": {
          "component_groups": [
            "minecraft:rock_sky"
          ]
        },
        "add": {
          "component_groups": [
            "minecraft:rock_gravity"
          ]
        }
      },
      "minecraft:fly_attack": {
        "remove": {
          "component_groups": [
            "minecraft:rock_gravity"
          ]
        },
        "add": {
          "component_groups": [
            "minecraft:rock_normal"
          ]
        }
      },
      "minecraft:start_exploding": {
        "add": {
          "component_groups": [
            "minecraft:exploding"
          ]
        }
      },
      "minecraft:stop_exploding": {
        "remove": {
          "component_groups": [
            "minecraft:exploding"
          ]
        }
      },
      "minecraft:entity_spawned": {
                  "sequence": [
          {
        "randomize": [
          {
            "weight": 1,
            "add": {
              "component_groups": [
                "minecraft:rock_sky",
                "grass_block"
              ]
            }
          },
          {
            "weight": 1,
            "add": {
              "component_groups": [
                "minecraft:rock_sky",
                "soil_block"
              ]
            }
          }
        ]
          }
          ]
      }
    }
      }
  }