{
  "format_version": "1.8.0",
  "minecraft:client_entity": {
    "description": {
      "identifier": "sans:bone1",
      "materials": {
        "default": "gb"
      },
      "textures": {
        "default": "bone1"
      },
      "geometry": {
        "default": "geometry.sansbone"
      },

        "spawn_egg": {
        "texture": "sans:face",
        "texture_index": 0
      },
      "animations": {
       "sans_move": "animation.sans_bone1"
      },
      "animation_controllers": [
        { "sans_move": "controller.animation.sans_move" }
      ],
      "render_controllers": [ "controller.render.gb" ],
      "enable_attachables": true
    }
  }
}
