{
  "format_version": "1.8.0",
  "minecraft:client_entity": {
    "description": {
      "identifier": "sans:sbone",
      "materials": {
        "default": "sans",
        "invisible": "sans2"
      },
      "textures": {
        "default": "bone"
      },
      "geometry": {
        "default": "geometry.ssansbone"
      },
        "spawn_egg": {
        "texture": "sans:face",
        "texture_index": 0
      },
         "animation_controllers": [
        { "ssans": "controller.animation.ssans" }
      ],

      "animations": {
       "sbone": "animation.sbone"
      },
      "render_controllers": [ "controller.render.sans" ],
      "enable_attachables": true
    }
  }
}
