{
	"format_version": "1.10.0",
	"geometry.grass_block10": {
		"texturewidth": 64,
		"textureheight": 32,
		"visible_bounds_width": 8,
		"visible_bounds_height": 7,
		"visible_bounds_offset": [0, 0.5, 0],
		"bones": [
			{
				"name": "body",
				"pivot": [16, -15, -16],
				"cubes": [
					{"origin": [8, -15, -40], "size": [16, 16, 16], "uv": [0, 0]},
					{"origin": [-8, -15, -40], "size": [16, 16, 16], "uv": [0, 0]},
					{"origin": [-8, -15, -24], "size": [16, 16, 16], "uv": [0, 0]},
					{"origin": [8, -15, -8], "size": [16, 16, 16], "uv": [0, 0]},
					{"origin": [-8, -15, -8], "size": [16, 16, 16], "uv": [0, 0]},
					{"origin": [-8, -15, 8], "size": [16, 16, 16], "uv": [0, 0]},
					{"origin": [-24, -15, -24], "size": [16, 16, 16], "uv": [0, 0]},
					{"origin": [-24, -15, -8], "size": [16, 16, 16], "uv": [0, 0]},
					{"origin": [8, -15, -24], "size": [16, 16, 16], "uv": [0, 0]},
					{"origin": [8, -31, -24], "size": [16, 16, 16], "uv": [0, 0]},
					{"origin": [8, -31, -8], "size": [16, 16, 16], "uv": [0, 0]},
					{"origin": [24, -31, -8], "size": [16, 16, 16], "uv": [0, 0]},
					{"origin": [24, -15, -8], "size": [16, 16, 16], "uv": [0, 0]},
					{"origin": [8, -31, 8], "size": [16, 16, 16], "uv": [0, 0]},
					{"origin": [8, -47, -8], "size": [16, 16, 16], "uv": [0, 0]},
					{"origin": [-7, -47, 8], "size": [16, 16, 16], "uv": [0, 0]},
					{"origin": [8, -15, 8], "size": [16, 16, 16], "uv": [0, 0]},
					{"origin": [-7, -31, 8], "size": [16, 16, 16], "uv": [0, 0]},
					{"origin": [24, 1, -8], "size": [16, 16, 16], "uv": [0, 0]},
					{"origin": [8, 1, -8], "size": [16, 16, 16], "uv": [0, 0]},
					{"origin": [8, 1, 8], "size": [16, 16, 16], "uv": [0, 0]},
					{"origin": [24, 1, 24], "size": [16, 16, 16], "uv": [0, 0]},
					{"origin": [8, 1, 24], "size": [16, 16, 16], "uv": [0, 0]},
					{"origin": [8, 1, 40], "size": [16, 16, 16], "uv": [0, 0]},
					{"origin": [-8, 1, 8], "size": [16, 16, 16], "uv": [0, 0]},
					{"origin": [-8, 1, 24], "size": [16, 16, 16], "uv": [0, 0]},
					{"origin": [24, -15, 8], "size": [16, 16, 16], "uv": [0, 0]},
					{"origin": [24, -15, -22], "size": [16, 16, 16], "uv": [0, 0]}
				]
			}
		]
	}
}