{
  "format_version": "1.21.20",
  "minecraft:block": {
    "description": {
      "identifier": "gb:muzzle_flash2"
    },
    "components": {
      "minecraft:destructible_by_mining": false,
      "minecraft:destructible_by_explosion": true,
      "minecraft:light_emission": 3,
      "minecraft:light_dampening": 0,
      "minecraft:geometry": "minecraft:geometry.full_block",
      "minecraft:material_instances": {
        "*": {
          "texture": "explosion_flash",
          "render_method": "alpha_test"
        }
      },
      "minecraft:custom_components": [
        "gb:muzzle_flash"
      ],
      "minecraft:tick": {
        "interval_range": [
          0.1,
          0.1
        ],
        "looping": true
      },
      "minecraft:selection_box": false,
      "minecraft:collision_box": false
    }
  }
}