{
  "format_version":"1.10.0",
  "minecraft:client_entity":{
    "description":{
      "identifier":"pokemon:p78",
      "materials":{"default":"pokemon","aura":"aura"},
      "textures":{
    "evo_aura":"textures/entity/aura/evolve",
    "max_aura":"textures/entity/aura/max",
    "totem_aura":"textures/entity/aura/totem",
    "default":"textures/entity/normal/ponyta/rapidash",
    "default_s":"textures/entity/shiny/ponyta/rapidash",
    "mega1":"textures/entity/normal/ponyta/rapidash",
    "mega_s1":"textures/entity/shiny/ponyta/rapidash",
    "mega2":"textures/entity/normal/ponyta/rapidash",
    "mega_s2":"textures/entity/shiny/ponyta/rapidash",
    "gigamax":"textures/entity/normal/ponyta/rapidash",
    "gigamax_s":"textures/entity/shiny/ponyta/rapidash"
      },
      "geometry":{
    "default":"geometry.serprapidash",
    "mega1":"geometry.serprapidash",
    "mega2":"geometry.serprapidash",
    "gigamax":"geometry.serprapidash"
      },
      "animations":{
    "eyes_controller":"controller.animation.eyes",
    "open":"animation.serpmob.open",
    "close":"animation.serpmob.close",
    "angry":"animation.serpmob.angry",
    "fainted":"animation.serpmob.fainted",
    "quiet":"animation.rapidash.quiet",
    "walk":"animation.rapidash.walk",
    "sit":"animation.rapidash.sitting",
    "attack":"animation.rapidash.attack",
    "attack2":"animation.rapidash.attack2",
    "defeated":"animation.rapidash.defeated",
    "look_at_target":"animation.common.look_at_target",
    "main_controller":"controller.animation.pokemon_ground",
    "effects_controller":"controller.animation.firehorse_effects"
      },
      "particle_effects":{
    "shiny":"serp:shiny",
    "evolve":"serp:evolve",
    "head_fire":"serp:rapidash_head",
    "neck_fire":"serp:rapidash_neck",
    "body_fire":"serp:rapidash_body",
    "tail_fire":"serp:rapidash_tail",
    "leg_fire":"serp:rapidash_leg",
    "heads_fire":"serp:rapidash_heads",
    "necks_fire":"serp:rapidash_necks",
    "bodys_fire":"serp:rapidash_bodys",
    "tails_fire":"serp:rapidash_tails",
    "legs_fire":"serp:rapidash_legs"
      },
      "scripts":{
    "scale":"1",
    "animate":["effects_controller","main_controller"]
      },
      "render_controllers":[{"controller.render.pokemon":"query.property('serp:v')<3"},{"controller.render.pokemons":"query.property('serp:v')>2"},{"controller.render.aura":"query.is_chested"}]
    }
  }
}