{
	"format_version": "1.12.0",
	"minecraft:geometry": [
		{
			"description": {
				"identifier": "geometry.serpmarowak",
				"texture_width": 64,
				"texture_height": 64,
				"visible_bounds_width": 3,
				"visible_bounds_height": 2.5,
				"visible_bounds_offset": [0, 0.75, 0]
			},
			"bones": [
				{
					"name": "marowak",
					"pivot": [0, 0, 0]
				},
				{
					"name": "body_root",
					"parent": "marowak",
					"pivot": [0, 3, 0]
				},
				{
					"name": "head",
					"parent": "body_root",
					"pivot": [0, 13, 0.5],
					"cubes": [
						{"origin": [-3, 12.5, -1], "size": [6, 5, 4.5], "uv": [21, 11]},
						{"origin": [-3, 12.5, -2.5], "size": [6, 2, 2], "uv": [15, 31]},
						{"origin": [-1.5, 14.5, -2.5], "size": [3, 3, 1], "uv": [11, 0]},
						{"origin": [-5, 13, 1.5], "size": [2, 4, 0], "pivot": [-3, 13, 1.5], "rotation": [-22.79588, 28.02432, -11.17023], "uv": [16, 14]},
						{"origin": [3, 13, 1.5], "size": [2, 4, 0], "pivot": [3, 13, 1.5], "rotation": [-22.79588, -28.02432, 11.17023], "uv": [16, 14], "mirror": true},
						{"origin": [-3, 11, -2], "size": [0, 2, 4], "pivot": [-3, 13, 0], "rotation": [0, 0, 45], "uv": [23, 39]},
						{"origin": [3, 11, -2], "size": [0, 2, 4], "pivot": [3, 13, 0], "rotation": [0, 0, -45], "uv": [23, 39], "mirror": true},
						{"origin": [-2.5, 12, -2], "size": [5, 6, 5], "uv": [0, 14]},
						{"origin": [-1, 12, -4], "size": [2, 1, 2], "uv": [11, 26]},
						{"origin": [-3.5, 16.5, 1], "size": [1.5, 4, 1.5], "pivot": [-2, 17.5, 1], "rotation": [-35, 0, -25], "uv": [18, 43]},
						{"origin": [2, 16.5, 1], "size": [1.5, 4, 1.5], "pivot": [2, 17.5, 1], "rotation": [-35, 0, 25], "uv": [18, 43], "mirror": true},
						{"origin": [-1, 13, -6.5], "size": [2, 2, 4], "pivot": [0, 15, -2.5], "rotation": [15, 0, 0], "uv": [38, 7]},
						{"origin": [-1, 12.03287, -5.84607], "size": [2, 1.5, 4], "pivot": [-1, 12.03287, -5.84607], "rotation": [11.00966, -24.59477, -4.62934], "uv": [38, 33]},
						{"origin": [-1, 12.03287, -5.84607], "size": [2, 1.5, 4], "pivot": [1, 12.03287, -5.84607], "rotation": [11.00966, 24.59477, 4.62934], "uv": [38, 33], "mirror": true}
					]
				},
				{
					"name": "open_eyes",
					"parent": "head",
					"pivot": [0, 13, 0.5],
					"cubes": [
						{"origin": [-2.5, 14.5, -4], "size": [0, 2, 3], "pivot": [-2.5, 15, -2], "rotation": [0, -60, 0], "uv": [0, 39]},
						{"origin": [2.5, 14.5, -4], "size": [0, 2, 3], "pivot": [2.5, 15, -2], "rotation": [0, 60, 0], "uv": [0, 39], "mirror": true}
					]
				},
				{
					"name": "closed_eyes",
					"parent": "head",
					"pivot": [0, 13, 0.5],
					"cubes": [
						{"origin": [-2.5, 14.5, -4], "size": [0, 2, 3], "pivot": [-2.5, 15, -2], "rotation": [0, -60, 0], "uv": [0, 41]},
						{"origin": [2.5, 14.5, -4], "size": [0, 2, 3], "pivot": [2.5, 15, -2], "rotation": [0, 60, 0], "uv": [0, 41], "mirror": true}
					]
				},
				{
					"name": "angry_eyes",
					"parent": "head",
					"pivot": [0, 13, 0.5],
					"cubes": [
						{"origin": [-2.5, 14.5, -4], "size": [0, 2, 3], "pivot": [-2.5, 15, -2], "rotation": [0, -60, 0], "uv": [0, 43]},
						{"origin": [2.5, 14.5, -4], "size": [0, 2, 3], "pivot": [2.5, 15, -2], "rotation": [0, 60, 0], "uv": [0, 43], "mirror": true}
					]
				},
				{
					"name": "body",
					"parent": "body_root",
					"pivot": [0, 3, 0],
					"cubes": [
						{"origin": [-2.5, 3, -2], "size": [5, 5, 5], "uv": [21, 0]},
						{"origin": [-2.5, 8, -2], "size": [5, 4.12, 0], "pivot": [0, 8, -2], "rotation": [-14, 0, 0], "uv": [37, 0]},
						{"origin": [-2.5, 8, 3], "size": [5, 4.12, 0], "pivot": [0, 8, 3], "rotation": [166, 0, 180], "uv": [27, 38]},
						{"origin": [-2.49905, 7.99968, -2], "size": [0, 4.14, 5], "pivot": [-2.49905, 7.99968, 0.5], "rotation": [0, 0, 14], "uv": [27, 33]},
						{"origin": [2.49905, 7.99968, -2], "size": [0, 4.14, 5], "pivot": [2.49905, 7.99968, 0.5], "rotation": [0, 0, -14], "uv": [27, 33], "mirror": true},
						{"origin": [-1.5, 8, -1], "size": [3, 4, 3], "uv": [0, 34]},
						{"origin": [-3, 3.5, -1.5], "size": [1, 4, 4], "uv": [38, 17]},
						{"origin": [2, 3.5, -1.5], "size": [1, 4, 4], "uv": [38, 17]},
						{"origin": [-2, 2.5, -1.5], "size": [4, 1, 4], "uv": [30, 27]},
						{"origin": [-2, 3.5, -2.5], "size": [4, 4, 1], "uv": [38, 39]},
						{"origin": [-2, 3.5, 2.5], "size": [4, 4, 1], "uv": [38, 39]}
					]
				},
				{
					"name": "tail",
					"parent": "body",
					"pivot": [0, 4.5, 3],
					"cubes": [
						{"origin": [-1.5, 3, 3], "size": [3, 3, 4], "uv": [0, 26]},
						{"origin": [-1, 3, 7], "size": [2, 2, 4], "pivot": [0, 3, 7], "rotation": [30, 0, 0], "uv": [13, 36]},
						{"origin": [0, 5, 8.5], "size": [0, 2, 2], "pivot": [0, 3, 7], "rotation": [30, 0, 0], "uv": [0, 14]},
						{"origin": [-1, 5, 4.5], "size": [2, 2, 0], "pivot": [0, 3, 7], "rotation": [150, 0, 180], "uv": [0, 16]}
					]
				},
				{
					"name": "arms",
					"parent": "body_root",
					"pivot": [0, 11, 0]
				},
				{
					"name": "right_arm",
					"parent": "arms",
					"pivot": [-2, 11, 0.5],
					"rotation": [0, 0, 45],
					"cubes": [
						{"origin": [-3, 5.5, -0.5], "size": [2, 2, 2], "uv": [11, 5]},
						{"origin": [-3, 7.5, -0.5], "size": [2, 4, 2], "uv": [0, 0]},
						{"origin": [-1.5, 5, -5.5], "size": [0, 3, 12], "uv": [0, -2]}
					]
				},
				{
					"name": "left_arm",
					"parent": "arms",
					"pivot": [2, 11, 0.5],
					"rotation": [0, 0, -45],
					"cubes": [
						{"origin": [1, 5.5, -0.5], "size": [2, 2, 2], "uv": [11, 5], "mirror": true},
						{"origin": [1, 7.5, -0.5], "size": [2, 4, 2], "uv": [0, 0], "mirror": true}
					]
				},
				{
					"name": "legs",
					"parent": "marowak",
					"pivot": [0, 5.5, 0.5]
				},
				{
					"name": "right_leg",
					"parent": "legs",
					"pivot": [-2, 5.5, 0.5],
					"cubes": [
						{"origin": [-3, 1, -3], "size": [2, 0, 2], "pivot": [-2, 1, -1], "rotation": [30, 0, 0], "uv": [0, 7]},
						{"origin": [-3.5, 0, -1], "size": [3, 6, 3], "uv": [21, 21]}
					]
				},
				{
					"name": "left_leg",
					"parent": "legs",
					"pivot": [2, 5.5, 0.5],
					"cubes": [
						{"origin": [1, 1, -3], "size": [2, 0, 2], "pivot": [2, 1, -1], "rotation": [30, 0, 0], "uv": [0, 7], "mirror": true},
						{"origin": [0.5, 0, -1], "size": [3, 6, 3], "uv": [21, 21], "mirror": true}
					]
				}
			]
		}
	]
}