{
	"format_version": "1.8.0",
	"animations": {
		"animation.pvzzombie.flag": {
			"loop": true,
			"bones": {
				"right_arm": {
					"rotation": ["-60", 0, 0]
				}
			}
		},
		"animation.pvzzombie.pole": {
			"loop": true,
			"bones": {
				"right_arm": {
					"rotation": ["-180", 0, 0]
				}
			}
		},
		"animation.pvzzombie.protected": {
			"loop": true,
			"bones": {
				"right_arm": {
					"rotation": ["-60", 0, 0]
				},
				"left_arm": {
					"rotation": ["-60", 0, 0]
				},
				"rightItem": {
					"rotation": ["60", 0, 0],
					"position": [0, 3, 0]
				}
			}
		},
		"animation.pvzzombiebasic.quiet": {
			"loop": true,
			"bones": {
				"skull": {
					"rotation": [0, 0, -20],
					"position": ["math.cos(q.anim_time*240)*-1", 0, 0],
					"scale": 1.1
				},
				"arms": {
					"rotation": [0, 0, "math.cos(q.anim_time*240)*-5"]
				},
				"chest": {
					"rotation": [0, 0, "math.cos(q.anim_time*240)*-3"]
				}
			}
		},
		"animation.pvzzombiebasic.walk": {
			"loop": true,
			"animation_length": 1.6,
			"bones": {
				"body_root": {
					"rotation": {
						"0.0": {
							"post": [-5, 0, 0],
							"lerp_mode": "catmullrom"
						},
						"0.3": {
							"post": [5, 0, 0],
							"lerp_mode": "catmullrom"
						},
						"0.8": {
							"post": [-5, 0, 0],
							"lerp_mode": "catmullrom"
						},
						"1.1": {
							"post": [5, 0, 0],
							"lerp_mode": "catmullrom"
						},
						"1.6": {
							"post": [-5, 0, 0],
							"lerp_mode": "catmullrom"
						}
					}
				},
				"skull": {
					"position": {
						"0.0": {
							"post": [0, 0, 0],
							"lerp_mode": "catmullrom"
						},
						"0.5": {
							"post": [0, -1, -1],
							"lerp_mode": "catmullrom"
						},
						"0.8": {
							"post": [0, 0, 0],
							"lerp_mode": "catmullrom"
						},
						"1.3": {
							"post": [0, -1, -1],
							"lerp_mode": "catmullrom"
						},
						"1.6": {
							"post": [0, 0, 0],
							"lerp_mode": "catmullrom"
						}
					},
					"scale": {
						"0.0": {
							"post": [1.1, 1.1, 1.1],
							"lerp_mode": "catmullrom"
						}
					}
				},
				"mouth": {
					"rotation": {
						"0.0": [0, 0, 0],
						"0.4": [10, 0, 0],
						"0.8": [0, 0, 0],
						"1.2": [10, 0, 0],
						"1.6": [0, 0, 0]
					}
				},
				"right_arm": {
					"rotation": {
						"0.0": {
							"post": [5, 0, 0],
							"lerp_mode": "catmullrom"
						},
						"0.6": {
							"post": [-30, 0, 0],
							"lerp_mode": "catmullrom"
						},
						"1.6": {
							"post": [5, 0, 0],
							"lerp_mode": "catmullrom"
						}
					},
					"position": {
						"0.0": {
							"post": [0, 0, 1],
							"lerp_mode": "catmullrom"
						},
						"0.8": {
							"post": [0, 0, 0],
							"lerp_mode": "catmullrom"
						},
						"1.6": {
							"post": [0, 0, 1],
							"lerp_mode": "catmullrom"
						}
					}
				},
				"left_arm": {
					"rotation": {
						"0.0": {
							"post": [-30, 0, 0],
							"lerp_mode": "catmullrom"
						},
						"1.0": {
							"post": [5, 0, 0],
							"lerp_mode": "catmullrom"
						},
						"1.6": {
							"post": [-30, 0, 0],
							"lerp_mode": "catmullrom"
						}
					},
					"position": {
						"0.0": {
							"post": [0, 0, 0],
							"lerp_mode": "catmullrom"
						},
						"0.8": {
							"post": [0, 0, 1],
							"lerp_mode": "catmullrom"
						},
						"1.6": {
							"post": [0, 0, 0],
							"lerp_mode": "catmullrom"
						}
					}
				},
				"right_leg": {
					"rotation": {
						"0.0": {
							"post": [-20, 0, 0],
							"lerp_mode": "catmullrom"
						},
						"1.0": {
							"post": [20, 0, 0],
							"lerp_mode": "catmullrom"
						},
						"1.6": {
							"post": [-20, 0, 0],
							"lerp_mode": "catmullrom"
						}
					}
				},
				"left_leg": {
					"rotation": {
						"0.0": {
							"post": [25, 0, 0],
							"lerp_mode": "catmullrom"
						},
						"0.8": {
							"post": [-25, 0, 0],
							"lerp_mode": "catmullrom"
						},
						"1.6": {
							"post": [25, 0, 0],
							"lerp_mode": "catmullrom"
						}
					}
				}
			}
		},
		"animation.pvzzombiebasic.attack": {
			"loop": true,
			"bones": {
				"skull": {
					"position": [0, "-4-(math.cos(q.anim_time*460)*1)", "-4-(math.cos(q.anim_time*460)*1)"],
					"scale": 1.1
				},
				"mouth": {
					"rotation": ["0-(math.cos(q.anim_time*580)*-10)", 0, 0]
				},
				"body": {
					"rotation": ["25-(math.cos(q.anim_time*460)*-5)", 0, 0]
				},
				"arms": {
					"rotation": {
						"0.0": {
							"post": [-55, 0, 0],
							"lerp_mode": "catmullrom"
						}
					}
				},
				"right_arm": {
					"rotation": ["-25-(math.cos(q.anim_time*600)*-15)", 0, 0]
				},
				"left_arm": {
					"rotation": ["-25-(math.cos(q.anim_time*450)*-15)", 0, 0]
				}
			}
		},
		"animation.pvzzombiebasic.death": {
			"loop": "hold_on_last_frame",
			"animation_length": 1.5,
			"bones": {
				"zombie": {
					"rotation": {
						"0.0": {
							"post": [0, 0, 0],
							"lerp_mode": "catmullrom"
						},
						"0.4": {
							"post": [90, 0, -90],
							"lerp_mode": "catmullrom"
						}
					},
					"position": {
						"0.0": {
							"post": [0, 0, 0],
							"lerp_mode": "catmullrom"
						},
						"0.4": {
							"post": [0, 2, 10],
							"lerp_mode": "catmullrom"
						}
					}
				},
				"body_root": {
					"rotation": {
						"0.0": {
							"post": [0, 0, 0],
							"lerp_mode": "catmullrom"
						},
						"0.5": {
							"post": [-40, 0, 0],
							"lerp_mode": "catmullrom"
						},
						"0.6": {
							"post": [-15, 0, 0],
							"lerp_mode": "catmullrom"
						}
					}
				},
				"skull": {
					"rotation": {
						"0.0": {
							"post": [-35, -20, -25],
							"lerp_mode": "catmullrom"
						},
						"0.2": {
							"post": [-35, -20, -25],
							"lerp_mode": "catmullrom"
						},
						"0.8": {
							"post": [360, -20, -25],
							"lerp_mode": "catmullrom"
						}
					},
					"position": {
						"0.3": {
							"pre": [0, 0, 0],
							"post": [0, 0, 0],
							"lerp_mode": "catmullrom"
						},
						"0.6": {
							"post": [0, 13, 6],
							"lerp_mode": "catmullrom"
						},
						"0.8": {
							"post": [0, 13, 2],
							"lerp_mode": "catmullrom"
						}
					}
				},
				"arms": {
					"rotation": {
						"0.0": [0, 0, 0],
						"0.3": [80, 0, 0],
						"0.6": [15, 0, 0]
					}
				},
				"legs": {
					"rotation": {
						"0.0": {
							"post": [0, 0, 0],
							"lerp_mode": "catmullrom"
						},
						"0.3": {
							"post": [15, 0, 0],
							"lerp_mode": "catmullrom"
						},
						"0.5": {
							"post": [40, 0, 0],
							"lerp_mode": "catmullrom"
						},
						"0.6": {
							"post": [10, 0, 0],
							"lerp_mode": "catmullrom"
						}
					}
				}
			}
		}
	}
}