{
"format_version":"1.8.0",
"animations":{
"animation.chara_base":{
"loop":true,
"bones":{
"head":{
"relative_to":{
"rotation":"entity"
},
"rotation":["query.target_x_rotation-this","query.target_y_rotation-this",0]
},
"body":{
"rotation":["variable.h2v_chara_move",0,0],
"position":[0,"(query.mark_variant==1&&variable.has_target==0&&variable.attack_time<=0)||(query.is_riding==1)?-8:0",0]
},

"rightArm":{
"rotation":["(query.variant==1?query.target_x_rotation-90:0)+query.variant==1?0:(query.mark_variant==1&&variable.has_target==0&&variable.attack_time<=0?-33:((query.is_riding==0?variable.h2v_move_judg*0.87:-23)-variable.h2v_chara_move))",0,"Math.abs(Math.sin(query.life_time*90))*-6"]
},
"leftArm":{
"rotation":["query.mark_variant==1&&variable.has_target==0&&variable.attack_time<=0?-33:(variable.h2v_Arm_human_attack_x+(query.is_riding==0?variable.h2v_move_judg2*0.87:-23)-variable.h2v_chara_move)","variable.h2v_rightArm_human_attack_y","Math.abs(Math.sin(query.life_time*90))*6"]
},
"rightArm2":{
"rotation":["query.variant==1?0:(query.mark_variant==1&&variable.has_target==0&&variable.attack_time<=0?0:(-Math.abs(query.is_riding==0||variable.attack_time<=0?variable.h2v_move_judg*0.6:0)))",0,0]
},
"leftArm2":{
"rotation":["query.mark_variant==1&&variable.has_target==0&&variable.attack_time<=0?0:(-Math.abs(query.is_riding==0||variable.attack_time<=0?variable.h2v_move_judg2*0.6:0))",0,0]
},


"rightLeg":{
"rotation":["query.mark_variant==1&&variable.has_target==0&&variable.attack_time<=0?-88:((query.is_riding==0?variable.h2v_move2*0.92:variable.h2v_Leg_riding_x)-variable.h2v_chara_move)","query.mark_variant==1&&variable.has_target==0&&variable.attack_time<=0?-18:(-variable.h2v_rightLeg_riding_y)",0]
},
"leftLeg":{
"rotation":["query.mark_variant==1&&variable.has_target==0&&variable.attack_time<=0?-88:((query.is_riding==0?variable.h2v_move*0.92:variable.h2v_Leg_riding_x)-variable.h2v_chara_move)","query.mark_variant==1&&variable.has_target==0&&variable.attack_time<=0?18:(-variable.h2v_leftLeg_riding_y)",0]
},

"rightLeg2":{
"rotation":["query.mark_variant==1&&variable.has_target==0&&variable.attack_time<=0?0:(Math.abs(query.is_riding==0?variable.h2v_move*0.65:0))",0,0]
},
"leftLeg2":{
"rotation":["query.mark_variant==1&&variable.has_target==0&&variable.attack_time<=0?0:(Math.abs(query.is_riding==0?variable.h2v_move2*0.65:0))",0,0]
}



}
}
}
}
