{
	"format_version": "1.8.0",
	"geometry.kirby_test": {
		"texturewidth": 128,
		"textureheight": 128,
		"visible_bounds_width": 3,
		"visible_bounds_height": 3,
		"visible_bounds_offset": [0, 1.5, 0],
		"bones": [
			{
				"name": "root",
				"pivot": [0, 0, 0]
			},
			{
				"name": "waist",
				"parent": "root",
				"pivot": [0, 12, 0]
			},
			{
				"name": "body",
				"parent": "waist",
				"pivot": [0, 13, 0]
			},
			{
				"name": "body2",
				"parent": "body",
				"pivot": [0, 3, 0],
				"cubes": [
					{"origin": [-7, 4.5, -7], "size": [14, 14, 14], "uv": [3, 2], "inflate": 2}
				]
			},
			{
				"name": "k_helmet",
				"parent": "body2",
				"pivot": [0, 0, 0]
			},
			{
				"name": "goggles",
				"parent": "body2",
				"pivot": [0, 12, 0],
				"cubes": [
					{"origin": [7, 12, -9], "size": [2.75, 3, 10], "uv": [16, 108], "inflate": -0.25},
					{"origin": [7.25, 12, -10], "size": [2.5, 3, 2.5], "uv": [46, 111], "inflate": 0.05},
					{"origin": [-9.75, 12, -10], "size": [2.5, 3, 2.5], "uv": [46, 111], "inflate": 0.05, "mirror": true},
					{"origin": [-0.25, 12, 0.5], "size": [10, 3, 9.25], "uv": [0, 116], "inflate": -0.25},
					{"origin": [-9.75, 12, -9], "size": [2.75, 3, 10], "uv": [16, 108], "inflate": -0.25, "mirror": true},
					{"origin": [-9.75, 12, 0.5], "size": [10, 3, 9.25], "uv": [0, 116], "inflate": -0.25, "mirror": true},
					{"origin": [-8.25, 10.5, -13], "size": [1.25, 8.5, 4], "uv": [3, 84]},
					{"origin": [-7, 18.5, -13], "size": [14, 1.25, 4], "uv": [3, 84], "mirror": true},
					{"origin": [-7, 10.5, -12.5], "size": [5, 9.25, 0], "uv": [51, 89], "mirror": true},
					{"origin": [2, 10.5, -12.5], "size": [5, 9.25, 0], "uv": [51, 79]},
					{"origin": [-2, 11.5, -12.5], "size": [4, 8.25, 0], "uv": [43, 84]},
					{"origin": [-7, 9.75, -13], "size": [4, 1.25, 4], "uv": [3, 84], "mirror": true},
					{"origin": [3, 9.75, -13], "size": [4, 1.25, 4], "uv": [3, 84]},
					{"origin": [-0.80935, 10.90074, -13], "size": [1.6, 1.25, 4], "uv": [3, 84]},
					{"origin": [-1.25935, 7.65074, -11], "size": [2.5, 2.5, 3], "uv": [3, 84], "inflate": 0.2},
					{"origin": [-1.00935, 7.90074, -14], "size": [2, 2, 3], "uv": [45, 120]},
					{"origin": [7.47597, 7.90074, -12.19171], "size": [3.1, 2, 2], "uv": [45, 120]},
					{"origin": [7, 10.5, -13], "size": [1.25, 8.5, 4], "uv": [3, 84], "mirror": true}
				]
			},
			{
				"name": "bone4",
				"parent": "goggles",
				"pivot": [4.11565, 8.90074, -13],
				"rotation": [0, -15, 0],
				"cubes": [
					{"origin": [0.83831, 7.90074, -13.15712], "size": [7.25, 2, 2], "uv": [45, 120]}
				]
			},
			{
				"name": "bone3",
				"parent": "goggles",
				"pivot": [9.61565, 18.15074, -11],
				"rotation": [-5.5, 0, 0],
				"cubes": [
					{"origin": [8.32597, 9.8245, -11.3955], "size": [2.25, 13, 2], "uv": [45, 120]},
					{"origin": [8.32597, 22.8245, -11.3955], "size": [2.25, 4, 2], "uv": [23, 91]}
				],
				"locators": {
					"goggles": [9.5, 26.5, -10.5]
				}
			},
			{
				"name": "bone2",
				"parent": "goggles",
				"pivot": [1.5, 10.375, -11],
				"rotation": [0, 0, 25],
				"cubes": [
					{"origin": [0.1236, 10.44249, -13], "size": [3, 1.25, 4], "uv": [3, 84]}
				]
			},
			{
				"name": "bone",
				"parent": "goggles",
				"pivot": [-1.5, 10.375, -11],
				"rotation": [0, 0, -25],
				"cubes": [
					{"origin": [-3.1236, 10.44249, -13], "size": [3, 1.25, 4], "uv": [3, 84], "mirror": true}
				]
			},
			{
				"name": "mouth",
				"parent": "body2",
				"pivot": [0, 9, -10],
				"cubes": [
					{"origin": [-1.3, 9, -9.1], "size": [2.55, 1.25, 1], "uv": [0, 55]}
				]
			},
			{
				"name": "eye2",
				"parent": "body2",
				"pivot": [2.5639, 11.75, -8.17142],
				"cubes": [
					{"origin": [1.56392, 11.85, -8.79642], "size": [2, 5.75, 1.25], "uv": [0, 51], "inflate": 0.3}
				]
			},
			{
				"name": "eye1",
				"parent": "body2",
				"pivot": [-2.6, 11.75, -8.175],
				"cubes": [
					{"origin": [-3.6, 11.85, -8.8], "size": [2, 5.75, 1.25], "uv": [0, 51], "inflate": 0.3}
				]
			},
			{
				"name": "cape",
				"parent": "body",
				"pivot": [0, 19, 3]
			},
			{
				"name": "leftArm",
				"parent": "body",
				"pivot": [5, 21, 0]
			},
			{
				"name": "leftArm2",
				"parent": "leftArm",
				"pivot": [5, 14, 0],
				"cubes": [
					{"origin": [4.5, 15, -1.5], "size": [3, 8, 3], "uv": [0, 32], "inflate": 0.75}
				]
			},
			{
				"name": "leftItem",
				"parent": "leftArm",
				"pivot": [6, 15, 0]
			},
			{
				"name": "rightArm",
				"parent": "body",
				"pivot": [-5, 21, 0]
			},
			{
				"name": "rightArm2",
				"parent": "rightArm",
				"pivot": [-5, 14, 0],
				"cubes": [
					{"origin": [-7.5, 15, -1.5], "size": [3, 8, 3], "uv": [0, 32], "inflate": 0.75}
				]
			},
			{
				"name": "rightItem",
				"parent": "rightArm",
				"pivot": [-7.5, 15, 0],
				"locators": {
					"lead_hold": [-6, 14, 1]
				}
			},
			{
				"name": "legs",
				"parent": "root",
				"pivot": [0, 14, 0]
			},
			{
				"name": "leftLeg",
				"parent": "legs",
				"pivot": [4.9, 5, 0],
				"rotation": [0, -12.5, 0],
				"cubes": [
					{"origin": [0.9, 0, -8], "size": [8, 2, 13.5], "uv": [0, 49]}
				]
			},
			{
				"name": "rightLeg",
				"parent": "legs",
				"pivot": [-4.9, 5, 0],
				"rotation": [0, 12.5, 0],
				"cubes": [
					{"origin": [-8.9, 0, -8], "size": [8, 2, 13.5], "uv": [0, 49]}
				]
			}
		]
	},
	"geometry.humanoid.customSlim": {
		"visible_bounds_width": 1,
		"visible_bounds_height": 2,
		"visible_bounds_offset": [0, 1, 0],
		"bones": []
	},
	"geometry.humanoid.armor1:geometry.zombie": {
		"visible_bounds_width": 2,
		"visible_bounds_height": 2,
		"visible_bounds_offset": [0, 1, 0],
		"bones": [
			{
				"name": "head",
				"inflate": 1
			},
			{
				"name": "hat",
				"inflate": 1.5,
				"neverRender": false
			},
			{
				"name": "body",
				"inflate": 1.01
			},
			{
				"name": "rightArm",
				"inflate": 1
			},
			{
				"name": "leftArm",
				"inflate": 1
			},
			{
				"name": "rightLeg",
				"inflate": 1
			},
			{
				"name": "leftLeg",
				"inflate": 1
			}
		]
	},
	"geometry.humanoid.armor.helmet:geometry.humanoid.armor1": {
		"bones": [
			{
				"name": "body",
				"reset": true
			},
			{
				"name": "rightArm",
				"reset": true
			},
			{
				"name": "leftArm",
				"reset": true
			},
			{
				"name": "rightLeg",
				"reset": true
			},
			{
				"name": "leftLeg",
				"reset": true
			}
		]
	},
	"geometry.humanoid.armor.chestplate:geometry.humanoid.armor1": {
		"bones": [
			{
				"name": "head",
				"reset": true
			},
			{
				"name": "hat",
				"reset": true
			},
			{
				"name": "rightLeg",
				"reset": true
			},
			{
				"name": "leftLeg",
				"reset": true
			}
		]
	},
	"geometry.humanoid.armor.leggings:geometry.humanoid.armor2": {
		"bones": [
			{
				"name": "head",
				"reset": true
			},
			{
				"name": "hat",
				"reset": true
			},
			{
				"name": "rightArm",
				"reset": true
			},
			{
				"name": "leftArm",
				"reset": true
			}
		]
	},
	"geometry.humanoid.armor.boots:geometry.humanoid.armor1": {
		"bones": [
			{
				"name": "head",
				"reset": true
			},
			{
				"name": "hat",
				"reset": true
			},
			{
				"name": "body",
				"reset": true
			},
			{
				"name": "rightArm",
				"reset": true
			},
			{
				"name": "leftArm",
				"reset": true
			}
		]
	},
	"geometry.humanoid.armor2:geometry.zombie": {
		"visible_bounds_width": 2,
		"visible_bounds_height": 2,
		"visible_bounds_offset": [0, 1, 0],
		"bones": [
			{
				"name": "head",
				"inflate": 0.5
			},
			{
				"name": "body",
				"inflate": 0.5
			},
			{
				"name": "rightArm",
				"inflate": 0.5
			},
			{
				"name": "leftArm",
				"inflate": 0.5
			},
			{
				"name": "rightLeg",
				"inflate": 0.5
			},
			{
				"name": "leftLeg",
				"inflate": 0.5
			}
		]
	},
	"geometry.quadruped": {
		"visible_bounds_width": 1,
		"visible_bounds_height": 1,
		"visible_bounds_offset": [0, 0.5, 0],
		"bones": [
			{
				"name": "body",
				"pivot": [0, 19, 2],
				"cubes": [
					{"origin": [-5, 13, -5], "size": [10, 16, 8], "uv": [28, 8]}
				]
			},
			{
				"name": "head",
				"pivot": [0, 18, -6],
				"cubes": [
					{"origin": [-4, 14, -14], "size": [8, 8, 8], "uv": [0, 0]}
				]
			},
			{
				"name": "leg0",
				"pivot": [-3, 12, 7],
				"cubes": [
					{"origin": [-5, 0, 5], "size": [4, 12, 4], "uv": [0, 16]}
				]
			},
			{
				"name": "leg1",
				"pivot": [3, 12, 7],
				"cubes": [
					{"origin": [1, 0, 5], "size": [4, 12, 4], "uv": [0, 16]}
				]
			},
			{
				"name": "leg2",
				"pivot": [-3, 12, -5],
				"cubes": [
					{"origin": [-5, 0, -7], "size": [4, 12, 4], "uv": [0, 16]}
				]
			},
			{
				"name": "leg3",
				"pivot": [3, 12, -5],
				"cubes": [
					{"origin": [1, 0, -7], "size": [4, 12, 4], "uv": [0, 16]}
				]
			}
		]
	},
	"geometry.irongolem": {
		"visible_bounds_width": 3,
		"visible_bounds_height": 3,
		"visible_bounds_offset": [0, 1.5, 0],
		"texturewidth": 128,
		"textureheight": 128,
		"bones": [
			{
				"name": "body",
				"pivot": [0, 31, 0],
				"cubes": [
					{"origin": [-9, 21, -6], "size": [18, 12, 11], "uv": [0, 40]},
					{"origin": [-4.5, 16, -3], "size": [9, 5, 6], "uv": [0, 70], "inflate": 0.5}
				]
			},
			{
				"name": "head",
				"parent": "body",
				"pivot": [0, 31, -2],
				"locators": {
					"lead": [0, 31, -2]
				},
				"cubes": [
					{"origin": [-4, 33, -7.5], "size": [8, 10, 8], "uv": [0, 0]},
					{"origin": [-1, 32, -9.5], "size": [2, 4, 2], "uv": [24, 0]}
				]
			},
			{
				"name": "arm0",
				"parent": "body",
				"pivot": [0, 31, 0],
				"cubes": [
					{"origin": [-13, 3.5, -3], "size": [4, 30, 6], "uv": [60, 21]}
				]
			},
			{
				"name": "arm1",
				"parent": "body",
				"pivot": [0, 31, 0],
				"cubes": [
					{"origin": [9, 3.5, -3], "size": [4, 30, 6], "uv": [60, 58]}
				]
			},
			{
				"name": "leg0",
				"parent": "body",
				"pivot": [-4, 13, 0],
				"cubes": [
					{"origin": [-7.5, 0, -3], "size": [6, 16, 5], "uv": [37, 0]}
				]
			},
			{
				"name": "leg1",
				"parent": "body",
				"mirror": true,
				"pivot": [5, 13, 0],
				"cubes": [
					{"origin": [1.5, 0, -3], "size": [6, 16, 5], "uv": [60, 0]}
				]
			}
		]
	},
	"geometry.chalkboard_small": {
		"visible_bounds_width": 1,
		"visible_bounds_height": 1,
		"visible_bounds_offset": [0, 0.5, 0],
		"texturewidth": 64,
		"textureheight": 32,
		"bones": [
			{
				"name": "body",
				"cubes": [
					{"origin": [-8, 4, -1], "uv": [0, 0], "size": [16, 12, 2]}
				],
				"pivot": [0, 0, 0]
			},
			{
				"name": "rightLeg",
				"cubes": [
					{"origin": [-1, 0, -1], "uv": [0, 14], "size": [2, 4, 2]}
				],
				"pivot": [0, 0, 0]
			}
		]
	},
	"geometry.chalkboard_medium": {
		"visible_bounds_width": 1,
		"visible_bounds_height": 1,
		"visible_bounds_offset": [0, 0.5, 0],
		"texturewidth": 128,
		"textureheight": 32,
		"bones": [
			{
				"name": "body",
				"cubes": [
					{"origin": [-16, 4, -1], "uv": [0, 0], "size": [32, 12, 2]}
				],
				"pivot": [0, 0, 0]
			},
			{
				"name": "leftLeg",
				"cubes": [
					{"origin": [10, 0, -1], "uv": [0, 14], "size": [2, 4, 2]}
				],
				"pivot": [0, 0, 0]
			},
			{
				"name": "rightLeg",
				"cubes": [
					{"origin": [-12, 0, -1], "uv": [0, 14], "size": [2, 4, 2]}
				],
				"pivot": [0, 0, 0]
			}
		]
	},
	"geometry.chalkboard_large": {
		"visible_bounds_width": 1,
		"visible_bounds_height": 1,
		"visible_bounds_offset": [0, 0.5, 0],
		"texturewidth": 128,
		"textureheight": 64,
		"bones": [
			{
				"name": "body",
				"cubes": [
					{"origin": [-24, 4, -1], "uv": [0, 0], "size": [48, 28, 2]}
				],
				"pivot": [0, 0, 0]
			},
			{
				"name": "leftLeg",
				"cubes": [
					{"origin": [16, 0, -1], "uv": [0, 30], "size": [2, 4, 2]}
				],
				"pivot": [0, 0, 0]
			},
			{
				"name": "rightLeg",
				"cubes": [
					{"origin": [-18, 0, -1], "uv": [0, 30], "size": [2, 4, 2]}
				],
				"pivot": [0, 0, 0]
			}
		]
	},
	"geometry.agent": {
		"visible_bounds_width": 1,
		"visible_bounds_height": 1,
		"visible_bounds_offset": [0, 0.5, 0],
		"texturewidth": 32,
		"textureheight": 32,
		"bones": [
			{
				"name": "body",
				"pivot": [0, 24, 0],
				"cubes": [
					{"origin": [-4, 5, -2], "size": [8, 4, 4], "uv": [0, 12]},
					{"origin": [-3, 3, -2], "size": [6, 2, 4], "uv": [0, 20]}
				]
			},
			{
				"name": "head",
				"parent": "body",
				"pivot": [0, 9, -0.8],
				"cubes": [
					{"origin": [-3, 9, -3], "size": [6, 7, 5], "uv": [0, 0]},
					{"origin": [-1, 9, -4], "size": [2, 3, 1], "uv": [17, 1]}
				]
			},
			{
				"name": "leftArm",
				"parent": "body",
				"pivot": [5, 9, 0],
				"cubes": [
					{"origin": [4, 0, -1], "size": [2, 9, 2], "uv": [24, 11]}
				]
			},
			{
				"name": "rightArm",
				"parent": "body",
				"pivot": [-5, 9, 0],
				"cubes": [
					{"origin": [-6, 0, -1], "size": [2, 9, 2], "uv": [24, 0]}
				]
			},
			{
				"name": "leftLeg",
				"parent": "body",
				"pivot": [1.9, 3, 0],
				"cubes": [
					{"origin": [1, 0, -1], "size": [2, 3, 2], "uv": [8, 26]}
				]
			},
			{
				"name": "rightLeg",
				"parent": "body",
				"pivot": [-1.9, 3, 0],
				"cubes": [
					{"origin": [-3, 0, -1], "size": [2, 3, 2], "uv": [0, 26]}
				]
			}
		]
	},
	"geometry.bed": {
		"visible_bounds_width": 1,
		"visible_bounds_height": 1,
		"visible_bounds_offset": [0, 0.5, 0],
		"bones": [
			{
				"pivot": [0, 24, 0],
				"cubes": [
					{"origin": [0, 0, 0], "size": [16, 32, 6], "uv": [0, 0]},
					{"origin": [3, 31, 6], "size": [10, 1, 3], "uv": [38, 2]},
					{"origin": [3, 0, 6], "size": [10, 1, 3], "uv": [38, 38]},
					{"origin": [15, 3, 6], "size": [1, 26, 3], "uv": [52, 6]},
					{"origin": [0, 3, 6], "size": [1, 26, 3], "uv": [44, 6]}
				],
				"name": "bed"
			},
			{
				"pivot": [5, 22, 0],
				"cubes": [
					{"origin": [13, 29, 6], "size": [3, 3, 3], "uv": [12, 38]}
				],
				"name": "leg1"
			},
			{
				"pivot": [-5, 22, 0],
				"cubes": [
					{"origin": [0, 29, 6], "size": [3, 3, 3], "uv": [0, 38]}
				],
				"name": "leg0"
			},
			{
				"pivot": [2, 12, 0],
				"cubes": [
					{"origin": [13, 0, 6], "size": [3, 3, 3], "uv": [12, 44]}
				],
				"name": "leg3"
			},
			{
				"pivot": [-2, 12, 0],
				"cubes": [
					{"origin": [0, 0, 6], "size": [3, 3, 3], "uv": [0, 44]}
				],
				"name": "leg2"
			}
		],
		"texturewidth": 64,
		"textureheight": 64
	},
	"geometry.player_head": {
		"visible_bounds_width": 1,
		"visible_bounds_height": 1,
		"visible_bounds_offset": [0, 0.5, 0],
		"texturewidth": 64,
		"textureheight": 64,
		"bones": [
			{
				"name": "head",
				"pivot": [0, 24, 0],
				"cubes": [
					{"origin": [-4, 24, -4], "size": [8, 8, 8], "uv": [0, 0]}
				]
			}
		]
	},
	"geometry.mob_head": {
		"visible_bounds_width": 1,
		"visible_bounds_height": 1,
		"visible_bounds_offset": [0, 0.5, 0],
		"texturewidth": 64,
		"textureheight": 32,
		"bones": [
			{
				"name": "head",
				"pivot": [0, 24, 0],
				"cubes": [
					{"origin": [-4, 24, -4], "size": [8, 8, 8], "uv": [0, 0]}
				]
			}
		]
	},
	"geometry.dragon_head": {
		"visible_bounds_width": 1,
		"visible_bounds_height": 1,
		"visible_bounds_offset": [0, 0.5, 0],
		"texturewidth": 256,
		"textureheight": 256,
		"bones": [
			{
				"name": "head",
				"pivot": [0, 24, 0],
				"cubes": [
					{"origin": [-8, 16, -10], "size": [16, 16, 16], "uv": [112, 30]},
					{"mirror": true, "origin": [-5, 32, -4], "size": [2, 4, 6], "uv": [0, 0]},
					{"origin": [3, 32, -4], "size": [2, 4, 6], "uv": [0, 0]}
				]
			},
			{
				"name": "snout",
				"pivot": [0, 24, 0],
				"cubes": [
					{"origin": [-6, 20, -24], "size": [12, 5, 16], "uv": [176, 44]},
					{"mirror": true, "origin": [-5, 25, -22], "size": [2, 2, 4], "uv": [112, 0]},
					{"origin": [3, 25, -22], "size": [2, 2, 4], "uv": [112, 0]}
				]
			},
			{
				"name": "jaw",
				"pivot": [0, 20, -8],
				"cubes": [
					{"origin": [-6, 16, -24], "size": [12, 4, 16], "uv": [176, 65]}
				]
			}
		]
	}
}