{
	"format_version" : "1.10.0",
	"animation_controllers" : {
		"controller.animation.xansx.p" : {
			"initial_state" : "default",
			"states" : {
				"default" : {
				"particle_effects" : [
						{
							"effect" : "virus",
							"locator": "xans"
						},
						{
							"effect" : "error",
							"locator": "xans"
						},
						{
							"effect" : "virus2",
							"locator": "xans"
						},
						{
							"effect" : "x_error",
							"locator": "xans"
						},
						{
							"effect" : "0_a_1_error",
							"locator": "xans"
						},
						
						{
							"effect" : "01",
							"locator": "xans"
						}
					]
				}
			}
		}
	}
}
