{
    "pools": [
        {
            "conditions": [
                {
                    "condition": "match_tool",
                    "enchantments": [
                        {
                            "enchantment": "silk_touch"
                        }
                    ]
                }
            ],
            "rolls": 1,
            "entries": [
                {
                    "type": "item",
                    "name": "witherstormmod:tainted_glass",
                    "weight": 1
                }
            ]
        }
    ]
}