{
	"format_version": "1.10.0",
	"particle_effect": {
		"description": {
			"identifier": "serp:doom_shroom2",
			"basic_render_parameters": {
				"material": "particles_blend",
				"texture": "textures/particle/doom_shroom2"
			}
		},
		"components": {
			"minecraft:emitter_local_space": {
				"position": true,
				"rotation": true
			},
			"minecraft:emitter_rate_instant": {
				"num_particles": 50
			},
			"minecraft:emitter_lifetime_once": {
				"active_time": 1
			},
			"minecraft:emitter_shape_disc": {
				"offset": [0, "Math.random(0,3)", 0],
				"radius": 0.5
			},
			"minecraft:particle_lifetime_expression": {
				"max_lifetime": "Math.random(1.5, 2)"
			},
			"minecraft:particle_initial_spin": {
				"rotation_rate": 50
			},
			"minecraft:particle_initial_speed": 0,
			"minecraft:particle_motion_dynamic": {},
			"minecraft:particle_appearance_billboard": {
				"size": [0.5, 0.5],
				"facing_camera_mode": "lookat_xyz"
			}
		}
	}
}