{
	"format_version": "1.10.0",
	"particle_effect": {
		"description": {
			"identifier": "serp:fume",
			"basic_render_parameters": {
				"material": "particles_blend",
				"texture": "textures/projectiles/spore"
			}
		},
		"components": {
			"minecraft:emitter_rate_steady": {
				"spawn_rate": 50,
				"max_particles": 100
			},
			"minecraft:emitter_lifetime_once": {
				"active_time": 1
			},
			"minecraft:emitter_shape_sphere": {
				"radius": 0.4,
				"direction": "inwards"
			},
			"minecraft:particle_lifetime_expression": {
				"max_lifetime": "Math.random(0.4, 0.8)"
			},
			"minecraft:particle_initial_speed": "Math.random(1,2)",
			"minecraft:particle_motion_dynamic": {
				"linear_drag_coefficient": 10
			},
			"minecraft:particle_appearance_billboard": {
				"size": ["(0.1 + variable.particle_random_1*0.1) - (0.1 * variable.particle_age)", "(0.1 + variable.particle_random_1*0.1) - (0.1 * variable.particle_age)"],
				"facing_camera_mode": "lookat_xyz",
				"uv": {
					"texture_width": 1,
					"texture_height": 1,
					"uv": [0, 0],
					"uv_size": [1, 1]
				}
			},
			"minecraft:particle_motion_collision": {
				"collision_drag": 20,
				"coefficient_of_restitution": 0.2,
				"collision_radius": 0.01
			}
		}
	}
}