{
	"format_version": "1.10.0",
	"particle_effect": {
		"description": {
			"identifier": "serp:torchwood_explosion",
			"basic_render_parameters": {
				"material": "particles_alpha",
				"texture": "textures/particle/particles"
			}
		},
		"components": {
			"minecraft:emitter_rate_instant": {
				"num_particles": 20
			},
			"minecraft:emitter_lifetime_once": {
				"active_time": 1
			},
			"minecraft:emitter_shape_point": {
				"direction": ["math.random(5,-5)", 10, "math.random(5,-5)"]
			},
			"minecraft:particle_lifetime_expression": {
				"max_lifetime": "math.random(0.5,1)"
			},
			"minecraft:particle_initial_speed": "math.random(3,6)",
			"minecraft:particle_motion_dynamic": {
				"linear_acceleration": [0, -15, 0]
			},
			"minecraft:particle_appearance_billboard": {
				"size": ["0.6*(variable.particle_lifetime-variable.particle_age)", "0.6*(variable.particle_lifetime-variable.particle_age)"],
				"facing_camera_mode": "rotate_xyz",
				"uv": {
					"texture_width": 16,
					"texture_height": 16,
					"uv": [0, 3],
					"uv_size": [1, 1]
				}
			},
			"minecraft:particle_motion_collision": {
				"coefficient_of_restitution": 1,
				"collision_radius": 0.02
			}
		}
	}
}