{
	"format_version": "1.10.0",
	"particle_effect": {
		"description": {
			"identifier": "serp:torchwood_fire",
			"basic_render_parameters": {
				"material": "particles_alpha",
				"texture": "textures/particle/particles"
			}
		},
		"components": {
			"minecraft:emitter_rate_steady": {
				"spawn_rate": 40,
				"max_particles": 50
			},
			"minecraft:emitter_lifetime_expression": {},
			"minecraft:emitter_shape_disc": {
				"offset": [0, 0.9, 0],
				"radius": 0.55,
				"direction": [0, 0.5, 0]
			},
			"minecraft:particle_lifetime_expression": {
				"max_lifetime": "math.random(0.5,1)"
			},
			"minecraft:particle_initial_speed": "math.random(1.5,3)",
			"minecraft:particle_motion_dynamic": {
				"linear_acceleration": [0, 3, 0],
				"linear_drag_coefficient": 5
			},
			"minecraft:particle_appearance_billboard": {
				"size": ["0.5*(variable.particle_lifetime-variable.particle_age)", "0.5*(variable.particle_lifetime-variable.particle_age)"],
				"facing_camera_mode": "rotate_xyz",
				"uv": {
					"texture_width": 16,
					"texture_height": 16,
					"uv": [0, 3],
					"uv_size": [1, 1]
				}
			}
		}
	}
}