{
	"format_version": "1.8.0",
	"minecraft:client_entity": {
		"description": {
			"identifier": "tt:blazebasalto",
			"materials": {
				"default": "entity_emissive_alpha"
			},
			"textures": {
				"default": "textures/entity/blazebasalto"
			},
			"geometry": {
				"default": "geometry.blazebasalto"
			},
			"animations": {
				"look_at_target": "animation.common.look_at_target",
				"move": "animation.blaze.move"
			},
			"particle_effects": {
				"charged_flames": "minecraft:mobflame_emitter"
			},
			"animation_controllers": [
				{
					"move": "controller.animation.blaze.move"
				},
				{
					"flame": "controller.animation.blaze.flame"
				}
			],
			"render_controllers": [
				"controller.render.blazesoul"
			],
			"spawn_egg": {
				"texture": "blazeblack"
			}
		}
	}
}