{
	"format_version": "1.10.0",
	"minecraft:client_entity": {
		"description": {
			"identifier": "tt:petblackstone",
			"materials": {
				"default": "cow"
			},
			"textures": {
				"default": "textures/entity/blackchest"
			},
			"geometry": {
				"default": "geometry.patitasblack"
			},
			"animations": {
				"walk": "animation.patitas.walk",
				"look_at_target": "animation.common.look_at_target",
				"setup": "animation.patitas.setup"
			},
			"scripts": {
				"animate": [
					"setup",
					{
						"walk": "query.modified_move_speed"
					},
					"look_at_target"
				]
			},
			"render_controllers": [
				"controller.render.chets"
			],
			"spawn_egg": {
				"texture": "patitasblack"
			}
		}
	}
}