{
	"format_version": "1.8.0",
	"minecraft:client_entity": {
		"description": {
			"identifier": "tt:creeper_pet_twisted",
			"min_engine_version": "1.8.0",
			"materials": {
				"default": "entity_emissive_alpha"
			},
			"textures": {
				"default": "textures/entity/twisted_creeper_pet"
			},
			"geometry": {
				"default": "geometry.warped_creeper"
			},
			"scripts": {
				"pre_animation": [
					"variable.wobble = Math.sin(query.swell_amount * 5730) * query.swell_amount * 0.01 + 1.0;",
					"variable.swelling_scale1 = (Math.pow(Math.clamp(query.swell_amount, 0.0, 1.0), 4.0) * 0.4 + 1.0) * variable.wobble;",
					"variable.swelling_scale2 = (Math.pow(Math.clamp(query.swell_amount, 0.0, 1.0), 4.0) * 0.1 + 1.0) / variable.wobble;",
					"variable.leg_rot = Math.cos(query.modified_distance_moved * 38.17326) * 80.22 * query.modified_move_speed;",
					"variable.flash = Math.mod(Math.Round(query.swell_amount * 10.0), 2.0);"
				]
			},
			"animations": {
				"creeper_head": "animation.common.look_at_targett",
				"creeper_legs": "animation.crimson_creeperpet.legs",
				"creeper_swelling": "animation.crimson_creeperpet.swelling"
			},
			"animation_controllers": [
				{
					"creeper_head": "controller.animation.creeper.head"
				},
				{
					"creeper_legs": "controller.animation.creeper.legs"
				},
				{
					"creeper_swelling": "controller.animation.creeper.swelling"
				}
			],
			"render_controllers": [
				"controller.render.creeper"
			],
			"spawn_egg": {
				"texture": "creeperpet2"
			},
			"sound_effects": {
				"creeper": "mob.creeper.say"
			},
			"particle_effects": {
				"prueba": "tt:prueba",
				"prueba2": "tt:prueba"
			},
			"particle_emitters": {
				"prueba": "tt:prueba"
			}
		}
	}
}