{
	"format_version": "1.10.0",
	"minecraft:client_entity": {
		"description": {
			"identifier": "tt:fulgor",
			"materials": {
				"default": "entity_emissive_alpha"
			},
			"textures": {
				"default": "textures/blocks/fulgor"
			},
			"geometry": {
				"default": "geometry.fulgor"
			},
			"animations": {
				"setup": "animation.fulgor.walk" 
			},
			"scripts": {
				"animate": [
					"setup"
				]
			},
			"render_controllers": [
				"controller.render.slime"
			],
			"spawn_egg": {
				"texture": "fulgor"
			}
		}
	}
}