{
	"format_version": "1.10.0",
	"minecraft:client_entity": {
		"description": {
			"identifier": "tt:hongo_torcido",
			"materials": {
				"default": "cow"
			},
			"textures": {
				"default": "textures/entity/hongo/hongo"
			},
			"geometry": {
				"default": "geometry.hongotorcido"
			},
			"animations": {
				"setup": "animation.retorcido.setup",
				"walk": "animation.retorcido.walk"
			},
			"scripts": {
				"animate": [
					"setup",
					{
						"walk": "query.modified_move_speed"
					}
				]
			},
			"render_controllers": [
				"controller.render.cow"
			],
			"spawn_egg": {
				"texture": "hongotwistedd"
			}
		}
	}
}