{
	"format_version": "1.10.0",
	"minecraft:client_entity": {
		"description": {
			"identifier": "tt:pig_nethercandy2",
			"materials": {
				"default": "pig"
			},
			"textures": {
				"default": "textures/entity/pig_nethercandy2",
				"saddled": "textures/entity/pig_nethercandy2"
			},
			"geometry": {
				"default": "geometry.pig.v1.7"
			},
			"animations": {
				"setup": "animation.nether2.new",
				"walk": "animation.quadruped.walk",
				"look_at_target": "animation.common.look_at_target",
				"baby_transform": "animation.pig.baby_transform"
			},
			"scripts": {
				"animate": [
					"setup",
					{
						"walk": "query.modified_move_speed"
					},
					"look_at_target",
					{
						"baby_transform": "query.is_baby"
					}
				]
			},
			"render_controllers": [
				"controller.render.pig"
			],
			"spawn_egg": {
				"texture": "twistedcerdo"
			}
		}
	}
}