{
	"format_version": "1.10.0",
	"geometry.sans": {
		"texturewidth": 64,
		"textureheight": 64,
		"visible_bounds_width": 2,
		"visible_bounds_height": 2,
		"visible_bounds_offset": [0, 1, 0],
		"bones": [
			{
				"name": "body",
				"pivot": [0, 13, 2],
				"cubes": [
					{"origin": [-4, 10, 0], "size": [8, 10, 4], "uv": [16, 16], "inflate": 0.5},
					{"origin": [-4, 10, 0], "size": [8, 10, 4], "uv": [0, 36], "inflate": -0.1}
				]
			},
			{
				"name": "hat",
				"parent": "head",
				"pivot": [0, 20.5, 1.5],
				"cubes": [
					{"origin": [-4, 20.5, -2], "size": [8, 8, 8], "uv": [32, 0], "inflate": 0.6}
				]
			},
			{
				"name": "head",
				"parent": "body",
				"pivot": [0, 20.5, 1.5],
				"cubes": [
					{"origin": [-4, 20.5, -2], "size": [8, 8, 8], "uv": [0, 0], "inflate": 0.5}
				]
			},
			{
				"name": "rightLeg",
				"parent": "body",
				"pivot": [-2, 10, 2],
				"rotation": [0, 5, 0],
				"cubes": [
					{"origin": [-4.3, 5, 0], "size": [4, 5, 4], "uv": [0, 16], "inflate": 0.1},
					{"origin": [-4.3, 0, 0], "size": [4, 10, 4], "uv": [2, 34], "inflate": -0.3},
					{"origin": [-4.3, 0, 0], "size": [4, 1, 4], "uv": [24, 34], "inflate": -0.1},
					{"origin": [-4.3, 0, -3], "size": [4, 1, 4], "uv": [24, 34], "inflate": -0.1},
					{"origin": [-4.3, 0, -4], "size": [4, 1, 4], "uv": [24, 34], "inflate": -0.1},
					{"origin": [-4.3, 0, -4], "size": [4, 3, 5], "uv": [24, 34], "inflate": -0.35}
				]
			},
			{
				"name": "leftLeg",
				"parent": "body",
				"pivot": [2, 10, 2],
				"rotation": [0, -5, 0],
				"mirror": true,
				"cubes": [
					{"origin": [0.3, 0, -4], "size": [4, 3, 5], "uv": [24, 34], "inflate": -0.35, "mirror": false},
					{"origin": [0.3, 5, 0], "size": [4, 5, 4], "uv": [0, 16], "inflate": 0.1},
					{"origin": [0.3, 5, 0], "size": [4, 5, 4], "uv": [0, 16]},
					{"origin": [0.3, 0, 0], "size": [4, 10, 4], "uv": [4, 36], "inflate": -0.3},
					{"origin": [0.3, 0, 0], "size": [4, 1, 4], "uv": [24, 36], "inflate": -0.1},
					{"origin": [0.3, 0, -3], "size": [4, 1, 4], "uv": [24, 36], "inflate": -0.1},
					{"origin": [0.3, 0, -4], "size": [4, 1, 4], "uv": [24, 36], "inflate": -0.1}
				]
			},
			{
				"name": "leftArm",
				"parent": "body",
				"pivot": [5, 20, 2],
				"rotation": [-10, 0, -10],
				"mirror": true,
				"cubes": [
					{"origin": [4, 12, 0], "size": [4, 8, 4], "uv": [40, 16], "inflate": 0.1},
					{"origin": [4, 10, 0], "size": [4, 10, 4], "uv": [5, 32], "inflate": -0.2}
				]
			},
			{
				"name": "rightArm",
				"parent": "body",
				"pivot": [-5, 19, 1],
				"rotation": [-10, 0, 10],
				"mirror": true,
				"cubes": [
					{"origin": [-8, 14, 0], "size": [4, 6, 4], "uv": [40, 16]}
				]
			},
			{
				"name": "craw",
				"parent": "rightArm",
				"pivot": [-7, 20, 2],
				"cubes": [
					{"origin": [-10, 12, -0.5], "size": [4, 6, 5], "uv": [0, 42], "inflate": 0.2, "mirror": true},
					{"origin": [-9, 9, -0.5], "size": [1, 3, 5], "uv": [2, 36], "mirror": true},
					{"origin": [-8, 11, -0.5], "size": [1, 1, 5], "uv": [2, 36], "mirror": true},
					{"origin": [-8.7, 8.5, -0.5], "size": [2, 1, 1], "uv": [2, 36], "inflate": -0.2, "mirror": true},
					{"origin": [-8.7, 8.5, 3.5], "size": [2, 1, 1], "uv": [2, 36], "inflate": -0.2, "mirror": true},
					{"origin": [-8.7, 8.5, 0.5], "size": [2, 1, 1], "uv": [2, 36], "inflate": -0.2, "mirror": true},
					{"origin": [-8.7, 8.5, 2.5], "size": [2, 1, 1], "uv": [2, 36], "inflate": -0.2, "mirror": true},
					{"origin": [-8.7, 9.5, -0.5], "size": [2, 1, 1], "uv": [2, 36], "inflate": -0.3, "mirror": true},
					{"origin": [-8.7, 9.5, 3.5], "size": [2, 1, 1], "uv": [2, 36], "inflate": -0.3, "mirror": true},
					{"origin": [-7, 16, -0.5], "size": [2, 3, 5], "uv": [0, 48], "inflate": 0.4, "mirror": true},
					{"origin": [-9.5, 12.5, -1], "size": [2, 3, 1], "uv": [30, 21], "inflate": -0.1, "mirror": true},
					{"origin": [-9.5, 12.5, 4], "size": [2, 3, 1], "uv": [30, 21], "inflate": -0.1, "mirror": true},
					{"origin": [-9, 13.5, -1.1], "size": [1, 1, 1], "uv": [6, 22], "inflate": -0.1, "mirror": true},
					{"origin": [-9, 13.5, 4.1], "size": [1, 1, 1], "uv": [6, 22], "inflate": -0.1, "mirror": true}
				]
			},
			{
				"name": "mouth",
				"parent": "craw",
				"pivot": [-5, 16, 2],
				"rotation": [0, 0, -5],
				"cubes": [
					{"origin": [-6, 8.5, -0.5], "size": [2, 9, 5], "uv": [6, 39], "inflate": -0.2, "mirror": true}
				]
			}
		]
	}
}