{
    "pools": [
        {
            "rolls": 1,
            "entries": [
                {
                    "type": "item",
                    "name": "minecraft:nautilus_shell",
                    "weight": 5
                },
                {
                    "type": "item",
                    "name": "minecraft:waterlily",
                    "weight": 5
                },
                {
                    "type": "item",
                    "name": "minecraft:name_tag",
                    "weight": 5
                },
                {
                    "type": "item",
                    "name": "minecraft:saddle",
                    "weight": 5
                },
                {
                    "type": "item",
                    "name": "minecraft:bow",
                    "weight": 5,
                    "functions": [
                        {
                            "function": "set_damage",
                            "damage": {
                                "min": 0,
                                "max": 0.25
                            }
                        },
                        {
                            "function": "enchant_with_levels",
                            "levels": 30,
                            "treasure": true
                        }
                    ]
                },
                {
                    "type": "item",
                    "name": "minecraft:fishing_rod",
                    "weight": 5,
                    "functions": [
                        {
                            "function": "set_damage",
                            "damage": {
                                "min": 0,
                                "max": 0.25
                            }
                        },
                        {
                            "function": "enchant_with_levels",
                            "levels": 30,
                            "treasure": true
                        }
                    ]
                },
                {
                    "type": "item",
                    "name": "minecraft:book",
                    "weight": 6,
                    "functions": [
                        {
                            "function": "enchant_with_levels",
                            "levels": 30,
                            "treasure": true
                        }
                    ]
                }
            ]
        },
        {
            "rolls": 1,
            "entries": [
                {
                    "type": "item",
                    "name": "ewings:feather_0"
                },
                {
                    "type": "item",
                    "name": "ewings:feather_1"
                },
                {
                    "type": "item",
                    "name": "ewings:feather_2"
                },
                {
                    "type": "item",
                    "name": "ewings:feather_3"
                },
                {
                    "type": "item",
                    "name": "ewings:feather_4"
                },
                {
                    "type": "item",
                    "name": "ewings:feather_5"
                },
                {
                    "type": "item",
                    "name": "ewings:feather_6"
                },
                {
                    "type": "item",
                    "name": "ewings:feather_7"
                },
                {
                    "type": "item",
                    "name": "ewings:feather_8"
                },
                {
                    "type": "item",
                    "name": "ewings:feather_9"
                },
                {
                    "type": "item",
                    "name": "ewings:feather_10"
                },
                {
                    "type": "item",
                    "name": "ewings:feather_11"
                },
                {
                    "type": "item",
                    "name": "ewings:feather_12"
                },
                {
                    "type": "item",
                    "name": "ewings:feather_13"
                },
                {
                    "type": "item",
                    "name": "ewings:feather_14"
                },
                {
                    "type": "item",
                    "name": "ewings:feather_15"
                }
            ]
        }
    ]
}