{
	"format_version": "1.12.0",
	"minecraft:geometry": [
		{
			"description": {
				"identifier": "geometry.serpweepinbell",
				"texture_width": 128,
				"texture_height": 128,
				"visible_bounds_width": 4,
				"visible_bounds_height": 3.5,
				"visible_bounds_offset": [0, 1.25, 0]
			},
			"bones": [
				{
					"name": "weepinbell",
					"pivot": [0, 29, 6]
				},
				{
					"name": "body",
					"parent": "weepinbell",
					"pivot": [0, 0, 0],
					"cubes": [
						{"origin": [-5, 9, -5], "size": [10, 12, 11], "uv": [0, 0]},
						{"origin": [-4.5, 11.5, -5.5], "size": [9, 9, 1], "uv": [68, 0]},
						{"origin": [-2, 20.5, -1.5], "size": [4, 4, 4], "uv": [13, 43]},
						{"origin": [-0.5, 24.5, 0], "size": [1, 4, 1], "pivot": [0, 24.5, 0], "rotation": [-25, 0, 0], "uv": [0, 43]},
						{"origin": [-0.5, 27.65855, 2.05438], "size": [1, 4, 1], "pivot": [0, 28.12902, 2.17652], "rotation": [-75, 0, 0], "uv": [32, 0]},
						{"origin": [-1.72661, 20.29431, -5], "size": [3.45, 3, 11], "uv": [46, 46]},
						{"origin": [-5, 19, -5], "size": [4, 2, 11], "pivot": [-5, 21, 1], "rotation": [0, 0, -35], "uv": [32, 32]},
						{"origin": [1, 19, -5], "size": [4, 2, 11], "pivot": [5, 21, 1], "rotation": [0, 0, 35], "uv": [32, 13]},
						{"origin": [-4.5, 8.75, 5.43301], "size": [9, 12, 1], "uv": [0, 65]},
						{"origin": [4.5, 9.25, -4.43301], "size": [1, 11, 10], "uv": [23, 46]},
						{"origin": [-5.5, 9.25, -4.43301], "size": [1, 11, 10], "uv": [0, 43]}
					]
				},
				{
					"name": "leaves",
					"parent": "weepinbell",
					"pivot": [0, 11, 0]
				},
				{
					"name": "right_leaf",
					"parent": "leaves",
					"pivot": [-5.5, 11, 0.5],
					"cubes": [
						{"origin": [-12.5, 11, -4], "size": [7, 0, 9], "uv": [32, 0]}
					]
				},
				{
					"name": "right_top",
					"parent": "right_leaf",
					"pivot": [-12.5, 11, 1],
					"cubes": [
						{"origin": [-16.5, 11, -4], "size": [4, 0, 9], "uv": [64, 38]}
					]
				},
				{
					"name": "left_leaf",
					"parent": "leaves",
					"pivot": [5.5, 11, 0.5],
					"cubes": [
						{"origin": [5.5, 11, -4], "size": [7, 0, 9], "uv": [32, 0], "mirror": true}
					]
				},
				{
					"name": "left_top",
					"parent": "left_leaf",
					"pivot": [12.5, 11, 1],
					"cubes": [
						{"origin": [12.5, 11, -4], "size": [4, 0, 9], "uv": [64, 38], "mirror": true}
					]
				},
				{
					"name": "down",
					"parent": "weepinbell",
					"pivot": [0, 9, 6],
					"rotation": [-35, 0, 0],
					"cubes": [
						{"origin": [-5, 2, -5], "size": [10, 7, 11], "uv": [0, 24]},
						{"origin": [-5, 0, -7], "size": [10, 2, 2], "uv": [64, 48]},
						{"origin": [5.04868, 0, -7.12132], "size": [2.83, 2, 2], "pivot": [4.87868, 1, -7.12132], "rotation": [0, -45, 0], "uv": [0, 29]},
						{"origin": [-7.87868, 0, -7.12132], "size": [2.83, 2, 2], "pivot": [-4.87868, 1, -7.12132], "rotation": [0, 45, 0], "uv": [0, 24]},
						{"origin": [-7.87868, 0, 6.12132], "size": [2.83, 2, 2], "pivot": [-4.87868, 1, 8.12132], "rotation": [0, -45, 0], "uv": [0, 5]},
						{"origin": [5.04868, 0, 6.12132], "size": [2.83, 2, 2], "pivot": [4.87868, 1, 8.12132], "rotation": [0, 45, 0], "uv": [0, 0]},
						{"origin": [-5, 0, 6], "size": [10, 2, 2], "uv": [32, 27]},
						{"origin": [-7, 0, -5], "size": [2, 2, 11], "uv": [52, 24]},
						{"origin": [5, 0, -5], "size": [2, 2, 11], "uv": [52, 10]},
						{"origin": [-4.5, 2, -5.5], "size": [9, 4, 1], "uv": [68, 11]},
						{"origin": [-4.5, 2.04358, 5.4981], "size": [9, 7, 1], "uv": [36, 46]},
						{"origin": [-5.5, 1.95642, -4.4981], "size": [1, 7, 10], "uv": [59, 61]},
						{"origin": [4.5, 1.95642, -4.4981], "size": [1, 7, 10], "uv": [36, 61]}
					]
				}
			]
		}
	]
}