{
	"format_version": "1.8.0",
	"animations": {
		"animation.feraligatr.quiet": {
			"loop": true,
			"animation_length": 1.6,
			"bones": {
				"head": {
					"position": {
						"0.0": {
							"post": [0, -2, -2],
							"lerp_mode": "catmullrom"
						},
						"0.8": {
							"post": [0, -1, 1],
							"lerp_mode": "catmullrom"
						},
						"1.6": {
							"post": [0, -2, -2],
							"lerp_mode": "catmullrom"
						}
					}
				},
				"body2": {
					"rotation": {
						"0.0": {
							"post": [5, 0, 0],
							"lerp_mode": "catmullrom"
						}
					}
				},
				"arms": {
					"rotation": {
						"0.0": {
							"post": [15, 0, 0],
							"lerp_mode": "catmullrom"
						}
					},
					"position": {
						"0.0": {
							"post": [0, -3, -2],
							"lerp_mode": "catmullrom"
						},
						"0.8": {
							"post": [0, -2, 0],
							"lerp_mode": "catmullrom"
						},
						"1.6": {
							"post": [0, -3, -2],
							"lerp_mode": "catmullrom"
						}
					}
				},
				"right_arm": {
					"rotation": {
						"0.0": {
							"post": [20, 0, 35],
							"lerp_mode": "catmullrom"
						},
						"0.8": {
							"post": [0, 0, 25],
							"lerp_mode": "catmullrom"
						},
						"1.6": {
							"post": [20, 0, 35],
							"lerp_mode": "catmullrom"
						}
					}
				},
				"right_hand": {
					"rotation": [-45, 0, 0]
				},
				"tail": {
					"rotation": {
						"0.0": {
							"post": [0, 30, 0],
							"lerp_mode": "catmullrom"
						},
						"0.8": {
							"post": [0, 15, 0],
							"lerp_mode": "catmullrom"
						},
						"1.6": {
							"post": [0, 30, 0],
							"lerp_mode": "catmullrom"
						}
					},
					"position": {
						"0.0": {
							"post": [-2, 0, -2],
							"lerp_mode": "catmullrom"
						},
						"0.8": {
							"post": [-1, 0, -2],
							"lerp_mode": "catmullrom"
						},
						"1.6": {
							"post": [-2, 0, -2],
							"lerp_mode": "catmullrom"
						}
					}
				},
				"left_arm": {
					"rotation": {
						"0.0": {
							"post": [0, 0, -35],
							"lerp_mode": "catmullrom"
						},
						"0.8": {
							"post": [0, 0, -25],
							"lerp_mode": "catmullrom"
						},
						"1.6": {
							"post": [0, 0, -35],
							"lerp_mode": "catmullrom"
						}
					}
				},
				"left_hand": {
					"rotation": [-60, 0, 0]
				},
				"body": {
					"rotation": {
						"0.0": {
							"post": [5, 0, 0],
							"lerp_mode": "catmullrom"
						},
						"0.8": {
							"post": [-2.5, 0, 0],
							"lerp_mode": "catmullrom"
						},
						"1.6": {
							"post": [5, 0, 0],
							"lerp_mode": "catmullrom"
						}
					}
				},
				"right_leg": {
					"position": {
						"0.0": {
							"post": [0, 0, -3],
							"lerp_mode": "catmullrom"
						}
					}
				},
				"left_leg": {
					"rotation": {
						"0.0": {
							"post": [0, -25, 0],
							"lerp_mode": "catmullrom"
						}
					}
				}
			}
		},
		"animation.feraligatr.walk": {
			"loop": true,
			"animation_length": 0.6,
			"bones": {
				"feraligatr": {
					"rotation": {
						"0.0": {
							"post": [0, -10, 0],
							"lerp_mode": "catmullrom"
						},
						"0.3": {
							"post": [0, 10, 0],
							"lerp_mode": "catmullrom"
						},
						"0.6": {
							"post": [0, -10, 0],
							"lerp_mode": "catmullrom"
						}
					},
					"position": {
						"0.0": {
							"post": [0, 1, 0],
							"lerp_mode": "catmullrom"
						},
						"0.2": {
							"post": [0, 0, 0],
							"lerp_mode": "catmullrom"
						},
						"0.3": {
							"post": [0, 1, 0],
							"lerp_mode": "catmullrom"
						},
						"0.5": {
							"post": [0, 0, 0],
							"lerp_mode": "catmullrom"
						},
						"0.6": {
							"post": [0, 1, 0],
							"lerp_mode": "catmullrom"
						}
					}
				},
				"body_root": {
					"rotation": {
						"0.0": {
							"post": [0, 0, 5],
							"lerp_mode": "catmullrom"
						},
						"0.3": {
							"post": [0, 0, -5],
							"lerp_mode": "catmullrom"
						},
						"0.6": {
							"post": [0, 0, 5],
							"lerp_mode": "catmullrom"
						}
					},
					"position": {
						"0.0": {
							"post": [0, 2, 0],
							"lerp_mode": "catmullrom"
						},
						"0.2": {
							"post": [0, 0, 0],
							"lerp_mode": "catmullrom"
						},
						"0.3": {
							"post": [0, 2, 0],
							"lerp_mode": "catmullrom"
						},
						"0.5": {
							"post": [0, 0, 0],
							"lerp_mode": "catmullrom"
						},
						"0.6": {
							"post": [0, 2, 0],
							"lerp_mode": "catmullrom"
						}
					}
				},
				"mouth": {
					"rotation": {
						"0.0": {
							"post": [30, 0, 0],
							"lerp_mode": "catmullrom"
						},
						"0.2": {
							"post": [15, 0, 0],
							"lerp_mode": "catmullrom"
						},
						"0.3": {
							"post": [30, 0, 0],
							"lerp_mode": "catmullrom"
						},
						"0.5": {
							"post": [15, 0, 0],
							"lerp_mode": "catmullrom"
						},
						"0.6": {
							"post": [30, 0, 0],
							"lerp_mode": "catmullrom"
						}
					}
				},
				"right_arm": {
					"rotation": {
						"0.0": {
							"post": [40, 0, 0],
							"lerp_mode": "catmullrom"
						},
						"0.3": {
							"post": [-40, 0, 0],
							"lerp_mode": "catmullrom"
						},
						"0.6": {
							"post": [40, 0, 0],
							"lerp_mode": "catmullrom"
						}
					}
				},
				"right_hand": {
					"rotation": [-70, 0, 0]
				},
				"left_arm": {
					"rotation": {
						"0.0": {
							"post": [-30, 0, 0],
							"lerp_mode": "catmullrom"
						},
						"0.3": {
							"post": [50, 0, 0],
							"lerp_mode": "catmullrom"
						},
						"0.6": {
							"post": [-30, 0, 0],
							"lerp_mode": "catmullrom"
						}
					}
				},
				"left_hand": {
					"rotation": [-70, 0, 0]
				},
				"tail": {
					"rotation": {
						"0.0": {
							"post": [0, 30, 0],
							"lerp_mode": "catmullrom"
						},
						"0.3": {
							"post": [0, -30, 0],
							"lerp_mode": "catmullrom"
						},
						"0.6": {
							"post": [0, 30, 0],
							"lerp_mode": "catmullrom"
						}
					}
				},
				"right_leg": {
					"rotation": {
						"0.0": {
							"post": [-55, 0, 0],
							"lerp_mode": "catmullrom"
						},
						"0.3": {
							"post": [55, 0, 0],
							"lerp_mode": "catmullrom"
						},
						"0.6": {
							"post": [-55, 0, 0],
							"lerp_mode": "catmullrom"
						}
					}
				},
				"left_leg": {
					"rotation": {
						"0.0": {
							"post": [55, 0, 0],
							"lerp_mode": "catmullrom"
						},
						"0.3": {
							"post": [-55, 0, 0],
							"lerp_mode": "catmullrom"
						},
						"0.6": {
							"post": [55, 0, 0],
							"lerp_mode": "catmullrom"
						}
					}
				}
			}
		},
		"animation.feraligatr.sitting": {
			"loop": true,
			"bones": {
				"feraligatr": {
					"position": [0, -5, 0]
				},
				"head": {
					"position": [0, -3, -3]
				},
				"body2": {
					"rotation": [15, 0, 0]
				},
				"arms": {
					"position": [0, -3, -2]
				},
				"right_arm": {
					"rotation": [-45, 0, 10]
				},
				"right_hand": {
					"rotation": [-35, -60, 0]
				},
				"left_arm": {
					"rotation": [-45, 0, -10]
				},
				"left_hand": {
					"rotation": [-35, 60, 0],
					"position": [1, 0, -1]
				},
				"tail": {
					"rotation": [45, 0, 30],
					"position": [0, 0, 0]
				},
				"legs": {
					"rotation": [-90, 0, 0],
					"position": [0, -3, 1]
				},
				"right_leg": {
					"rotation": [0, -10, 25],
					"position": [2, 0, 0]
				},
				"left_leg": {
					"rotation": [0, 10, -25],
					"position": [-2, 0, 0]
				}
			}
		},
		"animation.feraligatr.jump": {
			"loop": true,
			"bones": {
				"feraligatr": {
					"position": [0, 3, 0]
				},
				"mouth": {
					"rotation": [30, 0, 0]
				},
				"arms": {
					"rotation": [-130, 0, 0]
				},
				"right_arm": {
					"rotation": [0, -25, -10]
				},
				"right_hand": {
					"rotation": [-30, 0, 0]
				},
				"left_arm": {
					"rotation": [0, 25, 10]
				},
				"left_hand": {
					"rotation": [-30, 0, 0]
				},
				"tail": {
					"rotation": [-35, 0, 0],
					"position": [0, 0, -1]
				},
				"legs": {
					"rotation": [35, 0, 0],
					"position": [0, -1, -2]
				}
			}
		},
		"animation.feraligatr.attack": {
			"loop": true,
			"bones": {
				"head": {
					"position": [0, -8, -10]
				},
				"mouth": {
					"rotation": [45, 0, 0]
				},
				"body": {
					"rotation": [30, 0, 0],
					"position": [0, 0, 3]
				},
				"body2": {
					"rotation": [5, 0, 0]
				},
				"arms": {
					"position": [0, -6, -7]
				},
				"right_hand": {
					"rotation": [-40, 0, 0]
				},
				"left_arm": {
					"rotation": [40, 0, -30]
				},
				"left_hand": {
					"rotation": [-35, 0, 0]
				},
				"tail": {
					"rotation": [0, 35, 0]
				},
				"right_leg": {
					"rotation": [0, 30, 0]
				},
				"left_leg": {
					"position": [0, 0, -4]
				}
			}
		},
		"animation.feraligatr.swimming": {
			"loop": true,
			"animation_length": 0.8,
			"bones": {
				"feraligatr": {
					"position": {
						"0.0": {
							"post": [0, -4, 0],
							"lerp_mode": "catmullrom"
						},
						"0.4": {
							"post": [0, -5, 0],
							"lerp_mode": "catmullrom"
						},
						"0.8": {
							"post": [0, -4, 0],
							"lerp_mode": "catmullrom"
						}
					}
				},
				"tail": {
					"rotation": {
						"0.0": {
							"post": [-60, 0, -25],
							"lerp_mode": "catmullrom"
						},
						"0.4": {
							"post": [-60, 0, 25],
							"lerp_mode": "catmullrom"
						},
						"0.8": {
							"post": [-60, 0, -25],
							"lerp_mode": "catmullrom"
						}
					},
					"position": {
						"0.0": {
							"post": [1, 0, -2],
							"lerp_mode": "catmullrom"
						},
						"0.4": {
							"post": [-1.5, 0, -2],
							"lerp_mode": "catmullrom"
						},
						"0.8": {
							"post": [1, 0, -2],
							"lerp_mode": "catmullrom"
						}
					}
				},
				"right_arm": {
					"rotation": {
						"0.0": {
							"post": [-35, 0, 35],
							"lerp_mode": "catmullrom"
						},
						"0.4": {
							"post": [15, 0, 35],
							"lerp_mode": "catmullrom"
						},
						"0.8": {
							"post": [-35, 0, 35],
							"lerp_mode": "catmullrom"
						}
					}
				},
				"left_arm": {
					"rotation": {
						"0.0": {
							"post": [-35, 0, -35],
							"lerp_mode": "catmullrom"
						},
						"0.4": {
							"post": [15, 0, -35],
							"lerp_mode": "catmullrom"
						},
						"0.8": {
							"post": [-35, 0, -35],
							"lerp_mode": "catmullrom"
						}
					}
				},
				"right_leg": {
					"rotation": {
						"0.0": {
							"post": [45, 0, 0],
							"lerp_mode": "catmullrom"
						},
						"0.2": {
							"post": [-45, 0, 0],
							"lerp_mode": "catmullrom"
						},
						"0.4": {
							"post": [45, 0, 0],
							"lerp_mode": "catmullrom"
						},
						"0.6": {
							"post": [-45, 0, 0],
							"lerp_mode": "catmullrom"
						},
						"0.8": {
							"post": [45, 0, 0],
							"lerp_mode": "catmullrom"
						}
					}
				},
				"left_leg": {
					"rotation": {
						"0.0": {
							"post": [-45, 0, 0],
							"lerp_mode": "catmullrom"
						},
						"0.2": {
							"post": [45, 0, 0],
							"lerp_mode": "catmullrom"
						},
						"0.4": {
							"post": [-45, 0, 0],
							"lerp_mode": "catmullrom"
						},
						"0.6": {
							"post": [45, 0, 0],
							"lerp_mode": "catmullrom"
						},
						"0.8": {
							"post": [-45, 0, 0],
							"lerp_mode": "catmullrom"
						}
					}
				},
				"right_hand": {
					"rotation": {
						"0.0": [-30, 0, 0],
						"0.6": [0, 0, 0],
						"0.8": [-30, 0, 0]
					}
				},
				"left_hand": {
					"rotation": {
						"0.0": [-30, 0, 0],
						"0.6": [0, 0, 0],
						"0.8": [-30, 0, 0]
					}
				}
			}
		},
		"animation.feraligatr.sink": {
			"loop": true,
			"animation_length": 0.6,
			"bones": {
				"head": {
					"position": {
						"0.0": {
							"post": [0.5, -22, -14],
							"lerp_mode": "catmullrom"
						},
						"0.3": {
							"post": [-0.5, -22, -14],
							"lerp_mode": "catmullrom"
						},
						"0.6": {
							"post": [0.5, -22, -14],
							"lerp_mode": "catmullrom"
						}
					}
				},
				"body": {
					"rotation": {
						"0.0": {
							"post": [90, 5, 0],
							"lerp_mode": "catmullrom"
						},
						"0.3": {
							"post": [90, -5, 0],
							"lerp_mode": "catmullrom"
						},
						"0.6": {
							"post": [90, 5, 0],
							"lerp_mode": "catmullrom"
						}
					},
					"position": {
						"0.0": {
							"post": [0, 3, 9],
							"lerp_mode": "catmullrom"
						}
					}
				},
				"body2": {
					"rotation": {
						"0.0": {
							"post": [-15, 0, 10],
							"lerp_mode": "catmullrom"
						},
						"0.3": {
							"post": [-15, 0, -10],
							"lerp_mode": "catmullrom"
						},
						"0.6": {
							"post": [-15, 0, 10],
							"lerp_mode": "catmullrom"
						}
					}
				},
				"arms": {
					"rotation": {
						"0.0": {
							"post": [90, 0, 0],
							"lerp_mode": "catmullrom"
						}
					},
					"position": {
						"0.0": {
							"post": [-0.5, -16, -11],
							"lerp_mode": "catmullrom"
						},
						"0.3": {
							"post": [0.5, -16, -11],
							"lerp_mode": "catmullrom"
						},
						"0.6": {
							"post": [-0.5, -16, -11],
							"lerp_mode": "catmullrom"
						}
					}
				},
				"right_arm": {
					"rotation": {
						"0.0": {
							"post": [0, 0, -5],
							"lerp_mode": "catmullrom"
						},
						"0.3": {
							"post": [0, 0, -20],
							"lerp_mode": "catmullrom"
						},
						"0.6": {
							"post": [0, 0, -5],
							"lerp_mode": "catmullrom"
						}
					}
				},
				"right_hand": {
					"rotation": [-25, 0, 0]
				},
				"left_arm": {
					"rotation": {
						"0.0": {
							"post": [0, 0, 20],
							"lerp_mode": "catmullrom"
						},
						"0.3": {
							"post": [0, 0, 5],
							"lerp_mode": "catmullrom"
						},
						"0.6": {
							"post": [0, 0, 20],
							"lerp_mode": "catmullrom"
						}
					}
				},
				"left_hand": {
					"rotation": [-25, 0, 0]
				},
				"tail": {
					"rotation": {
						"0.0": {
							"post": [0, 0, 0],
							"lerp_mode": "catmullrom"
						},
						"0.2": {
							"post": [0, 15, 0],
							"lerp_mode": "catmullrom"
						},
						"0.4": {
							"post": [0, -15, 0],
							"lerp_mode": "catmullrom"
						},
						"0.6": {
							"post": [0, 0, 0],
							"lerp_mode": "catmullrom"
						}
					},
					"position": {
						"0.0": {
							"post": [0, 3, 1],
							"lerp_mode": "catmullrom"
						}
					}
				},
				"legs": {
					"rotation": {
						"0.0": {
							"post": [90, 0, 0],
							"lerp_mode": "catmullrom"
						}
					},
					"position": {
						"0.0": {
							"post": [0, -4, 4],
							"lerp_mode": "catmullrom"
						}
					}
				},
				"right_leg": {
					"rotation": {
						"0.0": {
							"post": [15, -10, 0],
							"lerp_mode": "catmullrom"
						},
						"0.3": {
							"post": [-15, -10, 0],
							"lerp_mode": "catmullrom"
						},
						"0.6": {
							"post": [15, -10, 0],
							"lerp_mode": "catmullrom"
						}
					}
				},
				"left_leg": {
					"rotation": {
						"0.0": {
							"post": [-15, 10, 0],
							"lerp_mode": "catmullrom"
						},
						"0.3": {
							"post": [15, 10, 0],
							"lerp_mode": "catmullrom"
						},
						"0.6": {
							"post": [-15, 10, 0],
							"lerp_mode": "catmullrom"
						}
					}
				}
			}
		},
		"animation.feraligatr.direction": {
			"loop": true,
			"bones": {
				"feraligatr": {
					"rotation": ["(!query.has_rider)?query.target_x_rotation - this", "query.target_y_rotation - this", "-math.max(-20,math.min(20,query.yaw_speed))"]
				},
				"tail": {
					"rotation": [0, 0, "math.max(-35,math.min(35,query.yaw_speed))"]
				}
			}
		}
	}
}