{"format_version":"1.16.0","minecraft:entity":{"component_groups":{"m":{"minecraft:projectile":{"catchFire":true,"gravity":0,"offset":[0,1.45,0],"onHit":{"impact_damage":{"damage":100,"knockback":false},"mob_effect":{"amplifier":10,"durationeasy":42,"durationhard":42,"durationnormal":42,"effect":"levitation"}},"particle":"explode","power":3.5,"uncertaintyBase":0},"minecraft:scale":{"value":10}}},"components":{"minecraft:attack":{"damage":999999999999999},"minecraft:collision_box":{"height":0,"width":0},"minecraft:damage_sensor":[{"cause":"all","deals_damage":false}],"minecraft:explode":{"causesFire":true,"destroyAffectedByGriefing":true,"fireAffectedByGriefing":true,"fuseLength":1.5,"fuseLit":true,"power":0},"minecraft:health":{"max":20,"min":20,"value":20},"minecraft:projectile":{"catchFire":true,"gravity":0,"offset":[0,1.45,0],"onHit":{"impact_damage":{"damage":100000000,"knockback":false}},"particle":"explode","particle_on_hit":{"num_particles":8,"on_entity_hit":true,"on_other_hit":true,"particle_type":"lava"},"power":3.6,"uncertaintyBase":0},"minecraft:scale":{"value":0.1},"minecraft:type_family":{"family":["inanimateno"]}},"description":{"identifier":"kvn:ammo","is_experimental":false,"is_spawnable":false,"is_summonable":true,"runtime_identifier":"minecraft:snowball"},"event":{"m":{"randomize":[{"weight":15},{"add":{"component_groups":["m"]},"weight":1}]}}}}