{"format_version":"1.16.0","minecraft:entity":{"component_groups":{"minecraft:exploding":{"minecraft:explode":{"causes_fire":true,"destroy_affected_by_griefing":true,"fuse_length":0,"fuse_lit":true,"power":6}}},"components":{"minecraft:behavior.knockback_roar":{"attack_time":2,"cooldown_time":2,"duration":2,"knockback_damage":2000000,"knockback_filters":{"operator":"!=","subject":"other","test":"is_family","value":"herobrine"},"knockback_range":6,"knockback_strength":3.5,"priority":1},"minecraft:collision_box":{"height":0,"width":0},"minecraft:damage_sensor":[{"cause":"all","deals_damage":false}],"minecraft:explode":{"causes_fire":true,"destroy_affected_by_griefing":true,"fuse_length":5,"fuse_lit":true,"power":6},"minecraft:health":{"max":1,"min":1,"value":1},"minecraft:is_charged":{},"minecraft:physics":{},"minecraft:projectile":{"gravity":0,"inertia":1,"liquid_inertia":1,"offset":[0,1,0],"on_hit":{"catch_fire":{},"definition_event":{"affect_projectile":true,"event_trigger":{"event":"minecraft:explode","target":"self"}},"impact_damage":{"catch_fire":true,"damage":100000,"knockback":true},"stick_in_ground":{"shake_time":0.3}},"power":5,"semi_random_diff_damage":true},"minecraft:pushable":{"is_pushable":true,"is_pushable_by_piston":true},"minecraft:scale":{"value":0.1},"minecraft:type_family":{"family":["inanimate","herobrine","boss"]}},"description":{"identifier":"kvn:explode2","is_experimental":false,"is_spawnable":false,"is_summonable":true},"events":{"minecraft:explode":{"add":{"component_groups":["minecraft:exploding"]}}}}}