{"format_version":"1.16.0","minecraft:entity":{"component_groups":{"from_explosion":{"minecraft:explode":{"causesFire":false,"fuseLength":{"range_max":5,"range_min":5},"fuseLit":true,"power":0}},"health":{"minecraft:health":{"max":6666,"min":6666,"value":6666}}},"components":{"minecraft:area_attack":{"cause":"contact","damage_per_tick":2000000000,"damage_range":6,"entity_filter":{"all_of":[{"operator":"!=","subject":"other","test":"is_family","value":"herobrine"},{"operator":"!=","subject":"other","test":"is_family","value":"inanimate"}]}},"minecraft:behavior.knockback_roar":{"attack_time":2,"damage_filters":{"all_of":[{"operator":"!=","subject":"other","test":"is_family","value":"herobrine"},{"operator":"!=","subject":"other","test":"is_family","value":"inanimate"}]},"duration":2,"knockback_damage":1000000,"knockback_filters":{"all_of":[{"operator":"!=","subject":"other","test":"is_family","value":"herobrine"}]},"knockback_range":10,"knockback_strength":2,"priority":1},"minecraft:collision_box":{"height":0.9,"width":0},"minecraft:damage_sensor":{"triggers":{"deals_damage":false,"on_damage":{"event":"health"}}},"minecraft:explode":{"causesFire":false,"fuseLength":6.2,"fuseLit":true,"power":0},"minecraft:health":{"max":6666,"min":6666,"value":6666},"minecraft:is_charged":{},"minecraft:physics":{},"minecraft:scale":{"value":1.2},"minecraft:type_family":{"family":["herobrine","inanimateno"]}},"description":{"identifier":"kvn:obsidian_sword","is_experimental":false,"is_spawnable":false,"is_summonable":true,"runtime_identifier":"kvn:obsidian_sword"},"events":{"from_explosion":{"add":{"component_groups":["from_explosion"]}},"health":{"add":{"component_groups":["health"]}}}}}