{"format_version":"1.16.0","minecraft:entity":{"component_groups":{"health":{"minecraft:health":{"max":999999999999999,"min":999999999999999,"value":999999999999999}},"miss":{"minecraft:teleport":{"dark_teleport_chance":1,"light_teleport_chance":1,"max_random_teleport_time":1,"random_teleport_cube":[6,6,6],"random_teleports":16,"target_distance":true,"target_teleport_chance":1},"minecraft:timer":{"looping":true,"time":[0,0],"time_down_event":{"event":"nomiss","target":"self"}}}},"components":{"minecraft:area_attack":{"cause":"contact","damage_per_tick":2000000,"damage_range":6,"entity_filter":{"all_of":[{"subject":"other","test":"is_family","value":"scp096"},{"subject":"other","test":"is_family","value":"ErrorUnry"},{"subject":"other","test":"is_family","value":"sans"},{"subject":"other","test":"is_family","value":"xans"}]}},"minecraft:attack":{"damage":999999999999999},"minecraft:behavior.float":{"priority":0},"minecraft:behavior.hurt_by_target":{"entity_types":{"filters":{"operator":"!=","subject":"other","test":"is_family","value":"herobrine"}},"priority":3},"minecraft:behavior.look_at_player":{"look_distance":8,"priority":8,"probability":8},"minecraft:behavior.nearest_attackable_target":{"attack_interval":1,"entity_types":[{"filters":{"any_of":[{"subject":"other","test":"is_family","value":"player"},{"subject":"other","test":"is_family","value":"irongolem"},{"subject":"other","test":"is_family","value":"sans"},{"subject":"other","test":"is_family","value":"scp096"},{"subject":"other","test":"is_family","value":"origin"},{"subject":"other","test":"is_family","value":"scp1765"},{"subject":"other","test":"is_family","value":"watergod"},{"subject":"other","test":"is_family","value":"scp053"},{"subject":"other","test":"is_family","value":"wandering_trader"},{"subject":"other","test":"is_family","value":"chara1"},{"subject":"other","test":"is_family","value":"gaster"},{"subject":"other","test":"is_family","value":"villager"},{"subject":"other","test":"is_family","value":"titan"},{"subject":"other","test":"is_family","value":"prime"},{"subject":"other","test":"is_family","value":"ybh:herobrine"},{"subject":"other","test":"is_family","value":"ErrorUnry"}]},"max_dist":67}],"must_see":false,"priority":5},"minecraft:behavior.random_look_around":{"priority":8},"minecraft:behavior.random_stroll":{"priority":7,"speed_multiplier":1},"minecraft:behavior.ranged_attack":{"attack_radius":60,"burst_interval":0.1,"burst_shots":100,"charge_charged_trigger":1,"charge_shoot_trigger":1,"priority":2},"minecraft:behavior.summon_entity":{"priority":-1,"summon_choices":[{"cast_duration":1.0E-5,"cooldown_time":1.0E-5,"sequence":[{"base_delay":1,"delay_per_summon":0,"entity_lifespan":1000,"entity_type":"kvn:obsidian_trident","num_entities_spawned":50,"shape":"circle","size":16,"target":"self"}],"start_sound_event":"prepare.attack","weight":3},{"cast_duration":1.0E-5,"cooldown_time":1.0E-5,"sequence":[{"base_delay":1,"delay_per_summon":0,"entity_lifespan":1000,"entity_type":"kvn:obsidian_sword","num_entities_spawned":50,"shape":"circle","size":16,"target":"self"}],"start_sound_event":"prepare.attack","weight":3},{"cast_duration":1.0E-5,"cooldown_time":1.0E-5,"sequence":[{"base_delay":1,"delay_per_summon":0,"entity_lifespan":1000,"entity_type":"kvn:bedrock_spike","num_entities_spawned":50,"shape":"circle","size":16,"target":"self"}],"start_sound_event":"prepare.attack","weight":3},{"cast_duration":1.0E-5,"cooldown_time":1.0E-5,"sequence":[{"base_delay":1,"delay_per_summon":0,"entity_lifespan":1000,"entity_type":"minecraft:lightning_bolt","num_entities_spawned":50,"shape":"circle","size":16,"target":"self"}],"start_sound_event":"prepare.attack","weight":3},{"cast_duration":1.0E-5,"cooldown_time":1.0E-5,"sequence":[{"base_delay":1,"delay_per_summon":0,"entity_lifespan":1000,"entity_type":"minecraft:tnt","num_entities_spawned":50,"shape":"circle","size":16,"target":"self"}],"start_sound_event":"prepare.attack","weight":3},{"cast_duration":0.001,"cooldown_time":0.001,"sequence":[{"base_delay":1,"delay_per_summon":0,"entity_lifespan":6.2,"entity_type":"kvn:nether_sword","num_entities_spawned":1,"shape":"circle","size":0,"target":"target"}],"start_sound_event":"prepare.attack","weight":3},{"cast_duration":0.1,"cooldown_time":0.1,"sequence":[{"base_delay":0,"entity_type":"kvn:obsidian_ex_skill","num_entities_spawned":20,"shape":"circle","size":4.5,"sound_event":"plp","summon_cap":8,"summon_cap_radius":20,"target":"target"}],"start_sound_event":"prepare.attack","weight":1},{"cast_duration":0.1,"cooldown_time":0.1,"sequence":[{"base_delay":0,"entity_type":"kvn:obsidian_skill","num_entities_spawned":20,"shape":"circle","size":4.5,"sound_event":"plp","summon_cap":8,"summon_cap_radius":20,"target":"target"}],"start_sound_event":"prepare.attack","weight":1},{"cast_duration":0.1,"cooldown_time":0.1,"sequence":[{"base_delay":0,"entity_type":"kvn:obsidian_spike","num_entities_spawned":40,"shape":"line","size":100,"sound_event":"plp","summon_cap":8,"summon_cap_radius":20,"target":"self"},{"base_delay":0,"entity_type":"kvn:obsidian_spike","num_entities_spawned":10,"shape":"circle","size":20,"sound_event":"plp","summon_cap":8,"summon_cap_radius":20,"target":"target"},{"base_delay":0,"entity_type":"kvn:obsidian_spike","num_entities_spawned":10,"shape":"circle","size":2,"sound_event":"plp","summon_cap":8,"summon_cap_radius":20,"target":"target"}],"start_sound_event":"prepare.attack","weight":1},{"cast_duration":0.2,"cooldown_time":0.2,"sequence":[{"base_delay":0,"entity_type":"kvn:obsidian_sword","num_entities_spawned":40,"shape":"line","size":100,"sound_event":"plp","summon_cap":8,"summon_cap_radius":20,"target":"self"},{"base_delay":0,"entity_type":"kvn:obsidian_sword","num_entities_spawned":10,"shape":"circle","size":20,"sound_event":"plp","summon_cap":8,"summon_cap_radius":20,"target":"target"},{"base_delay":0,"entity_type":"kvn:obsidian_sword","num_entities_spawned":10,"shape":"circle","size":2,"sound_event":"plp","summon_cap":8,"summon_cap_radius":20,"target":"target"}],"start_sound_event":"prepare.attack","weight":1},{"cast_duration":0.2,"cooldown_time":0.2,"sequence":[{"base_delay":0,"entity_type":"kvn:obsidian_trident","num_entities_spawned":40,"shape":"line","size":100,"sound_event":"plp","summon_cap":8,"summon_cap_radius":20,"target":"self"},{"base_delay":0,"entity_type":"kvn:obsidian_trident","num_entities_spawned":10,"shape":"circle","size":20,"sound_event":"plp","summon_cap":8,"summon_cap_radius":20,"target":"target"},{"base_delay":0,"entity_type":"kvn:obsidian_trident","num_entities_spawned":10,"shape":"circle","size":2,"sound_event":"plp","summon_cap":8,"summon_cap_radius":20,"target":"target"}],"start_sound_event":"prepare.attack","weight":1},{"cast_duration":0.1,"cooldown_time":0.1,"sequence":[{"base_delay":1,"delay_per_summon":0,"entity_lifespan":8,"entity_type":"kvn:bedrock_spike","num_entities_spawned":20,"shape":"circle","size":1,"target":"self"}],"start_sound_event":"prepare.attack","weight":3},{"cast_duration":0.1,"cooldown_time":0.1,"sequence":[{"base_delay":0,"entity_type":"kvn:obsidian_skill","num_entities_spawned":20,"shape":"circle","size":4.5,"sound_event":"plp","summon_cap":8,"summon_cap_radius":20,"target":"target"}],"start_sound_event":"prepare.attack","weight":1},{"cast_duration":0.01,"cooldown_time":0.01,"sequence":[{"base_delay":0,"entity_type":"kvn:obsidian_spike","num_entities_spawned":40,"shape":"line","size":100,"sound_event":"plp","summon_cap":8,"summon_cap_radius":20,"target":"self"},{"base_delay":0,"entity_type":"kvn:obsidian_spike","num_entities_spawned":10,"shape":"circle","size":20,"sound_event":"plp","summon_cap":8,"summon_cap_radius":20,"target":"target"},{"base_delay":0,"entity_type":"kvn:obsidian_spike","num_entities_spawned":10,"shape":"circle","size":2,"sound_event":"plp","summon_cap":8,"summon_cap_radius":20,"target":"target"}],"start_sound_event":"prepare.attack","weight":1},{"cast_duration":0.01,"cooldown_time":0.01,"sequence":[{"base_delay":0,"entity_type":"kvn:obsidian_trident","num_entities_spawned":40,"shape":"line","size":100,"sound_event":"plp","summon_cap":8,"summon_cap_radius":20,"target":"self"},{"base_delay":0,"entity_type":"kvn:obsidian_trident","num_entities_spawned":10,"shape":"circle","size":20,"sound_event":"plp","summon_cap":8,"summon_cap_radius":20,"target":"target"},{"base_delay":0,"entity_type":"kvn:obsidian_trident","num_entities_spawned":10,"shape":"circle","size":2,"sound_event":"plp","summon_cap":8,"summon_cap_radius":20,"target":"target"}],"start_sound_event":"prepare.attack","weight":1},{"cast_duration":0.01,"cooldown_time":0.01,"sequence":[{"base_delay":1,"delay_per_summon":0,"entity_lifespan":4000,"entity_type":"minecraft:lightning_bolt","num_entities_spawned":20,"shape":"circle","size":20,"target":"target"}],"start_sound_event":"prepare.attack","weight":3},{"cast_duration":0.01,"cooldown_time":0.01,"sequence":[{"base_delay":1,"entity_lifespan":-1,"entity_type":"minecraft:tnt","num_entities_spawned":20,"shape":"circle","size":6,"summon_cap":18,"summon_cap_radius":40,"target":"self"}],"weight":1}]},"minecraft:boss":{"hud_range":500,"name":"§l§4HEROBRINE"},"minecraft:breathable":{"suffocate_time":0,"total_supply":15},"minecraft:can_climb":{},"minecraft:collision_box":{"height":1.8,"width":0.6},"minecraft:damage_sensor":{"triggers":{"deals_damage":false,"on_damage":{"event":"miss"}}},"minecraft:experience_reward":{"on_death":"query.last_hit_by_player ? 5000 : 0"},"minecraft:fire_immune":true,"minecraft:follow_range":{"max":64,"value":64},"minecraft:health":{"max":999999999999999,"min":999999999999999,"value":999999999999999},"minecraft:jump.static":{},"minecraft:knockback_resistance":{"value":100},"minecraft:movement":{"value":0.12},"minecraft:movement.basic":{},"minecraft:nameable":{},"minecraft:navigation.walk":{"avoid_water":true,"can_path_over_water":true},"minecraft:physics":{},"minecraft:pushable":{"is_pushable":true,"is_pushable_by_piston":true},"minecraft:shooter":{"def":"kvn:ender_spike"},"minecraft:type_family":{"family":["herobrine","monster"]}},"description":{"animations":{"effect":"animation.herobrine.effect","herobrine":"animation.herobrine","kill":"animation.herobrine.kill","kill2":"animation.herobrine.kill2","kill3":"animation.herobrine.kill3","p":"animation.herobrine.particle","say":"animation.herobrine.say","summon":"animation.herobrine.summon","time":"animation.herobrine.time"},"identifier":"kvn:herobrine","is_experimental":false,"is_spawnable":true,"is_summonable":true,"runtime_identifier":"kvn:herobrine","scripts":{"animate":["effect","herobrine","kill","kill2","kill3","p","say","summon","time"]}},"events":{"miss":{"add":{"component_groups":["miss","health"]}},"nomiss":{"remove":{"component_groups":["miss"]}}}}}