{
  "pools": [
    {
            "rolls": 1,
            "entries": [
                {
                    "type": "item",
                    "name": "minecraftstorymode:withered_nether_star",
                    "weight": 50,
                    "functions": [
                        {
                            "function": "set_count",
                            "count": {
                                "min": 1,
                                "max": 1
                            }
                        }
                        ]
                }
                ]
                        }
                        ]
}