{
  "format_version": "1.13.0",
  "minecraft:entity": {
    "description": {
      "identifier": "minecraft_storymode:bigbrain_witherstorm",
      "is_spawnable": false,
      "is_summonable": true,
      "is_experimental": false,
//      "runtime_identifier": "minecraft:wither",
      "scripts":{"animate":["stage","bgm","default","attack","tractor0","teleport","head"]},
"animations":{
"stage":"animation.bigbrain_witherstorm.stage",
"bgm":"animation.bigbrain_witherstorm.bgm",
"default":"animation.wither_storm.default",
"attack":"animation.wither_storm.attack",
"tractor0":"animation.wither_storm.tractor0",
"teleport":"animation.wither_storm.teleport",
"head":"animation.wither_storm.head"
}
    },
    "component_groups":{
    "complete":{"minecraft:is_charged":{}},
      "death": {
        "minecraft:transformation": {
          "into": "minecraft_storymode:witherstorm_dead",
          "transformation_sound": "spawn",
          "delay": 0
        }
      }
    },
    "components": {
      "minecraft:experience_reward": {
        "on_death": "10000"
      },
    "minecraft:boss": {
"should_darken_sky": false,
"name": "§l§k§5§r§dWither Storm§l§k§5§r",
"hud_range": 512
},
      "minecraft:damage_sensor": {
        "triggers": [
          {
            "on_damage": {
              "filters": {
                "test": "is_family",
                "subject": "other",
                "value": "witherstorm"
              }
            },
            "deals_damage": false
          },
          {
            "on_damage": {
              "filters": {
                "test": "is_family",
                "subject": "other",
                "value": "severed_witherstorm"
              }
            },
            "deals_damage": false
          },
          {
            "on_damage": {
              "filters": {
                "test": "is_family",
                "subject": "other",
                "value": "wither_storm_head"
              }
            },
            "deals_damage": false
          },
          {
            "on_damage": {
              "filters": {
                "test": "is_family",
                "subject": "other",
                "value": "bigbrain_witherstorm"
              }
            },
            "deals_damage": false
          },
          {
            "on_damage": {
              "filters": {
                "test": "is_family",
                "subject": "other",
                "value": "bigbrain_witherstorm2"
              }
            },
            "deals_damage": false
          },
          {
            "on_damage": {
              "filters": {
                "test": "is_family",
                "subject": "other",
                "value": "lightning"
              }
            },
            "deals_damage": false
          },
          {
            "on_damage": {
              "filters": {
                "test": "has_damage",
                "value": "entity_explosion"
              },
              "event":"minecraft:explode_death"
            },
            "deals_damage": true
          },
          {
            "on_damage": {
              "filters": {
                "test": "has_damage",
                "value": "block_explosion"
              }
            },
            "deals_damage": false
          },
          {
            "on_damage": {
              "filters": {
                "test": "has_damage",
                "value": "fatal"
              },
              "event":"minecraft:death"
            },
            "deals_damage": true
          }
        ]
      },
      "minecraft:breathable": {
        "total_supply": 15,
        "suffocate_time": 0
      },
      
      "minecraft:tick_world": {
        "never_despawn": true
      },
         "minecraft:spell_effects": {
          "add_effects": [
            {
              "effect": "regeneration",
              "amplifier": 8,
              "visible": true,
              "ambient": true,
              "duration": 10
            }
          ]
       },
      "minecraft:area_attack" : {
        "damage_range": 15,
        "damage_per_tick": 999999999,
        "cause": "contact",
        "entity_filter": {
          "test": "is_family",
          "subject": "other",
          "operator": "!=",
          "value": "bigbrain_witherstorm"
        }
      },
      "minecraft:health": {
        "value": 3000,
        "max": 3000,
        "min": 0
      },
      "minecraft:collision_box": {
        "width": 2.5,
        "height": 35
      },
         "minecraft:knockback_resistance":{
         "value":999999999
       },
      "minecraft:fire_immune": true,
      "minecraft:loot": {
        "table": "loot_tables/entities/wither_boss.json"
      },
"minecraft:attack":{
"damage":999999999
},
      "minecraft:nameable": {
      },
      "minecraft:movement": {
        "value": 0.01
      },
      "minecraft:movement.basic": {
      },
      "minecraft:jump.static": {
      },
      "minecraft:can_climb": {
      },
      "minecraft:behavior.float": {
        "priority": 0
      },
      "minecraft:behavior.random_fly": {
           "priority": 2,
          "xz_dist": 60,
          "y_dist": 10,
          "y_offset": 0,
          "speed_multiplier": 0.01,
          "can_land_on_trees": false
        },
     "minecraft:navigation.float": {
        "can_path_over_water": true
      },
      "minecraft:behavior.float_wander": {
        "priority": 2,
        "must_reach": true
      },
      "minecraft:can_fly": {
      },
      "minecraft:behavior.hurt_by_target": {
        "priority": 2
      },
    "minecraft:follow_range": {
        "value": 64,
        "max": 64
      },
      "minecraft:behavior.nearest_attackable_target": {
        "priority": 3,
        "entity_types": [
          {
            "filters": {
               "all_of": [
                {
                  "test": "is_family",
                  "subject": "other",
                  "operator": "!=",
                  "value": "witherstorm"
                },
                {
                  "test": "is_family",
                  "subject": "other",
                  "operator": "!=",
                  "value": "severed_witherstorm"
                },
                {
                  "test": "is_family",
                  "subject": "other",
                  "operator": "!=",
                  "value": "wither_storm_head"
                },
                {
                  "test": "is_family",
                  "subject": "other",
                  "operator": "!=",
                  "value": "bigbrain_witherstorm"
                },
                {
                  "test": "is_family",
                  "subject": "other",
                  "operator": "!=",
                  "value": "bigbrain_witherstorm2"
                },
                {
                  "test": "is_family",
                  "subject": "other",
                  "operator": "!=",
                  "value": "inanimate"
                }
              ]
            },
            "max_dist": 128
          }
        ],
        "must_see": true
      },
      "minecraft:behavior.random_stroll": {
        "priority": 5,
        "speed_multiplier": 1
      },
      "minecraft:type_family": {
        "family": [ "witherstorm", "monster", "mob", "severed_witherstorm", "bigbrain_witherstorm", "bigbrain_witherstorm2", "tractor", "tractor0", "wither_storm_head" ]
      },
      "minecraft:persistent": {
      },
      "minecraft:physics": {
      },
      "minecraft:pushable": {
        "is_pushable": false,
        "is_pushable_by_piston": false
      }
    },
 
    "events": {
"complete": {"add":{"component_groups":["complete"]}},
"minecraft:explode_death": {"add":{"component_groups":["death"]}},
"minecraft:death": {"add":{"component_groups":["death"]}}
    }
  }
}