{
  "pools": [
    {
      "rolls": {
        "min": 2,
        "max": 4
      },
      "entries": [
        {
          "type": "item",
          "name": "minecraft:bow",
          "weight": 40
        },
        {
          "type": "item",
          "name": "minecraft:crossbow",
          "weight": 25
        },
        {
          "type": "item",
          "name": "minecraft:name_tag",
          "weight": 50
        },
        {
          "type": "item",
          "name": "minecraft:chainmail_chestplate",
          "weight": 50
        },
        {
          "type": "item",
          "name": "minecraft:leather_helmet",
          "weight": 50
        },
        {
          "type": "item",
          "name": "minecraft:leather_boots",
          "weight": 50
        },
        {
          "type": "item",
          "name": "minecraft:leather_chestplate",
          "weight": 50
        },
        {
          "type": "item",
          "name": "minecraft:leather_leggings",
          "weight": 50
        },
        {
          "type": "item",
          "name": "minecraft:iron_helmet",
          "weight": 25
        },
        {
          "type": "item",
          "name": "minecraft:iron_chestplate",
          "weight": 25
        },
        {
          "type": "item",
          "name": "minecraft:arrow",
          "functions": [
            {
              "function": "set_count",
              "count": {
                "min": 2,
                "max": 8
              }
            }
          ],
          "weight": 50
        }
      ]
    },
    {
      "rolls": {
        "min": 2,
        "max": 4
      },
      "entries": [
        {
          "type": "item",
          "name": "minecraft:spyglass",
          "weight": 50
        },
        {
          "type": "item",
          "name": "minecraft:bread",
          "weight": 100
        },
        {
          "type": "item",
          "name": "minecraft:coal",
          "weight": 100,
          "functions": [
            {
              "function": "set_count",
              "count": {
                "min": 1,
                "max": 4
              }
            }
          ]
        },
        {
          "type": "item",
          "name": "minecraft:bucket",
          "weight": 50
        },
        {
          "type": "item",
          "name": "minecraft:apple",
          "weight": 75,
          "functions": [
            {
              "function": "set_count",
              "count": {
                "min": 1,
                "max": 3
              }
            }
          ]
        },
        {
          "type": "item",
          "name": "minecraft:wooden_sword",
          "weight": 50
        },
        {
          "type": "item",
          "name": "minecraft:wooden_axe",
          "weight": 50
        },
        {
          "type": "item",
          "name": "minecraft:wooden_pickaxe",
          "weight": 50
        },
        {
          "type": "item",
          "name": "minecraft:wooden_hoe",
          "weight": 50
        },
        {
          "type": "item",
          "name": "minecraft:iron_sword",
          "weight": 20
        },
        {
          "type": "item",
          "name": "minecraft:iron_axe",
          "weight": 20
        },
        {
          "type": "item",
          "name": "minecraft:iron_pickaxe",
          "weight": 20
        },
        {
          "type": "item",
          "name": "minecraft:bone",
          "weight": 50,
          "functions": [
            {
              "function": "set_count",
              "count": {
                "min": 1,
                "max": 4
              }
            }
          ]
        }
      ]
    },
    {
      "rolls": 1,
      "entries": [
        {
          "type": "item",
          "name": "minecraft:potion:40",
          "weight": 50,
          "functions": [
            {
              "function": "set_count",
              "count": {
                "min": 1,
                "max": 2
              }
            }
          ]
        }
      ]
    }
  ]
}