{
  "pools": [
    {
      "rolls": {
        "min": 1,
        "max": 3
      },
      "entries": [
        {
          "type": "item",
          "name": "minecraft:emerald",
          "weight": 40,
          "functions": [
            {
              "function": "set_count",
              "count": {
                "min": 1,
                "max": 3
              }
            }
          ]
        },
        {
          "type": "item",
          "name": "minecraft:lapis_lazuli",
          "weight": 40,
          "functions": [
            {
              "function": "set_count",
              "count": {
                "min": 1,
                "max": 3
              }
            }
          ]
        },
        {
          "type": "item",
          "name": "minecraft:golden_apple",
          "weight": 20
        },
        {
          "type": "item",
          "name": "minecraft:cake",
          "weight": 50
        },
        {
          "type": "item",
          "name": "minecraft:stick",
          "weight": 50
        },
        {
          "type": "item",
          "name": "minecraft:name_tag",
          "weight": 50
        },
        {
          "type": "item",
          "name": "minecraft:chainmail_chestplate",
          "weight": 50
        },
        {
          "type": "item",
          "name": "minecraft:iron_hoe",
          "weight": 50
        },
        {
          "type": "item",
          "name": "minecraft:iron_chestplate",
          "weight": 50
        },
        {
          "type": "item",
          "name": "minecraft:book",
          "weight": 20,
          "functions": [
            {
              "function": "enchant_randomly",
              "treasure": false
            }
          ]
        }
      ]
    },
    {
      "rolls": {
        "min": 2,
        "max": 3
      },
      "entries": [
        {
          "type": "item",
          "name": "minecraft:iron_ingot",
          "weight": 50,
          "functions": [
            {
              "function": "set_count",
              "count": {
                "min": 1,
                "max": 3
              }
            }
          ]
        },
        {
          "type": "item",
          "name": "minecraft:gold_ingot",
          "weight": 50,
          "functions": [
            {
              "function": "set_count",
              "count": {
                "min": 1,
                "max": 3
              }
            }
          ]
        },
        {
          "type": "item",
          "name": "minecraft:bread",
          "weight": 100
        },
        {
          "type": "item",
          "name": "minecraft:coal",
          "weight": 100,
          "functions": [
            {
              "function": "set_count",
              "count": {
                "min": 1,
                "max": 4
              }
            }
          ]
        },
        {
          "type": "item",
          "name": "minecraft:bucket",
          "weight": 50
        },
        {
          "type": "item",
          "name": "minecraft:redstone",
          "weight": 75,
          "functions": [
            {
              "function": "set_count",
              "count": {
                "min": 1,
                "max": 4
              }
            }
          ]
        },
        {
          "type": "item",
          "name": "minecraft:iron_sword",
          "weight": 20
        },
        {
          "type": "item",
          "name": "minecraft:iron_axe",
          "weight": 20
        },
        {
          "type": "item",
          "name": "minecraft:iron_pickaxe",
          "weight": 20
        }
      ]
    },
    {
      "rolls": 3,
      "entries": [
        {
          "type": "item",
          "name": "minecraft:bone",
          "weight": 50,
          "functions": [
            {
              "function": "set_count",
              "count": {
                "min": 1,
                "max": 8
              }
            }
          ]
        },
        {
          "type": "item",
          "name": "minecraft:gunpowder",
          "weight": 50,
          "functions": [
            {
              "function": "set_count",
              "count": {
                "min": 1,
                "max": 8
              }
            }
          ]
        },
        {
          "type": "item",
          "name": "minecraft:string",
          "weight": 50,
          "functions": [
            {
              "function": "set_count",
              "count": {
                "min": 1,
                "max": 5
              }
            }
          ]
        },
        {
          "type": "item",
          "name": "minecraft:honey_bottle",
          "weight": 50,
          "functions": [
            {
              "function": "set_count",
              "count": {
                "min": 1,
                "max": 3
              }
            }
          ]
        },
        {
          "type": "item",
          "name": "minecraft:milk_bucket",
          "weight": 30
        },
        {
          "type": "item",
          "name": "minecraft:shield",
          "weight": 30
        }
      ]
    }
  ]
}