{
  "pools": [
    {
      "rolls": {
        "min": 1,
        "max": 3
      },
      "entries": [
        {
          "type": "item",
          "name": "minecraft:diamond",
          "weight": 40
        },
        {
          "type": "item",
          "name": "minecraft:golden_apple",
          "weight": 50
        },
        {
          "type": "item",
          "name": "minecraft:appleEnchanted",
          "weight": 10
        },
        {
          "type": "item",
          "name": "minecraft:iron_ingot",
          "weight": 50,
          "functions": [
            {
              "function": "set_count",
              "count": {
                "min": 1,
                "max": 4
              }
            }
          ]
        },
        {
          "type": "item",
          "name": "minecraft:gold_ingot",
          "weight": 50,
          "functions": [
            {
              "function": "set_count",
              "count": {
                "min": 1,
                "max": 4
              }
            }
          ]
        },
        {
          "type": "item",
          "name": "minecraft:emerald",
          "weight": 50,
          "functions": [
            {
              "function": "set_count",
              "count": {
                "min": 1,
                "max": 4
              }
            }
          ]
        }
      ]
    },
    {
      "rolls": {
        "min": 1,
        "max": 3
      },
      "entries": [
        {
          "type": "item",
          "name": "minecraft:diamond_chestplate",
          "weight": 25
        },
        {
          "type": "item",
          "name": "minecraft:diamond_helmet",
          "weight": 25
        },
        {
          "type": "item",
          "name": "minecraft:diamond_boots",
          "weight": 25
        },
        {
          "type": "item",
          "name": "minecraft:diamond_sword",
          "weight": 25
        },
        {
          "type": "item",
          "name": "minecraft:diamond_axe",
          "weight": 25
        },
        {
          "type": "item",
          "name": "minecraft:diamond_pickaxe",
          "weight": 25
        },
        {
          "type": "item",
          "name": "minecraft:book",
          "weight": 25,
          "functions": [
            {
              "function": "enchant_randomly",
              "treasure": true
            }
          ]
        }
      ]
    },
    {
      "rolls": 1,
      "entries": [
        {
          "type": "item",
          "name": "minecraft:potion:40",
          "weight": 50,
          "functions": [
            {
              "function": "set_count",
              "count": {
                "min": 1,
                "max": 2
              }
            }
          ]
        }
      ]
    }
  ]
}