{
  "format_version":"1.10.0",
  "minecraft:attachable":{
    "description":{
      "identifier":"serp:screen_door",
      "materials":{"default":"entity_alphatest"},
      "textures":{"default":"textures/entity/equipment/screen_door"},
      "geometry":{"default":"geometry.serpscreen_door"},
      "animations":{"fm":"animation.sd.fm","fbm":"animation.sd.fbm","tm":"animation.sd.tm","tbm":"animation.sd.tbm"},
      "scripts":{"animate":[{"fm":"c.is_first_person&&(!q.is_sneaking)"},{"fbm":"c.is_first_person&&q.is_sneaking"},{"tm":"!c.is_first_person&&!q.is_sneaking"},{"tbm":"!c.is_first_person&&(q.is_sneaking)"}]},
      "render_controllers":["controller.render.default"]
    }
  }
}