{
  "format_version":"1.10.0",
  "minecraft:client_entity":{
    "description":{
      "identifier":"serp:pea",
      "materials":{
        "default":"serp"
      },
      "textures":{
    "off":"textures/projectiles/pea",
    "ice":"textures/projectiles/ice_pea",
    "fire":"textures/projectiles/fire_pea"
      },
      "geometry":{
    "default":"geometry.fireball"
      },
      "render_controllers":["controller.render.pvzpea"],
      "animations":{
    "shoot":"animation.actor.billboard"
      },
      "scripts":{
        "scale":"0.4",
        "animate":["shoot"]
      }
    }
  }
} 