{
    "format_version": "1.20.80",
    "minecraft:item": {
        "description": {
            "identifier": "yes:diamond_scythe_ad3",
            "menu_category": {
                "category": "nature",
                "group": "itemGroup.name.monsterStoneEgg"
            }
        },
        "components": {
            "minecraft:tags": {
                "tags": [
                    "minecraft:transformable_items",
                    "ability:scythe",
                    "yes:charge_weapon",
                    "yes:diamond_tier"
                ]
            },
            "minecraft:custom_components": [
                "yes:mining_durability_damage",
                "yes:on_hit",
                "yes:on_use",
                "yes:hit_durability_damage"
            ],
            "minecraft:max_stack_size": 1,
            "minecraft:hand_equipped": true,
            "minecraft:allow_off_hand": true,
            "minecraft:durability": {
                "max_durability": 1561,
                "damage_chance": {
                    "min": 60,
                    "max": 100
                }
            },
            "minecraft:display_name": {
                "value": "\u00a7bDiamond Scythe\n\ue196\u00a7l\ue05b\u00a7r\ue195\n\ue05c\n\n\u00a76Special Attack:\n\u00a7e[\u00a79-30\ue197 hp\ue19f\u00a7e]\n\u00a7e[\u00a791.0 sec\ue189\u00a7e]\n\u00a7e[\u00a797.0 secs\ue188\u00a7e]\n\u00a77Ability Damage III"
            },
            "minecraft:icon": "diamond_scythe",
            "minecraft:damage": 9,
            "minecraft:repairable": {
                "repair_items": [
                    {
                        "items": [
                            "yes:diamond_scythe"
                        ],
                        "repair_amount": "context.other->query.remaining_durability+0.12*context.other->query.max_durability"
                    },
                    {
                        "items": [
                            "minecraft:diamond"
                        ],
                        "repair_amount": "query.max_durability*0.33"
                    }
                ]
            },
            "minecraft:use_modifiers": {
                "use_duration": 99999,
                "movement_modifier": 1
            },
            "minecraft:cooldown": {
                "category": "scythe",
                "duration": 0
            },
            "minecraft:glint": true,
            "minecraft:can_destroy_in_creative": false,
            "minecraft:enchantable": {
                "value": 28,
                "slot": "sword"
            },
            "minecraft:digger": {
                "destroy_speeds": [
                    {
                        "block": "minecraft:web",
                        "speed": 10
                    },
                    {
                        "block": "minecraft:bamboo",
                        "speed": 10
                    }
                ]
            }
        }
    }
}