
{"format_version":"1.8.0","animation_controllers":{


"controller.animation.sansv2pro":{
"states":{
"base":{"transitions":[
{"pr":"query.skin_id==1&&variable.has_target"}
]
},
"pr":{"transitions":[
{"base":"(1.0)"}
],
"on_entry": [
"/execute @e[rm=1,r=40] ~ ~ ~ particle h2v:sans_fire2 ~ ~ ~"
]
}
}
},
"controller.animation.sansv2pro2":{
"states":{
"base":{"transitions":[
{"at":"query.skin_id==1&&variable.has_target"}
],
"on_entry": [
"/execute @a[r=100] ~ ~ ~ stopsound @s"
]
},
"at":{"transitions":[
{"base":"query.skin_id==0"}
],
"animations": [
  {"attack_v2": []}
]
}
}
},







 "controller.animation.sans":{
"states":{
"ex":{"transitions":[
{"wyw0":"query.mark_variant==233"},
{"wyw1":"query.mark_variant==0&&variable.has_target==0&&!query.is_casting"},
{"wyw2":"query.is_casting"},
{"wyw3":"query.skin_id!=1&&variable.sans_tired>=30"}
]
},
"wyw3":{"transitions":[
{"ex":"(1.0)"}
],
"on_entry": [
"@s 二阶段",
"/tellraw @a {\"rawtext\":[{\"text\":\"§b§l<Sans> §f你自找的! ! \"}]}"
]
},

"wyw2":{"transitions":[
{"ex":"query.skin_id!=1"},
{"tsgj":"query.skin_id==1"}
],
"on_entry": [
"@s 控制龙骨"
]
},

"exts":{"transitions":[
{"ex":"(1.0)"}
],
"on_entry": [
"/execute @e[r=3,type=sans:sansdragon2] ~ ~ ~ spreadplayers ~ ~ 4 20 @s"
]
},

"tsgj":{"transitions":[
{"exts":"(1.0)"}
],
"on_entry": [
"/summon sans:sansdragon2",
"/summon sans:sansdragon2",
"/summon sans:sansdragon2",
"/summon sans:sansdragon2",
"/summon sans:sansdragon2",
"/summon sans:sansdragon2",
"/summon sans:sansdragon2",
"/summon sans:sansdragon2",
"/summon sans:sansdragon2",
"/summon sans:sansdragon2",
"/summon sans:sansdragon2",
"/summon sans:sansdragon2",
"/summon sans:sansdragon2",
"/summon sans:sansdragon2",
"/summon sans:sansdragon2",
"/summon sans:sansdragon2",
"/summon sans:sansdragon2",
"/summon sans:sansdragon2",
"/summon sans:sansdragon2",
"/summon sans:sansdragon2",
"/summon sans:sansdragon2",
"/summon sans:sansdragon2",
"/summon sans:sansdragon2"
]
},


"wyw0":{"transitions":[
{"ex":"(1.0)"}
],
"on_entry": [
"/function miss",
"@s stop_miss",
"variable.sans_tired=variable.sans_tired+1;"
]

},
"wyw1":{"transitions":[
{"ex":"(1.0)"}
],
"on_entry": [
"@s stop_mode0"
]

}


}
},

 "controller.animation.sanstrial":{
"states":{
"de":{"transitions":[
{"tr":"(1.0)"}
]
},
"tr":{"transitions":[
{"de":"(1.0)"}
],
"on_entry": [
"/execute @a[lm=19,l=999999,r=60] ~ ~ ~ tag @s add sanst",
"/execute @a[lm=0,l=18,r=60] ~ ~ ~ tag @s remove sanst"
]

}



}
},
 "controller.animation.sanssay":{
"states":{
"def":{"transitions":[
{"trf":"query.is_powered==1"}
]
},
"trf":{"transitions":[
{"de":"query.is_powered==0"}
],
"on_entry": [
"/say 看样子你的EXP很高啊！你一定伤害了不少生物，对吧！接下来，你会有一段Bad Time !",
"/execute @a[tag=sanst,r=60] ~ ~ ~ title @s title §e§l[审判]",
"/execute @a[tag=sanst,r=60] ~ ~ ~ title @s subtitle §e看看你身上的§4EXP§e，你会在地狱里§6焚烧。"
]

}

}
},

 "controller.animation.sansbgm":{
"states":{
"ex2":{"transitions":[
{"bgm":"variable.has_target==1&&query.skin_id!=1"}
]
},
"bgm":{"transitions":[
{"stop_bgm":"!variable.has_target"}
],
"on_entry": [
"/function sansbgm"
]

},
"stop_bgm":{"transitions":[
{"ex2":"(1.0)"}
],
"on_entry": [
"/stopsound @a[r=60] h2v.sans.trial",
"variable.sans_tired=0;"
]

}



}
}











}
}