{
	"format_version": "1.8.0",
	"animations": {
		"animation.portal.stick": {
			"loop": true,
			"bones": {
				"unknown_bone": {
					"position": [0, 0, 7.25]
				}
			}
		},
		"animation.portal.floor": {
			"loop": true,
			"animation_length": 1.8,
			"bones": {
				"unknown_bone": {
					"rotation": [-90, 0, 0],
					"position": [0, -1.75, -12]
				}
			}
		},
		"animation.portal.old": {
			"loop": true,
			"animation_length": 1.6,
			"bones": {
				"portal": {
					"rotation": {
						"0.0167": [0, 0, 0],
						"1.6": [0, -360, 0]
					},
					"position": {
						"0.0": [0, 0, 0],
						"0.5167": [0, 3, 0],
						"1.0833": [0, -2, 0],
						"1.6": [0, 0, 0]
					}
				},
				"unknown_bone": {
					"position": [0, 0, -1]
				}
			}
		}
	}
}