{
	"format_version": "1.10.0",
	"minecraft:client_entity": {
		"description": {
			"identifier": "witherstormmod:shulker_bullet",
			"materials": {
				"default": "shulker_bullet"
			},
			"textures": {
				"default": "textures/entity/shulker/spark"
			},
			"geometry": {
				"default": "geometry.shulker_bullet"
			},
			"sound_effects": {
				"spawn": "mob.shulker.shoot"
			},
			"animations": {
				"move": "animation.shulker_bullet.move",
				"spawn": "animation.withered_symbiont.misc.spawn"
			},
			"scripts": {
				"animate": [
					"move",
					"spawn"
				]
			},
			"render_controllers": [
				"controller.render.shulker_bullet"
			]
		}
	}
}