{
	"format_version": "1.10.0",
	"minecraft:client_entity": {
		"description": {
			"identifier": "witherstormmod:fireball",
			"materials": {
				"default": "fireball"
			},
			"textures": {
				"default": "textures/items/fireball"
			},
			"geometry": {
				"default": "geometry.fireball"
			},
			"sound_effects": {
				"spawn": "mob.ghast.fireball"
			},
			"animations": {
				"face_player": "animation.actor.billboard",
				"spawn": "animation.withered_symbiont.misc.spawn"
			},
			"scripts": {
				"scale": "2.0",
				"animate": [
					"face_player",
					"spawn"
				]
			},
			"render_controllers": [
				"controller.render.fireball"
			]
		}
	}
}