{
	"format_version": "1.10.0",
	"minecraft:client_entity": {
		"description": {
			"identifier": "witherstormmod:wither_skull",
			"materials": {
				"default": "wither_skull"
			},
			"textures": {
				"default": "textures/entity/wither_boss/wither"
			},
			"geometry": {
				"default": "geometry.wither_skull"
			},
			"animations": {
				"move": "animation.witherskull.move"
			},
			"scripts": {
				"animate": [
					"move"
				]
			},
			"render_controllers": [
				"controller.render.wither_skull"
			]
		}
	}
}