{
    "format_version": "1.10.0",
    "animation_controllers": {
        "controller.animation.mcreeper_death": {
            "states": {
                "default": {
                    "transitions": [{
                            "death": "query.health == 1 && !query.is_powered"
                        }
                    ]
                },
                "death": {
                  
                    "on_entry": [
                        "@s death"
                    ]
                }
            }
        },
		"controller.animation.mcreeper_knocked": {
            "states": {
                "default": {
                    "transitions": [{
                            "knocked_1": "query.health == 1  && !query.is_powered"
                        }
                    ]
                },
                "knocked_1": {
                  
                    "on_entry": [
                        "@s knocked"
                    ]
                }
            }
        },
        "controller.animation.mcreeper_death_charged": {
            "states": {
                "default": {
                    "transitions": [{
                            "death": "query.health == 1 && query.is_powered"
                        }
                    ]
                },
                "death": {
                  
                    "on_entry": [
                        "@s death_charged"
                    ]
                }
            }
        },
		"controller.animation.mcreeper_knocked_charged": {
            "states": {
                "default": {
                    "transitions": [{
                            "knocked_1": "query.health == 1  && query.is_powered"
                        }
                    ]
                },
                "knocked_1": {
                  
                    "on_entry": [
                        "@s knocked_charged"
                    ]
                }
            }
        }
    }
}