{
    "format_version": "1.16.100",
    "minecraft:item": {
        "description": {
            "identifier": "mc:withered_bone",
            "category": "nature"
        },
        "components": {
      "minecraft:display_name": {
        "value": "§ewithered bone"
            },
            "minecraft:can_destroy_in_creative": false,
            "minecraft:max_stack_size": 64,
             "minecraft:foil": false,
            "minecraft:use_animation": "eat",
            "minecraft:on_use": {
                "on_use": {
                    "event": "click",
                    "target": "self"
                }
            },
            "minecraft:icon": {
                "texture": "withered_bone"
            }
        },
        "events": {
            "click": {
                "run_command": {
                   "command": [],
                    "target": "self"
                }
            }
        }
    }
 }


