{
  "format_version": "1.8.0",
  "minecraft:entity": {
    "description": {
      "identifier": "mc:block_e3",
      "is_spawnable": false,
      "is_summonable": true,
      "is_experimental": false,
       "scripts": {
        "animate": [
    "b",
      "1",
        "2"
        ]
      },
      "animations": {
      "b": "animation.tag",
  "1": "animation.block_e3",
  "2": "animation.s_e"
}
}
}}

]
      },
      "animations": {
      "d6": "animation.attnakck2",
         "d7": "controller.animation.atttik",
         "d8": "animation.kkiill",
     "d9": "animation.rkide3",
                     "d10": "controllekr.animation.jdead",
    "d11": "animation.scores_stop3"
}
}
}}








11": "animation.scores_stop3"
}
}
}}










