{
  "format_version": "1.12.0",
  "minecraft:entity": {
    "description": {
      "identifier": "mc:head_dead3",
      "is_spawnable": false,
      "is_summonable": true,
      "is_experimental": false,
      "runtime_identifier": "husk",
     "scripts": {
        "animate": [
  "1",
    "2",
     "3",
      "4",
       "7"
        ]
      },
      "animations": {
           "1": "animation.head_deadM",
           "2": "animation.head2x",
           "3": "animation.head3_sp",
         "4": "animation.head_sound",
         "7": "animation.head_summon_ra"
     }
    },
    "component_groups": {
      "wither_storm1": {
        "minecraft:timer": {
          "time": 10,
          "looping": false,
          "time_down_event": {
            "event": "minecraft:attack1",
            "target": "self"
          }
        }
      },
      "minecraft:attack1": {
        "minecraft:explode": {
          "fuseLength": 99999999,
          "fuseLit": true,
          "power": 0,
          "causesFire": false,
          "fireAffectedByGriefing": true,
          "destroyAffectedByGriefing": true
        },
        "minecraft:behavior.ranged_attack": {
          "attack_interval_min": 199995,
          "attack_interval_max": 199995,
          "attack_radius": 0
        },
        "minecraft:shooter": {
          "type": "shoot",
          "def": "mc:shoot"
        }
      },
      "wither_storm2": {
        "minecraft:timer": {
          "time": 10,
          "looping": false,
          "time_down_event": {
            "event": "minecraft:attack2",
            "target": "self"
          }
        }
      },
      "minecraft:attack2": {
        "minecraft:behavior.ranged_attack": {
          "attack_interval_min": 29999999,
          "attack_interval_max": 29999999,
          "attack_radius": 0
        },
        "minecraft:shooter": {
          "type": "shoot",
          "def": "mc:shoot"
        }
      },
      "minecraft:effect": {
        "minecraft:health": {
        "value": 999999,
        "max": 999999
        },
        "minecraft:spell_effects": {
          "remove_effects": [ "blindness", "fatal_poison", "hunger", "levitation", "mining_fatigue", "nausea", "poison", "slowness", "weakness", "wither" ]
        }
      }
    },
    "components": {
      "minecraft:type_family": {
        "family": [ "bat", "wither_storm", "wither_storm_head" ]
      },
      "minecraft:breathable": {
        "totalSupply": 15,
        "suffocateTime": 0
      },
      "minecraft:nameable": {
        "always_show": false,
        "allow_name_tag_renaming": false
      },
      "minecraft:collision_box": {
        "width": 2.1,
        "height": 4.5
      },
      "minecraft:movement": {
        "value": 0.0
      },
      "minecraft:knockback_resistance": {
        "value": 100.0
      },
      "minecraft:fire_immune": true,
      "minecraft:navigation.walk": {
        "can_float": true
      },
      "minecraft:movement.basic": {
      },
      "minecraft:is_charged": {
      },
      "minecraft:jump.static": {
      },
      "minecraft:can_climb": {
      },
      "minecraft:behavior.float": {
              },
      "minecraft:rideable": {
        "seat_count": 1,
        "pull_in_entities": false,
        "family_types": [
          "bat"

        ],
        "seats": [
          {
            "position": [ 0.0, -20, 35 ],
            "rotate_rider_by": 0,
            "lock_rider_rotation": 0

  }
        ]
        },
      "minecraft:follow_range": {
        "value": 1,
         "max": 1
},
      "minecraft:environment_sensor": {
        "on_environment": {
          "event": "minecraft:effect"
        }
      },
      "minecraft:behavior.look_at_player": {
        "priority": 6,
        "look_distance": 32
      },
      "minecraft:behavior.random_look_around": {
        "priority": 7
      },
      "minecraft:behavior.hurt_by_target": {
        "priority": 2,
        "entity_types": {
          "filters": { "test": "is_family", "subject": "other", "operator": "!=", "value": "wither_storm" }
        }
      },
      "minecraft:damage_sensor": {
        "triggers": [
          {
            "on_damage": {
              "filters": {
                "test": "has_damage",
                "value": "all"
              }
            },
            "deals_damage": false
          }
        ]
      },
      "minecraft:behavior.nearest_attackable_target": {
        "priority": 3,
        "reselect_targets": true,
        "entity_types": [
          {
            "filters": {
              "all_of": [
                {
                  "test": "is_family",
                  "subject": "other",
                  "operator": "!=",
                  "value": "wither_storm"
                },
                {
                  "test": "is_family",
                  "subject": "other",
                  "operator": "!=",
                  "value": "bat"
                }
              ]
            },
            "max_dist": 128
          }
        ]
      },
      "minecraft:physics": {
      }
    },
    "events": {
      "minecraft:entity_spawned1": {
        "add": {
          "component_groups": [
            "wither_storm1"
          ]
        }
      },
      "minecraft:attack1": {
        "remove": {
          "component_groups": [
            "wither_storm1"
          ]
        },
        "add": {
          "component_groups": [
            "minecraft:attack1"
          ]
        }
      },
      "minecraft:entity_spawned2": {
        "add": {
          "component_groups": [
            "wither_storm2"
          ]
        }
      },
      "minecraft:attack2": {
        "remove": {
          "component_groups": [
            "wither_storm2"
          ]
        },
        "add": {
          "component_groups": [
            "minecraft:attack2"
          ]
        }
      },
      "minecraft:effect": {
        "add": {
          "component_groups": [
            "minecraft:effect"
          ]
        }
      }
    }
  }
}
  ]
        }
      },
      "minecraft:effect": {
        "add": {
          "component_groups": [
            "minecraft:effect"
          ]
        }
      }
    }
  }
}
          ]
        }
      }
    }
  }
}
         ]
        }
      }
    }
  }
}
 }
      },
      "minecraft:effect": {
        "add": {
          "component_groups": [
            "minecraft:effect"
          ]
        }
      }
    }
  }
}
          ]
        }
      }
    }
  }
}
         ]
        }
      }
    }
  }
}
}


}


}
}
}


 ]
        }
      }
    }
  }
}
}


}
}



}
    }
  }
}
}


}


}
}
}


 ]
        }
      }
    }
  }
}
}


}
}




}


}
}






}




}


}
}



 }
      }
    }
  }
}
         ]
        }
      }
    }
  }
}
}


}


}
}
}


 ]
        }
      }
    }
  }
}
}


}
}



}
    }
  }
}
}


}


}
}
}


 ]
        }
      }
    }
  }
}
}


}
}




}


}
}






}




}


}
}





}


}
}





}
}


 ]
        }
      }
    }
  }
}
}


}
}




}


}
}






}




}


}
}



 }
      }
    }
  }
}
         ]
        }
      }
    }
  }
}
}


}


}
}
}


 ]
        }
      }
    }
  }
}
}


}
}



}
    }
  }
}
}


}


}
}
}


 ]
        }
      }
    }
  }
}
}


}
}




}


}
}






}




}


}
}





}


}
}






}


}
}






}




}









}




}


}
}





}


}
}






}


}
}






}




}











}


}
}






}




}




}




}






}











}


}
}






}




}




}




}
















}




}
















}

















}











}


}
}






}




}




}




}






}











}


}
}






}




}




}




}
















}




}
















}




















}




}




}




}






}











}


}
}






}




}




}




}
















}




}
















}



















}

















