{
   "format_version":"1.16.0",
   "minecraft:entity":{
      "description":{
         "identifier":"mc:super_tnt",
         "is_spawnable":false,
         "is_summonable":true,
         "is_experimental":false,
         "runtime_identifier":"minecraft:ender_crystal"
      },
      "components":{
         "minecraft:explode":{
            "fuse_length":6.0,
            "fuse_lit":true,
            "power":12
         },
         "minecraft:collision_box":{
            "width":1,
            "height":1
         }
      }
   }
}
}
