{
	"format_version": "1.12.0",
	"minecraft:geometry": [
		{
			"description": {
				"identifier": "geometry.x_gb_ray_x",
				"texture_width": 1024,
				"texture_height": 1024,
				"visible_bounds_width": 56,
				"visible_bounds_height": 6,
				"visible_bounds_offset": [0, 3, 0]
			},
			"bones": [
				{
					"name": "ray",
					"pivot": [0, 0, 7],
					"cubes": [
						{
							"origin": [-5, -5, -1000],
							"size": [10, 10, 1000],
							"pivot": [0, 0, 0],
							"rotation": [0, 0, 0],
							"uv": [0, 0],
							"inflate": 0.8
						},
						{
							"origin": [-5, -5, -2000],
							"size": [10, 10, 1000],
							"pivot": [0, 0, 0],
							"rotation": [0, 0, 0],
							"uv": [0, 0],
							"inflate": 0.8
						},
						
						{
							"origin": [-5, -5, -3000],
							"size": [10, 10, 1000],
							"pivot": [0, 0, 0],
							"rotation": [0, 0, 0],
							"uv": [0, 0],
							"inflate": 0.8
						},
						
						{
							"origin": [-5, -5, -4000],
							"size": [10, 10, 1000],
							"pivot": [0, 0, 0],
							"rotation": [0, 0, 0],
							"uv": [0, 0],
							"inflate": 0.8
						}
					]
				}
			]
		}
	]
}