{
	"format_version": "1.12.0",
	"minecraft:geometry": [
		{
			"description": {
				"identifier": "geometry.xans_bone",
				"texture_width": 16,
				"texture_height": 16,
				"visible_bounds_width": 1,
				"visible_bounds_height": 2,
				"visible_bounds_offset": [0, 1, 0]
			},
			"bones": [
				{
					"name": "bone",
					"pivot": [0, 0, 0],
					"cubes": [
						{
							"origin": [-1, 2, -1],
							"size": [2, 14, 2],
							"uv": [0, 0]
						},
						{
							"origin": [0.5, 1, -1],
							"size": [2, 2, 2],
							"uv": [0, 0]
						},
						{
							"origin": [-2.5, 1, -1],
							"size": [2, 2, 2],
							"uv": [0, 0]
						},
						{
							"origin": [-2.5, 15, -1],
							"size": [2, 2, 2],
							"uv": [0, 0]
						},
						{
							"origin": [0.5, 15, -1],
							"size": [2, 2, 2],
							"uv": [0, 0]
						}
					]
				}
			]
		}
	]
}