{
	"format_version": "1.12.0",
	"minecraft:geometry": [
		{
			"description": {
				"identifier": "geometry.xans_hat",
				"texture_width": 128,
				"texture_height": 128,
				"visible_bounds_width": 2,
				"visible_bounds_height": 1,
				"visible_bounds_offset": [0, 0.5, 0]
			},
			"bones": [
				{
					"name": "hat",
					"pivot": [0, 28, 0],
					"cubes": [
						{
							"name": "hat",
							"origin": [5, 27, -5],
							"size": [1, 8, 7],
							"pivot": [5, 27, -1],
							"rotation": [0, -10, 25],
							"uv": [112, 0]
						},
						{
							"name": "hat",
							"origin": [4, 27, -7],
							"size": [3, 8, 2],
							"pivot": [5, 27, -1],
							"rotation": [0, -10, 25],
							"uv": [0, 0]
						},
						{
							"name": "hat",
							"origin": [8.5, 34, -5],
							"size": [1, 8, 7],
							"pivot": [9, 34, -1],
							"rotation": [5, -10, -45],
							"uv": [112, 0]
						},
						{
							"name": "hat",
							"origin": [7.5, 34, -7],
							"size": [3, 8, 2],
							"pivot": [9, 34, -1],
							"rotation": [5, -10, -45],
							"uv": [0, 0]
						},
						{
							"name": "hat",
							"origin": [-6, 27, -5],
							"size": [1, 8, 7],
							"pivot": [-5, 27, -1],
							"rotation": [0, 10, -25],
							"uv": [0, 0]
						},
						{
							"name": "hat",
							"origin": [-7, 27, -7],
							"size": [3, 8, 2],
							"pivot": [-5, 27, -1],
							"rotation": [0, 10, -25],
							"uv": [0, 118]
						},
						{
							"name": "hat",
							"origin": [-9, 34, -5],
							"size": [1, 8, 8],
							"pivot": [-9, 34, -1],
							"rotation": [5, 5, 45],
							"uv": [0, 0]
						},
						{
							"name": "hat",
							"origin": [-10, 34, -7],
							"size": [3, 8, 2],
							"pivot": [-9, 34, -1],
							"rotation": [5, 5, 45],
							"uv": [0, 118]
						},
						{
							"name": "hat",
							"origin": [-3, 39, -4],
							"size": [6, 1, 9],
							"uv": [24, 79]
						},
						{
							"name": "hat",
							"origin": [-4, 38, -8],
							"size": [8, 3, 2],
							"uv": [0, 58]
						},
						{
							"name": "hat",
							"origin": [-5, 27, 1],
							"size": [1, 8, 7],
							"pivot": [-5, 27, 5],
							"rotation": [0, 25, -25],
							"uv": [0, 0]
						},
						{
							"name": "hat",
							"origin": [-9, 34, 3],
							"size": [1, 8, 5],
							"pivot": [-8, 34, 5],
							"rotation": [25, -5, 45],
							"uv": [0, 0]
						},
						{
							"name": "hat",
							"origin": [4, 27, 1.5],
							"size": [1, 8, 7],
							"pivot": [5, 27, 5],
							"rotation": [0, -25, 25],
							"uv": [96, 0]
						},
						{
							"name": "hat",
							"origin": [8, 34, 2.5],
							"size": [1, 8, 6],
							"pivot": [8, 34, 5],
							"rotation": [20, 10, -45],
							"uv": [96, 0]
						},
						{
							"name": "hat",
							"origin": [-5, 27, 7.5],
							"size": [10, 8, 1],
							"pivot": [0, 34, 8],
							"rotation": [-5, 0, 0],
							"uv": [92, 80]
						},
						{
							"name": "hat",
							"origin": [-7, 33, 7.5],
							"size": [2, 2, 1],
							"pivot": [0, 34, 8],
							"rotation": [-5, 0, 0],
							"uv": [4, 2]
						},
						{
							"name": "hat",
							"origin": [5, 33, 7.5],
							"size": [2, 2, 1],
							"pivot": [0, 34, 8],
							"rotation": [-5, 0, 0],
							"uv": [114, 0]
						},
						{
							"name": "hat",
							"origin": [-6, 31, 7.5],
							"size": [1, 2, 1],
							"pivot": [0, 34, 8],
							"rotation": [-5, 0, 0],
							"uv": [0, 0]
						},
						{
							"name": "hat",
							"origin": [5, 31, 7.5],
							"size": [1, 2, 1],
							"pivot": [0, 34, 8],
							"rotation": [-5, 0, 0],
							"uv": [124, 0]
						},
						{
							"name": "hat",
							"origin": [-4, 35, 7.5],
							"size": [8, 6, 1],
							"pivot": [0, 35, 8],
							"rotation": [30, 0, 0],
							"uv": [37, 41]
						},
						{
							"name": "hat",
							"origin": [-7, 35, 7.5],
							"size": [3, 2, 1],
							"pivot": [0, 35, 8],
							"rotation": [30, 0, 0],
							"uv": [0, 0]
						},
						{
							"name": "hat",
							"origin": [4, 35, 7.5],
							"size": [3, 2, 1],
							"pivot": [0, 35, 8],
							"rotation": [30, 0, 0],
							"uv": [114, 0]
						},
						{
							"name": "hat",
							"origin": [-5, 37, 7.5],
							"size": [1, 2, 1],
							"pivot": [0, 35, 8],
							"rotation": [30, 0, 0],
							"uv": [0, 0]
						},
						{
							"name": "hat",
							"origin": [4, 37, 7.5],
							"size": [1, 2, 1],
							"pivot": [0, 35, 8],
							"rotation": [30, 0, 0],
							"uv": [114, 0]
						}
					]
				}
			]
		}
	]
}