{
	"format_version": "1.10.0",
	"animation_controllers": {
		"controller.animation.ae86.refueled_sys": {
			"states": {
				"default": {
					"transitions": [
						{
							"execute_command_id_1": "query.variant==1"
						}
					]
				},
				"execute_command_id_1": {
					"transitions": [
						{
							"default": "query.variant!=1"
						}
					],
					"on_entry": [
						"/scoreboard players add @p[r=2] oil 100",
						"/playsound random.potion.brewed @a[r=30] ~ ~ ~",
						"/particle minecraft:totem_particle ~ ~1 ~",
						"@s simple_vehicles:refuel"
					]
				}
			}
		},
		"controller.animation.ae86.speed_system": {
			"states": {
				"default": {
					"transitions": [
						{
							"speedup": "query.is_saddled"
						}
					]
				},
				"speedup": {
					"transitions": [
						{
							"default": "!query.is_saddled"
						}
					],
					"on_entry": [
						"/tag @s[tag=!car,type=!player] add car",
						"/function speed_system/car"
					]
				}
			}
		}
	}
}