{
	"format_version": "1.12.0",
	"minecraft:geometry": [
		{
			"description": {
				"identifier": "geometry.golem_colossus",
				"texture_width": 128,
				"texture_height": 128,
				"visible_bounds_width": 5,
				"visible_bounds_height": 5,
				"visible_bounds_offset": [0, 1.5, 0]
			},
			"bones": [
				{
					"name": "Leg",
					"pivot": [-5, 21, 0],
					"rotation": [-15, 0, 5],
					"cubes": [
						{"origin": [-8.4962, 12.91581, -2.47744], "size": [5, 8, 5], "inflate": 1, "uv": [44, 73]}
					]
				},
				{
					"name": "Leg2",
					"parent": "Leg",
					"pivot": [-5, 13, 0],
					"rotation": [17.5, 0, -2.5],
					"cubes": [
						{"origin": [-8.99892, 0.95445, -2.99071], "size": [6, 12, 6], "inflate": 1, "uv": [0, 73]}
					]
				},
				{
					"name": "Body",
					"pivot": [0, 23, 0],
					"rotation": [5, 0, 0],
					"cubes": [
						{"origin": [-7, 20.01142, -4.26147], "size": [14, 12, 8], "inflate": 2, "uv": [76, 0]}
					]
				},
				{
					"name": "Body2",
					"parent": "Body",
					"pivot": [0, 35, 0],
					"rotation": [50, 0, 0],
					"cubes": [
						{"origin": [-11, 29.72467, -16.65468], "size": [22, 16, 16], "inflate": 1, "pivot": [0, 3, 0], "rotation": [-7.5, 0, 0], "uv": [0, 0]}
					]
				},
				{
					"name": "Arm",
					"parent": "Body2",
					"pivot": [-11, 40.1995, -6.22522],
					"rotation": [-44.00703, 10.54529, 10.72858],
					"cubes": [
						{"origin": [-19.09794, 30.30406, -8.91406], "size": [6, 12, 6], "inflate": 2, "uv": [48, 55]}
					]
				},
				{
					"name": "Arm2",
					"parent": "Arm",
					"pivot": [-14, 32.1995, -6.22522],
					"rotation": [-50, 0, -2.5],
					"cubes": [
						{"origin": [-19.50259, 14.28005, -8.478], "size": [7, 16, 7], "inflate": 2, "uv": [0, 32]}
					]
				},
				{
					"name": "Arm3",
					"parent": "Body2",
					"pivot": [11, 39.38035, -5.65164],
					"rotation": [-44.00703, -10.54529, -10.72858],
					"cubes": [
						{"origin": [13.14289, 29.65265, -9.32528], "size": [6, 12, 6], "inflate": 2, "uv": [48, 55], "mirror": true}
					]
				},
				{
					"name": "Arm4",
					"parent": "Arm3",
					"pivot": [14, 31.38035, -5.65164],
					"rotation": [-50, 0, 2.5],
					"cubes": [
						{"origin": [12.50259, 13.4609, -7.90442], "size": [7, 16, 7], "inflate": 2, "uv": [0, 32], "mirror": true}
					]
				},
				{
					"name": "Head",
					"parent": "Body2",
					"pivot": [0, 50.76946, -0.87321],
					"rotation": [-50, 0, 0],
					"cubes": [
						{"origin": [-4, 43.60656, -7.14228], "size": [8, 8, 8], "uv": [56, 32]}
					]
				},
				{
					"name": "Leg3",
					"pivot": [4, 21, 0],
					"rotation": [-15, 0, -5],
					"cubes": [
						{"origin": [2.4962, 12.91581, -2.47744], "size": [5, 8, 5], "inflate": 1, "uv": [44, 73], "mirror": true}
					]
				},
				{
					"name": "Leg4",
					"parent": "Leg3",
					"pivot": [4, 13, 0],
					"rotation": [17.5, 0, 2.5],
					"cubes": [
						{"origin": [1.99892, 0.95445, -2.99071], "size": [6, 12, 6], "inflate": 1, "uv": [0, 73], "mirror": true}
					]
				}
			]
		}
	]
}