{
	"format_version": "1.12.0",
	"minecraft:geometry": [
		{
			"description": {
				"identifier": "geometry.Mutant Creatures 2021",
				"texture_width": 128,
				"texture_height": 128,
				"visible_bounds_width": 7,
				"visible_bounds_height": 4.5,
				"visible_bounds_offset": [0, 1.75, 0]
			},
			"bones": [
				{
					"name": "All",
					"pivot": [0, 0, 0]
				},
				{
					"name": "Leg3",
					"parent": "All",
					"pivot": [5, 14, 8],
					"rotation": [-49.91643, -2.11089, -4.53359],
					"cubes": [
						{"origin": [0.58405, 2.46437, 6.00656], "size": [6, 11, 6], "pivot": [-0.38671, -1.20185, 0.30559], "rotation": [7.5, 0, 5], "uv": [80, 0], "mirror": true},
						{"origin": [4, 14, 8], "size": [1, 1, 1], "uv": [0, 0]}
					]
				},
				{
					"name": "Leg4",
					"parent": "Leg3",
					"pivot": [5, 3, 8],
					"rotation": [50, 0, 5],
					"cubes": [
						{"origin": [0.97077, -3.97828, 5.96964], "size": [6, 8, 6], "uv": [80, 17], "mirror": true}
					]
				},
				{
					"name": "Leg",
					"parent": "All",
					"pivot": [-5, 14, 8],
					"rotation": [-49.91643, 2.11089, 4.53359],
					"cubes": [
						{"origin": [-6.58405, 2.46437, 6.00656], "size": [6, 11, 6], "pivot": [0.38671, -1.20185, 0.30559], "rotation": [7.5, 0, -5], "uv": [80, 0]}
					]
				},
				{
					"name": "Leg2",
					"parent": "Leg",
					"pivot": [-5, 3, 8],
					"rotation": [50, 0, -5],
					"cubes": [
						{"origin": [-6.97077, -3.97828, 5.96964], "size": [6, 8, 6], "uv": [80, 17]}
					]
				},
				{
					"name": "Body",
					"parent": "All",
					"pivot": [0.125, 16, 8],
					"rotation": [15, 0, 0],
					"cubes": [
						{"origin": [-6.75, 15.00381, -4.08716], "size": [14, 16, 12], "pivot": [0, 2, 0], "rotation": [-15, 0, 0], "uv": [0, 44]}
					]
				},
				{
					"name": "Body2",
					"parent": "Body",
					"pivot": [0, 31.00381, 7.91284],
					"rotation": [30, 0, 0],
					"cubes": [
						{"origin": [-12, 25.64943, -8.56004], "size": [24, 12, 16], "pivot": [0, 2, 0], "rotation": [-12.5, 0, 0], "uv": [0, 16]}
					]
				},
				{
					"name": "Head",
					"parent": "Body2",
					"pivot": [0, 41.935, 4.52447],
					"rotation": [-45, 0, 0],
					"cubes": [
						{"origin": [-4, 37.935, 3.52447], "size": [8, 9, 8], "uv": [0, 72]},
						{"origin": [-1, 35.935, 1.52447], "size": [2, 4, 2], "uv": [24, 72]}
					]
				},
				{
					"name": "Arm",
					"parent": "Body2",
					"pivot": [-11, 32.9069, 4.6014],
					"rotation": [-36.80633, 5.68422, 18.9042],
					"cubes": [
						{"origin": [-16.5082, 19.07147, 1.00228], "size": [6, 16, 6], "uv": [104, 0]}
					]
				},
				{
					"name": "Arm2",
					"parent": "Arm",
					"pivot": [-14, 20.9069, 4.6014],
					"rotation": [-60, 0, 0],
					"cubes": [
						{"origin": [-16.5082, 6.06841, 1.39137], "size": [6, 16, 6], "uv": [104, 22]}
					]
				},
				{
					"name": "Arm3",
					"parent": "Body2",
					"pivot": [11, 32.9069, 4.6014],
					"rotation": [-34.30633, -5.68422, -16.4042],
					"cubes": [
						{"origin": [10.5082, 19.07147, 1.00228], "size": [6, 16, 6], "uv": [104, 0], "mirror": true}
					]
				},
				{
					"name": "Arm4",
					"parent": "Arm3",
					"pivot": [14, 20.9069, 4.6014],
					"rotation": [-60, 0, 0],
					"cubes": [
						{"origin": [10.5082, 6.06841, 1.39137], "size": [6, 16, 6], "uv": [104, 22], "mirror": true}
					]
				}
			]
		}
	]
}