{
	"format_version":"1.8.0",
	"minecraft:attachable":{
		"description":{
			"identifier":"tt:crimson_helmet",
			"materials":{
				"default":"armor",
				"enchanted":"entity_alphatest_glint"
			},
			"textures":{
				"default":"textures/models/armor/crimson_armor1",
				"enchanted":"textures/misc/enchanted_item_glint"
			},
			"geometry":{
				"default":"geometry.crimson_helmet"
			},
			"scripts":{
				"parent_setup":"variable.leg_layer_visible = 0.0;"
			},
			"render_controllers":[
				"controller.render.armor"
			]
		}
	}
}