{
	"format_version": "1.12.0",
	"minecraft:geometry": [
		{
			"description": {
				"identifier": "geometry.angola",
				"texture_width": 64,
				"texture_height": 64,
				"visible_bounds_width": 2,
				"visible_bounds_height": 2,
				"visible_bounds_offset": [0, 1, 0]
			},
			"bones": [
				{
					"name": "bodyb",
					"pivot": [0, 0, 0],
					"rotation": [5, 0, 0]
				},
				{
					"name": "body",
					"parent": "bodyb",
					"pivot": [0, 7.06052, -0.3861],
					"cubes": [
						{"origin": [-1.5, 7, -9], "size": [3, 3, 3.5], "uv": [8, 27]},
						{"origin": [-3.5, 3, -5.5], "size": [7, 7, 10], "uv": [0, 0]},
						{"origin": [-3, 4.5, -3.8], "size": [6, 5.5, 4], "pivot": [1, -3, 0], "rotation": [-35, 0, 0], "uv": [22, 22]},
						{"origin": [-2, 3.80336, -6.39405], "size": [4, 3.5, 4], "pivot": [1, -3, 0], "rotation": [-65, 0, 0], "uv": [24, 0]},
						{"origin": [-3, 5.1, 0.27817], "size": [6, 5.5, 5], "pivot": [1, -3, 0], "rotation": [45, 0, 0], "uv": [0, 17]}
					]
				},
				{
					"name": "wing1",
					"parent": "body",
					"pivot": [3, 5.41675, -4.54519],
					"cubes": [
						{"origin": [3, 2.97717, -4.47707], "size": [1, 5, 6], "uv": [14, 27]},
						{"origin": [3, 2.7157, 1.51152], "size": [1, 4, 2], "uv": [28, 31]}
					]
				},
				{
					"name": "wing2",
					"parent": "body",
					"pivot": [-3, 5.41675, -4.54519],
					"cubes": [
						{"origin": [-4, 2.97717, -4.47707], "size": [1, 5, 6], "uv": [0, 27]},
						{"origin": [-4, 2.7157, 1.51152], "size": [1, 4, 2], "uv": [0, 27]}
					]
				},
				{
					"name": "head",
					"parent": "body",
					"pivot": [0, 10, -8],
					"cubes": [
						{"origin": [-1, 9, -8.9], "size": [2, 5, 1.9], "uv": [33, 16]},
						{"origin": [-1, 14, -10], "size": [2, 3, 3], "uv": [0, 0]},
						{"origin": [-0.5, 14.2, -13.31199], "size": [1, 2, 2], "pivot": [1, 1, -2], "rotation": [-15, 0, 0], "uv": [17, 17]},
						{"origin": [-0.5, 14.8, -11.3], "size": [1, 1, 2], "uv": [23, 17]},
						{"origin": [0, 14.1, -10.8], "size": [0, 1, 2], "uv": [0, 7]}
					]
				},
				{
					"name": "leg1",
					"parent": "bodyb",
					"pivot": [-2.5, 3, -0.5],
					"cubes": [
						{"origin": [-3, 0.1, -1], "size": [1, 4, 1], "pivot": [4, 0, -1], "rotation": [-5, 0, 0], "uv": [22, 20]},
						{"origin": [-4, 0.1, -3], "size": [1, 0, 3], "pivot": [4, 0, -1], "rotation": [-5, 0, 0], "uv": [4, 6]},
						{"origin": [-2, 0.1, -3], "size": [1, 0, 3], "pivot": [4, 0, -1], "rotation": [-5, 0, 0], "uv": [2, 6]},
						{"origin": [-3, 0.1, -2], "size": [1, 0, 1], "pivot": [4, 0, -1], "rotation": [-5, 0, 0], "uv": [0, 1]}
					]
				},
				{
					"name": "leg2",
					"parent": "bodyb",
					"pivot": [2.5, 3, -0.5],
					"cubes": [
						{"origin": [2, 0.1, -1], "size": [1, 4, 1], "pivot": [9, 0, -1], "rotation": [-5, 0, 0], "uv": [0, 17]},
						{"origin": [1, 0.1, -3], "size": [1, 0, 3], "pivot": [9, 0, -1], "rotation": [-5, 0, 0], "uv": [0, 6]},
						{"origin": [3, 0.1, -3], "size": [1, 0, 3], "pivot": [9, 0, -1], "rotation": [-5, 0, 0], "uv": [4, 0]},
						{"origin": [2, 0.1, -2], "size": [1, 0, 1], "pivot": [9, 0, -1], "rotation": [-5, 0, 0], "uv": [0, 0]}
					]
				}
			]
		}
	]
}