{
	"format_version": "1.10.0",
	"geometry.galo": {
		"texturewidth": 64,
		"textureheight": 64,
		"visible_bounds_width": 3,
		"visible_bounds_height": 2,
		"visible_bounds_offset": [0, 1, 0],
		"bones": [
			{
				"name": "bodyb",
				"pivot": [0, 0, -1]
			},
			{
				"name": "body",
				"parent": "bodyb",
				"pivot": [0, 6, 0],
				"rotation": [-10, 0, 0],
				"cubes": [
					{"origin": [-3, 3.41751, -2.44292], "size": [6, 6, 6], "uv": [0, 0]}
				]
			},
			{
				"name": "body2",
				"parent": "body",
				"pivot": [0, -0.08249, 0.05708],
				"rotation": [-10, 0, 0],
				"cubes": [
					{"origin": [-2.5, 3.41751, -5.44292], "size": [5, 5, 3], "uv": [0, 12]}
				]
			},
			{
				"name": "body3",
				"parent": "body",
				"pivot": [0, -0.08249, 0.05708],
				"rotation": [-40, 0, 0],
				"cubes": [
					{"origin": [-2, 0.41751, -9.50292], "size": [4, 4, 3], "uv": [32, 12]}
				],
				"locators": {
					"lead": [0, 1.99563, -7.64243]
				}
			},
			{
				"name": "body4",
				"parent": "body",
				"pivot": [0, -0.08249, 0.05708],
				"rotation": [25, 0, 0],
				"cubes": [
					{"origin": [-2.5, 2.91751, 4.55708], "size": [5, 4, 4], "uv": [24, 0]}
				]
			},
			{
				"name": "tail",
				"parent": "body",
				"pivot": [0, 8.14327, 1.63751],
				"cubes": [
					{"origin": [-1, 8.14327, 1.63751], "size": [2, 8, 6], "uv": [48, 1]}
				]
			},
			{
				"name": "wing0",
				"parent": "body",
				"pivot": [3, 5.91751, -0.94292],
				"cubes": [
					{"origin": [2.5, 4.91751, -1.64292], "size": [1, 3, 4], "uv": [12, 20]},
					{"origin": [2.5, 3.91751, -0.64292], "size": [1, 1, 4], "uv": [20, 27]},
					{"origin": [2.5, 4.91751, 2.35708], "size": [1, 2, 2], "uv": [26, 38]}
				]
			},
			{
				"name": "wing1",
				"parent": "body",
				"pivot": [-3, 5.91751, -0.94292],
				"cubes": [
					{"origin": [-3.5, 4.91751, -1.64292], "size": [1, 3, 4], "uv": [22, 20]},
					{"origin": [-3.5, 3.91751, -0.64292], "size": [1, 1, 4], "uv": [10, 27]},
					{"origin": [-3.5, 4.91751, 2.35708], "size": [1, 2, 2], "uv": [30, 33]}
				]
			},
			{
				"name": "head",
				"parent": "body",
				"pivot": [0, 9, -5],
				"rotation": [5, 0, 0],
				"cubes": [
					{"origin": [-1.5, 8.18562, -6.69962], "size": [3, 4, 3], "uv": [0, 20]},
					{"origin": [-1.5, 7.58562, -6.69962], "size": [3, 1, 1], "uv": [0, 38]}
				]
			},
			{
				"name": "head2",
				"parent": "head",
				"pivot": [0, -0.31438, -1.79962],
				"cubes": [
					{"origin": [-0.5, 9.18562, -8.29962], "size": [1, 1, 2], "uv": [0, 42]}
				]
			},
			{
				"name": "head3",
				"parent": "head",
				"pivot": [0, -0.31438, -1.79962],
				"rotation": [15, 0, 0],
				"cubes": [
					{"origin": [-0.5, 10.48562, -5.29962], "size": [1, 1, 2], "uv": [6, 42]}
				]
			},
			{
				"name": "head4",
				"parent": "head",
				"pivot": [0, -0.31438, -1.79962],
				"rotation": [5, 0, 0],
				"cubes": [
					{"origin": [0, 10.38562, -6.29962], "size": [0, 2, 1], "uv": [26, 46]},
					{"origin": [0, 11.18562, -5.79962], "size": [0, 2, 3], "uv": [24, 33]},
					{"origin": [0, 13.18562, -5.29962], "size": [0, 1, 2], "uv": [4, 46]}
				]
			},
			{
				"name": "head5",
				"parent": "head",
				"pivot": [0, -0.31438, -1.79962],
				"cubes": [
					{"origin": [0, 7.48562, -7.49962], "size": [0, 2, 1], "uv": [24, 46]}
				]
			},
			{
				"name": "leg2",
				"parent": "bodyb",
				"pivot": [1.5, 3, 1],
				"cubes": [
					{"origin": [0, 0, -1], "size": [1, 0, 2], "uv": [12, 42]},
					{"origin": [2, 0, -1], "size": [1, 0, 2], "uv": [18, 42]}
				]
			},
			{
				"name": "leg2a",
				"parent": "leg2",
				"pivot": [3, 0, -1],
				"rotation": [-5, 0, 0],
				"cubes": [
					{"origin": [1, 0, 0], "size": [1, 3, 1], "uv": [24, 42]}
				]
			},
			{
				"name": "leg2b",
				"parent": "leg2",
				"pivot": [3, 0, -1],
				"rotation": [15, 0, 0],
				"cubes": [
					{"origin": [0.5, 1, 0.5], "size": [2, 3, 2], "uv": [0, 33]}
				]
			},
			{
				"name": "leg1",
				"parent": "bodyb",
				"pivot": [-1.5, 3, 1],
				"cubes": [
					{"origin": [-3, 0, -1], "size": [1, 0, 2], "uv": [18, 44]},
					{"origin": [-1, 0, -1], "size": [1, 0, 2], "uv": [12, 44]}
				]
			},
			{
				"name": "leg1a",
				"parent": "leg1",
				"pivot": [0, 0, -1],
				"rotation": [-5, 0, 0],
				"cubes": [
					{"origin": [-2, 0, 0], "size": [1, 3, 1], "uv": [0, 46]}
				]
			},
			{
				"name": "leg1b",
				"parent": "leg1",
				"pivot": [0, 0, -1],
				"rotation": [15, 0, 0],
				"cubes": [
					{"origin": [-2.5, 1, 0.5], "size": [2, 3, 2], "uv": [16, 33]}
				]
			}
		]
	}
}