{
	"format_version": "1.10.0",
	"geometry.galo_pp": {
		"texturewidth": 64,
		"textureheight": 64,
		"visible_bounds_width": 3,
		"visible_bounds_height": 2,
		"visible_bounds_offset": [0, 1, 0],
		"bones": [
			{
				"name": "bodyb",
				"pivot": [0, 0, -1]
			},
			{
				"name": "head",
				"parent": "bodyb",
				"pivot": [0, 7, -3],
				"rotation": [5, 0, 0],
				"cubes": [
					{"origin": [-1.5, 9.35233, -6.5177], "size": [3, 3, 3], "uv": [18, 0]}
				]
			},
			{
				"name": "head2",
				"parent": "head",
				"pivot": [0, 4.8333, -1.18192],
				"cubes": [
					{"origin": [-0.5, 9.35233, -8.1177], "size": [1, 1, 2], "uv": [9, 20]}
				]
			},
			{
				"name": "head3",
				"parent": "head",
				"pivot": [0, 4.8333, -1.18192],
				"rotation": [15, 0, 0],
				"cubes": [
					{"origin": [-0.5, 10.93484, -6.39202], "size": [1, 1, 2], "uv": [14, 12]}
				]
			},
			{
				"name": "head4",
				"parent": "head",
				"pivot": [0, 4.8333, -1.18192],
				"rotation": [5, 0, 0],
				"cubes": [
					{"origin": [0, 10.80666, -6.22381], "size": [0, 3.5, 2.8], "uv": [0, 0]},
					{"origin": [0, 10.78694, -6.97183], "size": [0, 2.5, 2.8], "uv": [0, 0]}
				]
			},
			{
				"name": "head5",
				"parent": "head",
				"pivot": [0, 4.8333, -1.18192],
				"cubes": [
					{"origin": [0, 7.85233, -6.87183], "size": [0, 2, 1], "uv": [14, 11]}
				]
			},
			{
				"name": "body2",
				"parent": "head",
				"pivot": [0, 4.8333, -1.18192],
				"rotation": [-25, 0, 0],
				"cubes": [
					{"origin": [-1.5, 4.30666, -4.97182], "size": [3, 4, 3], "uv": [0, 20]}
				]
			},
			{
				"name": "body3",
				"parent": "head",
				"pivot": [0, 4.8333, -1.18192],
				"rotation": [-55, 0, 0],
				"cubes": [
					{"origin": [-1, 3.47657, -8.27183], "size": [2, 2, 5], "uv": [19, 7]}
				]
			},
			{
				"name": "body",
				"parent": "bodyb",
				"pivot": [0, 5, 1],
				"cubes": [
					{"origin": [-3, 3.22866, -2.60137], "size": [6, 6, 6], "uv": [0, 0]}
				],
				"locators": {
					"lead": [0, 6, -1]
				}
			},
			{
				"name": "body4",
				"parent": "body",
				"pivot": [0, -0.27134, -0.10137],
				"rotation": [25, 0, 0],
				"cubes": [
					{"origin": [-2.5, 2.72866, 4.39863], "size": [5, 4, 4], "uv": [0, 12]}
				]
			},
			{
				"name": "tail",
				"parent": "body",
				"pivot": [0, 9.22576, 1.58043],
				"rotation": [-15, 0, 0],
				"cubes": [
					{"origin": [-1, 8.22576, 1.58043], "size": [2, 9, 6], "uv": [38, 0]}
				]
			},
			{
				"name": "wing0",
				"parent": "body",
				"pivot": [3, 6, -2],
				"cubes": [
					{"origin": [2.5, 5, -2.7], "size": [1, 3, 4], "uv": [22, 22]},
					{"origin": [2.5, 4, -1.7], "size": [1, 1, 4], "uv": [26, 14]},
					{"origin": [2.5, 5, 1.3], "size": [1, 2, 1], "uv": [12, 23]}
				]
			},
			{
				"name": "wing1",
				"parent": "body",
				"pivot": [-3, 6, -2],
				"cubes": [
					{"origin": [-3.5, 5, -2.7], "size": [1, 3, 4], "uv": [12, 22]},
					{"origin": [-3.5, 4, -1.7], "size": [1, 1, 4], "uv": [26, 2]},
					{"origin": [-3.5, 5, 1.3], "size": [1, 2, 1], "uv": [22, 22]}
				]
			},
			{
				"name": "leg2",
				"parent": "bodyb",
				"pivot": [1.5, 3, 1],
				"cubes": [
					{"origin": [0, 0, -1], "size": [1, 0, 2], "uv": [2, 4]},
					{"origin": [2, 0, -1], "size": [1, 0, 2], "uv": [2, 0]}
				]
			},
			{
				"name": "leg2a",
				"parent": "leg2",
				"pivot": [3, 0, -1],
				"rotation": [-5, 0, 0],
				"cubes": [
					{"origin": [1, 0, 0], "size": [1, 3, 1], "uv": [18, 22]}
				]
			},
			{
				"name": "leg2b",
				"parent": "leg2",
				"pivot": [3, 0, -1],
				"rotation": [15, 0, 0],
				"cubes": [
					{"origin": [0.5, 1, 0.5], "size": [2, 3, 2], "uv": [28, 7]}
				]
			},
			{
				"name": "leg1",
				"parent": "bodyb",
				"pivot": [-1.5, 3, 1],
				"cubes": [
					{"origin": [-3, 0, -1], "size": [1, 0, 2], "uv": [2, 2]},
					{"origin": [-1, 0, -1], "size": [1, 0, 2], "uv": [0, 0]}
				]
			},
			{
				"name": "leg1a",
				"parent": "leg1",
				"pivot": [0, 0, -1],
				"rotation": [-5, 0, 0],
				"cubes": [
					{"origin": [-2, 0, 0], "size": [1, 3, 1], "uv": [0, 12]}
				]
			},
			{
				"name": "leg1b",
				"parent": "leg1",
				"pivot": [0, 0, -1],
				"rotation": [15, 0, 0],
				"cubes": [
					{"origin": [-2.5, 1, 0.5], "size": [2, 3, 2], "uv": [0, 27]}
				]
			}
		]
	}
}