{
	"format_version": "1.10.0",
	"geometry.perua": {
		"texturewidth": 64,
		"textureheight": 64,
		"visible_bounds_width": 3,
		"visible_bounds_height": 2,
		"visible_bounds_offset": [0, 1, 0],
		"bones": [
			{
				"name": "bodyb",
				"pivot": [0, 0, -1]
			},
			{
				"name": "body",
				"parent": "bodyb",
				"pivot": [0, 7, 1],
				"rotation": [-5, 0, 0],
				"cubes": [
					{"origin": [-3, 4.34852, -2.96945], "size": [6, 7, 7], "uv": [0, 0]}
				]
			},
			{
				"name": "body2",
				"parent": "body",
				"pivot": [0, 0.84852, -0.46945],
				"rotation": [-10, 0, 0],
				"cubes": [
					{"origin": [-2.5, 4.34852, -4.96945], "size": [5, 6, 2], "uv": [14, 30]}
				]
			},
			{
				"name": "body3",
				"parent": "body",
				"pivot": [0, 0.84852, -0.46945],
				"rotation": [-45, 0, 0],
				"cubes": [
					{"origin": [-2, 1.84852, -10.02945], "size": [4, 4, 4], "uv": [0, 23]}
				]
			},
			{
				"name": "body4",
				"parent": "body",
				"pivot": [0, 0.84852, -0.46945],
				"rotation": [25, 0, 0],
				"cubes": [
					{"origin": [-2.5, 3.84852, 4.03055], "size": [5, 4, 4], "uv": [0, 14]}
				]
			},
			{
				"name": "tail",
				"parent": "body",
				"pivot": [0, 9.75756, 4.44719],
				"rotation": [-50, 0, 0]
			},
			{
				"name": "tail2",
				"parent": "tail",
				"pivot": [-4, 10.1365, 5.20578],
				"rotation": [25, -40, -20],
				"cubes": [
					{"origin": [-3.62451, 9.04522, 2.18855], "size": [2, 1, 6], "uv": [20, 15]}
				]
			},
			{
				"name": "tail3",
				"parent": "tail",
				"pivot": [4, 10.1365, 5.20578],
				"rotation": [25, 40, 20],
				"cubes": [
					{"origin": [1.62451, 9.04522, 2.18855], "size": [2, 1, 6], "uv": [19, 0]}
				]
			},
			{
				"name": "tail4",
				"parent": "tail",
				"pivot": [-4, 10.1365, 5.20578],
				"rotation": [25, -25, -10],
				"cubes": [
					{"origin": [-1.62451, 9.04522, 3.18855], "size": [1, 1, 6], "uv": [28, 7]}
				]
			},
			{
				"name": "tail5",
				"parent": "tail",
				"pivot": [4, 10.1365, 5.20578],
				"rotation": [25, 25, 10],
				"cubes": [
					{"origin": [0.62451, 9.04522, 3.18855], "size": [1, 1, 6], "uv": [26, 24]}
				]
			},
			{
				"name": "tail6",
				"parent": "tail",
				"pivot": [-4, 10.1365, 5.20578],
				"rotation": [25, 0, -10],
				"cubes": [
					{"origin": [-1, 8.5365, 4.18855], "size": [1, 1, 7], "uv": [19, 7]}
				]
			},
			{
				"name": "tail7",
				"parent": "tail",
				"pivot": [4, 10.1365, 5.20578],
				"rotation": [25, 0, 10],
				"cubes": [
					{"origin": [0, 8.5365, 4.18855], "size": [1, 1, 7], "uv": [11, 15]}
				]
			},
			{
				"name": "head",
				"parent": "body",
				"pivot": [0, 8.84852, -4.46945],
				"cubes": [
					{"origin": [-1, 8.431, -5.62584], "size": [2, 5, 2], "uv": [34, 20]}
				]
			},
			{
				"name": "head2",
				"parent": "head",
				"pivot": [0, 1.491, -0.12584],
				"rotation": [10, 0, 0],
				"cubes": [
					{"origin": [-1.5, 12.991, -4.32584], "size": [3, 3, 3], "uv": [29, 0]}
				]
			},
			{
				"name": "head3",
				"parent": "head",
				"pivot": [0, 3.491, -0.12584],
				"rotation": [15, 0, 0],
				"cubes": [
					{"origin": [-0.74, 13.431, -5.62584], "size": [1.5, 1, 2], "uv": [6, 31]}
				]
			},
			{
				"name": "head4",
				"parent": "head3",
				"pivot": [0, 3.491, -0.12584],
				"rotation": [10, 0, 0],
				"cubes": [
					{"origin": [-0.733, 14.211, -3.62584], "size": [1.49, 1, 3], "uv": [12, 23]}
				]
			},
			{
				"name": "head5",
				"parent": "head",
				"pivot": [0, 1.491, -0.12584],
				"rotation": [15, 0, 0],
				"cubes": [
					{"origin": [-0.5, 11.491, -3.82584], "size": [1, 2, 1], "uv": [14, 14]}
				]
			},
			{
				"name": "wing1",
				"parent": "body",
				"pivot": [-3, 7.84852, -2.46945],
				"rotation": [-10, -10, 0],
				"cubes": [
					{"origin": [-3.21347, 6.19146, -2.52461], "size": [1, 4, 4], "uv": [28, 31]},
					{"origin": [-3.21347, 5.19146, -1.52461], "size": [1, 1, 4], "uv": [6, 35]},
					{"origin": [-3.21347, 6.19146, 1.47539], "size": [1, 3, 2], "uv": [19, 0]}
				]
			},
			{
				"name": "wing0",
				"parent": "body",
				"pivot": [3, 7.84852, -2.46945],
				"rotation": [-10, 10, 0],
				"cubes": [
					{"origin": [2.21347, 6.19146, -2.52461], "size": [1, 4, 4], "uv": [0, 31]},
					{"origin": [2.21347, 5.19146, -1.52461], "size": [1, 1, 4], "uv": [30, 15]},
					{"origin": [2.21347, 6.19146, 1.47539], "size": [1, 3, 2], "uv": [0, 0]}
				]
			},
			{
				"name": "leg2",
				"parent": "bodyb",
				"pivot": [1.5, 5, 1],
				"cubes": [
					{"origin": [0, 0, -1], "size": [1, 0, 2], "uv": [0, 5]},
					{"origin": [2, 0, -1], "size": [1, 0, 2], "uv": [2, 0]},
					{"origin": [1, 0, 1], "size": [1, 0, 1], "uv": [16, 14]},
					{"origin": [-2, 0, 1], "size": [1, 0, 1], "uv": [0, 16]}
				]
			},
			{
				"name": "leg2a",
				"parent": "leg2",
				"pivot": [3, 0, -1],
				"rotation": [-5, 0, 0],
				"cubes": [
					{"origin": [1, 0, 0], "size": [1, 5, 1], "uv": [20, 15]}
				]
			},
			{
				"name": "leg2b",
				"parent": "leg2",
				"pivot": [3, 0, -1],
				"rotation": [15, 0, 0],
				"cubes": [
					{"origin": [0.5, 3, 0.5], "size": [2, 2, 3], "uv": [35, 36]}
				]
			},
			{
				"name": "leg1",
				"parent": "bodyb",
				"pivot": [-1.5, 5, 1],
				"cubes": [
					{"origin": [-3, 0, -1], "size": [1, 0, 2], "uv": [0, 14]},
					{"origin": [-1, 0, -1], "size": [1, 0, 2], "uv": [2, 5]}
				]
			},
			{
				"name": "leg1a",
				"parent": "leg1",
				"pivot": [0, 0, -1],
				"rotation": [-5, 0, 0],
				"cubes": [
					{"origin": [-2, 0, 0], "size": [1, 5, 1], "uv": [28, 7]}
				]
			},
			{
				"name": "leg1b",
				"parent": "leg1",
				"pivot": [0, 0, -1],
				"rotation": [15, 0, 0],
				"cubes": [
					{"origin": [-2.5, 3, 0.5], "size": [2, 2, 3], "uv": [36, 6]}
				]
			}
		]
	}
}