{
	"format_version": "1.12.0",
	"minecraft:geometry": [
		{
			"description": {
				"identifier": "geometry.yfarm_boats",
				"texture_width": 128,
				"texture_height": 64,
				"visible_bounds_width": 5,
				"visible_bounds_height": 3.5,
				"visible_bounds_offset": [0, 1.25, 0]
			},
			"bones": [
				{
					"name": "boat",
					"pivot": [0, -15, 0],
					"rotation": [0, -90, 0]
				},
				{
					"name": "paddle_right",
					"parent": "boat",
					"pivot": [-2.5, 13, -9],
					"rotation": [-30, 180, 0],
					"mirror": true,
					"cubes": [
						{"origin": [-3.5, 12, -14.5], "size": [2, 2, 18], "uv": [62, 20]},
						{"origin": [-3.49, 11, -0.5], "size": [1, 6, 7], "uv": [62, 20]}
					]
				},
				{
					"name": "paddle_left",
					"parent": "boat",
					"pivot": [-2.5, 13, 9],
					"rotation": [-30, 0, 0],
					"mirror": true,
					"cubes": [
						{"origin": [-3.5, 12, 3.5], "size": [2, 2, 18], "uv": [62, 0]},
						{"origin": [-2.51, 11, 17.5], "size": [1, 6, 7], "uv": [62, 0]}
					]
				},
				{
					"name": "left",
					"parent": "boat",
					"pivot": [0, 9, 9],
					"mirror": true,
					"cubes": [
						{"origin": [-14, 6, 8], "size": [28, 6, 2], "uv": [0, 43]}
					]
				},
				{
					"name": "back",
					"parent": "boat",
					"pivot": [-15, 9, 0],
					"rotation": [0, -90, 0],
					"mirror": true,
					"cubes": [
						{"origin": [-24, 6, -1], "size": [18, 6, 2], "uv": [0, 19]}
					]
				},
				{
					"name": "right",
					"parent": "boat",
					"pivot": [0, 9, -9],
					"rotation": [0, -180, 0],
					"mirror": true,
					"cubes": [
						{"origin": [-14, 6, -10], "size": [28, 6, 2], "uv": [0, 35]}
					]
				},
				{
					"name": "front",
					"parent": "boat",
					"pivot": [15, 9, 0],
					"rotation": [0, 90, 0],
					"mirror": true,
					"cubes": [
						{"origin": [7, 6, -1], "size": [16, 6, 2], "uv": [0, 27]}
					]
				},
				{
					"name": "bottom",
					"parent": "boat",
					"pivot": [0, 3, 0],
					"rotation": [90, 0, 0],
					"mirror": true,
					"cubes": [
						{"origin": [-14, -5, 0], "size": [28, 16, 3], "uv": [0, 0]}
					]
				}
			]
		}
	]
}