{
  "format_version": "1.10.0",
  "minecraft:client_entity": {
    "description": {
      "identifier": "minecraft:pufferfish",
      "min_engine_version": "1.8.0",
      "materials": {
        "default": "pufferfish",
        "hp": "entity_emissive_alpha"
      },
      "geometry": {
        "default": "geometry.pufferfish.small.v1.8",
        "mid": "geometry.pufferfish.mid.v1.8",
        "large": "geometry.pufferfish.large.v1.8",
        "health_bar": "geometry.health_bar",
        "heart": "geometry.heart",
        "dmg": "geometry.dmg"
      },
      "animations": {
        "flop": "animation.pufferfish.flop",
        "swim": "animation.pufferfish.swim",
        "general": "controller.animation.fish.general",
        "dmg_controller": "controller.animation.damage.root",
        "hp_offset": "animation.health_pufferfish",
        "health_percentage": "animation.health_bar.percentage"
      },
      "render_controllers": [
        {
          "controller.render.pufferfish.small": "query.variant == 0"
        },
        {
          "controller.render.pufferfish.medium": "query.variant == 1"
        },
        {
          "controller.render.pufferfish.large": "query.variant == 2"
        },
        "controller.render.health_bar",
        "controller.render.heart",
        "controller.render.first_digit",
        "controller.render.second_digit",
        "controller.render.third_digit",
        "controller.render.dmg"
      ],
      "spawn_egg": {
        "texture": "spawn_egg",
        "texture_index": 46
      },
      "scripts": {
        "animate": [
          "general",
          "hp_offset",
          "health_percentage",
          "dmg_controller"
        ],
        "initialize": [
          "variable.hp = query.health;"
        ],
        "pre_animation": [
          "variable.ZRot = !query.is_in_water ? Math.cos(query.time_stamp * 14.32) * 90 : 0.0;",
          "variable.AnimationAmountBlend = Math.lerp(variable.AnimationAmountPrev, variable.AnimationAmount, query.frame_alpha);",
          "variable.health = query.health / query.max_health;",
          "variable.health_color = math.round(query.health / query.max_health * 100) >= 50 ? 0 : ((math.round(query.health / query.max_health * 100) >= 25 && math.round(query.health / query.max_health * 100) < 50) ? 1 : 2);",
          "variable.first_digit = math.floor(query.health / 100);",
          "variable.second_digit = math.floor((math.mod(query.health, 100)) / 10);",
          "variable.third_digit = query.health - ((math.floor(query.health / 10)) * 10);"
        ],
        "variables": {
          "variable.hp": "public"
        }
      },
      "particle_effects": {
        "dmg": "particle:damage"
      },
      "textures": {
        "default": "textures/entity/fish/pufferfish",
        "health_green": "textures/heart/health_bar_green",
        "health_yellow": "textures/heart/health_bar_yellow",
        "health_red": "textures/heart/health_bar_red",
        "heart": "textures/heart/heart",
        "heart0": "textures/heart/heart0",
        "heart1": "textures/heart/heart1",
        "heart2": "textures/heart/heart2",
        "heart3": "textures/heart/heart3",
        "heart4": "textures/heart/heart4",
        "heart5": "textures/heart/heart5",
        "heart6": "textures/heart/heart6",
        "heart7": "textures/heart/heart7",
        "heart8": "textures/heart/heart8",
        "heart9": "textures/heart/heart9"
      }
    }
  }
}