{
  "format_version": "1.10.0",
  "minecraft:client_entity": {
    "description": {
      "identifier": "minecraft:zombie_horse",
      "min_engine_version": "1.2.6",
      "materials": {
        "default": "horse",
        "hp": "entity_emissive_alpha"
      },
      "textures": {
        "zombie": "textures/entity/horse2/horse_zombie",
        "markings_none": "textures/entity/horse2/horse_markings_none",
        "armor_none": "textures/entity/horse2/armor/horse_armor_none",
        "health_green": "textures/heart/health_bar_green",
        "health_yellow": "textures/heart/health_bar_yellow",
        "health_red": "textures/heart/health_bar_red",
        "heart": "textures/heart/heart",
        "heart0": "textures/heart/heart0",
        "heart1": "textures/heart/heart1",
        "heart2": "textures/heart/heart2",
        "heart3": "textures/heart/heart3",
        "heart4": "textures/heart/heart4",
        "heart5": "textures/heart/heart5",
        "heart6": "textures/heart/heart6",
        "heart7": "textures/heart/heart7",
        "heart8": "textures/heart/heart8",
        "heart9": "textures/heart/heart9"
      },
      "geometry": {
        "default": "geometry.horse.v2",
        "health_bar": "geometry.health_bar",
        "heart": "geometry.heart",
        "dmg": "geometry.dmg"
      },
      "animations": {
        "setup": "animation.horse.v2.setup",
        "baby_transform": "animation.horse.v2.baby_transform",
        "walk": "animation.horse.v2.walk",
        "eat": "animation.horse.v2.eat",
        "stand": "animation.horse.v2.stand",
        "tail": "animation.horse.v2.tail",
        "dmg_controller": "controller.animation.damage.root",
        "hp_offset": "animation.health_donkey",
        "health_percentage": "animation.health_bar.percentage"
      },
      "scripts": {
        "initialize": [
          "variable.eat_anim = 0.0;",
          "variable.mouth_anim = 0.0;",
          "variable.hp = query.health;"
        ],
        "pre_animation": [
          "variable.eat_anim = math.clamp(variable.eat_anim + (query.is_grazing ? ((1.0 - variable.eat_anim) * 0.4 + 0.05) : -variable.eat_anim * 0.4 - 0.05) * query.delta_time * 20.0, 0.0, 1.0);",
          "variable.mouth_anim = math.clamp(variable.mouth_anim + (variable.open_mouth ? ((1.0 - variable.mouth_anim) * 0.7 + 0.05) : -variable.mouth_anim * 0.7 - 0.05) * query.delta_time * 20.0, 0.0, 1.0);",
          "variable.head_x_rot = query.target_x_rotation + (query.modified_move_speed > 0.2 ? (math.cos(query.modified_distance_moved * 11.46) * 11.46 * query.modified_move_speed + query.modified_move_speed * 11.46) : 0.0);",
          "variable.inverse_max_stand_eat = (1.0 - math.max(variable.stand_anim, variable.eat_anim));",
          "variable.base_head_angle = variable.inverse_max_stand_eat * (30.0 + variable.head_x_rot + variable.mouth_anim  * math.sin((query.life_time * 20.0 + query.frame_alpha) * 57.3) * 2.86);",
          "variable.leg_stand_factor = math.cos((query.modified_distance_moved * 38.38) + 180.0);",
          "variable.leg_x_rot_anim = variable.leg_stand_factor * 45.8 * query.modified_move_speed;",
          "variable.leg1a_aabb = query.bone_aabb('leg1a');",
          "variable.y_adjust = query.is_baby ? 0.0 : (variable.leg1a_aabb.max.y - variable.leg1a_aabb.min.y) * (1.0 - (query.model_scale * 16.0));",
          "variable.health = query.health / query.max_health;",
          "variable.health_color = math.round(query.health / query.max_health * 100) >= 50 ? 0 : ((math.round(query.health / query.max_health * 100) >= 25 && math.round(query.health / query.max_health * 100) < 50) ? 1 : 2);",
          "variable.first_digit = math.floor(query.health / 100);",
          "variable.second_digit = math.floor((math.mod(query.health, 100)) / 10);",
          "variable.third_digit = query.health - ((math.floor(query.health / 10)) * 10);"
        ],
        "animate": [
          "setup",
          { "baby_transform": "query.is_baby" },
          "walk",
          "stand",
          { "eat": "!query.is_standing" },
          { "tail": "variable.shake_tail" },
          "hp_offset",
          "health_percentage",
          "dmg_controller"
        ],
        "variables": {
          "variable.hp": "public"
        }
      },
      "particle_effects": {
        "dmg": "particle:damage"
      },
      "render_controllers": [
        "controller.render.zombie_horse.v1.and.v2",
        "controller.render.health_bar",
        "controller.render.heart",
        "controller.render.first_digit",
        "controller.render.second_digit",
        "controller.render.third_digit",
        "controller.render.dmg"
      ],
      "spawn_egg": {
        "texture": "spawn_egg",
        "texture_index": 33
      }
    }
  }
}