{
    "pools": [
        {
            "rolls": {
                "min": 6,
                "max": 13.0
            },
            "bonus_rolls": 0,
            "entries": [
                {
                    "type": "item",
                    "functions": [
                        {
                            "function": "set_count",
                            "count": {
                                "min": 1,
                                "max": 2.0
                            },
                            "add": false
                        }
                    ],
                    "name": "minecraft:enchanted_golden_apple",
                    "weight": 2
                },
                {
                    "type": "item",
                    "name": "minecraft:music_disc_otherside",
                    "weight": 2
                },
                {
                    "type": "item",
                    "weight": 4,
                    "functions": [
                        {
                            "function": "set_count",
                            "count": 1,
                            "add": false
                        }
                    ],
                    "name": "minecraft:compass"
                },
                {
                    "type": "item",
                    "weight": 4,
                    "functions": [
                        {
                            "function": "set_count",
                            "count": {
                                "min": 1,
                                "max": 2.0
                            },
                            "add": false
                        }
                    ],
                    "name": "minecraft:sculk_catalyst"
                },
                {
                    "type": "item",
                    "weight": 4,
                    "name": "minecraft:name_tag"
                },
                {
                    "type": "item",
                    "weight": 4,
                    "functions": [
                        {
                            "function": "set_count",
                            "count": 1,
                            "add": false
                        },
                        {
                            "function": "set_damage",
                            "damage": {
                                "min": 0.8,
                                "max": 1.0
                            },
                            "add": false
                        },
                        {
                            "function": "enchant_with_levels",
                            "levels": {
                                "min": 30,
                                "max": 50.0
                            },
                            "treasure": true
                        }
                    ],
                    "name": "minecraft:diamond_hoe"
                },
                {
                    "type": "item",
                    "weight": 4,
                    "functions": [
                        {
                            "function": "set_count",
                            "count": 1,
                            "add": false
                        }
                    ],
                    "name": "minecraft:lead"
                },
                {
                    "type": "item",
                    "weight": 4,
                    "functions": [
                        {
                            "function": "set_count",
                            "count": 1,
                            "add": false
                        }
                    ],
                    "name": "minecraft:diamond_horse_armor"
                },
                {
                    "type": "item",
                    "weight": 4,
                    "functions": [
                        {
                            "function": "set_count",
                            "count": 1,
                            "add": false
                        }
                    ],
                    "name": "minecraft:saddle"
                },
                {
                    "type": "item",
                    "weight": 4,
                    "name": "minecraft:music_disc_13"
                },
                {
                    "type": "item",
                    "weight": 4,
                    "name": "minecraft:music_disc_cat"
                },
                {
                    "type": "item",
                    "weight": 4,
                    "functions": [
                        {
                            "function": "enchant_with_levels",
                            "levels": {
                                "min": 30,
                                "max": 50.0
                            },
                            "treasure": true
                        }
                    ],
                    "name": "minecraft:diamond_leggings"
                },
                {
                    "type": "item",
                    "weight": 6,
                    "functions": [
                        {
                            "function": "specific_enchants",
                            "enchants": [
                                {
                                    "id": "swift_sneak",
                                    "level": [
                                        1,
                                        3
                                    ]
                                }
                            ]
                        }
                    ],
                    "name": "minecraft:book"
                },
                {
                    "type": "item",
                    "weight": 6,
                    "functions": [
                        {
                            "function": "set_count",
                            "count": {
                                "min": 4,
                                "max": 10.0
                            },
                            "add": false
                        }
                    ],
                    "name": "minecraft:sculk"
                },
                {
                    "type": "item",
                    "weight": 6,
                    "functions": [
                        {
                            "function": "set_count",
                            "count": {
                                "min": 1,
                                "max": 3.0
                            },
                            "add": false
                        }
                    ],
                    "name": "minecraft:sculk_sensor"
                },
                {
                    "type": "item",
                    "weight": 6,
                    "functions": [
                        {
                            "function": "set_count",
                            "count": {
                                "min": 1,
                                "max": 4.0
                            },
                            "add": false
                        }
                    ],
                    "name": "minecraft:candle"
                },
                {
                    "type": "item",
                    "weight": 6,
                    "functions": [
                        {
                            "function": "set_count",
                            "count": {
                                "min": 1,
                                "max": 15.0
                            },
                            "add": false
                        }
                    ],
                    "name": "minecraft:amethyst_shard"
                },
                {
                    "type": "item",
                    "weight": 2,
                    "functions": [
                        {
                            "function": "enchant_with_levels",
                            "levels": {
                                "min": 40,
                                "max": 50.0
                            },
                            "add": false
                        }
                    ],
                    "name": "yes:amethyst_helmet"
                },
                {
                    "type": "item",
                    "weight": 2,
                    "functions": [
                        {
                            "function": "enchant_with_levels",
                            "levels": {
                                "min": 40,
                                "max": 50.0
                            },
                            "add": false
                        }
                    ],
                    "name": "yes:amethyst_chestplate"
                },
                {
                    "type": "item",
                    "weight": 2,
                    "functions": [
                        {
                            "function": "enchant_with_levels",
                            "levels": {
                                "min": 40,
                                "max": 50.0
                            },
                            "add": false
                        }
                    ],
                    "name": "yes:amethyst_leggings"
                },
                {
                    "type": "item",
                    "weight": 2,
                    "functions": [
                        {
                            "function": "enchant_with_levels",
                            "levels": {
                                "min": 40,
                                "max": 50.0
                            },
                            "add": false
                        }
                    ],
                    "name": "yes:amethyst_boots"
                },
                {
                    "type": "item",
                    "weight": 6,
                    "functions": [
                        {
                            "function": "set_count",
                            "count": {
                                "min": 1,
                                "max": 3.0
                            },
                            "add": false
                        }
                    ],
                    "name": "minecraft:experience_bottle"
                },
                {
                    "type": "item",
                    "weight": 6,
                    "functions": [
                        {
                            "function": "set_count",
                            "count": {
                                "min": 1,
                                "max": 15.0
                            },
                            "add": false
                        }
                    ],
                    "name": "minecraft:glow_berries"
                },
                {
                    "type": "item",
                    "weight": 10,
                    "functions": [
                        {
                            "function": "set_count",
                            "count": {
                                "min": 1,
                                "max": 3.0
                            },
                            "add": false
                        }
                    ],
                    "name": "minecraft:echo_shard"
                },
                {
                    "type": "item",
                    "weight": 8,
                    "functions": [
                        {
                            "function": "set_count",
                            "count": {
                                "min": 1,
                                "max": 3.0
                            },
                            "add": false
                        }
                    ],
                    "name": "minecraft:disc_fragment_5"
                },
                {
                    "type": "item",
                    "weight": 10,
                    "functions": [
                        {
                            "function": "set_count",
                            "count": {
                                "min": 1,
                                "max": 3.0
                            },
                            "add": false
                        },
                        {
                            "function": "set_data",
                            "data": 30
                        }
                    ],
                    "name": "minecraft:potion"
                },
                {
                    "type": "item",
                    "weight": 10,
                    "functions": [
                        {
                            "function": "enchant_randomly"
                        }
                    ],
                    "name": "minecraft:book"
                },
                {
                    "type": "item",
                    "name": "yes:ability_damage_book1",
                    "weight": 1,
                    "functions": [
                        {
                            "function": "enchant_random_gear",
                            "chance": 0.8
                        }
                    ]
                },
                {
                    "type": "item",
                    "name": "yes:ability_damage_book2",
                    "weight": 2,
                    "functions": [
                        {
                            "function": "enchant_random_gear",
                            "chance": 0.8
                        }
                    ]
                },
                {
                    "type": "item",
                    "name": "yes:ability_damage_book3",
                    "weight": 2,
                    "functions": [
                        {
                            "function": "enchant_random_gear",
                            "chance": 0.8
                        }
                    ]
                },
                {
                    "type": "item",
                    "weight": 10,
                    "functions": [
                        {
                            "function": "set_count",
                            "count": {
                                "min": 3,
                                "max": 10.0
                            },
                            "add": false
                        }
                    ],
                    "name": "minecraft:book"
                },
                {
                    "type": "item",
                    "weight": 10,
                    "functions": [
                        {
                            "function": "set_count",
                            "count": {
                                "min": 1,
                                "max": 15.0
                            },
                            "add": false
                        }
                    ],
                    "name": "minecraft:bone"
                },
                {
                    "type": "item",
                    "weight": 10,
                    "functions": [
                        {
                            "function": "set_count",
                            "count": {
                                "min": 1,
                                "max": 15.0
                            },
                            "add": false
                        }
                    ],
                    "name": "minecraft:soul_torch"
                },
                {
                    "type": "item",
                    "weight": 14,
                    "functions": [
                        {
                            "function": "set_count",
                            "count": {
                                "min": 6,
                                "max": 15.0
                            },
                            "add": false
                        }
                    ],
                    "name": "minecraft:coal"
                }
            ]
        },
        {
            "rolls": 1,
            "entries": [
                {
                    "type": "empty",
                    "weight": 75
                },
                {
                    "type": "item",
                    "name": "minecraft:ward_armor_trim_smithing_template",
                    "weight": 4
                },
                {
                    "type": "item",
                    "name": "minecraft:silence_armor_trim_smithing_template",
                    "weight": 1
                }
            ]
        }
    ]
}