{
  "format_version": "1.8.0",
  "minecraft:entity": {
    "description": {
      "identifier": "mc:dr",
      "is_spawnable": false,
      "is_summonable": true,
      "is_experimental": false,
     "scripts": {
        "animate": [
    "d6",
      "6"
        ]
      },
      "animations": {
      "d6": "animation.dr",
      "6": "animation.dr2"
      }
    },
    "component_groups": {},
    "components": {
      "minecraft:type_family": {
        "family": [
          "bat"
        ]
      },
      "minecraft:breathable": {
        "totalSupply": 15,
        "suffocateTime": 0
      },
      "minecraft:collision_box": {
        "height": 0,
        "width": 0
      },
      "minecraft:fall_damage": {
        "value": 0.0
      },
      "minecraft:can_power_jump": {},
      "minecraft:horse.jump_strength": {
        "value": {
          "range_min": 1.0,
          "range_max": 1.0
        }
      },
      "minecraft:movement": {
        "value": 0.0
 },
      "minecraft:damage_sensor": {
        "triggers": {
          "cause": "has_damage",
          "deals_damage": false
        }
      },
      "minecraft:navigation.walk": {
        "can_path_over_water": true
      },
      "minecraft:movement.basic": {},
      "minecraft:jump.static": {},
      "minecraft:health": {
        "value": 50,
        "max": 50
      },
      "minecraft:fire_immune": true,
      "minecraft:rideable": {
        "priority": 0,
        "seat_count": 1,
        "crouching_skip_interact": true,
        "family_types": [
          "A"
        ],
        "interact_text": "",
        "seats": [
          {
            "position": [
              0.0,
              1.25,
              0.6
            ]
          }
        ],
        "pull_in_entities": true
      },
      "minecraft:input_ground_controlled": {},
      "minecraft:physics": {},
      "minecraft:experience_reward": {
        "on_death": "query.last_hit_by_player ? 10 : 0"
      },
      "minecraft:underwater_movement": {
        "value": 0.03
      },
      "minecraft:healable": {
        "items": [
          {
            "item": "gunpowder",
            "heal_amount": 1
          }
        ]
      },
      "minecraft:scale": {
        "value": 1
      },
      "minecraft:addrider": {
        "entity_type": null
      },
      "minecraft:on_death": {
        "event": "on:death",
        "target": "self"
      },
      "minecraft:on_hurt": {
        "event": "on:hurt",
        "target": "self"
      },
      "minecraft:on_hurt_by_player": {
        "event": "on:hurt_by_player",
        "target": "self"
      },
      "minecraft:on_ignite": {
        "event": "on:ignite",
        "target": "self"
      },
      "minecraft:on_target_acquired": {
        "event": "on:target_acquired",
        "target": "self"
      },
      "minecraft:on_target_escape": {
        "event": "on:target_escape",
        "target": "self"
      },
      "minecraft:on_wake_with_owner": {
        "event": "on:wake_with_owner",
        "target": "self"
      },
      "minecraft:can_climb": {},
      "minecraft:loot": {
        "table": "loot_tables/entities/mech_creeper.json"
      },
      "minecraft:attack": {
        "damage": 3
        },
"minecraft:behavior.nearest_attackable_target": {
  "reselect_targets": true, 
  "entity_types": [
    {
      "filters": { //Entities to attack
        "test": "is_family",
        "subject": "other",
        "operator": "=",
        "value": "player"
       },
      "max_dist":128.0
          }
        ]
      },
      "minecraft:physics": {}
        }
      },
      "minecraft:lookat": {
        "allow_invulnerable": false,
        "filters": {
          "test": "has_target"
        },
        "search_radius": 10.0,
        "set_target": true
      }
    },
    "events": {
      "on:death": {
        "run_command": {
          "command": []
        }
      },
      "on:hurt": {
        "run_command": {
          "command": []
        }
      },
      "on:hurt_by_player": {
        "run_command": {
          "command": []
        }
      },
      "on:ignite": {
        "run_command": {
          "command": []
        }
      },
      "on:target_acquired": {
        "run_command": {
          "command": []
        }
      },
      "on:target_escape": {
        "run_command": {
          "command": []
        }
      },
      "on:wake_with_owner": {
        "run_command": {
          "command": []
        }
      }
    }
  }
}

  }
}
  "run_command": {
          "command": []
        }
      },
      "on:target_escape": {
        "run_command": {
          "command": []
        }
      },
      "on:wake_with_owner": {
        "run_command": {
          "command": []
        }
      }
    }
  }
}
}
  },
      "on:hurt_by_player": {
        "run_command": {
          "command": []
        }
      },
      "on:ignite": {
        "run_command": {
          "command": []
        }
      },
      "on:target_acquired": {
        "run_command": {
          "command": []
        }
      },
      "on:target_escape": {
        "run_command": {
          "command": []
        }
      },
      "on:wake_with_owner": {
        "run_command": {
          "command": []
        }
      }
    }
  }
}

  }
}
  "run_command": {
          "command": []
        }
      },
      "on:target_escape": {
        "run_command": {
          "command": []
        }
      },
      "on:wake_with_owner": {
        "run_command": {
          "command": []
        }
      }
    }
  }
}
}
}
}

}
}
}
}
}
ake_with_owner": {
        "run_command": {
          "command": []
        }
      }
    }
  }
}
}
}
}

}
}
}
}
}
