{
  "format_version": "1.16.0",
  "minecraft:entity": {
    "description": {
      "identifier": "mc:portal",
      "is_spawnable": false,
      "is_summonable": true,
      "is_experimental": false,
      "scripts": {
        "animate": [
  "1"
        ]
      },
      "animations": {
           "1": "animation.portal"
      }
    },
    "component_groups": {
    },

    "components": {
      "minecraft:type_family": {
        "family": [ "bat", "mob" ]
      },
      "minecraft:breathable": {
        "total_supply": 15,
        "suffocate_time": 0
      },
      "minecraft:collision_box": {
        "width": 0.5,
        "height": 0.9
      },
      "minecraft:damage_sensor": {
        "triggers": {
          "cause": "has_damage",
          "deals_damage": false
        }
      },
      "minecraft:hurt_on_condition": {
        "damage_conditions": [
          {
            "filters": { "test": "in_lava", "subject": "self", "operator": "==", "value": true },
            "cause": "lava",
            "damage_per_tick": 4
          }
        ]
      },
      "minecraft:movement": {
        "value": 0.0
      },
      "minecraft:navigation.float": {	
        "can_path_over_water": true	
      },
      "minecraft:behavior.float": {
        "priority": 0
      },
      "minecraft:can_fly": {
      },
      "minecraft:health": {
        "value": 9999,
        "max": 9999
      },
      "minecraft:nameable": {
      },
      "minecraft:physics": {
      },
      "minecraft:conditional_bandwidth_optimization": {
      }
    },

    "events": {
    }
  }
}

ion": {
      }
    },

    "events": {
    }
  }
}

   }
    },

    "events": {
    }
  }
}

