{
  "format_version": "1.16.0",
  "minecraft:entity": {
    "description": {
      "identifier": "mc:screen2",
      "is_spawnable": false,
      "is_summonable": true,
      "is_experimental": false,
      "scripts": {
        "animate": [
  "1",
    "2",
     "3",
        "4"

        ]
      },
      "animations": {
           "1": "animation.sc_t",
           "2": "animation.bl",
        "3": "animation.k",
     "4": "animation.h"
      }
    },
    "component_groups": {
    },

    "components": {
      "minecraft:type_family": {
        "family": [ "bat", "sc" ]
      },
      "minecraft:breathable": {
        "total_supply": 15,
        "suffocate_time": 0
      },
      "minecraft:is_charged": {
        },
      "minecraft:rideable": {
        "seat_count": 1,
        "pull_in_entities": false,
        "family_types": [
          "player"

        ],
        "seats": [
          {
             "position": [ 0, 1.5, 0.02]

  }
        ]
     },
      "minecraft:collision_box": {
        "width": 0.1,
        "height": 2
      },
      "minecraft:damage_sensor": {
        "triggers": {
          "cause": "has_damage",
          "deals_damage": false
        }
      },
      "minecraft:hurt_on_condition": {
        "damage_conditions": [
          {
            "filters": { "test": "in_lava", "subject": "self", "operator": "==", "value": true },
            "cause": "lava",
            "damage_per_tick": 4
          }
        ]
      },
      "minecraft:movement": {
        "value": 0.0
      },
      "minecraft:navigation.float": {	
        "can_path_over_water": true	
      },
      "minecraft:movement.basic": {
      },
      "minecraft:jump.static": {
      },
      "minecraft:despawn": {
        "despawn_from_distance": {}
      },
      "minecraft:behavior.float": {
        "priority": 0
      },
      "minecraft:behavior.float_wander": {
        "xz_dist": 1,
        "y_dist": 1,
        "y_offset": -2.0,
        "random_reselect": true,
        "float_duration": [ 0.1, 0.35 ]
      },
      "minecraft:can_fly": {
      },
      "minecraft:health": {
        "value": 1,
        "max": 1
      },
      "minecraft:nameable": {
      },
      "minecraft:physics": {
      },
      "minecraft:conditional_bandwidth_optimization": {
      }
    },

    "events": {
    }
  }
}

ion": {
      }
    },

    "events": {
    }
  }
}

   }
    },

    "events": {
    }
  }
}


}

}



}


  "events": {
    }
  }
}

   }
    },

    "events": {
    }
  }
}


}

}



}





}


}

}



}




}
}


}

}



}





}


}

}



}




