{
	"format_version": "1.12.0",
	"minecraft:geometry": [
		{
			"description": {
				"identifier": "geometry.f_donr_shooter",
				"texture_width": 16,
				"texture_height": 16,
				"visible_bounds_width": 3,
				"visible_bounds_height": 1,
				"visible_bounds_offset": [0, 0.5, 0]
			},
			"bones": [
				{
					"name": "bone",
					"pivot": [0, 0, 0],
					"cubes": [
						{
							"origin": [-5, 0, -3],
							"size": [10, 10, 10],
							"uv": [0, 0]
						},
						{
							"origin": [-3, 2, -15],
							"size": [6, 6, 12],
							"uv": [0, 0]
						},
						{
							"origin": [-2, 3, -25],
							"size": [4, 4, 10],
							"uv": [0, 0]
						}
					]
				},
				{
					"name": "bone2",
					"pivot": [0, 0, 0],
					"cubes": [
						{
							"origin": [-1, 4, 7],
							"size": [3, 3, 10],
							"uv": [0, 0]
						},
						{
							"origin": [-4, 1, 7],
							"size": [8, 8, 2],
							"uv": [0, 0]
						}
					]
				}
			]
		}
	]
}