{
	"format_version": "1.10.0",
	"geometry.f_donr": {
		"texturewidth": 128,
		"textureheight": 128,
		"visible_bounds_width": 2,
		"visible_bounds_height": 1,
		"visible_bounds_offset": [0, 0.5, 0],
		"bones": [
			{
				"name": "bone",
				"pivot": [0, 0, 0],
				"cubes": [
					{"origin": [-6, -2, -6], "size": [6, 4, 14], "uv": [0, 0]},
					{"origin": [0, -2, -6], "size": [6, 4, 14], "uv": [0, 0]},
					{"origin": [-7, -3, -8], "size": [7, 6, 2], "uv": [92, 0]},
					{"origin": [-6, 0, -8.5], "size": [1, 1, 1], "uv": [35, 35]},
					{"origin": [2, 0, -8.5], "size": [1, 1, 1], "uv": [35, 35]},
					{"origin": [5, 0, -8.5], "size": [1, 1, 1], "uv": [35, 35]},
					{"origin": [-2, 0, -8.5], "size": [1, 1, 1], "uv": [35, 35]},
					{"origin": [-2, -2, -7.5], "size": [1, 1, 0], "uv": [35, 35], "inflate": -0.2},
					{"origin": [-4, -3, -8.5], "size": [3, 1, 1], "uv": [35, 35], "inflate": -0.2},
					{"origin": [2, -3, -8.5], "size": [3, 1, 1], "uv": [35, 35], "inflate": -0.2},
					{"origin": [3, -3, -8.5], "size": [3, 1, 1], "uv": [35, 35], "inflate": -0.2},
					{"origin": [-5, -3, -8.5], "size": [2, 1, 1], "uv": [35, 35], "inflate": -0.2},
					{"origin": [-6, -3, -8.5], "size": [2, 1, 1], "uv": [35, 35], "inflate": -0.2},
					{"origin": [-6.5, -2.5, -8.5], "size": [1, 2, 1], "uv": [35, 35], "inflate": -0.2},
					{"origin": [1.5, -2.5, -8.5], "size": [1, 2, 1], "uv": [35, 35], "inflate": -0.2},
					{"origin": [5.5, -2.5, -8.5], "size": [1, 2, 1], "uv": [35, 35], "inflate": -0.2},
					{"origin": [-1.5, -2.5, -8.5], "size": [1, 2, 1], "uv": [35, 35], "inflate": -0.2},
					{"origin": [0, -3, -8], "size": [7, 6, 2], "uv": [92, 0]},
					{"origin": [0, 3, -9], "size": [7, 1, 2], "uv": [0, 40]},
					{"origin": [-7, 3, -9], "size": [7, 1, 2], "uv": [0, 40]},
					{"origin": [0, -4, -9], "size": [7, 1, 2], "uv": [0, 40]},
					{"origin": [0, -4, -9], "size": [1, 8, 2], "uv": [0, 49]},
					{"origin": [7, -4, -9], "size": [1, 8, 2], "uv": [3, 38]},
					{"origin": [-8, -4, -9], "size": [1, 8, 2], "uv": [0, 35]},
					{"origin": [-7, -4, -9], "size": [7, 1, 2], "uv": [0, 42]}
				]
			}
		]
	}
}