{
	"format_version": "1.12.0",
	"minecraft:geometry": [
		{
			"description": {
				"identifier": "geometry.flowey_tvscreen_laugh_animation",
				"texture_width": 19,
				"texture_height": 19,
				"visible_bounds_width": 2,
				"visible_bounds_height": 1,
				"visible_bounds_offset": [0, 0.5, 0]
			},
			"bones": [
				{
					"name": "tv_scream",
					"pivot": [0, 0, 0],
					"cubes": [
						{
							"name": "tv_scream",
							"origin": [-10, 49, -5],
							"size": [19, 11, 0],
							"uv": [0, 0]
						}
					]
				},
				{
					"name": "tv_scream2",
					"pivot": [0, 0, 0],
					"cubes": [
						{
							"origin": [-4.5, 47, -5.1],
							"size": [8, 4, 0],
							"uv": [3, 15]
						}
					]
				}
			]
		}
	]
}