{
	"format_version": "1.12.0",
	"minecraft:geometry": [
		{
			"description": {
				"identifier": "geometry.flowey_hands",
				"texture_width": 60,
				"texture_height": 60,
				"visible_bounds_width": 7,
				"visible_bounds_height": 2,
				"visible_bounds_offset": [0, 1, 0]
			},
			"bones": [
				{
					"name": "hand1",
					"pivot": [-24, 40, 10],
					"cubes": [
						{
							"name": "hand1",
							"origin": [-37, 39, 8],
							"size": [13, 5, 4],
							"pivot": [-24, 40, 10],
							"rotation": [0, -20, -20],
							"uv": [0, 0]
						},
						{
							"name": "hand1",
							"origin": [-48, 33, 3],
							"size": [13, 7, 6],
							"pivot": [-37, 36, 4],
							"rotation": [0, -25, -35],
							"uv": [0, 0]
						},
						{
							"name": "hand1",
							"origin": [-66, 22, -4],
							"size": [21, 12, 8],
							"pivot": [-48, 30, -1],
							"rotation": [0, -40, -70],
							"uv": [0, 0]
						},
						{
							"name": "hand1",
							"origin": [-69, 23, 1],
							"size": [3, 2, 2],
							"pivot": [-48, 30, -1],
							"rotation": [0, -40, -70],
							"uv": [0, 0]
						},
						{
							"name": "hand1",
							"origin": [-69, 27, 1],
							"size": [3, 2, 2],
							"pivot": [-48, 30, -1],
							"rotation": [0, -40, -70],
							"uv": [0, 0]
						},
						{
							"name": "hand1",
							"origin": [-69, 31, 1],
							"size": [3, 2, 2],
							"pivot": [-48, 30, -1],
							"rotation": [0, -40, -70],
							"uv": [0, 0]
						},
						{
							"name": "hand1",
							"origin": [-69, 31, -3],
							"size": [3, 2, 2],
							"pivot": [-48, 30, -1],
							"rotation": [0, -40, -70],
							"uv": [512, 0]
						},
						{
							"name": "hand1",
							"origin": [-69, 27, -3],
							"size": [3, 2, 2],
							"pivot": [-48, 30, -1],
							"rotation": [0, -40, -70],
							"uv": [0, 0]
						},
						{
							"name": "hand1",
							"origin": [-69, 23, -3],
							"size": [3, 2, 2],
							"pivot": [-48, 30, -1],
							"rotation": [0, -40, -70],
							"uv": [0, 0]
						}
					]
				},
				{
					"name": "hand2",
					"pivot": [24, 40, 10],
					"cubes": [
						{
							"name": "hand2",
							"origin": [23, 40, 10],
							"size": [13, 5, 4],
							"pivot": [24, 40, 10],
							"rotation": [0, 20, 20],
							"uv": [0, 0]
						},
						{
							"name": "hand2",
							"origin": [36, 35, 5],
							"size": [13, 7, 6],
							"pivot": [36, 37, 7],
							"rotation": [5, 45, 35],
							"uv": [22, 0]
						},
						{
							"name": "hand2",
							"origin": [46, 26, -4],
							"size": [21, 12, 8],
							"pivot": [45, 33, -1],
							"rotation": [0, 40, 70],
							"uv": [2, 0]
						},
						{
							"name": "hand2",
							"origin": [67, 27, -3],
							"size": [3, 2, 2],
							"pivot": [45, 33, -1],
							"rotation": [0, 40, 70],
							"uv": [512, 0]
						},
						{
							"name": "hand2",
							"origin": [67, 27, 1],
							"size": [3, 2, 2],
							"pivot": [45, 33, -1],
							"rotation": [0, 40, 70],
							"uv": [512, 0]
						},
						{
							"name": "hand2",
							"origin": [67, 31, -3],
							"size": [3, 2, 2],
							"pivot": [45, 33, -1],
							"rotation": [0, 40, 70],
							"uv": [512, 0]
						},
						{
							"name": "hand2",
							"origin": [67, 31, 1],
							"size": [3, 2, 2],
							"pivot": [45, 33, -1],
							"rotation": [0, 40, 70],
							"uv": [512, 0]
						},
						{
							"name": "hand2",
							"origin": [67, 35, -3],
							"size": [3, 2, 2],
							"pivot": [45, 33, -1],
							"rotation": [0, 40, 70],
							"uv": [512, 0]
						},
						{
							"name": "hand2",
							"origin": [67, 35, 1],
							"size": [3, 2, 2],
							"pivot": [45, 33, -1],
							"rotation": [0, 40, 70],
							"uv": [512, 0]
						}
					]
				}
			]
		}
	]
}