{
	"format_version": "1.12.0",
	"minecraft:geometry": [
		{
			"description": {
				"identifier": "geometry.flowey_leaves",
				"texture_width": 40,
				"texture_height": 40,
				"visible_bounds_width": 5,
				"visible_bounds_height": 2,
				"visible_bounds_offset": [0, 1, 0]
			},
			"bones": [
				{
					"name": "leaves",
					"pivot": [0, 40, 0],
					"cubes": [
						{
							"name": "leaves",
							"origin": [-42, 8, 9],
							"size": [41, 33, 0],
							"uv": [0, 0]
						},
						{
							"name": "leaves",
							"origin": [3, 8, 9],
							"size": [41, 33, 0],
							"uv": [0, 0]
						}
					]
				}
			]
		}
	]
}