{
	"format_version": "1.12.0",
	"minecraft:geometry": [
		{
			"description": {
				"identifier": "geometry.flowey",
				"texture_width": 128,
				"texture_height": 128,
				"visible_bounds_width": 5,
				"visible_bounds_height": 3,
				"visible_bounds_offset": [0, 0, 0]
			},
			"bones": [
				{
					"name": "bone40",
					"pivot": [0, 7, 0.5],
					"cubes": [
						{"origin": [-1, 6, -0.5], "size": [2, 8, 2], "uv": [0, 126]}
					]
				},
				{
					"name": "bone39",
					"parent": "bone40",
					"pivot": [1, 10, 1],
					"rotation": [0, 180, 0],
					"cubes": [
						{"origin": [-1, 11, 1], "size": [1, 6, 1], "uv": [0, 120]},
						{"origin": [-1.5, 10.13397, 1.3], "size": [1, 6.1, 0.4], "pivot": [-1, 11, 1], "rotation": [0, 0, -65], "uv": [59, 113]},
						{"origin": [-1.9, 10.13397, 1.1], "size": [0.4, 6.3, 0.8], "pivot": [-1, 11, 1], "rotation": [0, 0, -65], "uv": [0, 120]},
						{"origin": [-1, 10.98397, 1.1], "size": [1.4, 5.05, 0.8], "pivot": [-1, 11, 1], "rotation": [0, 0, -62.5], "uv": [0, 120]},
						{"origin": [-4.7, 12.63397, 1.1], "size": [3.8, 4.7, 0.8], "pivot": [-2.3, 12.2, 1], "rotation": [0, 0, 7.5], "uv": [0, 120]},
						{"origin": [-3.6, 10.73397, 1.1], "size": [1, 6.7, 0.8], "pivot": [-2.7, 11, 1], "rotation": [0, 0, -82.5], "uv": [0, 120]},
						{"origin": [-3.8, 11.23397, 1.1], "size": [1.2, 5.8, 0.8], "pivot": [-2.7, 11, 1], "rotation": [0, 0, -67.5], "uv": [0, 120]},
						{"origin": [-6.9, 14.23397, 1.1], "size": [1.1, 2.8, 0.8], "pivot": [-5.9, 11, 1], "rotation": [0, 0, -67.5], "uv": [0, 120]},
						{"origin": [-9.5, 17.13397, 1.3], "size": [1, 3.1, 0.4], "pivot": [-9, 17, 1], "rotation": [0, 0, -67.5], "uv": [59, 113]},
						{"origin": [-13.8, 17.38397, 1.1], "size": [4.3, 2.75, 0.8], "pivot": [-9, 17, 1], "rotation": [0, 0, -67.5], "uv": [0, 120]},
						{"origin": [-8.85, 14.48397, 1.1], "size": [5.05, 5.65, 0.8], "pivot": [-9, 17, 1], "rotation": [0, 0, -67.5], "uv": [0, 120]},
						{"origin": [-12.1, 18.43397, 1.3], "size": [1, 5, 0.4], "pivot": [-11.6, 18.2, 1], "rotation": [0, 0, -85], "uv": [59, 113]},
						{"origin": [-13.9, 18.63397, 1.1], "size": [1.8, 4.8, 0.8], "pivot": [-11.6, 18.2, 1], "rotation": [0, 0, -85], "uv": [0, 120]},
						{"origin": [-10.3, 15.13397, 1.1], "size": [3.1, 6.8, 0.8], "pivot": [-11.9, 16.7, 1], "rotation": [0, 0, -85], "uv": [0, 120]},
						{"origin": [-13.9, 16.83397, 1.1], "size": [1.5, 5.9, 0.8], "pivot": [-11.6, 16.4, 1], "rotation": [0, 0, -70], "uv": [0, 120]},
						{"origin": [-16.9, 18.98397, 1.3], "size": [1, 6.1, 0.4], "pivot": [-16.4, 18.75, 1], "rotation": [0, 0, -105], "uv": [59, 113]},
						{"origin": [-15.7, 18.68397, 1.1], "size": [1, 6.1, 0.8], "pivot": [-16.2, 18.45, 1], "rotation": [0, 0, -107.5], "uv": [0, 120]},
						{"origin": [-15.2, 20.78397, 1.1], "size": [1.1, 2.8, 0.8], "pivot": [-16.2, 18.45, 1], "rotation": [0, 0, -107.5], "uv": [0, 120]},
						{"origin": [-17.8, 19.18397, 1.1], "size": [0.9, 5.85, 0.8], "pivot": [-16.4, 18.7, 1], "rotation": [0, 0, -97.5], "uv": [0, 120]},
						{"origin": [-3.47438, 15.65647, 1.3], "size": [1, 5.5, 0.4], "pivot": [-1, 11, 1], "rotation": [0, 0, -42.5], "uv": [59, 113]},
						{"origin": [-7.07438, 15.65647, 1.1], "size": [3.6, 5.3, 0.8], "pivot": [-1, 11, 1], "rotation": [0, 0, -42.5], "uv": [0, 120]},
						{"origin": [-2.72438, 15.65647, 1.1], "size": [6.55, 5.3, 0.8], "pivot": [-1, 11, 1], "rotation": [0, 0, -42.5], "uv": [0, 120]},
						{"origin": [-1, 17, 1], "size": [1, 3, 1], "pivot": [0, 17, 1], "rotation": [0, 0, -22.5], "uv": [0, 120]},
						{"origin": [-2.15, 19.75, 1], "size": [1, 3, 1], "pivot": [-1.15, 19.75, 1], "rotation": [0, 0, -45], "uv": [0, 120]},
						{"origin": [-4.25, 21.85, 1], "size": [1, 3, 1], "pivot": [-3.25, 21.85, 1], "rotation": [0, 0, -67.5], "uv": [0, 120]},
						{"origin": [-4.25, 22.05, 1.1], "size": [1, 3.5, 0.8], "pivot": [-3.25, 21.15, 1], "rotation": [0, 0, -67.5], "uv": [0, 120]},
						{"origin": [-7, 23, 1], "size": [1, 8, 1], "pivot": [-6, 23, 1], "rotation": [0, 0, -90], "uv": [0, 120]},
						{"origin": [-15, 23, 1], "size": [1, 7, 1], "pivot": [-14, 23, 1], "rotation": [0, 0, -112.5], "uv": [0, 120]},
						{"origin": [-12, 23, 1.1], "size": [2.3, 10.5, 0.8], "pivot": [-10, 22.7, 1], "rotation": [0, 0, -105], "uv": [0, 120]},
						{"origin": [-21.5, 20.3, 1], "size": [1, 4, 1], "pivot": [-20.5, 20.3, 1], "rotation": [0, 0, -135], "uv": [0, 120]},
						{"origin": [-24.3, 17.5, 1], "size": [1, 2.2, 1], "pivot": [-23.3, 17.5, 1], "rotation": [0, 0, -157.5], "uv": [0, 120]},
						{"origin": [-8, 10, 1], "size": [5.5, 0.9, 1], "uv": [0, 120]},
						{"origin": [-2.7, 9.45, 1], "size": [3.8, 0.9, 1], "pivot": [0.5, 9.55, 1], "rotation": [0, 0, 10], "uv": [0, 120]},
						{"origin": [-1.53473, 9.54696, 1], "size": [2.7, 1.5, 1], "pivot": [0.5, 9.55, 1], "rotation": [0, 0, 10], "uv": [0, 120]},
						{"origin": [-12.1, 10, 1], "size": [4.1, 1, 1], "pivot": [-8, 10, 1], "rotation": [0, 0, 22.5], "uv": [0, 120]},
						{"origin": [-16.5, 11.8, 1], "size": [4.8, 1, 1], "pivot": [-12, 11.8, 1], "rotation": [0, 0, 45], "uv": [0, 120]},
						{"origin": [-19.1, 14.8, 1], "size": [4.3, 1, 1], "pivot": [-15, 14.8, 1], "rotation": [0, 0, 22.5], "uv": [0, 120]},
						{"origin": [-22.9, 16.3, 1], "size": [4.6, 1, 1], "pivot": [-18.1, 16.3, 1], "rotation": [0, 0, -5], "uv": [0, 120]}
					]
				},
				{
					"name": "bone28",
					"parent": "bone40",
					"pivot": [-1, 10, 1],
					"cubes": [
						{"origin": [-3, 11, 0], "size": [1, 6, 1], "uv": [0, 120]},
						{"origin": [-3.5, 10.13397, 0.3], "size": [1, 6.1, 0.4], "pivot": [-3, 11, 0], "rotation": [0, 0, -65], "uv": [59, 113]},
						{"origin": [-3.9, 10.13397, 0.1], "size": [0.4, 6.3, 0.8], "pivot": [-3, 11, 0], "rotation": [0, 0, -65], "uv": [0, 120]},
						{"origin": [-3, 10.98397, 0.1], "size": [1.4, 5.05, 0.8], "pivot": [-3, 11, 0], "rotation": [0, 0, -62.5], "uv": [0, 120]},
						{"origin": [-6.7, 12.63397, 0.1], "size": [3.8, 4.7, 0.8], "pivot": [-4.3, 12.2, 0], "rotation": [0, 0, 7.5], "uv": [0, 120]},
						{"origin": [-5.6, 10.73397, 0.1], "size": [1, 6.7, 0.8], "pivot": [-4.7, 11, 0], "rotation": [0, 0, -82.5], "uv": [0, 120]},
						{"origin": [-5.8, 11.23397, 0.1], "size": [1.2, 5.8, 0.8], "pivot": [-4.7, 11, 0], "rotation": [0, 0, -67.5], "uv": [0, 120]},
						{"origin": [-8.9, 14.23397, 0.1], "size": [1.1, 2.8, 0.8], "pivot": [-7.9, 11, 0], "rotation": [0, 0, -67.5], "uv": [0, 120]},
						{"origin": [-11.5, 17.13397, 0.3], "size": [1, 3.1, 0.4], "pivot": [-11, 17, 0], "rotation": [0, 0, -67.5], "uv": [59, 113]},
						{"origin": [-15.8, 17.38397, 0.1], "size": [4.3, 2.75, 0.8], "pivot": [-11, 17, 0], "rotation": [0, 0, -67.5], "uv": [0, 120]},
						{"origin": [-10.85, 14.48397, 0.1], "size": [5.05, 5.65, 0.8], "pivot": [-11, 17, 0], "rotation": [0, 0, -67.5], "uv": [0, 120]},
						{"origin": [-14.1, 18.43397, 0.3], "size": [1, 5, 0.4], "pivot": [-13.6, 18.2, 0], "rotation": [0, 0, -85], "uv": [59, 113]},
						{"origin": [-15.9, 18.63397, 0.1], "size": [1.8, 4.8, 0.8], "pivot": [-13.6, 18.2, 0], "rotation": [0, 0, -85], "uv": [0, 120]},
						{"origin": [-12.3, 15.13397, 0.1], "size": [3.1, 6.8, 0.8], "pivot": [-13.9, 16.7, 0], "rotation": [0, 0, -85], "uv": [0, 120]},
						{"origin": [-15.9, 16.83397, 0.1], "size": [1.5, 5.9, 0.8], "pivot": [-13.6, 16.4, 0], "rotation": [0, 0, -70], "uv": [0, 120]},
						{"origin": [-18.9, 18.98397, 0.3], "size": [1, 6.1, 0.4], "pivot": [-18.4, 18.75, 0], "rotation": [0, 0, -105], "uv": [59, 113]},
						{"origin": [-17.7, 18.68397, 0.1], "size": [1, 6.1, 0.8], "pivot": [-18.2, 18.45, 0], "rotation": [0, 0, -107.5], "uv": [0, 120]},
						{"origin": [-17.2, 20.78397, 0.1], "size": [1.1, 2.8, 0.8], "pivot": [-18.2, 18.45, 0], "rotation": [0, 0, -107.5], "uv": [0, 120]},
						{"origin": [-19.8, 19.18397, 0.1], "size": [0.9, 5.85, 0.8], "pivot": [-18.4, 18.7, 0], "rotation": [0, 0, -97.5], "uv": [0, 120]},
						{"origin": [-5.47438, 15.65647, 0.3], "size": [1, 5.5, 0.4], "pivot": [-3, 11, 0], "rotation": [0, 0, -42.5], "uv": [59, 113]},
						{"origin": [-9.07438, 15.65647, 0.1], "size": [3.6, 5.3, 0.8], "pivot": [-3, 11, 0], "rotation": [0, 0, -42.5], "uv": [0, 120]},
						{"origin": [-4.72438, 15.65647, 0.1], "size": [6.55, 5.3, 0.8], "pivot": [-3, 11, 0], "rotation": [0, 0, -42.5], "uv": [0, 120]},
						{"origin": [-3, 17, 0], "size": [1, 3, 1], "pivot": [-2, 17, 0], "rotation": [0, 0, -22.5], "uv": [0, 120]},
						{"origin": [-4.15, 19.75, 0], "size": [1, 3, 1], "pivot": [-3.15, 19.75, 0], "rotation": [0, 0, -45], "uv": [0, 120]},
						{"origin": [-6.25, 21.85, 0], "size": [1, 3, 1], "pivot": [-5.25, 21.85, 0], "rotation": [0, 0, -67.5], "uv": [0, 120]},
						{"origin": [-6.25, 22.05, 0.1], "size": [1, 3.5, 0.8], "pivot": [-5.25, 21.15, 0], "rotation": [0, 0, -67.5], "uv": [0, 120]},
						{"origin": [-9, 23, 0], "size": [1, 8, 1], "pivot": [-8, 23, 0], "rotation": [0, 0, -90], "uv": [0, 120]},
						{"origin": [-17, 23, 0], "size": [1, 7, 1], "pivot": [-16, 23, 0], "rotation": [0, 0, -112.5], "uv": [0, 120]},
						{"origin": [-14, 23, 0.1], "size": [2.3, 10.5, 0.8], "pivot": [-12, 22.7, 0], "rotation": [0, 0, -105], "uv": [0, 120]},
						{"origin": [-23.5, 20.3, 0], "size": [1, 4, 1], "pivot": [-22.5, 20.3, 0], "rotation": [0, 0, -135], "uv": [0, 120]},
						{"origin": [-26.3, 17.5, 0], "size": [1, 2.2, 1], "pivot": [-25.3, 17.5, 0], "rotation": [0, 0, -157.5], "uv": [0, 120]},
						{"origin": [-10, 10, 0], "size": [5.5, 0.9, 1], "uv": [0, 120]},
						{"origin": [-4.7, 9.45, 0], "size": [3.8, 0.9, 1], "pivot": [-1.5, 9.55, 0], "rotation": [0, 0, 10], "uv": [0, 120]},
						{"origin": [-3.5, 9.55, 0], "size": [2.7, 1.5, 1], "pivot": [-1.5, 9.75, 0], "rotation": [0, 0, 10], "uv": [0, 120]},
						{"origin": [-14.1, 10, 0], "size": [4.1, 1, 1], "pivot": [-10, 10, 0], "rotation": [0, 0, 22.5], "uv": [0, 120]},
						{"origin": [-18.5, 11.8, 0], "size": [4.8, 1, 1], "pivot": [-14, 11.8, 0], "rotation": [0, 0, 45], "uv": [0, 120]},
						{"origin": [-21.1, 14.8, 0], "size": [4.3, 1, 1], "pivot": [-17, 14.8, 0], "rotation": [0, 0, 22.5], "uv": [0, 120]},
						{"origin": [-24.9, 16.3, 0], "size": [4.6, 1, 1], "pivot": [-20.1, 16.3, 0], "rotation": [0, 0, -5], "uv": [0, 120]}
					]
				},
				{
					"name": "bone41",
					"parent": "bone40",
					"pivot": [0, 13.8, 0.5],
					"cubes": [
						{"origin": [-1, 13.7, -0.5], "size": [2, 7.1, 2], "inflate": -0.05, "uv": [0, 126]}
					]
				},
				{
					"name": "bone42",
					"parent": "bone41",
					"pivot": [0, 20.7, 0.5],
					"cubes": [
						{"origin": [-1, 20.5, -0.5], "size": [2, 7.2, 2], "inflate": -0.1, "uv": [0, 126]}
					]
				},
				{
					"name": "bone43",
					"parent": "bone42",
					"pivot": [0, 27.4, 0.5],
					"rotation": [17.5, 0, 0],
					"cubes": [
						{"origin": [-1, 27.2, -0.5], "size": [2, 3.2, 2], "inflate": -0.05, "uv": [0, 126]}
					]
				},
				{
					"name": "bone44",
					"parent": "bone43",
					"pivot": [0, 30.10463, 0.46993],
					"rotation": [25, 0, 0],
					"cubes": [
						{"origin": [-1, 29.90463, -0.53007], "size": [2, 3.2, 2], "uv": [0, 126]},
						{"origin": [-1, 31.56452, 1.23197], "size": [2, 1.5, 2], "pivot": [0, 30.10463, 0.46993], "rotation": [42.5, 0, 0], "uv": [0, 126]}
					]
				},
				{
					"name": "bone",
					"parent": "bone44",
					"pivot": [0, 33.66063, -0.59872],
					"rotation": [-45, 0, 0],
					"cubes": [
						{"origin": [-1.1, 33.76063, -0.89872], "size": [2.3, 3.5, 0.5], "uv": [100, 61]},
						{"origin": [-1.6, 37.16063, -0.89872], "size": [3.2, 0.7, 0.5], "uv": [100, 61]},
						{"origin": [-1.6, 33.66063, -0.39872], "size": [3.3, 4, 0.3], "inflate": 0.05, "uv": [100, 61]},
						{"origin": [-1.60308, 37.06371, -0.94853], "size": [3.3, 0.8, 0.5], "pivot": [0, 33.66063, -0.59872], "rotation": [-1.76833, 1.76749, -135.02728], "uv": [100, 61]},
						{"origin": [-1.6, 33.66063, -0.39872], "size": [3.3, 4, 0.3], "inflate": 0.05, "pivot": [0, 33.66063, -0.49872], "rotation": [0, 0, -135], "uv": [100, 61]},
						{"origin": [-1.6, 37.06063, -0.89872], "size": [3.3, 0.8, 0.5], "pivot": [0, 33.66063, -0.59872], "rotation": [0, 0, -45], "uv": [100, 61]},
						{"origin": [-1.6, 33.66063, -0.39872], "size": [3.3, 4, 0.3], "inflate": 0.05, "pivot": [0, 33.66063, -0.49872], "rotation": [0, 0, -45], "uv": [100, 61]},
						{"origin": [-1.6, 37.06499, -0.94853], "size": [3.3, 0.8, 0.5], "pivot": [0, 33.66063, -0.59872], "rotation": [-2.5, 0, -180], "uv": [100, 61]},
						{"origin": [-3.03127, 36.07204, -0.94853], "size": [1.3, 0.6, 0.5], "pivot": [0, 33.66063, -0.59872], "rotation": [-2.34941, 0.85481, -160.01753], "uv": [100, 61]},
						{"origin": [1.82524, 36.03784, -0.94853], "size": [1.3, 0.6, 0.5], "pivot": [0, 33.66063, -0.59872], "rotation": [-2.34941, -0.85481, 160.01753], "uv": [100, 61]},
						{"origin": [-1.6, 33.66063, -0.39872], "size": [3.3, 4, 0.3], "inflate": 0.05, "pivot": [0, 33.66063, -0.49872], "rotation": [0, 0, -180], "uv": [100, 61]},
						{"origin": [-1.6, 37.06063, -0.89872], "size": [3.3, 0.8, 0.5], "pivot": [0, 33.66063, -0.59872], "rotation": [0, 0, 90], "uv": [100, 61]},
						{"origin": [-1.6, 33.66063, -0.39872], "size": [3.3, 4, 0.3], "inflate": 0.05, "pivot": [0, 33.66063, -0.49872], "rotation": [0, 0, 90], "uv": [100, 61]},
						{"origin": [-1.6, 37.06063, -0.89872], "size": [3.3, 0.8, 0.5], "pivot": [0, 33.66063, -0.59872], "rotation": [0, 0, -90], "uv": [100, 61]},
						{"origin": [-1.6, 33.66063, -0.39872], "size": [3.3, 4, 0.3], "inflate": 0.05, "pivot": [0, 33.66063, -0.49872], "rotation": [0, 0, -90], "uv": [100, 61]},
						{"origin": [-1.59692, 37.06371, -0.94853], "size": [3.3, 0.8, 0.5], "pivot": [0, 33.66063, -0.59872], "rotation": [-1.76833, -1.76749, 135.02728], "uv": [100, 61]},
						{"origin": [-1.6, 33.66063, -0.39872], "size": [3.3, 4, 0.3], "inflate": 0.05, "pivot": [0, 33.66063, -0.49872], "rotation": [0, 0, 135], "uv": [100, 61]},
						{"origin": [-1.6, 37.06063, -0.89872], "size": [3.3, 0.8, 0.5], "pivot": [0, 33.66063, -0.59872], "rotation": [0, 0, 45], "uv": [100, 61]},
						{"origin": [-1.6, 33.66063, -0.39872], "size": [3.3, 4, 0.3], "inflate": 0.05, "pivot": [0, 33.66063, -0.49872], "rotation": [0, 0, 45], "uv": [100, 61]}
					]
				},
				{
					"name": "bone25",
					"parent": "bone",
					"pivot": [0, 33.76063, -0.69872],
					"rotation": [0, 0, 135]
				},
				{
					"name": "bone26",
					"parent": "bone25",
					"pivot": [0, 26.26063, -0.39872],
					"rotation": [7.5, 0, 0],
					"cubes": [
						{"origin": [-1.6, 21.26063, -1.39872], "size": [3.2, 5, 1], "uv": [120, 0]},
						{"origin": [1, 23.26063, -1.39872], "size": [2, 3, 1], "pivot": [2, 28.26063, -1.39872], "rotation": [0, 0, -7.5], "uv": [120, 0]},
						{"origin": [0.9, 21.56063, -1.39872], "size": [2.1, 3, 1], "pivot": [1.9, 23.16063, -1.39872], "rotation": [0, 0, 42.5], "uv": [120, 0]},
						{"origin": [-3, 23.26063, -1.39872], "size": [2, 3, 1], "pivot": [-2, 28.26063, -1.39872], "rotation": [0, 0, 7.5], "uv": [120, 0]},
						{"origin": [-3.2, 21.36063, -1.39872], "size": [2, 3, 1], "pivot": [-2.2, 23.36063, -1.39872], "rotation": [0, 0, -42.5], "uv": [120, 0]}
					]
				},
				{
					"name": "bone27",
					"parent": "bone25",
					"pivot": [0, 33.06063, -0.99872],
					"rotation": [-5, 0, 0],
					"cubes": [
						{"origin": [1.02483, 26.22942, -0.99872], "size": [2.1, 4, 1], "pivot": [3.1, 26.37852, -0.58909], "rotation": [0, 0, -12.5], "uv": [0, 0]},
						{"origin": [-1.1, 24.01063, -0.99872], "size": [2.2, 4.85, 1], "uv": [0, 0]},
						{"origin": [-0.3, 25.01063, -1.54872], "size": [0.6, 1.85, 1.55], "pivot": [0, 33.73895, -1.27716], "rotation": [2.5, 0, 0], "uv": [128, 0]},
						{"origin": [-0.41849, 28.86169, -0.60239], "size": [0.8, 1.05, 0.9], "pivot": [0, 33.76503, -0.97901], "rotation": [-5, 0, 0], "uv": [128, 0]},
						{"origin": [-0.71849, 26.86169, -0.70239], "size": [1.4, 2.05, 1], "pivot": [0, 33.76503, -0.97901], "rotation": [-5, 0, 0], "uv": [128, 0]},
						{"origin": [0.4, 24.36063, -0.99872], "size": [2.1, 3, 1], "pivot": [1.4, 25.96063, -0.99872], "rotation": [0, 0, 42.5], "uv": [0, 0]},
						{"origin": [-2.7, 24.16063, -0.99872], "size": [2, 3, 1], "pivot": [-1.7, 26.16063, -0.99872], "rotation": [0, 0, -42.5], "uv": [0, 0]},
						{"origin": [-3.12568, 26.24247, -0.99872], "size": [2.1, 4, 1], "pivot": [-3.2, 26.37852, -0.58909], "rotation": [0, 0, 12.5], "uv": [0, 0]}
					]
				},
				{
					"name": "bone22",
					"parent": "bone",
					"pivot": [0, 33.76063, -0.69872],
					"rotation": [2.5, 0, 90]
				},
				{
					"name": "bone23",
					"parent": "bone22",
					"pivot": [0, 26.26063, -0.39872],
					"rotation": [7.5, 0, 0],
					"cubes": [
						{"origin": [-1.6, 22.24544, -1.22507], "size": [3.2, 5, 1], "uv": [120, 0]},
						{"origin": [1.12854, 24.23701, -1.22507], "size": [2, 3, 1], "pivot": [2, 28.26063, -1.39872], "rotation": [0, 0, -7.5], "uv": [120, 0]},
						{"origin": [0.23467, 22.28671, -1.22507], "size": [2.1, 3, 1], "pivot": [1.9, 23.16063, -1.39872], "rotation": [0, 0, 42.5], "uv": [120, 0]},
						{"origin": [-3.12854, 24.23701, -1.22507], "size": [2, 3, 1], "pivot": [-2, 28.26063, -1.39872], "rotation": [0, 0, 7.5], "uv": [120, 0]},
						{"origin": [-2.53467, 22.08671, -1.22507], "size": [2, 3, 1], "pivot": [-2.2, 23.36063, -1.39872], "rotation": [0, 0, -42.5], "uv": [120, 0]}
					]
				},
				{
					"name": "bone24",
					"parent": "bone22",
					"pivot": [0, 33.06063, -0.99872],
					"rotation": [-5, 0, 0],
					"cubes": [
						{"origin": [1.02483, 26.22942, -0.99872], "size": [2.1, 4, 1], "pivot": [3.1, 26.37852, -0.58909], "rotation": [0, 0, -12.5], "uv": [0, 0]},
						{"origin": [-1.1, 24.01063, -0.99872], "size": [2.2, 4.85, 1], "uv": [0, 0]},
						{"origin": [-0.3, 25.01063, -1.54872], "size": [0.6, 1.85, 1.55], "pivot": [0, 33.76151, -1.27863], "rotation": [2.5, 0, 0], "uv": [128, 0]},
						{"origin": [-0.42615, 28.86696, -0.60393], "size": [0.8, 1.05, 0.9], "pivot": [0, 33.77456, -0.97963], "rotation": [-5, 0, 0], "uv": [128, 0]},
						{"origin": [-0.72615, 26.86696, -0.70393], "size": [1.4, 2.05, 1], "pivot": [0, 33.77456, -0.97963], "rotation": [-5, 0, 0], "uv": [128, 0]},
						{"origin": [0.4, 24.36063, -0.99872], "size": [2.1, 3, 1], "pivot": [1.4, 25.96063, -0.99872], "rotation": [0, 0, 42.5], "uv": [0, 0]},
						{"origin": [-2.7, 24.16063, -0.99872], "size": [2, 3, 1], "pivot": [-1.7, 26.16063, -0.99872], "rotation": [0, 0, -42.5], "uv": [0, 0]},
						{"origin": [-3.12568, 26.24247, -0.99872], "size": [2.1, 4, 1], "pivot": [-3.2, 26.37852, -0.58909], "rotation": [0, 0, 12.5], "uv": [0, 0]}
					]
				},
				{
					"name": "bone19",
					"parent": "bone",
					"pivot": [0, 33.76063, -0.69872],
					"rotation": [0, 0, 45]
				},
				{
					"name": "bone20",
					"parent": "bone19",
					"pivot": [0, 26.26063, -0.39872],
					"rotation": [7.5, 0, 0],
					"cubes": [
						{"origin": [-1.6, 21.26063, -1.39872], "size": [3.2, 5, 1], "uv": [120, 0]},
						{"origin": [1, 23.26063, -1.39872], "size": [2, 3, 1], "pivot": [2, 28.26063, -1.39872], "rotation": [0, 0, -7.5], "uv": [120, 0]},
						{"origin": [0.9, 21.56063, -1.39872], "size": [2.1, 3, 1], "pivot": [1.9, 23.16063, -1.39872], "rotation": [0, 0, 42.5], "uv": [120, 0]},
						{"origin": [-3, 23.26063, -1.39872], "size": [2, 3, 1], "pivot": [-2, 28.26063, -1.39872], "rotation": [0, 0, 7.5], "uv": [120, 0]},
						{"origin": [-3.2, 21.36063, -1.39872], "size": [2, 3, 1], "pivot": [-2.2, 23.36063, -1.39872], "rotation": [0, 0, -42.5], "uv": [120, 0]}
					]
				},
				{
					"name": "bone21",
					"parent": "bone19",
					"pivot": [0, 33.06063, -0.99872],
					"rotation": [-5, 0, 0],
					"cubes": [
						{"origin": [1.02483, 26.22942, -0.99872], "size": [2.1, 4, 1], "pivot": [3.1, 26.37852, -0.58909], "rotation": [0, 0, -12.5], "uv": [0, 0]},
						{"origin": [-1.1, 24.01063, -0.99872], "size": [2.2, 4.85, 1], "uv": [0, 0]},
						{"origin": [-0.3, 25.01063, -1.54872], "size": [0.6, 1.85, 1.55], "pivot": [0, 33.73895, -1.27716], "rotation": [2.5, 0, 0], "uv": [128, 0]},
						{"origin": [-0.41849, 28.89783, -0.61095], "size": [0.8, 1.05, 0.9], "pivot": [0, 33.76503, -0.97901], "rotation": [-5, 0, 0], "uv": [128, 0]},
						{"origin": [-0.71849, 26.89783, -0.71095], "size": [1.4, 2.05, 1], "pivot": [0, 33.76503, -0.97901], "rotation": [-5, 0, 0], "uv": [128, 0]},
						{"origin": [0.4, 24.36063, -0.99872], "size": [2.1, 3, 1], "pivot": [1.4, 25.96063, -0.99872], "rotation": [0, 0, 42.5], "uv": [0, 0]},
						{"origin": [-2.7, 24.16063, -0.99872], "size": [2, 3, 1], "pivot": [-1.7, 26.16063, -0.99872], "rotation": [0, 0, -42.5], "uv": [0, 0]},
						{"origin": [-3.12568, 26.24247, -0.99872], "size": [2.1, 4, 1], "pivot": [-3.2, 26.37852, -0.58909], "rotation": [0, 0, 12.5], "uv": [0, 0]}
					]
				},
				{
					"name": "bone16",
					"parent": "bone",
					"pivot": [0, 33.76063, -0.69872],
					"rotation": [2.5, 0, 0]
				},
				{
					"name": "bone17",
					"parent": "bone16",
					"pivot": [0, 27.25968, -0.44234],
					"rotation": [7.5, 0, 0],
					"cubes": [
						{"origin": [-1.6, 22.25968, -1.44234], "size": [3.2, 5, 1], "uv": [120, 0]},
						{"origin": [1, 24.25968, -1.44234], "size": [2, 3, 1], "pivot": [2, 29.25968, -1.44234], "rotation": [0, 0, -7.5], "uv": [120, 0]},
						{"origin": [0.9, 22.55968, -1.44234], "size": [2.1, 3, 1], "pivot": [1.9, 24.15968, -1.44234], "rotation": [0, 0, 42.5], "uv": [120, 0]},
						{"origin": [-3, 24.25968, -1.44234], "size": [2, 3, 1], "pivot": [-2, 29.25968, -1.44234], "rotation": [0, 0, 7.5], "uv": [120, 0]},
						{"origin": [-3.2, 22.35968, -1.44234], "size": [2, 3, 1], "pivot": [-2.2, 24.35968, -1.44234], "rotation": [0, 0, -42.5], "uv": [120, 0]}
					]
				},
				{
					"name": "bone18",
					"parent": "bone16",
					"pivot": [0, 33.06063, -0.99872],
					"rotation": [-5, 0, 0],
					"cubes": [
						{"origin": [1.02483, 26.22942, -0.99872], "size": [2.1, 4, 1], "pivot": [3.1, 26.37852, -0.58909], "rotation": [0, 0, -12.5], "uv": [0, 0]},
						{"origin": [-1.1, 24.01063, -0.99872], "size": [2.2, 4.85, 1], "uv": [0, 0]},
						{"origin": [-0.3, 25.01063, -1.54872], "size": [0.6, 1.85, 1.55], "pivot": [0, 33.76151, -1.27863], "rotation": [2.5, 0, 0], "uv": [128, 0]},
						{"origin": [-0.4, 28.89275, -0.60886], "size": [0.8, 1.05, 0.9], "pivot": [0, 33.77456, -0.97963], "rotation": [-5, 0, 0], "uv": [128, 0]},
						{"origin": [-0.7, 26.89275, -0.70886], "size": [1.4, 2.05, 1], "pivot": [0, 33.77456, -0.97963], "rotation": [-5, 0, 0], "uv": [128, 0]},
						{"origin": [0.4, 24.36063, -0.99872], "size": [2.1, 3, 1], "pivot": [1.4, 25.96063, -0.99872], "rotation": [0, 0, 42.5], "uv": [0, 0]},
						{"origin": [-2.7, 24.16063, -0.99872], "size": [2, 3, 1], "pivot": [-1.7, 26.16063, -0.99872], "rotation": [0, 0, -42.5], "uv": [0, 0]},
						{"origin": [-3.12568, 26.24247, -0.99872], "size": [2.1, 4, 1], "pivot": [-3.2, 26.37852, -0.58909], "rotation": [0, 0, 12.5], "uv": [0, 0]}
					]
				},
				{
					"name": "bone9",
					"parent": "bone",
					"pivot": [0, 33.76063, -0.69872],
					"rotation": [2.5, 0, -90]
				},
				{
					"name": "bone10",
					"parent": "bone9",
					"pivot": [0, 27.25968, -0.3551],
					"rotation": [7.5, 0, 0],
					"cubes": [
						{"origin": [-1.6, 22.25968, -1.3551], "size": [3.2, 5, 1], "uv": [120, 0]},
						{"origin": [1, 24.25968, -1.3551], "size": [2, 3, 1], "pivot": [2, 29.25968, -1.3551], "rotation": [0, 0, -7.5], "uv": [120, 0]},
						{"origin": [0.9, 22.55968, -1.3551], "size": [2.1, 3, 1], "pivot": [1.9, 24.15968, -1.3551], "rotation": [0, 0, 42.5], "uv": [120, 0]},
						{"origin": [-3, 24.25968, -1.3551], "size": [2, 3, 1], "pivot": [-2, 29.25968, -1.3551], "rotation": [0, 0, 7.5], "uv": [120, 0]},
						{"origin": [-3.2, 22.35968, -1.3551], "size": [2, 3, 1], "pivot": [-2.2, 24.35968, -1.3551], "rotation": [0, 0, -42.5], "uv": [120, 0]}
					]
				},
				{
					"name": "bone12",
					"parent": "bone9",
					"pivot": [0, 33.06063, -0.99872],
					"rotation": [-5, 0, 0],
					"cubes": [
						{"origin": [1.02483, 26.22942, -0.99872], "size": [2.1, 4, 1], "pivot": [3.1, 26.37852, -0.58909], "rotation": [0, 0, -12.5], "uv": [0, 0]},
						{"origin": [-1.1, 24.01063, -0.99872], "size": [2.2, 4.85, 1], "uv": [0, 0]},
						{"origin": [-0.3, 25.01063, -1.54872], "size": [0.6, 1.85, 1.55], "pivot": [0, 33.76151, -1.27863], "rotation": [2.5, 0, 0], "uv": [128, 0]},
						{"origin": [-0.37385, 28.86696, -0.60393], "size": [0.8, 1.05, 0.9], "pivot": [0, 33.77456, -0.97963], "rotation": [-5, 0, 0], "uv": [128, 0]},
						{"origin": [-0.67385, 26.86696, -0.70393], "size": [1.4, 2.05, 1], "pivot": [0, 33.77456, -0.97963], "rotation": [-5, 0, 0], "uv": [128, 0]},
						{"origin": [0.4, 24.36063, -0.99872], "size": [2.1, 3, 1], "pivot": [1.4, 25.96063, -0.99872], "rotation": [0, 0, 42.5], "uv": [0, 0]},
						{"origin": [-2.7, 24.16063, -0.99872], "size": [2, 3, 1], "pivot": [-1.7, 26.16063, -0.99872], "rotation": [0, 0, -42.5], "uv": [0, 0]},
						{"origin": [-3.12568, 26.24247, -0.99872], "size": [2.1, 4, 1], "pivot": [-3.2, 26.37852, -0.58909], "rotation": [0, 0, 12.5], "uv": [0, 0]}
					]
				},
				{
					"name": "bone13",
					"parent": "bone",
					"pivot": [0, 33.76063, -0.69872],
					"rotation": [0, 0, -45]
				},
				{
					"name": "bone14",
					"parent": "bone13",
					"pivot": [0, 26.26063, -0.39872],
					"rotation": [7.5, 0, 0],
					"cubes": [
						{"origin": [-1.6, 21.26063, -1.39872], "size": [3.2, 5, 1], "uv": [120, 0]},
						{"origin": [1, 23.26063, -1.39872], "size": [2, 3, 1], "pivot": [2, 28.26063, -1.39872], "rotation": [0, 0, -7.5], "uv": [120, 0]},
						{"origin": [0.9, 21.56063, -1.39872], "size": [2.1, 3, 1], "pivot": [1.9, 23.16063, -1.39872], "rotation": [0, 0, 42.5], "uv": [120, 0]},
						{"origin": [-3, 23.26063, -1.39872], "size": [2, 3, 1], "pivot": [-2, 28.26063, -1.39872], "rotation": [0, 0, 7.5], "uv": [120, 0]},
						{"origin": [-3.2, 21.36063, -1.39872], "size": [2, 3, 1], "pivot": [-2.2, 23.36063, -1.39872], "rotation": [0, 0, -42.5], "uv": [120, 0]}
					]
				},
				{
					"name": "bone15",
					"parent": "bone13",
					"pivot": [0, 33.06063, -0.99872],
					"rotation": [-5, 0, 0],
					"cubes": [
						{"origin": [1.02483, 26.22942, -0.99872], "size": [2.1, 4, 1], "pivot": [3.1, 26.37852, -0.58909], "rotation": [0, 0, -12.5], "uv": [0, 0]},
						{"origin": [-1.1, 24.01063, -0.99872], "size": [2.2, 4.85, 1], "uv": [0, 0]},
						{"origin": [-0.3, 25.01063, -1.54872], "size": [0.6, 1.85, 1.55], "pivot": [0, 33.73895, -1.27716], "rotation": [2.5, 0, 0], "uv": [128, 0]},
						{"origin": [-0.38151, 28.89783, -0.61095], "size": [0.8, 1.05, 0.9], "pivot": [0, 33.76503, -0.97901], "rotation": [-5, 0, 0], "uv": [128, 0]},
						{"origin": [-0.68151, 26.89783, -0.71095], "size": [1.4, 2.05, 1], "pivot": [0, 33.76503, -0.97901], "rotation": [-5, 0, 0], "uv": [128, 0]},
						{"origin": [0.4, 24.36063, -0.99872], "size": [2.1, 3, 1], "pivot": [1.4, 25.96063, -0.99872], "rotation": [0, 0, 42.5], "uv": [0, 0]},
						{"origin": [-2.7, 24.16063, -0.99872], "size": [2, 3, 1], "pivot": [-1.7, 26.16063, -0.99872], "rotation": [0, 0, -42.5], "uv": [0, 0]},
						{"origin": [-3.12568, 26.24247, -0.99872], "size": [2.1, 4, 1], "pivot": [-3.2, 26.37852, -0.58909], "rotation": [0, 0, 12.5], "uv": [0, 0]}
					]
				},
				{
					"name": "bone6",
					"parent": "bone",
					"pivot": [0, 33.76063, -0.69872],
					"rotation": [0, 0, -135]
				},
				{
					"name": "bone7",
					"parent": "bone6",
					"pivot": [0, 26.26063, -0.39872],
					"rotation": [7.5, 0, 0],
					"cubes": [
						{"origin": [-1.6, 21.26063, -1.39872], "size": [3.2, 5, 1], "uv": [120, 0]},
						{"origin": [1, 23.26063, -1.39872], "size": [2, 3, 1], "pivot": [2, 28.26063, -1.39872], "rotation": [0, 0, -7.5], "uv": [120, 0]},
						{"origin": [0.9, 21.56063, -1.39872], "size": [2.1, 3, 1], "pivot": [1.9, 23.16063, -1.39872], "rotation": [0, 0, 42.5], "uv": [120, 0]},
						{"origin": [-3, 23.26063, -1.39872], "size": [2, 3, 1], "pivot": [-2, 28.26063, -1.39872], "rotation": [0, 0, 7.5], "uv": [120, 0]},
						{"origin": [-3.2, 21.36063, -1.39872], "size": [2, 3, 1], "pivot": [-2.2, 23.36063, -1.39872], "rotation": [0, 0, -42.5], "uv": [120, 0]}
					]
				},
				{
					"name": "bone8",
					"parent": "bone6",
					"pivot": [0, 33.06063, -0.99872],
					"rotation": [-5, 0, 0],
					"cubes": [
						{"origin": [1.02483, 26.22942, -0.99872], "size": [2.1, 4, 1], "pivot": [3.1, 26.37852, -0.58909], "rotation": [0, 0, -12.5], "uv": [0, 0]},
						{"origin": [-1.1, 24.01063, -0.99872], "size": [2.2, 4.85, 1], "uv": [0, 0]},
						{"origin": [-0.3, 25.01063, -1.54872], "size": [0.6, 1.85, 1.55], "pivot": [0, 33.73895, -1.27716], "rotation": [2.5, 0, 0], "uv": [128, 0]},
						{"origin": [-0.38151, 28.86169, -0.60239], "size": [0.8, 1.05, 0.9], "pivot": [0, 33.76503, -0.97901], "rotation": [-5, 0, 0], "uv": [128, 0]},
						{"origin": [-0.68151, 26.86169, -0.70239], "size": [1.4, 2.05, 1], "pivot": [0, 33.76503, -0.97901], "rotation": [-5, 0, 0], "uv": [128, 0]},
						{"origin": [0.4, 24.36063, -0.99872], "size": [2.1, 3, 1], "pivot": [1.4, 25.96063, -0.99872], "rotation": [0, 0, 42.5], "uv": [0, 0]},
						{"origin": [-2.7, 24.16063, -0.99872], "size": [2, 3, 1], "pivot": [-1.7, 26.16063, -0.99872], "rotation": [0, 0, -42.5], "uv": [0, 0]},
						{"origin": [-3.12568, 26.24247, -0.99872], "size": [2.1, 4, 1], "pivot": [-3.2, 26.37852, -0.58909], "rotation": [0, 0, 12.5], "uv": [0, 0]}
					]
				},
				{
					"name": "bone3",
					"parent": "bone",
					"pivot": [0, 33.76063, -0.69872],
					"rotation": [2.5, 0, -180]
				},
				{
					"name": "bone4",
					"parent": "bone3",
					"pivot": [0, 27.25208, -0.26819],
					"rotation": [7.5, 0, 0],
					"cubes": [
						{"origin": [-1.6, 22.25208, -1.26819], "size": [3.2, 5, 1], "uv": [120, 0]},
						{"origin": [1, 24.25208, -1.26819], "size": [2, 3, 1], "pivot": [2, 29.25208, -1.26819], "rotation": [0, 0, -7.5], "uv": [120, 0]},
						{"origin": [0.9, 22.55208, -1.26819], "size": [2.1, 3, 1], "pivot": [1.9, 24.15208, -1.26819], "rotation": [0, 0, 42.5], "uv": [120, 0]},
						{"origin": [-3, 24.25208, -1.26819], "size": [2, 3, 1], "pivot": [-2, 29.25208, -1.26819], "rotation": [0, 0, 7.5], "uv": [120, 0]},
						{"origin": [-3.2, 22.35208, -1.26819], "size": [2, 3, 1], "pivot": [-2.2, 24.35208, -1.26819], "rotation": [0, 0, -42.5], "uv": [120, 0]}
					]
				},
				{
					"name": "bone5",
					"parent": "bone3",
					"pivot": [0, 33.06063, -0.99872],
					"rotation": [-5, 0, 0],
					"cubes": [
						{"origin": [1.02483, 26.22942, -0.99872], "size": [2.1, 4, 1], "pivot": [3.1, 26.37852, -0.58909], "rotation": [0, 0, -12.5], "uv": [0, 0]},
						{"origin": [-1.1, 24.01063, -0.99872], "size": [2.2, 4.85, 1], "uv": [0, 0]},
						{"origin": [-0.3, 25.01063, -1.54872], "size": [0.6, 1.85, 1.55], "pivot": [0, 33.76151, -1.27863], "rotation": [2.5, 0, 0], "uv": [128, 0]},
						{"origin": [-0.4, 28.84117, -0.599], "size": [0.8, 1.05, 0.9], "pivot": [0, 33.77456, -0.97963], "rotation": [-5, 0, 0], "uv": [128, 0]},
						{"origin": [-0.7, 26.84117, -0.699], "size": [1.4, 2.05, 1], "pivot": [0, 33.77456, -0.97963], "rotation": [-5, 0, 0], "uv": [128, 0]},
						{"origin": [0.4, 24.36063, -0.99872], "size": [2.1, 3, 1], "pivot": [1.4, 25.96063, -0.99872], "rotation": [0, 0, 42.5], "uv": [0, 0]},
						{"origin": [-2.7, 24.16063, -0.99872], "size": [2, 3, 1], "pivot": [-1.7, 26.16063, -0.99872], "rotation": [0, 0, -42.5], "uv": [0, 0]},
						{"origin": [-3.12568, 26.24247, -0.99872], "size": [2.1, 4, 1], "pivot": [-3.2, 26.37852, -0.58909], "rotation": [0, 0, 12.5], "uv": [0, 0]}
					]
				},
				{
					"name": "bone31",
					"parent": "bone",
					"pivot": [0, 33.66063, -0.59872],
					"cubes": [
						{"origin": [-1.1, 31.76063, -0.89872], "size": [2.3, 2.4, 0.5], "uv": [100, 61]}
					]
				},
				{
					"name": "bone38",
					"parent": "bone",
					"pivot": [0.05, 32.36063, -0.64872],
					"cubes": [
						{"origin": [-2.3, 32.06063, -0.89872], "size": [4.7, 0.6, 0.5], "uv": [100, 61]}
					]
				},
				{
					"name": "bone29",
					"parent": "bone",
					"pivot": [0.66439, 35.86091, -0.57092],
					"rotation": [0, 0, -12.5],
					"cubes": [
						{"origin": [-1.32121, 35.46609, -0.78066], "size": [4.3, 0.8, 0.5], "pivot": [0, 32.65572, -0.61118], "rotation": [0, 0, 20], "uv": [100, 61]},
						{"origin": [-1.32121, 35.36609, -0.88066], "size": [4.3, 0.4, 0.6], "pivot": [0, 32.65572, -0.61118], "rotation": [0, 0, 20], "uv": [100, 61]},
						{"origin": [-0.4, 35.05572, -0.81118], "size": [1.8, 1.6, 0.4], "uv": [100, 61]},
						{"origin": [0.6, 34.95572, -0.91118], "size": [0.8, 0.6, 0.5], "uv": [100, 61]}
					]
				},
				{
					"name": "bone32",
					"parent": "bone",
					"pivot": [0.66439, 36.8571, -0.65808],
					"rotation": [0, 0, 5],
					"cubes": [
						{"origin": [-1.32121, 36.46228, -0.76781], "size": [4.3, 1.1, 0.4], "pivot": [0, 33.65192, -0.69834], "rotation": [0, 0, 20], "uv": [100, 61]},
						{"origin": [-0.4, 36.05192, -0.79834], "size": [1.8, 1.9, 0.3], "uv": [100, 61]}
					]
				},
				{
					"name": "bone36",
					"parent": "bone",
					"pivot": [-1.6, 33.61063, -0.39872],
					"cubes": [
						{"origin": [-1.8, 33.06063, -0.59872], "size": [0.4, 1.1, 0.4], "uv": [128, 54]}
					]
				},
				{
					"name": "bone34",
					"parent": "bone",
					"pivot": [1.6, 33.61063, -0.39872],
					"cubes": [
						{"origin": [1.4, 33.06063, -0.59872], "size": [0.4, 1.1, 0.4], "uv": [128, 54]}
					]
				},
				{
					"name": "bone11",
					"parent": "bone",
					"pivot": [0, 33.66063, -0.59872],
					"rotation": [2.5, 0, 0],
					"cubes": [
						{"origin": [-2.98475, 35.68859, -0.90673], "size": [3.3, 0.6, 0.45], "pivot": [0, 33.66063, -0.59872], "rotation": [2.16541, 1.2497, 150.02362], "uv": [100, 61]},
						{"origin": [0.21525, 35.58859, -0.90673], "size": [0.7, 0.7, 0.45], "pivot": [0, 33.66063, -0.59872], "rotation": [2.16541, 1.2497, 137.52362], "uv": [100, 61]},
						{"origin": [-0.21525, 35.68859, -0.90673], "size": [3.3, 0.6, 0.45], "pivot": [0, 33.66063, -0.59872], "rotation": [2.16541, -1.2497, -150.02362], "uv": [100, 61]},
						{"origin": [-0.91525, 35.58859, -0.90673], "size": [0.7, 0.7, 0.45], "pivot": [0, 33.66063, -0.59872], "rotation": [2.16541, -1.2497, -135.02362], "uv": [100, 61]}
					]
				},
				{
					"name": "bone37",
					"parent": "bone11",
					"pivot": [0, 33.66063, -0.59872],
					"cubes": [
						{"origin": [-1.6, 35.11247, -0.90673], "size": [3.3, 0.6, 0.45], "pivot": [0, 33.66063, -0.59872], "rotation": [2.5, 0, -180], "uv": [100, 61]}
					]
				},
				{
					"name": "bone30",
					"parent": "bone",
					"pivot": [-0.61439, 36.8571, -0.65808],
					"rotation": [0, 0, -5],
					"cubes": [
						{"origin": [-1.4, 36.05192, -0.79834], "size": [1.8, 1.9, 0.3], "uv": [100, 61]},
						{"origin": [-2.87879, 36.46228, -0.76781], "size": [4.3, 1.1, 0.4], "pivot": [0, 33.65192, -0.69834], "rotation": [0, 0, -20], "uv": [100, 61]}
					]
				},
				{
					"name": "bone33",
					"parent": "bone",
					"pivot": [-0.61439, 35.86091, -0.57092],
					"rotation": [0, 0, 12.5],
					"cubes": [
						{"origin": [-1.4, 35.05572, -0.81118], "size": [1.8, 1.6, 0.4], "uv": [100, 61]},
						{"origin": [-1.4, 34.95572, -0.91118], "size": [0.8, 0.6, 0.5], "uv": [100, 61]},
						{"origin": [-2.87879, 35.46609, -0.78066], "size": [4.3, 0.8, 0.5], "pivot": [0, 32.65572, -0.61118], "rotation": [0, 0, -20], "uv": [100, 61]},
						{"origin": [-2.87879, 35.36609, -0.88066], "size": [4.3, 0.4, 0.6], "pivot": [0, 32.65572, -0.61118], "rotation": [0, 0, -20], "uv": [100, 61]}
					]
				},
				{
					"name": "bone2",
					"parent": "bone",
					"pivot": [0, 33.66063, -0.59872],
					"cubes": [
						{"origin": [-1.6, 33.66063, -0.49872], "size": [3.3, 4, 0.3], "uv": [122, 124]},
						{"origin": [-1.6, 33.66063, -0.49872], "size": [3.3, 4, 0.3], "pivot": [0, 33.66063, -0.59872], "rotation": [0, 0, 45], "uv": [122, 124]},
						{"origin": [-1.6, 33.66063, -0.49872], "size": [3.3, 4, 0.3], "pivot": [0, 33.66063, -0.59872], "rotation": [0, 0, 90], "uv": [122, 124]},
						{"origin": [-1.6, 33.66063, -0.49872], "size": [3.3, 4, 0.3], "pivot": [0, 33.66063, -0.59872], "rotation": [0, 0, 135], "uv": [122, 124]},
						{"origin": [-1.6, 33.66063, -0.49872], "size": [3.3, 4, 0.3], "pivot": [0, 33.66063, -0.59872], "rotation": [0, 0, -180], "uv": [122, 124]},
						{"origin": [-1.6, 33.66063, -0.49872], "size": [3.3, 4, 0.3], "pivot": [0, 33.66063, -0.59872], "rotation": [0, 0, -135], "uv": [122, 124]},
						{"origin": [-1.6, 33.66063, -0.49872], "size": [3.3, 4, 0.3], "pivot": [0, 33.66063, -0.59872], "rotation": [0, 0, -45], "uv": [122, 124]}
					]
				},
				{
					"name": "bone35",
					"parent": "bone2",
					"pivot": [0.05, 35.66063, -0.34872],
					"cubes": [
						{"origin": [-1.6, 33.66063, -0.49872], "size": [3.3, 4, 0.3], "pivot": [0, 33.66063, -0.59872], "rotation": [0, 0, -90], "uv": [122, 124]}
					]
				}
			]
		}
	]
}