{
	"format_version": "1.12.0",
	"minecraft:geometry": [
		{
			"description": {
				"identifier": "geometry.flowey_eyes",
				"texture_width": 10,
				"texture_height": 10,
				"visible_bounds_width": 5,
				"visible_bounds_height": 3,
				"visible_bounds_offset": [0, 1.5, 0]
			},
			"bones": [
				{
					"name": "eyes",
					"pivot": [0, 40, 0],
					"cubes": [
						{
							"name": "eyes",
							"origin": [15, 46, 1],
							"size": [10, 10, 0],
							"uv": [0, 1]
						},
						{
							"name": "eyes",
							"origin": [-30, 46, 1],
							"size": [10, 10, 0],
							"uv": [0, 0]
						}
					]
				},
				{
					"name": "a2",
					"pivot": [0, 50, 0],
					"rotation": [-55, 0, 0],
					"cubes": [
						{
							"name": "a2",
							"origin": [4, 32.16315, -0.5],
							"size": [10, 11, 0],
							"uv": [0, 0]
						},
						{
							"name": "a2",
							"origin": [-15, 32.16315, -0.5],
							"size": [10, 11, 0],
							"uv": [0, 0]
						}
					]
				}
			]
		}
	]
}