{
	"format_version": "1.12.0",
	"minecraft:geometry": [
		{
			"description": {
				"identifier": "geometry.flowey_a",
				"texture_width": 1024,
				"texture_height": 1024,
				"visible_bounds_width": 5,
				"visible_bounds_height": 2,
				"visible_bounds_offset": [0, 1, 0]
			},
			"bones": [
				{
					"name": "a",
					"pivot": [0, 50, 0],
					"rotation": [-55, 0, 0],
					"cubes": [
						{
							"name": "a",
							"origin": [-7, 30.58957, -1.18351],
							"size": [13, 16, 11],
							"uv": [390, 700]
						},
						{
							"name": "a",
							"origin": [-5, 17.58957, -1.18351],
							"size": [2, 13, 6],
							"uv": [0, -3]
						},
						{
							"name": "a",
							"origin": [-3, 19.58957, -0.18351],
							"size": [1, 11, 4],
							"uv": [100, 0]
						},
						{
							"name": "a",
							"origin": [1, 19.58957, -0.18351],
							"size": [1, 11, 4],
							"uv": [100, 0]
						},
						{
							"name": "a",
							"origin": [6, 32.58957, -0.18351],
							"size": [5, 10, 5],
							"uv": [-4, 1]
						},
						{
							"name": "a",
							"origin": [-12, 32.58957, -0.18351],
							"size": [5, 10, 5],
							"uv": [-4, 1]
						},
						{
							"name": "a",
							"origin": [2, 17.58957, -1.18351],
							"size": [2, 13, 6],
							"uv": [0, -3]
						}
					]
				}
			]
		}
	]
}