{
	"format_version": "1.10.0",
	"geometry.flowey_gun": {
		"texturewidth": 128,
		"textureheight": 128,
		"visible_bounds_width": 2,
		"visible_bounds_height": 1,
		"visible_bounds_offset": [0, 0.5, 0],
		"bones": [
			{
				"name": "bone",
				"pivot": [0, 0, 0],
				"cubes": [
					{"origin": [-3, -3, 4], "size": [6, 6, 3], "uv": [0, 0]},
					{"origin": [-4, 3, -17], "size": [8, 1, 1], "uv": [0, 0]},
					{"origin": [-4, -4, -17], "size": [8, 1, 1], "uv": [0, 0]},
					{"origin": [-4, -3, -17], "size": [1, 6, 1], "uv": [0, 0]},
					{"origin": [3, -3, -17], "size": [1, 6, 1], "uv": [0, 0]},
					{"origin": [-3, -3, -16], "size": [6, 6, 12], "uv": [0, 110]},
					{"origin": [-3, -3, -3], "size": [6, 6, 6], "uv": [0, 0], "inflate": 1},
					{"origin": [-2, -2, 7], "size": [4, 4, 2], "uv": [0, 0]},
					{"origin": [4, -2, -2], "size": [4, 2, 3], "uv": [114, 0]}
				]
			}
		]
	}
}