{
	"format_version": "1.12.0",
	"minecraft:geometry": [
		{
			"description": {
				"identifier": "geometry.f_souls",
				"texture_width": 16,
				"texture_height": 16,
				"visible_bounds_width": 1,
				"visible_bounds_height": 2,
				"visible_bounds_offset": [0, 1, 0]
			},
			"bones": [
				{
					"name": "soul1",
					"pivot": [0, 15, 0],
					"cubes": [
						{
							"origin": [-7, 3, 0],
							"size": [1, 3, 1],
							"uv": [0, 0]
						},
						{
							"origin": [-8, 4, 0],
							"size": [1, 3, 1],
							"uv": [0, 0]
						},
						{
							"origin": [-6, 4, 0],
							"size": [1, 3, 1],
							"uv": [0, 0]
						},
						{
							"origin": [-5, 5, 0],
							"size": [1, 2, 1],
							"uv": [0, 0]
						},
						{
							"origin": [-9, 5, 0],
							"size": [1, 2, 1],
							"uv": [0, 0]
						}
					]
				},
				{
					"name": "soul2",
					"pivot": [0, 15, 0],
					"cubes": [
						{
							"origin": [6, 3, 0],
							"size": [1, 3, 1],
							"uv": [0, 12]
						},
						{
							"origin": [5, 4, 0],
							"size": [1, 3, 1],
							"uv": [0, 12]
						},
						{
							"origin": [7, 4, 0],
							"size": [1, 3, 1],
							"uv": [0, 12]
						},
						{
							"origin": [8, 5, 0],
							"size": [1, 2, 1],
							"uv": [0, 12]
						},
						{
							"origin": [4, 5, 0],
							"size": [1, 2, 1],
							"uv": [0, 12]
						}
					]
				},
				{
					"name": "soul3",
					"pivot": [0, 15, 0],
					"cubes": [
						{
							"origin": [-7, 26, 0],
							"size": [1, 3, 1],
							"uv": [12, 0]
						},
						{
							"origin": [-8, 27, 0],
							"size": [1, 3, 1],
							"uv": [12, 0]
						},
						{
							"origin": [-6, 27, 0],
							"size": [1, 3, 1],
							"uv": [12, 0]
						},
						{
							"origin": [-5, 28, 0],
							"size": [1, 2, 1],
							"uv": [12, 0]
						},
						{
							"origin": [-9, 28, 0],
							"size": [1, 2, 1],
							"uv": [12, 0]
						}
					]
				},
				{
					"name": "soul4",
					"pivot": [0, 15, 0],
					"cubes": [
						{
							"origin": [6, 26, 0],
							"size": [1, 3, 1],
							"uv": [12, 12]
						},
						{
							"origin": [5, 27, 0],
							"size": [1, 3, 1],
							"uv": [12, 12]
						},
						{
							"origin": [7, 27, 0],
							"size": [1, 3, 1],
							"uv": [12, 12]
						},
						{
							"origin": [8, 28, 0],
							"size": [1, 2, 1],
							"uv": [12, 12]
						},
						{
							"origin": [4, 28, 0],
							"size": [1, 2, 1],
							"uv": [12, 12]
						}
					]
				},
				{
					"name": "soul5",
					"pivot": [0, 15, 0],
					"cubes": [
						{
							"origin": [16, 14, 0],
							"size": [1, 3, 1],
							"uv": [12, 5]
						},
						{
							"origin": [15, 15, 0],
							"size": [1, 3, 1],
							"uv": [12, 5]
						},
						{
							"origin": [17, 15, 0],
							"size": [1, 3, 1],
							"uv": [12, 5]
						},
						{
							"origin": [18, 16, 0],
							"size": [1, 2, 1],
							"uv": [12, 5]
						},
						{
							"origin": [14, 16, 0],
							"size": [1, 2, 1],
							"uv": [12, 5]
						}
					]
				},
				{
					"name": "soul6",
					"pivot": [0, 15, 0],
					"cubes": [
						{
							"origin": [-16, 14, 0],
							"size": [1, 3, 1],
							"uv": [0, 6]
						},
						{
							"origin": [-17, 15, 0],
							"size": [1, 3, 1],
							"uv": [0, 6]
						},
						{
							"origin": [-15, 15, 0],
							"size": [1, 3, 1],
							"uv": [0, 6]
						},
						{
							"origin": [-14, 16, 0],
							"size": [1, 2, 1],
							"uv": [0, 6]
						},
						{
							"origin": [-18, 16, 0],
							"size": [1, 2, 1],
							"uv": [0, 6]
						}
					]
				}
			]
		}
	]
}