{
	"format_version": "1.12.0",
	"minecraft:geometry": [
		{
			"description": {
				"identifier": "geometry.f_yykl",
				"texture_width": 16,
				"texture_height": 16,
				"visible_bounds_width": 1,
				"visible_bounds_height": 1,
				"visible_bounds_offset": [0, 0.5, 0]
			},
			"bones": [
				{
					"name": "bone",
					"pivot": [0, 0, 0],
					"cubes": [
						{
							"origin": [-4, 0, -1],
							"size": [8, 2, 2],
							"uv": [0, 0]
						},
						{
							"origin": [-1, 0, -4],
							"size": [2, 2, 8],
							"uv": [0, 0]
						}
					]
				}
			]
		}
	]
}