{
  "format_version": "1.20.20",
  "minecraft:item": {
    "description": {
      "identifier": "pg:portal_gun_levitation_beta",
       "category" : "Equipment"
    },

    "components": {
		"minecraft:use_duration": 999,
		"minecraft:display_name":{
			"value": "Orange Gravity Gun"
		},
		"minecraft:cooldown": {
		"category": "ender_pearl", // May be a custom string, as to disable the large, white cooldown bar on multiple cooldown items
		"duration": 1
		},
		"minecraft:icon":{
			"texture": "gg_orange",
				"frame": 0
		},
		"minecraft:on_use": {
		"on_use": {
          "event": "gravity:shoot",
          "target": "self"
		}
		}
    },
	"events":{
		"gravity:shoot": {
		"sequence":[
		{
		"condition": "query.target_x_rotation>=85",
		"run_command":{
				"command": ["replaceitem entity @s slot.weapon.mainhand 0 pg:portal_gun_orange_beta 1 0","playsound gun.activate @s ~ ~ ~"]
		}
		}
		]
		}		
	}
  }
}