{
	"format_version": "1.8.0",
	"animations": {
		"animation.bayleef.quiet": {
			"loop": true,
			"animation_length": 1.6,
			"bones": {
				"head": {
					"position": {
						"0.0": {
							"post": [0, 1, 1],
							"lerp_mode": "catmullrom"
						},
						"0.8": {
							"post": [0, 0, 0],
							"lerp_mode": "catmullrom"
						},
						"1.6": {
							"post": [0, 1, 1],
							"lerp_mode": "catmullrom"
						}
					}
				},
				"body": {
					"rotation": {
						"0.0": {
							"post": [-5, 0, 0],
							"lerp_mode": "catmullrom"
						},
						"0.8": {
							"post": [0, 0, 0],
							"lerp_mode": "catmullrom"
						},
						"1.6": {
							"post": [-5, 0, 0],
							"lerp_mode": "catmullrom"
						}
					}
				},
				"tail": {
					"rotation": {
						"0.0": {
							"post": [0, 35, 0],
							"lerp_mode": "catmullrom"
						},
						"0.8": {
							"post": [0, 15, 0],
							"lerp_mode": "catmullrom"
						},
						"1.6": {
							"post": [0, 35, 0],
							"lerp_mode": "catmullrom"
						}
					},
					"position": {
						"0.0": {
							"post": [0, 0, -1],
							"lerp_mode": "catmullrom"
						}
					}
				}
			}
		},
		"animation.bayleef.walk": {
			"loop": true,
			"animation_length": 0.6,
			"bones": {
				"body_root": {
					"rotation": {
						"0.0": {
							"post": [-10, 0, 0],
							"lerp_mode": "catmullrom"
						},
						"0.2": {
							"post": [0, 0, 0],
							"lerp_mode": "catmullrom"
						},
						"0.6": {
							"post": [-10, 0, 0],
							"lerp_mode": "catmullrom"
						}
					}
				},
				"head": {
					"position": {
						"0.0": {
							"post": [0, 0, 0],
							"lerp_mode": "catmullrom"
						},
						"0.2": {
							"post": [0, -1, -1],
							"lerp_mode": "catmullrom"
						},
						"0.6": {
							"post": [0, 0, 0],
							"lerp_mode": "catmullrom"
						}
					}
				},
				"tail": {
					"rotation": {
						"0.0": {
							"post": [30, 0, 0],
							"lerp_mode": "catmullrom"
						},
						"0.3": {
							"post": [-25, 0, 0],
							"lerp_mode": "catmullrom"
						},
						"0.6": {
							"post": [30, 0, 0],
							"lerp_mode": "catmullrom"
						}
					}
				},
				"front_legs": {
					"rotation": {
						"0.0": {
							"post": [-70, 0, 0],
							"lerp_mode": "catmullrom"
						},
						"0.2": {
							"post": [30, 0, 0],
							"lerp_mode": "catmullrom"
						},
						"0.6": {
							"post": [-70, 0, 0],
							"lerp_mode": "catmullrom"
						}
					}
				},
				"back_legs": {
					"rotation": {
						"0.0": {
							"post": [45, 0, 0],
							"lerp_mode": "catmullrom"
						},
						"0.4": {
							"post": [-32.5, 0, 0],
							"lerp_mode": "catmullrom"
						},
						"0.6": {
							"post": [45, 0, 0],
							"lerp_mode": "catmullrom"
						}
					}
				}
			}
		},
		"animation.bayleef.jump": {
			"loop": true,
			"bones": {
				"body_root": {
					"rotation": [-10, 0, 0]
				},
				"front_legs": {
					"rotation": [-65, 0, 0]
				},
				"back_legs": {
					"rotation": [50, 0, 0]
				}
			}
		},
		"animation.bayleef.attack": {
			"loop": true,
			"bones": {
				"body_root": {
					"rotation": [-25, 0, 0]
				},
				"tail": {
					"rotation": [-35, 0, 0],
					"position": [0, 0, -1]
				},
				"front_legs": {
					"rotation": [-60, 0, 15]
				}
			}
		},
		"animation.bayleef.swimming": {
			"loop": true,
			"animation_length": 0.8,
			"bones": {
				"bayleef": {
					"position": {
						"0.0": [0, -4, 0],
						"0.4": [0, -3, 0],
						"0.8": [0, -4, 0]
					}
				},
				"head": {
					"position": [0, 3, 4]
				},
				"body": {
					"rotation": [-30, 0, 0]
				},
				"tail": {
					"rotation": {
						"0.0": [0, 20, 0],
						"0.2": [0, -20, 0],
						"0.4": [0, 20, 0],
						"0.6": [0, -20, 0],
						"0.8": [0, 20, 0]
					}
				},
				"front_legs": {
					"rotation": {
						"0.0": [-90, 0, 0],
						"0.2": [-55, 0, 0],
						"0.8": [-90, 0, 0]
					},
					"position": [0, 4, 2]
				},
				"back_legs": {
					"rotation": {
						"0.0": [-45, 0, 0],
						"0.6": [0, 0, 0],
						"0.8": [-45, 0, 0]
					}
				}
			}
		},
		"animation.bayleef.sitting": {
			"loop": true,
			"bones": {
				"bayleef": {
					"position": [0, -5, 0]
				},
				"tail": {
					"rotation": [50, 0, -92.5],
					"position": [0, -2, 0]
				},
				"front_legs": {
					"rotation": [-90, 0, 0],
					"position": [0, -1, -1]
				},
				"back_legs": {
					"rotation": [-90, 0, 0],
					"position": [0, 0, 1],
					"scale": [1.4, 1, 1]
				}
			}
		},
		"animation.bayleef.health_bar": {
			"loop": true,
			"bones": {
				"health_hover": {
					"rotation": ["q.camera_rotation(0)", "q.camera_rotation(1)-q.body_y_rotation", 0],
					"position": [0, 36.5, 0],
					"scale": "query.is_in_ui?0:1.5"
				},
				"bar_green": {
					"scale": ["query.health/query.max_health*1", 1, 1]
				},
				"bar_black": {
					"scale": ["(1)+(query.health/query.max_health*-1)", 1, 1]
				}
			}
		}
	}
}