{
  "format_version": "1.8.0",
  "animations": {
    "animation.grow": {
      "timeline": {
      "0.0": [
          "/execute @s[scores={grow=2}] ~~~ playanimation @s animation.wither_storm.stage1", 
         "/execute @s[scores={grow=3}] ~~~ playanimation @s animation.wither_storm.stage2",
         "/execute @s[scores={grow=4}] ~~~ playanimation @s animation.wither_storm.stage3",
    "/execute @s[scores={grow=4..}] ~~~ playanimation @s animation.wither_storm.stage3",
    "/execute @s[scores={grow=1}] ~~~ playanimation @s animation.wither_storm.stage0",
  "/ride @e[type=mc:head,c=1] start_riding @e[type=mc:wither_storm,c=1]",
  "/ride @e[type=mc:tn_bd] start_riding @e[type=mc:wither_storm,c=1]",
"/execute @e[type=mc:wither_storm] ~ ~ ~ detect ~ ~-5 ~ grass 0 tp @s ~ ~0.20 ~",
"/execute @e[type=mc:wither_storm] ~ ~ ~ detect ~ ~-6 ~ dirt 0 tp @s ~ ~0.20 ~",
"/execute @e[type=mc:wither_storm] ~ ~ ~ detect ~ ~-7 ~ bedrock 0 tp @s ~ ~0.20 ~",
   "/execute @e[type=mc:head] ~~~ tp @e[type=bat] ^ ^-3 ^19",
    "/execute @e[tag=kill,c=1] ~~~ tp ^^0.20^0.25 facing @e[type=mc:head,c=1]",
     "/execute @e[r=100,type=mc:block2] ~~~ tp ^ ^0.06 ^0.4 facing @e[r=100,type=mc:wither_storm]",
            "/execute @e[r=5.3,type=mc:block2] ~~~ effect @e[type=mc:wither_storm] instant_damage 1 1 true",
        "/tp @e[r=5.5,type=mc:block2] 999999 99999 999999",
         "/effect @e[type=mc:tn_bd] fire_resistance 9999 255 true",
    "/effect @e[type=mc:block2] fire_resistance 9999 255 true",
        "/execute @e[r=37,type=item] ~~~ tp ^ ^0.09 ^0.7 facing @e[type=mc:wither_storm]",
          "/execute @e[r=1.4,type=item] ~~~ effect @e[type=mc:wither_storm] instant_damage 1 1 true",
"/execute @e[r=3.7,type=mc:grass] ~~~ effect @e[type=mc:wither_storm] instant_damage 1 1 true",
         "/kill @e[r=1.5,type=item]"
          
      ]
      },
      "animation_length": 0.001,
      "loop":true
      },
    "animation.grow_sc": {
      "timeline": {
      "60.0": [
       "/scoreboard players add @s grow 1"
      ],
    "130": "/scoreboard players add @s grow 1",
    "190": "/scoreboard players add @s grow 1",
   "130.1": "/summon mc:head ~~~ minecraft:attack1",
   "131.1": "/scoreboard players add @s blocks 1",
   "130.2": "/summon mc:cube",
   "190.1": "/summon mc:tn_bd",
   "350.2": "/function RE",
   "349.2": "/tag @e remove kill"
      },
      "animation_length": 700.01,
      "loop":false
      },
    "animation.grow3": {
      "timeline": {
      "0.0": [
       "/execute @s[scores={grow=100..}] ~~~ function grow3" 
      ]
      },
      "animation_length": 0.01,
      "loop":true
      },
    "animation.hd_8": {
      "timeline": {
      "0.0": [
                "/tag @e[r=25,type=spider] add kill",
        "/tag @e[r=25,type=zombie] add kill",
         "/tag @e[r=25,type=cow] add kill",
        "/tag @e[r=25,type=creeper] add kill",
         "/tag @e[r=25,type=sheep] add kill",
        "/tag @e[r=25,type=slime] add kill",
         "/tag @e[r=25,type=skeleton] add kill",
        "/tag @e[r=25,type=chicken] add kill",
         "/tag @e[r=25,type=pig] add kill",
        "/tag @e[r=25,type=warden] add kill",
        "/tag @e[r=25,type=enderman] add kill"
      ]
      },
      "animation_length": 1.31,
      "loop":true
     },
    "animation.eat_hd": {
      "timeline": {
      "0.0": [
       "/execute @e[tag=kill,r=6] ~~~ function eat" 
      ]
      },
      "animation_length": 0.11,
      "loop":true
     },
    "animation.head_summon_ra": {
      "timeline": {
      "1": [
       "/summon mc:radar" 
      ],
  "2": [ 
"/ride @e[type=mc:radar,c=1] start_riding @e[type=mc:wither_storm_head]",
"/ride @e[type=mc:radar,c=1] start_riding @e[type=mc:wither_storm_head2]",
"/ride @e[type=mc:radar,c=1] start_riding @e[type=mc:wither_storm_head3]"
       ]
      },
      "animation_length": 9.01,
      "loop":false
     },
    "animation.ri_radar": {
      "timeline": {
      "0.0": [
       "/ride @e[type=mc:radar,c=1] start_riding @e[name=a]",
      "/ride @e[type=mc:radar,c=1] start_riding @e[name=b]",
      "/ride @e[type=mc:radar,c=1] start_riding @e[name=c]",
   "/ride @e[type=mc:radar,c=1] start_riding @e[name=sm3]",
  "/ride @e[type=mc:radar,c=1] start_riding @e[name=sm4]",
  "/ride @e[type=mc:radar,c=1] start_riding @e[name=sm5]",
  "/ride @e[type=mc:radar,c=1] start_riding @e[name=sm6]",
  "/ride @e[type=mc:radar,c=1] start_riding @e[name=sm7]"
      ]
      },
      "animation_length": 0.41,
      "loop":true
    },
    "animation.ra_kill": {
      "timeline": {
      "2.7": [
       "/kill @s" 
      ]
      },
      "animation_length": 6.01,
      "loop":true
   },
    "animation.ra_kill2": {
      "timeline": {
      "5.2": [
       "/kill @s" 
      ]
      },
      "animation_length": 6.01,
      "loop":true
    },
    "animation.ch_health_tp": {
      "timeline": {
      "0.0": [
       "/tp @s 46 220 23" 
      ]
      },
      "animation_length": 0.01,
      "loop":true
 },
    "animation.ef_player": {
      "timeline": {
      "0.0": [
       "/effect @s[tag=ef]  water_breathing 1000 0 true",
     "/playanimation @s[tag=ef] animation.effect"
      ]
      },
      "animation_length": 0.01,
      "loop":true
 },
    "animation.ef_player2": {
      "timeline": {
      "0.0": [
       "/execute @s[scores={effect_ef=1800..}] ~~~ scoreboard players reset @s ef",
    "/execute @s[scores={effect_ef=1800..}] ~~~ tag @s remove ef",
    "/execute @s[scores={effect_ef=1800..}] ~~~ effect clear",
    "/execute @s[scores={effect_ef=1800..}] ~~~ scoreboard players reset @s effect_ef",
        "/execute @s[scores={flizerx=8..}] ~~~ function bm"
      ]
      },
      "animation_length": 6.01,
      "loop":true
     },
    "animation.en_kill": {
      "timeline": {
      "0.1": [
       "/kill @s" 
      ]
      },
      "animation_length": 0.11,
      "loop":true
    }
  }
}
death] invisibility 99 99",
      "/kill @e[type=ageofminecraft:wither_stormdeath]"
      ]
      },
      "animation_length": 9.50,
      "loop":true
    }
  }
}
op":true
    }
  }
}
death] invisibility 99 99",
      "/kill @e[type=ageofminecraft:wither_stormdeath]"
      ]
      },
      "animation_length": 9.50,
      "loop":true
    }
  }
}


her_stormdeath]"
      ]
      },
      "animation_length": 9.50,
      "loop":true
    }
  }
}


},
      "animation_length": 9.50,
      "loop":true
    }
  }
}





},
      "animation_length": 9.50,
      "loop":true
    }
  }
}
















},
      "animation_length": 9.50,
      "loop":true
    }
  }
}































