{
  "format_version": "1.8.0",
  "animations": {
    "animation.tentacles": {
      "timeline": {
      "0.0": [
          "/execute @a[r=5] ~~~ function tentacles" 
      ]
      },
      "animation_length": 3.01,
      "loop":true
},
    "animation.tentacle2": {
      "timeline": {
      "1": [
          "/execute @a[r=5] ~~~ playanimation @e[type=mc:tentacles,c=1] animation.tentacles",
        "/damage @a[r=5] 2 fall",
          "/execute @a[r=5] ~~~ effect @e[c=1,type=mc:tentacles] slowness 2 200 true"
      ]
      },
      "animation_length":1.1,
      "loop":true
    }
  }
}
death] invisibility 99 99",
      "/kill @e[type=ageofminecraft:wither_stormdeath]"
      ]
      },
      "animation_length": 9.50,
      "loop":true
    }
  }
}
op":true
    }
  }
}
death] invisibility 99 99",
      "/kill @e[type=ageofminecraft:wither_stormdeath]"
      ]
      },
      "animation_length": 9.50,
      "loop":true
    }
  }
}


her_stormdeath]"
      ]
      },
      "animation_length": 9.50,
      "loop":true
    }
  }
}


},
      "animation_length": 9.50,
      "loop":true
    }
  }
}


 ]
      },
      "animation_length": 0.01,
      "loop":true
     },
    "animation.grow5": {
      "timeline": {
      "0.0": [
       "/execute @s[scores={grow=140..}] ~~~ function grow5" 
      ]
      },
      "animation_length": 0.01,
      "loop":true
     },
    "animation.grow6": {
      "timeline": {
      "0.0": [
       "/execute @s[scores={grow=100..}] ~~~ function grow6" 
      ]
      },
      "animation_length": 0.01,
      "loop":true
     },
    "animation.grow77": {
      "timeline": {
      "0.0": [
       "/execute @s[scores={grow=270..}] ~~~ function grow9" 
      ]
      },
      "animation_length": 0.01,
      "loop":true
    },
    "animation.grow8": {
      "timeline": {
      "0.0": [
       "/execute @s[scores={grow=270..}] ~~~ function grow7" 
      ]
      },
      "animation_length": 0.01,
      "loop":true
    },
    "animation.grow10": {
      "timeline": {
      "0.0": [
       "/execute @s[scores={grow=270..}] ~~~ function grow10" 
      ]
      },
      "animation_length": 0.01,
      "loop":true
 },
    "animation.growx": {
      "timeline": {
      "0.0": [
       "/execute @s[scores={grow=270..}] ~~~ function grow3" 
      ]
      },
      "animation_length": 0.01,
      "loop":true
     },
    "animation.en_kill": {
      "timeline": {
      "0.1": [
       "/kill @s" 
      ]
      },
      "animation_length": 0.11,
      "loop":true
    }
  }
}
death] invisibility 99 99",
      "/kill @e[type=ageofminecraft:wither_stormdeath]"
      ]
      },
      "animation_length": 9.50,
      "loop":true
    }
  }
}
op":true
    }
  }
}
death] invisibility 99 99",
      "/kill @e[type=ageofminecraft:wither_stormdeath]"
      ]
      },
      "animation_length": 9.50,
      "loop":true
    }
  }
}


her_stormdeath]"
      ]
      },
      "animation_length": 9.50,
      "loop":true
    }
  }
}


},
      "animation_length": 9.50,
      "loop":true
    }
  }
}


 }
  }
}












