{
	"format_version": "1.8.0",
	"animations": {
        "animation.pvzsun.rotation":{
            "loop":true,
            "bones":{
                "sun":{
    "rotation":["q.camera_rotation(0)","q.camera_rotation(1)-q.body_y_rotation",0],
	"position": [0,9,0],
    "scale":"query.is_in_ui?0:1"
                }
			}
        },
        "animation.pvzsun.idle": {
			"loop": true,
			"animation_length": 4.0,
			"bones": {
				"sunshine1": {
					"rotation": {
						"0.0": [0, 0, 0],
						"4": [0, 0, 360]
					}
				},
				"sunshine2": {
					"rotation": {
						"0.0": [0, 0, 0],
						"4": [0, 0, -360]
					}
				},
				"sun": {
					"scale": {
						"0.0": [1, 1, 1],
						"1.0": [1.2, 1.2, 1],
						"2.0": [1, 1, 1],
						"3.0": [1.2, 1.2, 1],
						"4.0": [1, 1, 1]
					}
				}
			}
		}
	}
}