{
	"format_version": "1.8.0",
	"animations": {
		"animation.togetic.quiet": {
			"loop": true,
			"animation_length": 0.8,
			"bones": {
				"togetic": {
					"position": {
						"0.0": [0, 0, 0],
						"0.5": [0, 1, 0],
						"0.8": [0, 0, 0]
					}
				},
				"wings": {
					"rotation": [50, 0, 0]
				},
				"right_wing": {
					"rotation": {
						"0.0": [0, 25, 0],
						"0.2": [0, -35, 0],
						"0.4": [0, 25, 0],
						"0.6": [0, -35, 0],
						"0.8": [0, 25, 0]
					}
				},
				"left_wing": {
					"rotation": {
						"0.0": [0, -25, 0],
						"0.2": [0, 35, 0],
						"0.4": [0, -25, 0],
						"0.6": [0, 35, 0],
						"0.8": [0, -25, 0]
					}
				},
				"arms": {
					"rotation": {
						"0.0": [0, 0, 0],
						"0.4": [-15, 0, 0],
						"0.8": [0, 0, 0]
					}
				},
				"legs": {
					"rotation": {
						"0.0": [0, 0, 0],
						"0.3": [-15, 0, 0],
						"0.8": [0, 0, 0]
					}
				}
			}
		},
		"animation.togetic.walk": {
			"loop": true,
			"animation_length": 0.6,
			"bones": {
				"togetic": {
					"position": {
						"0.0": [0, 1, 3],
						"0.4": [0, 2, 3],
						"0.6": [0, 1, 3]
					}
				},
				"head": {
					"position": [0, -5, -9]
				},
				"body": {
					"rotation": [55, 0, 0]
				},
				"right_wing": {
					"rotation": {
						"0.0": [0, 25, 0],
						"0.3": [0, -45, 0],
						"0.6": [0, 25, 0]
					}
				},
				"left_wing": {
					"rotation": {
						"0.0": [0, -25, 0],
						"0.3": [0, 45, 0],
						"0.6": [0, -25, 0]
					}
				},
				"arms": {
					"rotation": {
						"0.0": [45, 0, 0],
						"0.2": [65, 0, 0],
						"0.6": [45, 0, 0]
					},
					"position": [0, -3, -2]
				},
				"legs": {
					"rotation": {
						"0.0": [70, 0, 0],
						"0.3": [95, 0, 0],
						"0.6": [70, 0, 0]
					},
					"position": [0, -1, 2]
				},
				"right_leg": {
					"rotation": [0, 0, -15]
				},
				"left_leg": {
					"rotation": [0, 0, 15]
				}
			}
		},
		"animation.togetic.sitting": {
			"loop": true,
			"bones": {
				"togetic": {
					"position": [0, -2, 0]
				},
				"right_wing": {
					"rotation": [-29.70285, 8.24633, -11.74727]
				},
				"left_wing": {
					"rotation": [-29.70285, -8.24633, 11.74727]
				},
				"arms": {
					"rotation": [20, 0, 0]
				},
				"right_arm": {
					"rotation": [0, 0, -75],
					"position": [-1, 0, 0]
				},
				"left_arm": {
					"rotation": [0, 0, 75],
					"position": [1, 0, 0]
				},
				"legs": {
					"rotation": [-55, 0, 0],
					"position": [0, -0.5, 0]
				}
			}
		},
		"animation.togetic.attack": {
			"loop": true,
			"bones": {
				"right_wing": {
					"rotation": [0, -60, 0],
					"position": [-1, 0, 0]
				},
				"left_wing": {
					"rotation": [0, 60, 0],
					"position": [1, 0, 0]
				},
				"arms": {
					"rotation": [-70, 0, 0]
				},
				"right_arm": {
					"position": [-1, 0, 0]
				},
				"left_arm": {
					"position": [1, 0, 0]
				},
				"legs": {
					"rotation": [70, 0, 0],
					"position": [0, 0, 1]
				}
			}
		},
		"animation.togetic.direction": {
			"loop": true,
			"bones": {
				"togetic": {
					"rotation": [ "query.vertical_speed * -3.0", 0, "-math.max(-20,math.min(20,query.yaw_speed))"]
				}
			}
		},
        "animation.togetic.health_bar":{
            "loop":true,
            "bones":{
                "health_hover":{
    "rotation":["q.camera_rotation(0)","q.camera_rotation(1)-q.body_y_rotation",0],
	"position": [0,26,0],
    "scale":"query.is_in_ui?0:1.5"
                },
				"bar_green": {
					"scale": ["query.health/query.max_health*1", 1, 1]
				},
				"bar_black": {
					"scale": ["(1)+(query.health/query.max_health*-1)", 1, 1]
				}
			}
        }
	}
}