{
	"format_version": "1.8.0",
	"animations": {
		"animation.togepi.quiet": {
			"loop": true,
			"animation_length": 0.8,
			"bones": {
				"body_root": {
					"rotation": {
						"0.0": [0, -10, 0],
						"0.4": [0, 10, 0],
						"0.8": [0, -10, 0]
					}
				},
				"right_arm": {
					"rotation": {
						"0.0": [0, -45, 0],
						"0.5": [0, 25, 0],
						"0.8": [0, -45, 0]
					}
				},
				"left_arm": {
					"rotation": {
						"0.0": [0, -25, 0],
						"0.5": [0, 45, 0],
						"0.8": [0, -25, 0]
					}
				}
			}
		},
		"animation.togepi.walk": {
			"loop": true,
			"animation_length": 0.8,
			"bones": {
				"togepi": {
					"position": {
						"0.0": [0, 2, 0],
						"0.2": [0, 0, 0],
						"0.4": [0, 2, 0],
						"0.6": [0, 0, 0],
						"0.8": [0, 2, 0]
					},
					"scale": {
						"0.0": [1, 1.1, 1],
						"0.2": [1, 1, 1],
						"0.4": [1, 1.1, 1],
						"0.6": [1, 1, 1],
						"0.8": [1, 1.1, 1]
					}
				},
				"body_root": {
					"rotation": {
						"0.0": [0, 15, 0],
						"0.4": [0, -15, 0],
						"0.8": [0, 15, 0]
					}
				},
				"right_arm": {
					"rotation": {
						"0.0": [0, 30, 0],
						"0.4": [0, -30, 0],
						"0.8": [0, 30, 0]
					}
				},
				"left_arm": {
					"rotation": {
						"0.0": [0, 30, 0],
						"0.4": [0, -30, 0],
						"0.8": [0, 30, 0]
					}
				},
				"right_leg": {
					"rotation": {
						"0.0": [-45, 0, 0],
						"0.4": [45, 0, 0],
						"0.8": [-45, 0, 0]
					},
					"position": {
						"0.0": [0, 0, -1],
						"0.4": [0, 0, 2],
						"0.8": [0, 0, -1]
					}
				},
				"left_leg": {
					"rotation": {
						"0.0": [45, 0, 0],
						"0.4": [-45, 0, 0],
						"0.8": [45, 0, 0]
					},
					"position": {
						"0.0": [0, 0, 2],
						"0.4": [0, 0, -1],
						"0.8": [0, 0, 2]
					}
				}
			}
		},
		"animation.togepi.sitting": {
			"loop": true,
			"bones": {
				"body_root": {
					"position": [0, -0.5, 0]
				},
				"legs": {
					"rotation": [-90, 0, 0],
					"position": [0, -1, -2]
				},
				"right_leg": {
					"rotation": [0, 0, 25]
				},
				"left_leg": {
					"rotation": [0, 0, -25]
				}
			}
		},
		"animation.togepi.jump": {
			"loop": true,
			"bones": {
				"togepi": {
					"position": [0, 2, 0]
				},
				"arms": {
					"rotation": [-145, 0, 0]
				},
				"legs": {
					"rotation": [60, 0, 0]
				}
			}
		},
		"animation.togepi.attack": {
			"loop": true,
			"bones": {
				"body_root": {
					"rotation": [30, 0, 0],
					"position": [0, 1, 0]
				},
				"arms": {
					"rotation": [45, 0, 0],
					"position": [0, 0, -1]
				},
				"right_arm": {
					"rotation": [0, -105, 0]
				},
				"left_arm": {
					"rotation": [0, 105, 0]
				}
			}
		},
		"animation.togepi.swimming": {
			"loop": true,
			"animation_length": 0.6,
			"bones": {
				"togepi": {
					"position": {
						"0.0": [0, 0, 0],
						"0.3": [0, -2, 0],
						"0.6": [0, 0, 0]
					}
				},
				"tail": {
					"rotation": {
						"0.0": [-55, 15, -25],
						"0.3": [-55, -15, 25],
						"0.6": [-55, 15, -25]
					},
					"position": {
						"0.0": [1, 0, 0],
						"0.3": [-1, 0, 0],
						"0.6": [1, 0, 0]
					}
				},
				"arms": {
					"rotation": {
						"0.0": [-35, 0, 0],
						"0.2": [-10, 0, 0],
						"0.6": [-35, 0, 0]
					}
				},
				"legs": {
					"rotation": {
						"0.0": [-27.5, 0, 0],
						"0.4": [2.5, 0, 0],
						"0.6": [-27.5, 0, 0]
					}
				}
			}
		},
        "animation.togepi.health_bar":{
            "loop":true,
            "bones":{
                "health_hover":{
    "rotation":["q.camera_rotation(0)","q.camera_rotation(1)-q.body_y_rotation",0],
	"position": [0,20,0],
    "scale":"query.is_in_ui?0:1.5"
                },
				"bar_green": {
					"scale": ["query.health/query.max_health*1", 1, 1]
				},
				"bar_black": {
					"scale": ["(1)+(query.health/query.max_health*-1)", 1, 1]
				}
			}
        }
	}
}