{
  "type": "minecraft:chest",
  "pools": [
    {
      "rolls": {
        "min": 1.0,
        "max": 5.0
      },
      "entries": [
        {
          "type": "item",
          "name": "minecraft:emerald"
        },
        {
          "type": "item",
          "weight": 2,
          "functions": [
            {
              "function": "set_count",
              "count": {
                "min": 1.0,
                "max": 3.0
              }
            }
          ],
          "name": "minecraft:arrow"
        },
        {
          "type": "item",
          "weight": 6,
          "functions": [
            {
              "function": "set_count",
              "count": {
                "min": 1.0,
                "max": 3.0
              }
            }
          ],
          "name": "minecraft:feather"
        },
        {
          "type": "item",
          "weight": 2,
          "functions": [
            {
              "function": "set_count",
              "count": {
                "min": 1.0,
                "max": 3.0
              }
            }
          ],
          "name": "minecraft:egg"
        },
        {
          "type": "item",
          "weight": 6,
          "functions": [
            {
              "function": "set_count",
              "count": {
                "min": 1.0,
                "max": 3.0
              }
            }
          ],
          "name": "minecraft:flint"
        },
        {
          "type": "item",
          "weight": 6,
          "functions": [
            {
              "function": "set_count",
              "count": {
                "min": 1.0,
                "max": 3.0
              }
            }
          ],
          "name": "minecraft:stick"
        }
      ]
    },
    {
      "rolls": 1,
      "entries": [
        {
          "type": "empty",
          "weight": 4
        },
        {
          "type": "item",
          "name": "yes:aetherite_upgrade_smithing_template",
          "weight": 1
        }
      ]
    }
  ]
}