{
  "format_version": "1.8.0",
  "minecraft:client_entity": {
    "description": {
      "identifier": "mc:screen4",
      "materials": {
        "default": "entity_emissive_alpha",
        "beam": "beam"
      },
      "textures": {
        "beam2": "textures/entity/light"
      },
      "geometry": {
        "beam": "geometry.light2"
      },
      "scripts": {
        "pre_animation": [
          "variable.tcos0 = (Math.cos(query.modified_distance_moved * 3.17) * query.modified_move_speed / variable.gliding_speed_value) * 1.3;"
        ],
        "scale": "7.6"
     },
      "animations": {    
        "look_at_target": "animation.light"
      },
      "animation_controllers": [
        { "move": "controller.animation.wither_boss.move" }
],
      "render_controllers": [ "controller.render.creeper", "controller.render.creeper_armor", "controller.render.black" ]
    }
  }
}
