{
	"format_version": "1.12.0",
	"minecraft:geometry": [
		{
			"description": {
				"identifier": "geometry.fences_0",
				"texture_width": 16,
				"texture_height": 16,
				"visible_bounds_width": 2,
				"visible_bounds_height": 2.5,
				"visible_bounds_offset": [
					0,
					0.75,
					0
				]
			},
			"bones": [
				{
					"name": "bone",
					"pivot": [
						0,
						0,
						0
					],
					"cubes": [
						{
							"origin": [
								-8,
								6,
								-1
							],
							"size": [
								6,
								3,
								2
							],
							"uv": {
								"north": {
									"uv": [
										0,
										7
									],
									"uv_size": [
										6,
										3
									]
								},
								"east": {
									"uv": [
										7,
										7
									],
									"uv_size": [
										2,
										3
									]
								},
								"south": {
									"uv": [
										10,
										7
									],
									"uv_size": [
										6,
										3
									]
								},
								"west": {
									"uv": [
										7,
										7
									],
									"uv_size": [
										2,
										3
									]
								},
								"up": {
									"uv": [
										10,
										7
									],
									"uv_size": [
										6,
										2
									]
								},
								"down": {
									"uv": [
										16,
										9
									],
									"uv_size": [
										-6,
										-2
									]
								}
							}
						},
						{
							"origin": [
								-8,
								12,
								-1
							],
							"size": [
								6,
								3,
								2
							],
							"uv": {
								"north": {
									"uv": [
										0,
										1
									],
									"uv_size": [
										6,
										3
									]
								},
								"east": {
									"uv": [
										7,
										1
									],
									"uv_size": [
										2,
										3
									]
								},
								"south": {
									"uv": [
										10,
										1
									],
									"uv_size": [
										6,
										3
									]
								},
								"west": {
									"uv": [
										7,
										1
									],
									"uv_size": [
										2,
										3
									]
								},
								"up": {
									"uv": [
										10,
										7
									],
									"uv_size": [
										6,
										2
									]
								},
								"down": {
									"uv": [
										16,
										9
									],
									"uv_size": [
										-6,
										-2
									]
								}
							}
						},
						{
							"origin": [
								-2,
								0,
								-2
							],
							"size": [
								4,
								16,
								4
							],
							"uv": {
								"north": {
									"uv": [
										6,
										0
									],
									"uv_size": [
										4,
										16
									]
								},
								"east": {
									"uv": [
										6,
										0
									],
									"uv_size": [
										4,
										16
									]
								},
								"south": {
									"uv": [
										6,
										0
									],
									"uv_size": [
										4,
										16
									]
								},
								"west": {
									"uv": [
										6,
										0
									],
									"uv_size": [
										4,
										16
									]
								},
								"up": {
									"uv": [
										6,
										6
									],
									"uv_size": [
										4,
										4
									]
								},
								"down": {
									"uv": [
										10,
										10
									],
									"uv_size": [
										-4,
										-4
									]
								}
							}
						},
						{
							"origin": [
								2,
								12,
								-1
							],
							"size": [
								6,
								3,
								2
							],
							"uv": {
								"north": {
									"uv": [
										10,
										1
									],
									"uv_size": [
										6,
										3
									]
								},
								"east": {
									"uv": [
										7,
										1
									],
									"uv_size": [
										2,
										3
									]
								},
								"south": {
									"uv": [
										0,
										1
									],
									"uv_size": [
										6,
										3
									]
								},
								"west": {
									"uv": [
										7,
										1
									],
									"uv_size": [
										2,
										3
									]
								},
								"up": {
									"uv": [
										0,
										7
									],
									"uv_size": [
										6,
										2
									]
								},
								"down": {
									"uv": [
										6,
										9
									],
									"uv_size": [
										-6,
										-2
									]
								}
							}
						},
						{
							"origin": [
								2,
								6,
								-1
							],
							"size": [
								6,
								3,
								2
							],
							"uv": {
								"north": {
									"uv": [
										10,
										7
									],
									"uv_size": [
										6,
										3
									]
								},
								"east": {
									"uv": [
										7,
										7
									],
									"uv_size": [
										2,
										3
									]
								},
								"south": {
									"uv": [
										0,
										7
									],
									"uv_size": [
										6,
										3
									]
								},
								"west": {
									"uv": [
										7,
										7
									],
									"uv_size": [
										2,
										3
									]
								},
								"up": {
									"uv": [
										0,
										7
									],
									"uv_size": [
										6,
										2
									]
								},
								"down": {
									"uv": [
										6,
										9
									],
									"uv_size": [
										-6,
										-2
									]
								}
							}
						}
					]
				}
			]
		},
		{
			"description": {
				"identifier": "geometry.fences_90",
				"texture_width": 16,
				"texture_height": 16,
				"visible_bounds_width": 2,
				"visible_bounds_height": 2.5,
				"visible_bounds_offset": [
					0,
					0.75,
					0
				]
			},
			"bones": [
				{
					"name": "bone",
					"pivot": [
						0,
						0,
						0
					],
					"cubes": [
						{
							"origin": [
								-1,
								12,
								-8
							],
							"size": [
								2,
								3,
								6
							],
							"uv": {
								"north": {
									"uv": [
										7,
										1
									],
									"uv_size": [
										2,
										3
									]
								},
								"east": {
									"uv": [
										10,
										1
									],
									"uv_size": [
										6,
										3
									]
								},
								"south": {
									"uv": [
										7,
										1
									],
									"uv_size": [
										2,
										3
									]
								},
								"west": {
									"uv": [
										0,
										1
									],
									"uv_size": [
										6,
										3
									]
								},
								"up": {
									"uv": [
										7,
										0
									],
									"uv_size": [
										2,
										6
									]
								},
								"down": {
									"uv": [
										9,
										16
									],
									"uv_size": [
										-2,
										-6
									]
								}
							}
						},
						{
							"origin": [
								-1,
								6,
								-8
							],
							"size": [
								2,
								3,
								6
							],
							"uv": {
								"north": {
									"uv": [
										7,
										7
									],
									"uv_size": [
										2,
										3
									]
								},
								"east": {
									"uv": [
										10,
										7
									],
									"uv_size": [
										6,
										3
									]
								},
								"south": {
									"uv": [
										7,
										7
									],
									"uv_size": [
										2,
										3
									]
								},
								"west": {
									"uv": [
										0,
										7
									],
									"uv_size": [
										6,
										3
									]
								},
								"up": {
									"uv": [
										7,
										0
									],
									"uv_size": [
										2,
										6
									]
								},
								"down": {
									"uv": [
										9,
										16
									],
									"uv_size": [
										-2,
										-6
									]
								}
							}
						},
						{
							"origin": [
								-2,
								0,
								-2
							],
							"size": [
								4,
								16,
								4
							],
							"uv": {
								"north": {
									"uv": [
										6,
										0
									],
									"uv_size": [
										4,
										16
									]
								},
								"east": {
									"uv": [
										6,
										0
									],
									"uv_size": [
										4,
										16
									]
								},
								"south": {
									"uv": [
										6,
										0
									],
									"uv_size": [
										4,
										16
									]
								},
								"west": {
									"uv": [
										6,
										0
									],
									"uv_size": [
										4,
										16
									]
								},
								"up": {
									"uv": [
										6,
										6
									],
									"uv_size": [
										4,
										4
									]
								},
								"down": {
									"uv": [
										10,
										10
									],
									"uv_size": [
										-4,
										-4
									]
								}
							}
						},
						{
							"origin": [
								-1,
								6,
								2
							],
							"size": [
								2,
								3,
								6
							],
							"uv": {
								"north": {
									"uv": [
										7,
										7
									],
									"uv_size": [
										2,
										3
									]
								},
								"east": {
									"uv": [
										0,
										7
									],
									"uv_size": [
										6,
										3
									]
								},
								"south": {
									"uv": [
										7,
										7
									],
									"uv_size": [
										2,
										3
									]
								},
								"west": {
									"uv": [
										10,
										7
									],
									"uv_size": [
										6,
										3
									]
								},
								"up": {
									"uv": [
										7,
										10
									],
									"uv_size": [
										2,
										6
									]
								},
								"down": {
									"uv": [
										9,
										6
									],
									"uv_size": [
										-2,
										-6
									]
								}
							}
						},
						{
							"origin": [
								-1,
								12,
								2
							],
							"size": [
								2,
								3,
								6
							],
							"uv": {
								"north": {
									"uv": [
										7,
										1
									],
									"uv_size": [
										2,
										3
									]
								},
								"east": {
									"uv": [
										0,
										1
									],
									"uv_size": [
										6,
										3
									]
								},
								"south": {
									"uv": [
										7,
										1
									],
									"uv_size": [
										2,
										3
									]
								},
								"west": {
									"uv": [
										10,
										1
									],
									"uv_size": [
										6,
										3
									]
								},
								"up": {
									"uv": [
										7,
										10
									],
									"uv_size": [
										2,
										6
									]
								},
								"down": {
									"uv": [
										9,
										6
									],
									"uv_size": [
										-2,
										-6
									]
								}
							}
						}
					]
				}
			]
		},
		{
			"description": {
				"identifier": "geometry.fences_corner_180",
				"texture_width": 16,
				"texture_height": 16,
				"visible_bounds_width": 2,
				"visible_bounds_height": 2.5,
				"visible_bounds_offset": [
					0,
					0.75,
					0
				]
			},
			"bones": [
				{
					"name": "bone",
					"pivot": [
						0,
						0,
						0
					],
					"cubes": [
						{
							"origin": [
								2,
								12,
								-1
							],
							"size": [
								6,
								3,
								2
							],
							"uv": {
								"north": {
									"uv": [
										10,
										1
									],
									"uv_size": [
										6,
										3
									]
								},
								"east": {
									"uv": [
										7,
										1
									],
									"uv_size": [
										2,
										3
									]
								},
								"south": {
									"uv": [
										0,
										1
									],
									"uv_size": [
										6,
										3
									]
								},
								"west": {
									"uv": [
										7,
										1
									],
									"uv_size": [
										2,
										3
									]
								},
								"up": {
									"uv": [
										0,
										7
									],
									"uv_size": [
										6,
										2
									]
								},
								"down": {
									"uv": [
										6,
										9
									],
									"uv_size": [
										-6,
										-2
									]
								}
							}
						},
						{
							"origin": [
								2,
								6,
								-1
							],
							"size": [
								6,
								3,
								2
							],
							"uv": {
								"north": {
									"uv": [
										10,
										7
									],
									"uv_size": [
										6,
										3
									]
								},
								"east": {
									"uv": [
										7,
										7
									],
									"uv_size": [
										2,
										3
									]
								},
								"south": {
									"uv": [
										0,
										7
									],
									"uv_size": [
										6,
										3
									]
								},
								"west": {
									"uv": [
										7,
										7
									],
									"uv_size": [
										2,
										3
									]
								},
								"up": {
									"uv": [
										0,
										7
									],
									"uv_size": [
										6,
										2
									]
								},
								"down": {
									"uv": [
										6,
										9
									],
									"uv_size": [
										-6,
										-2
									]
								}
							}
						},
						{
							"origin": [
								-2,
								0,
								-2
							],
							"size": [
								4,
								16,
								4
							],
							"uv": {
								"north": {
									"uv": [
										6,
										0
									],
									"uv_size": [
										4,
										16
									]
								},
								"east": {
									"uv": [
										6,
										0
									],
									"uv_size": [
										4,
										16
									]
								},
								"south": {
									"uv": [
										6,
										0
									],
									"uv_size": [
										4,
										16
									]
								},
								"west": {
									"uv": [
										6,
										0
									],
									"uv_size": [
										4,
										16
									]
								},
								"up": {
									"uv": [
										6,
										6
									],
									"uv_size": [
										4,
										4
									]
								},
								"down": {
									"uv": [
										10,
										10
									],
									"uv_size": [
										-4,
										-4
									]
								}
							}
						},
						{
							"origin": [
								-1,
								12,
								2
							],
							"size": [
								2,
								3,
								6
							],
							"uv": {
								"north": {
									"uv": [
										7,
										1
									],
									"uv_size": [
										2,
										3
									]
								},
								"east": {
									"uv": [
										0,
										1
									],
									"uv_size": [
										6,
										3
									]
								},
								"south": {
									"uv": [
										7,
										1
									],
									"uv_size": [
										2,
										3
									]
								},
								"west": {
									"uv": [
										10,
										1
									],
									"uv_size": [
										6,
										3
									]
								},
								"up": {
									"uv": [
										7,
										10
									],
									"uv_size": [
										2,
										6
									]
								},
								"down": {
									"uv": [
										9,
										6
									],
									"uv_size": [
										-2,
										-6
									]
								}
							}
						},
						{
							"origin": [
								-1,
								6,
								2
							],
							"size": [
								2,
								3,
								6
							],
							"uv": {
								"north": {
									"uv": [
										7,
										7
									],
									"uv_size": [
										2,
										3
									]
								},
								"east": {
									"uv": [
										0,
										7
									],
									"uv_size": [
										6,
										3
									]
								},
								"south": {
									"uv": [
										7,
										7
									],
									"uv_size": [
										2,
										3
									]
								},
								"west": {
									"uv": [
										10,
										7
									],
									"uv_size": [
										6,
										3
									]
								},
								"up": {
									"uv": [
										7,
										10
									],
									"uv_size": [
										2,
										6
									]
								},
								"down": {
									"uv": [
										9,
										6
									],
									"uv_size": [
										-2,
										-6
									]
								}
							}
						}
					]
				}
			]
		},
		{
			"description": {
				"identifier": "geometry.fences_corner_0",
				"texture_width": 16,
				"texture_height": 16,
				"visible_bounds_width": 2,
				"visible_bounds_height": 2.5,
				"visible_bounds_offset": [
					0,
					0.75,
					0
				]
			},
			"bones": [
				{
					"name": "bone",
					"pivot": [
						0,
						0,
						0
					],
					"cubes": [
						{
							"origin": [
								-1,
								12,
								-8
							],
							"size": [
								2,
								3,
								6
							],
							"uv": {
								"north": {
									"uv": [
										7,
										1
									],
									"uv_size": [
										2,
										3
									]
								},
								"east": {
									"uv": [
										10,
										1
									],
									"uv_size": [
										6,
										3
									]
								},
								"south": {
									"uv": [
										7,
										1
									],
									"uv_size": [
										2,
										3
									]
								},
								"west": {
									"uv": [
										0,
										1
									],
									"uv_size": [
										6,
										3
									]
								},
								"up": {
									"uv": [
										7,
										0
									],
									"uv_size": [
										2,
										6
									]
								},
								"down": {
									"uv": [
										9,
										16
									],
									"uv_size": [
										-2,
										-6
									]
								}
							}
						},
						{
							"origin": [
								-1,
								6,
								-8
							],
							"size": [
								2,
								3,
								6
							],
							"uv": {
								"north": {
									"uv": [
										7,
										7
									],
									"uv_size": [
										2,
										3
									]
								},
								"east": {
									"uv": [
										10,
										7
									],
									"uv_size": [
										6,
										3
									]
								},
								"south": {
									"uv": [
										7,
										7
									],
									"uv_size": [
										2,
										3
									]
								},
								"west": {
									"uv": [
										0,
										7
									],
									"uv_size": [
										6,
										3
									]
								},
								"up": {
									"uv": [
										7,
										0
									],
									"uv_size": [
										2,
										6
									]
								},
								"down": {
									"uv": [
										9,
										16
									],
									"uv_size": [
										-2,
										-6
									]
								}
							}
						},
						{
							"origin": [
								-8,
								12,
								-1
							],
							"size": [
								6,
								3,
								2
							],
							"uv": {
								"north": {
									"uv": [
										0,
										1
									],
									"uv_size": [
										6,
										3
									]
								},
								"east": {
									"uv": [
										7,
										1
									],
									"uv_size": [
										2,
										3
									]
								},
								"south": {
									"uv": [
										10,
										1
									],
									"uv_size": [
										6,
										3
									]
								},
								"west": {
									"uv": [
										7,
										1
									],
									"uv_size": [
										2,
										3
									]
								},
								"up": {
									"uv": [
										10,
										7
									],
									"uv_size": [
										6,
										2
									]
								},
								"down": {
									"uv": [
										16,
										9
									],
									"uv_size": [
										-6,
										-2
									]
								}
							}
						},
						{
							"origin": [
								-8,
								6,
								-1
							],
							"size": [
								6,
								3,
								2
							],
							"uv": {
								"north": {
									"uv": [
										0,
										7
									],
									"uv_size": [
										6,
										3
									]
								},
								"east": {
									"uv": [
										7,
										7
									],
									"uv_size": [
										2,
										3
									]
								},
								"south": {
									"uv": [
										10,
										7
									],
									"uv_size": [
										6,
										3
									]
								},
								"west": {
									"uv": [
										7,
										7
									],
									"uv_size": [
										2,
										3
									]
								},
								"up": {
									"uv": [
										10,
										7
									],
									"uv_size": [
										6,
										2
									]
								},
								"down": {
									"uv": [
										16,
										9
									],
									"uv_size": [
										-6,
										-2
									]
								}
							}
						},
						{
							"origin": [
								-2,
								0,
								-2
							],
							"size": [
								4,
								16,
								4
							],
							"uv": {
								"north": {
									"uv": [
										6,
										0
									],
									"uv_size": [
										4,
										16
									]
								},
								"east": {
									"uv": [
										6,
										0
									],
									"uv_size": [
										4,
										16
									]
								},
								"south": {
									"uv": [
										6,
										0
									],
									"uv_size": [
										4,
										16
									]
								},
								"west": {
									"uv": [
										6,
										0
									],
									"uv_size": [
										4,
										16
									]
								},
								"up": {
									"uv": [
										6,
										6
									],
									"uv_size": [
										4,
										4
									]
								},
								"down": {
									"uv": [
										10,
										10
									],
									"uv_size": [
										-4,
										-4
									]
								}
							}
						}
					]
				}
			]
		},
		{
			"description": {
				"identifier": "geometry.fences_corner_270",
				"texture_width": 16,
				"texture_height": 16,
				"visible_bounds_width": 2,
				"visible_bounds_height": 2.5,
				"visible_bounds_offset": [
					0,
					0.75,
					0
				]
			},
			"bones": [
				{
					"name": "bone",
					"pivot": [
						0,
						0,
						0
					],
					"cubes": [
						{
							"origin": [
								-1,
								6,
								-8
							],
							"size": [
								2,
								3,
								6
							],
							"uv": {
								"north": {
									"uv": [
										7,
										7
									],
									"uv_size": [
										2,
										3
									]
								},
								"east": {
									"uv": [
										10,
										7
									],
									"uv_size": [
										6,
										3
									]
								},
								"south": {
									"uv": [
										7,
										7
									],
									"uv_size": [
										2,
										3
									]
								},
								"west": {
									"uv": [
										0,
										7
									],
									"uv_size": [
										6,
										3
									]
								},
								"up": {
									"uv": [
										7,
										0
									],
									"uv_size": [
										2,
										6
									]
								},
								"down": {
									"uv": [
										9,
										16
									],
									"uv_size": [
										-2,
										-6
									]
								}
							}
						},
						{
							"origin": [
								-1,
								12,
								-8
							],
							"size": [
								2,
								3,
								6
							],
							"uv": {
								"north": {
									"uv": [
										7,
										1
									],
									"uv_size": [
										2,
										3
									]
								},
								"east": {
									"uv": [
										10,
										1
									],
									"uv_size": [
										6,
										3
									]
								},
								"south": {
									"uv": [
										7,
										1
									],
									"uv_size": [
										2,
										3
									]
								},
								"west": {
									"uv": [
										0,
										1
									],
									"uv_size": [
										6,
										3
									]
								},
								"up": {
									"uv": [
										7,
										0
									],
									"uv_size": [
										2,
										6
									]
								},
								"down": {
									"uv": [
										9,
										16
									],
									"uv_size": [
										-2,
										-6
									]
								}
							}
						},
						{
							"origin": [
								-2,
								0,
								-2
							],
							"size": [
								4,
								16,
								4
							],
							"uv": {
								"north": {
									"uv": [
										6,
										0
									],
									"uv_size": [
										4,
										16
									]
								},
								"east": {
									"uv": [
										6,
										0
									],
									"uv_size": [
										4,
										16
									]
								},
								"south": {
									"uv": [
										6,
										0
									],
									"uv_size": [
										4,
										16
									]
								},
								"west": {
									"uv": [
										6,
										0
									],
									"uv_size": [
										4,
										16
									]
								},
								"up": {
									"uv": [
										6,
										6
									],
									"uv_size": [
										4,
										4
									]
								},
								"down": {
									"uv": [
										10,
										10
									],
									"uv_size": [
										-4,
										-4
									]
								}
							}
						},
						{
							"origin": [
								2,
								12,
								-1
							],
							"size": [
								6,
								3,
								2
							],
							"uv": {
								"north": {
									"uv": [
										10,
										1
									],
									"uv_size": [
										6,
										3
									]
								},
								"east": {
									"uv": [
										7,
										1
									],
									"uv_size": [
										2,
										3
									]
								},
								"south": {
									"uv": [
										0,
										1
									],
									"uv_size": [
										6,
										3
									]
								},
								"west": {
									"uv": [
										7,
										1
									],
									"uv_size": [
										2,
										3
									]
								},
								"up": {
									"uv": [
										0,
										7
									],
									"uv_size": [
										6,
										2
									]
								},
								"down": {
									"uv": [
										6,
										9
									],
									"uv_size": [
										-6,
										-2
									]
								}
							}
						},
						{
							"origin": [
								2,
								6,
								-1
							],
							"size": [
								6,
								3,
								2
							],
							"uv": {
								"north": {
									"uv": [
										10,
										7
									],
									"uv_size": [
										6,
										3
									]
								},
								"east": {
									"uv": [
										7,
										7
									],
									"uv_size": [
										2,
										3
									]
								},
								"south": {
									"uv": [
										0,
										7
									],
									"uv_size": [
										6,
										3
									]
								},
								"west": {
									"uv": [
										7,
										7
									],
									"uv_size": [
										2,
										3
									]
								},
								"up": {
									"uv": [
										0,
										7
									],
									"uv_size": [
										6,
										2
									]
								},
								"down": {
									"uv": [
										6,
										9
									],
									"uv_size": [
										-6,
										-2
									]
								}
							}
						}
					]
				}
			]
		},
		{
			"description": {
				"identifier": "geometry.fences_corner_90",
				"texture_width": 16,
				"texture_height": 16,
				"visible_bounds_width": 2,
				"visible_bounds_height": 2.5,
				"visible_bounds_offset": [
					0,
					0.75,
					0
				]
			},
			"bones": [
				{
					"name": "bone",
					"pivot": [
						0,
						0,
						0
					],
					"cubes": [
						{
							"origin": [
								-8,
								12,
								-1
							],
							"size": [
								6,
								3,
								2
							],
							"uv": {
								"north": {
									"uv": [
										0,
										1
									],
									"uv_size": [
										6,
										3
									]
								},
								"east": {
									"uv": [
										7,
										1
									],
									"uv_size": [
										2,
										3
									]
								},
								"south": {
									"uv": [
										10,
										1
									],
									"uv_size": [
										6,
										3
									]
								},
								"west": {
									"uv": [
										7,
										1
									],
									"uv_size": [
										2,
										3
									]
								},
								"up": {
									"uv": [
										10,
										7
									],
									"uv_size": [
										6,
										2
									]
								},
								"down": {
									"uv": [
										16,
										9
									],
									"uv_size": [
										-6,
										-2
									]
								}
							}
						},
						{
							"origin": [
								-8,
								6,
								-1
							],
							"size": [
								6,
								3,
								2
							],
							"uv": {
								"north": {
									"uv": [
										0,
										7
									],
									"uv_size": [
										6,
										3
									]
								},
								"east": {
									"uv": [
										7,
										7
									],
									"uv_size": [
										2,
										3
									]
								},
								"south": {
									"uv": [
										10,
										7
									],
									"uv_size": [
										6,
										3
									]
								},
								"west": {
									"uv": [
										7,
										7
									],
									"uv_size": [
										2,
										3
									]
								},
								"up": {
									"uv": [
										10,
										7
									],
									"uv_size": [
										6,
										2
									]
								},
								"down": {
									"uv": [
										16,
										9
									],
									"uv_size": [
										-6,
										-2
									]
								}
							}
						},
						{
							"origin": [
								-2,
								0,
								-2
							],
							"size": [
								4,
								16,
								4
							],
							"uv": {
								"north": {
									"uv": [
										6,
										0
									],
									"uv_size": [
										4,
										16
									]
								},
								"east": {
									"uv": [
										6,
										0
									],
									"uv_size": [
										4,
										16
									]
								},
								"south": {
									"uv": [
										6,
										0
									],
									"uv_size": [
										4,
										16
									]
								},
								"west": {
									"uv": [
										6,
										0
									],
									"uv_size": [
										4,
										16
									]
								},
								"up": {
									"uv": [
										6,
										6
									],
									"uv_size": [
										4,
										4
									]
								},
								"down": {
									"uv": [
										10,
										10
									],
									"uv_size": [
										-4,
										-4
									]
								}
							}
						},
						{
							"origin": [
								-1,
								12,
								2
							],
							"size": [
								2,
								3,
								6
							],
							"uv": {
								"north": {
									"uv": [
										7,
										1
									],
									"uv_size": [
										2,
										3
									]
								},
								"east": {
									"uv": [
										0,
										1
									],
									"uv_size": [
										6,
										3
									]
								},
								"south": {
									"uv": [
										7,
										1
									],
									"uv_size": [
										2,
										3
									]
								},
								"west": {
									"uv": [
										10,
										1
									],
									"uv_size": [
										6,
										3
									]
								},
								"up": {
									"uv": [
										7,
										10
									],
									"uv_size": [
										2,
										6
									]
								},
								"down": {
									"uv": [
										9,
										6
									],
									"uv_size": [
										-2,
										-6
									]
								}
							}
						},
						{
							"origin": [
								-1,
								6,
								2
							],
							"size": [
								2,
								3,
								6
							],
							"uv": {
								"north": {
									"uv": [
										7,
										7
									],
									"uv_size": [
										2,
										3
									]
								},
								"east": {
									"uv": [
										0,
										7
									],
									"uv_size": [
										6,
										3
									]
								},
								"south": {
									"uv": [
										7,
										7
									],
									"uv_size": [
										2,
										3
									]
								},
								"west": {
									"uv": [
										10,
										7
									],
									"uv_size": [
										6,
										3
									]
								},
								"up": {
									"uv": [
										7,
										10
									],
									"uv_size": [
										2,
										6
									]
								},
								"down": {
									"uv": [
										9,
										6
									],
									"uv_size": [
										-2,
										-6
									]
								}
							}
						}
					]
				}
			]
		},
		{
			"description": {
				"identifier": "geometry.fences_wall_0",
				"texture_width": 16,
				"texture_height": 16,
				"visible_bounds_width": 2,
				"visible_bounds_height": 2.5,
				"visible_bounds_offset": [
					0,
					0.75,
					0
				]
			},
			"bones": [
				{
					"name": "bone",
					"pivot": [
						0,
						0,
						0
					],
					"cubes": [
						{
							"origin": [
								-2,
								0,
								-2
							],
							"size": [
								4,
								16,
								4
							],
							"uv": {
								"north": {
									"uv": [
										6,
										0
									],
									"uv_size": [
										4,
										16
									]
								},
								"east": {
									"uv": [
										6,
										0
									],
									"uv_size": [
										4,
										16
									]
								},
								"south": {
									"uv": [
										6,
										0
									],
									"uv_size": [
										4,
										16
									]
								},
								"west": {
									"uv": [
										6,
										0
									],
									"uv_size": [
										4,
										16
									]
								},
								"up": {
									"uv": [
										6,
										6
									],
									"uv_size": [
										4,
										4
									]
								},
								"down": {
									"uv": [
										10,
										10
									],
									"uv_size": [
										-4,
										-4
									]
								}
							}
						},
						{
							"origin": [
								-1,
								12,
								-8
							],
							"size": [
								2,
								3,
								6
							],
							"uv": {
								"north": {
									"uv": [
										7,
										1
									],
									"uv_size": [
										2,
										3
									]
								},
								"east": {
									"uv": [
										10,
										1
									],
									"uv_size": [
										6,
										3
									]
								},
								"south": {
									"uv": [
										7,
										1
									],
									"uv_size": [
										2,
										3
									]
								},
								"west": {
									"uv": [
										0,
										1
									],
									"uv_size": [
										6,
										3
									]
								},
								"up": {
									"uv": [
										7,
										0
									],
									"uv_size": [
										2,
										6
									]
								},
								"down": {
									"uv": [
										9,
										16
									],
									"uv_size": [
										-2,
										-6
									]
								}
							}
						},
						{
							"origin": [
								-1,
								6,
								-8
							],
							"size": [
								2,
								3,
								6
							],
							"uv": {
								"north": {
									"uv": [
										7,
										7
									],
									"uv_size": [
										2,
										3
									]
								},
								"east": {
									"uv": [
										10,
										7
									],
									"uv_size": [
										6,
										3
									]
								},
								"south": {
									"uv": [
										7,
										7
									],
									"uv_size": [
										2,
										3
									]
								},
								"west": {
									"uv": [
										0,
										7
									],
									"uv_size": [
										6,
										3
									]
								},
								"up": {
									"uv": [
										7,
										0
									],
									"uv_size": [
										2,
										6
									]
								},
								"down": {
									"uv": [
										9,
										16
									],
									"uv_size": [
										-2,
										-6
									]
								}
							}
						}
					]
				}
			]
		},
		{
			"description": {
				"identifier": "geometry.fences_wall_180",
				"texture_width": 16,
				"texture_height": 16,
				"visible_bounds_width": 2,
				"visible_bounds_height": 2.5,
				"visible_bounds_offset": [
					0,
					0.75,
					0
				]
			},
			"bones": [
				{
					"name": "bone",
					"pivot": [
						0,
						0,
						0
					],
					"cubes": [
						{
							"origin": [
								-2,
								0,
								-2
							],
							"size": [
								4,
								16,
								4
							],
							"uv": {
								"north": {
									"uv": [
										6,
										0
									],
									"uv_size": [
										4,
										16
									]
								},
								"east": {
									"uv": [
										6,
										0
									],
									"uv_size": [
										4,
										16
									]
								},
								"south": {
									"uv": [
										6,
										0
									],
									"uv_size": [
										4,
										16
									]
								},
								"west": {
									"uv": [
										6,
										0
									],
									"uv_size": [
										4,
										16
									]
								},
								"up": {
									"uv": [
										6,
										6
									],
									"uv_size": [
										4,
										4
									]
								},
								"down": {
									"uv": [
										10,
										10
									],
									"uv_size": [
										-4,
										-4
									]
								}
							}
						},
						{
							"origin": [
								-1,
								12,
								2
							],
							"size": [
								2,
								3,
								6
							],
							"uv": {
								"north": {
									"uv": [
										7,
										1
									],
									"uv_size": [
										2,
										3
									]
								},
								"east": {
									"uv": [
										0,
										1
									],
									"uv_size": [
										6,
										3
									]
								},
								"south": {
									"uv": [
										7,
										1
									],
									"uv_size": [
										2,
										3
									]
								},
								"west": {
									"uv": [
										10,
										1
									],
									"uv_size": [
										6,
										3
									]
								},
								"up": {
									"uv": [
										7,
										10
									],
									"uv_size": [
										2,
										6
									]
								},
								"down": {
									"uv": [
										9,
										6
									],
									"uv_size": [
										-2,
										-6
									]
								}
							}
						},
						{
							"origin": [
								-1,
								6,
								2
							],
							"size": [
								2,
								3,
								6
							],
							"uv": {
								"north": {
									"uv": [
										7,
										7
									],
									"uv_size": [
										2,
										3
									]
								},
								"east": {
									"uv": [
										0,
										7
									],
									"uv_size": [
										6,
										3
									]
								},
								"south": {
									"uv": [
										7,
										7
									],
									"uv_size": [
										2,
										3
									]
								},
								"west": {
									"uv": [
										10,
										7
									],
									"uv_size": [
										6,
										3
									]
								},
								"up": {
									"uv": [
										7,
										10
									],
									"uv_size": [
										2,
										6
									]
								},
								"down": {
									"uv": [
										9,
										6
									],
									"uv_size": [
										-2,
										-6
									]
								}
							}
						}
					]
				}
			]
		},
		{
			"description": {
				"identifier": "geometry.fences_wall_90",
				"texture_width": 16,
				"texture_height": 16,
				"visible_bounds_width": 2,
				"visible_bounds_height": 2.5,
				"visible_bounds_offset": [
					0,
					0.75,
					0
				]
			},
			"bones": [
				{
					"name": "bone",
					"pivot": [
						0,
						0,
						0
					],
					"cubes": [
						{
							"origin": [
								-2,
								0,
								-2
							],
							"size": [
								4,
								16,
								4
							],
							"uv": {
								"north": {
									"uv": [
										6,
										0
									],
									"uv_size": [
										4,
										16
									]
								},
								"east": {
									"uv": [
										6,
										0
									],
									"uv_size": [
										4,
										16
									]
								},
								"south": {
									"uv": [
										6,
										0
									],
									"uv_size": [
										4,
										16
									]
								},
								"west": {
									"uv": [
										6,
										0
									],
									"uv_size": [
										4,
										16
									]
								},
								"up": {
									"uv": [
										6,
										6
									],
									"uv_size": [
										4,
										4
									]
								},
								"down": {
									"uv": [
										10,
										10
									],
									"uv_size": [
										-4,
										-4
									]
								}
							}
						},
						{
							"origin": [
								2,
								12,
								-1
							],
							"size": [
								6,
								3,
								2
							],
							"uv": {
								"north": {
									"uv": [
										10,
										1
									],
									"uv_size": [
										6,
										3
									]
								},
								"east": {
									"uv": [
										7,
										1
									],
									"uv_size": [
										2,
										3
									]
								},
								"south": {
									"uv": [
										0,
										1
									],
									"uv_size": [
										6,
										3
									]
								},
								"west": {
									"uv": [
										7,
										1
									],
									"uv_size": [
										2,
										3
									]
								},
								"up": {
									"uv": [
										0,
										7
									],
									"uv_size": [
										6,
										2
									]
								},
								"down": {
									"uv": [
										6,
										9
									],
									"uv_size": [
										-6,
										-2
									]
								}
							}
						},
						{
							"origin": [
								2,
								6,
								-1
							],
							"size": [
								6,
								3,
								2
							],
							"uv": {
								"north": {
									"uv": [
										10,
										7
									],
									"uv_size": [
										6,
										3
									]
								},
								"east": {
									"uv": [
										7,
										7
									],
									"uv_size": [
										2,
										3
									]
								},
								"south": {
									"uv": [
										0,
										7
									],
									"uv_size": [
										6,
										3
									]
								},
								"west": {
									"uv": [
										7,
										7
									],
									"uv_size": [
										2,
										3
									]
								},
								"up": {
									"uv": [
										0,
										7
									],
									"uv_size": [
										6,
										2
									]
								},
								"down": {
									"uv": [
										6,
										9
									],
									"uv_size": [
										-6,
										-2
									]
								}
							}
						}
					]
				}
			]
		},
		{
			"description": {
				"identifier": "geometry.fences_wall_270",
				"texture_width": 16,
				"texture_height": 16,
				"visible_bounds_width": 2,
				"visible_bounds_height": 2.5,
				"visible_bounds_offset": [
					0,
					0.75,
					0
				]
			},
			"bones": [
				{
					"name": "bone",
					"pivot": [
						0,
						0,
						0
					],
					"cubes": [
						{
							"origin": [
								-8,
								12,
								-1
							],
							"size": [
								6,
								3,
								2
							],
							"uv": {
								"north": {
									"uv": [
										0,
										1
									],
									"uv_size": [
										6,
										3
									]
								},
								"east": {
									"uv": [
										7,
										1
									],
									"uv_size": [
										2,
										3
									]
								},
								"south": {
									"uv": [
										10,
										1
									],
									"uv_size": [
										6,
										3
									]
								},
								"west": {
									"uv": [
										7,
										1
									],
									"uv_size": [
										2,
										3
									]
								},
								"up": {
									"uv": [
										10,
										7
									],
									"uv_size": [
										6,
										2
									]
								},
								"down": {
									"uv": [
										16,
										9
									],
									"uv_size": [
										-6,
										-2
									]
								}
							}
						},
						{
							"origin": [
								-8,
								6,
								-1
							],
							"size": [
								6,
								3,
								2
							],
							"uv": {
								"north": {
									"uv": [
										0,
										7
									],
									"uv_size": [
										6,
										3
									]
								},
								"east": {
									"uv": [
										7,
										7
									],
									"uv_size": [
										2,
										3
									]
								},
								"south": {
									"uv": [
										10,
										7
									],
									"uv_size": [
										6,
										3
									]
								},
								"west": {
									"uv": [
										7,
										7
									],
									"uv_size": [
										2,
										3
									]
								},
								"up": {
									"uv": [
										10,
										7
									],
									"uv_size": [
										6,
										2
									]
								},
								"down": {
									"uv": [
										16,
										9
									],
									"uv_size": [
										-6,
										-2
									]
								}
							}
						},
						{
							"origin": [
								-2,
								0,
								-2
							],
							"size": [
								4,
								16,
								4
							],
							"uv": {
								"north": {
									"uv": [
										6,
										0
									],
									"uv_size": [
										4,
										16
									]
								},
								"east": {
									"uv": [
										6,
										0
									],
									"uv_size": [
										4,
										16
									]
								},
								"south": {
									"uv": [
										6,
										0
									],
									"uv_size": [
										4,
										16
									]
								},
								"west": {
									"uv": [
										6,
										0
									],
									"uv_size": [
										4,
										16
									]
								},
								"up": {
									"uv": [
										6,
										6
									],
									"uv_size": [
										4,
										4
									]
								},
								"down": {
									"uv": [
										10,
										10
									],
									"uv_size": [
										-4,
										-4
									]
								}
							}
						}
					]
				}
			]
		},
		{
			"description": {
				"identifier": "geometry.fences_standing",
				"texture_width": 16,
				"texture_height": 16,
				"visible_bounds_width": 2,
				"visible_bounds_height": 2.5,
				"visible_bounds_offset": [
					0,
					0.75,
					0
				]
			},
			"bones": [
				{
					"name": "bone",
					"pivot": [
						0,
						0,
						0
					],
					"cubes": [
						{
							"origin": [
								-2,
								0,
								-2
							],
							"size": [
								4,
								16,
								4
							],
							"uv": {
								"north": {
									"uv": [
										6,
										0
									],
									"uv_size": [
										4,
										16
									]
								},
								"east": {
									"uv": [
										6,
										0
									],
									"uv_size": [
										4,
										16
									]
								},
								"south": {
									"uv": [
										6,
										0
									],
									"uv_size": [
										4,
										16
									]
								},
								"west": {
									"uv": [
										6,
										0
									],
									"uv_size": [
										4,
										16
									]
								},
								"up": {
									"uv": [
										6,
										6
									],
									"uv_size": [
										4,
										4
									]
								},
								"down": {
									"uv": [
										10,
										10
									],
									"uv_size": [
										-4,
										-4
									]
								}
							}
						}
					]
				}
			]
		}
	]
}