{
	"format_version": "1.12.0",
	"minecraft:geometry": [
		{
			"description": {
				"identifier": "geometry.witherstormmod_tainted_skeleton_wall",
				"texture_width": 48,
				"texture_height": 32,
				"visible_bounds_width": 3,
				"visible_bounds_height": 4,
				"visible_bounds_offset": [
					0,
					1,
					0
				]
			},
			"bones": [
				{
					"name": "skele",
					"pivot": [
						-1,
						-1,
						-4
					],
					"cubes": [
						{
							"origin": [
								-13.48856,
								15.26144,
								-1
							],
							"size": [
								8,
								8,
								8
							],
							"pivot": [
								-1,
								19,
								3
							],
							"rotation": [
								0,
								0,
								-45
							],
							"uv": {
								"north": {
									"uv": [
										15.99999,
										8
									],
									"uv_size": [
										-7.99998,
										8
									]
								},
								"east": {
									"uv": [
										0,
										8
									],
									"uv_size": [
										7.99998,
										8
									]
								},
								"south": {
									"uv": [
										32.00001,
										8
									],
									"uv_size": [
										-8.00001,
										8
									]
								},
								"west": {
									"uv": [
										15.99999,
										8
									],
									"uv_size": [
										8.00001,
										8
									]
								},
								"up": {
									"uv": [
										16,
										0
									],
									"uv_size": [
										-8.00001,
										8
									]
								},
								"down": {
									"uv": [
										24.00001,
										8
									],
									"uv_size": [
										-8.00001,
										-8
									]
								}
							}
						},
						{
							"origin": [
								-5,
								1,
								1
							],
							"size": [
								8,
								12,
								4
							],
							"pivot": [
								1,
								6,
								-5
							],
							"rotation": [
								0,
								0,
								-22.5
							],
							"uv": {
								"north": {
									"uv": [
										27.99999,
										20
									],
									"uv_size": [
										-7.99998,
										12
									]
								},
								"east": {
									"uv": [
										20.00001,
										20
									],
									"uv_size": [
										-4.00002,
										12
									]
								},
								"south": {
									"uv": [
										39.99999,
										20
									],
									"uv_size": [
										-7.99998,
										12
									]
								},
								"west": {
									"uv": [
										32.00001,
										20
									],
									"uv_size": [
										-4.00002,
										12
									]
								},
								"down": {
									"uv": [
										36,
										16
									],
									"uv_size": [
										-8.00001,
										4
									]
								}
							}
						},
						{
							"origin": [
								2,
								-14,
								4
							],
							"size": [
								2,
								12,
								2
							],
							"pivot": [
								3,
								-6,
								-5
							],
							"rotation": [
								22.5,
								0,
								0
							],
							"uv": {
								"north": {
									"uv": [
										2.00001,
										18
									],
									"uv_size": [
										-2.00001,
										12
									]
								},
								"east": {
									"uv": [
										8.00001,
										18
									],
									"uv_size": [
										-2.00001,
										12
									]
								},
								"south": {
									"uv": [
										3.99999,
										18
									],
									"uv_size": [
										-1.99998,
										12
									]
								},
								"west": {
									"uv": [
										6,
										18
									],
									"uv_size": [
										-2.00001,
										12
									]
								},
								"up": {
									"uv": [
										6,
										16
									],
									"uv_size": [
										-2.00001,
										2
									]
								},
								"down": {
									"uv": [
										3.99999,
										16
									],
									"uv_size": [
										-1.99998,
										2
									]
								}
							}
						},
						{
							"origin": [
								-4,
								-11.03503,
								2
							],
							"size": [
								1.6003,
								11.03503,
								2
							],
							"pivot": [
								-1,
								-6,
								-5
							],
							"rotation": [
								0,
								0,
								22.5
							],
							"uv": {
								"north": {
									"uv": [
										2.00001,
										18
									],
									"uv_size": [
										-2.00001,
										12
									]
								},
								"east": {
									"uv": [
										8.00001,
										18
									],
									"uv_size": [
										-2.00001,
										12
									]
								},
								"south": {
									"uv": [
										3.99999,
										18
									],
									"uv_size": [
										-1.99998,
										12
									]
								},
								"west": {
									"uv": [
										6,
										18
									],
									"uv_size": [
										-2.00001,
										12
									]
								},
								"up": {
									"uv": [
										3.99999,
										16
									],
									"uv_size": [
										-1.99998,
										2
									]
								},
								"down": {
									"uv": [
										6,
										16
									],
									"uv_size": [
										-1.99998,
										2
									]
								}
							}
						},
						{
							"origin": [
								3,
								1,
								3
							],
							"size": [
								2,
								12,
								2
							],
							"pivot": [
								4,
								7,
								3
							],
							"rotation": [
								0,
								0,
								-22.5
							],
							"uv": {
								"north": {
									"uv": [
										43.99998,
										18
									],
									"uv_size": [
										-1.99998,
										12
									]
								},
								"east": {
									"uv": [
										48,
										18
									],
									"uv_size": [
										-2.00001,
										12
									]
								},
								"south": {
									"uv": [
										42,
										18
									],
									"uv_size": [
										-2.00001,
										12
									]
								},
								"west": {
									"uv": [
										45.99999,
										18
									],
									"uv_size": [
										-2.00001,
										12
									]
								},
								"up": {
									"uv": [
										43.99998,
										16
									],
									"uv_size": [
										-1.99998,
										2
									]
								},
								"down": {
									"uv": [
										45.99999,
										16
									],
									"uv_size": [
										-2.00001,
										2
									]
								}
							}
						},
						{
							"origin": [
								-7,
								-3,
								4
							],
							"size": [
								2,
								12,
								2
							],
							"pivot": [
								-7,
								3,
								3
							],
							"rotation": [
								0,
								-22.5,
								0
							],
							"uv": {
								"north": {
									"uv": [
										6.99998,
										17
									],
									"uv_size": [
										-1.99998,
										12
									]
								},
								"east": {
									"uv": [
										48,
										18
									],
									"uv_size": [
										-2.00001,
										12
									]
								},
								"south": {
									"uv": [
										42,
										18
									],
									"uv_size": [
										-2.00001,
										12
									]
								},
								"west": {
									"uv": [
										45.99999,
										18
									],
									"uv_size": [
										-2.00001,
										12
									]
								},
								"up": {
									"uv": [
										43.99998,
										16
									],
									"uv_size": [
										-1.99998,
										2
									]
								},
								"down": {
									"uv": [
										43.99998,
										16
									],
									"uv_size": [
										-1.99998,
										2
									]
								}
							}
						}
					]
				}
			]
		}
	]
}