{
	"format_version": "1.12.0",
	"minecraft:geometry": [
		{
			"description": {
				"identifier": "geometry.witherstormmod_tainted_zombie_wall",
				"texture_width": 64,
				"texture_height": 32,
				"visible_bounds_width": 3,
				"visible_bounds_height": 2.5,
				"visible_bounds_offset": [
					0,
					0.75,
					0
				]
			},
			"bones": [
				{
					"name": "zombie",
					"pivot": [
						0,
						8,
						-4
					],
					"cubes": [
						{
							"origin": [
								-4,
								10.62024,
								-2.37976
							],
							"size": [
								8,
								8,
								8
							],
							"pivot": [
								0,
								16.18851,
								-0.61092
							],
							"rotation": [
								45,
								0,
								0
							],
							"uv": {
								"north": {
									"uv": [
										8,
										8
									],
									"uv_size": [
										8,
										8
									]
								},
								"east": {
									"uv": [
										0,
										8
									],
									"uv_size": [
										8,
										8
									]
								},
								"south": {
									"uv": [
										24,
										8
									],
									"uv_size": [
										8,
										8
									]
								},
								"west": {
									"uv": [
										16,
										8
									],
									"uv_size": [
										8,
										8
									]
								},
								"up": {
									"uv": [
										16,
										0
									],
									"uv_size": [
										-8,
										8
									]
								},
								"down": {
									"uv": [
										24,
										8
									],
									"uv_size": [
										-8,
										-8
									]
								}
							}
						},
						{
							"origin": [
								-3,
								16,
								-0.05
							],
							"size": [
								6,
								1,
								0
							],
							"pivot": [
								0,
								16.18851,
								-0.61092
							],
							"rotation": [
								45,
								0,
								0
							],
							"uv": {
								"north": {
									"uv": [
										9,
										12
									],
									"uv_size": [
										6,
										1
									]
								}
							}
						},
						{
							"origin": [
								-4,
								3,
								5
							],
							"size": [
								8,
								12,
								4
							],
							"uv": {
								"north": {
									"uv": [
										20,
										20
									],
									"uv_size": [
										8,
										12
									]
								},
								"east": {
									"uv": [
										16,
										20
									],
									"uv_size": [
										4,
										12
									]
								},
								"south": {
									"uv": [
										32,
										20
									],
									"uv_size": [
										8,
										12
									]
								},
								"west": {
									"uv": [
										28,
										20
									],
									"uv_size": [
										4,
										12
									]
								},
								"up": {
									"uv": [
										28,
										20
									],
									"uv_size": [
										-8,
										-4
									]
								},
								"down": {
									"uv": [
										36,
										20
									],
									"uv_size": [
										-8,
										-4
									]
								}
							}
						},
						{
							"origin": [
								5.3,
								2.30426,
								5.0469
							],
							"size": [
								4,
								12,
								4
							],
							"pivot": [
								6.001,
								8.40426,
								0.2469
							],
							"rotation": [
								0,
								0,
								-22.5
							],
							"uv": {
								"north": {
									"uv": [
										44,
										20
									],
									"uv_size": [
										4,
										12
									]
								},
								"east": {
									"uv": [
										40,
										20
									],
									"uv_size": [
										4,
										12
									]
								},
								"south": {
									"uv": [
										52,
										20
									],
									"uv_size": [
										4,
										12
									]
								},
								"west": {
									"uv": [
										48,
										20
									],
									"uv_size": [
										4,
										12
									]
								},
								"up": {
									"uv": [
										48,
										20
									],
									"uv_size": [
										-4,
										-4
									]
								},
								"down": {
									"uv": [
										52,
										20
									],
									"uv_size": [
										-4,
										-4
									]
								}
							}
						},
						{
							"origin": [
								-8,
								4,
								3.5
							],
							"size": [
								4,
								12,
								4
							],
							"pivot": [
								-6.001,
								8.40426,
								0.2469
							],
							"rotation": [
								-22.5,
								0,
								0
							],
							"uv": {
								"north": {
									"uv": [
										44,
										20
									],
									"uv_size": [
										4,
										12
									]
								},
								"east": {
									"uv": [
										40,
										20
									],
									"uv_size": [
										4,
										12
									]
								},
								"south": {
									"uv": [
										52,
										20
									],
									"uv_size": [
										4,
										12
									]
								},
								"west": {
									"uv": [
										48,
										20
									],
									"uv_size": [
										4,
										12
									]
								},
								"up": {
									"uv": [
										48,
										20
									],
									"uv_size": [
										-4,
										-4
									]
								},
								"down": {
									"uv": [
										52,
										20
									],
									"uv_size": [
										-4,
										-4
									]
								}
							}
						},
						{
							"origin": [
								-4,
								-8.92309,
								7.64061
							],
							"size": [
								4,
								12,
								4
							],
							"pivot": [
								-2,
								-0.64124,
								5.35876
							],
							"rotation": [
								45,
								0,
								0
							],
							"uv": {
								"north": {
									"uv": [
										4,
										20
									],
									"uv_size": [
										4,
										12
									]
								},
								"east": {
									"uv": [
										0,
										20
									],
									"uv_size": [
										4,
										12
									]
								},
								"south": {
									"uv": [
										12,
										20
									],
									"uv_size": [
										4,
										12
									]
								},
								"west": {
									"uv": [
										8,
										20
									],
									"uv_size": [
										4,
										12
									]
								},
								"up": {
									"uv": [
										8,
										20
									],
									"uv_size": [
										-4,
										-4
									]
								},
								"down": {
									"uv": [
										12,
										20
									],
									"uv_size": [
										-4,
										-4
									]
								}
							}
						},
						{
							"origin": [
								0,
								-9.75,
								7.25
							],
							"size": [
								4,
								12,
								4
							],
							"pivot": [
								2,
								-4,
								2
							],
							"rotation": [
								22.5,
								0,
								0
							],
							"uv": {
								"north": {
									"uv": [
										4,
										20
									],
									"uv_size": [
										4,
										12
									]
								},
								"east": {
									"uv": [
										0,
										20
									],
									"uv_size": [
										4,
										12
									]
								},
								"south": {
									"uv": [
										12,
										20
									],
									"uv_size": [
										4,
										12
									]
								},
								"west": {
									"uv": [
										8,
										20
									],
									"uv_size": [
										4,
										12
									]
								},
								"up": {
									"uv": [
										8,
										20
									],
									"uv_size": [
										-4,
										-4
									]
								},
								"down": {
									"uv": [
										12,
										20
									],
									"uv_size": [
										-4,
										-4
									]
								}
							}
						}
					]
				}
			]
		}
	]
}