{
    "format_version": "1.20.80",
    "minecraft:item": {
        "description": {
            "identifier": "yes:warden_heart",
            "menu_category": {
                "category": "items",
                "group": "itemGroup.name.ingot"
            }
        },
        "components": {
            "minecraft:tags": {
                "tags": []
            },
            "minecraft:glint": true,
            "minecraft:max_stack_size": 1,
            "minecraft:display_name": {
                "value": "\u00a7bWarden Heart\n\ue116\u00a7l\ue05b\u00a7r\ue115\n\ue05c"
            },
            "minecraft:icon": "warden_heart"
        }
    }
}