{
    "pools": [
        {
            "rolls": {
                "min": 1,
                "max": 3
            },
            "entries": [
                {
                    "type": "item",
                    "name": "minecraft:lead",
                    "weight": 100
                },
                {
                    "type": "item",
                    "name": "minecraft:golden_apple",
                    "weight": 75
                },
                {
                    "type": "item",
                    "name": "minecraft:appleEnchanted",
                    "weight": 10
                },
                {
                    "type": "item",
                    "name": "minecraft:record_13",
                    "weight": 75
                },
                {
                    "type": "item",
                    "name": "minecraft:record_cat",
                    "weight": 75
                },
                {
                    "type": "item",
                    "name": "minecraft:name_tag",
                    "weight": 100
                },
                {
                    "type": "item",
                    "name": "minecraft:chainmail_chestplate",
                    "weight": 50
                },
                {
                    "type": "item",
                    "name": "minecraft:diamond_hoe",
                    "weight": 75
                },
                {
                    "type": "item",
                    "name": "minecraft:diamond_chestplate",
                    "weight": 25
                },
                {
                    "type": "item",
                    "name": "minecraft:book",
                    "weight": 60,
                    "functions": [
                        {
                            "function": "enchant_randomly",
                            "treasure": true
                        }
                    ]
                }
            ]
        },
        {
            "rolls": {
                "min": 1,
                "max": 4
            },
            "entries": [
                {
                    "type": "item",
                    "name": "minecraft:iron_ingot",
                    "weight": 50,
                    "functions": [
                        {
                            "function": "set_count",
                            "count": {
                                "min": 1,
                                "max": 4
                            }
                        }
                    ]
                },
                {
                    "type": "item",
                    "name": "minecraft:gold_ingot",
                    "weight": 25,
                    "functions": [
                        {
                            "function": "set_count",
                            "count": {
                                "min": 1,
                                "max": 4
                            }
                        }
                    ]
                },
                {
                    "type": "item",
                    "name": "minecraft:bread",
                    "weight": 100
                },
                {
                    "type": "item",
                    "name": "minecraft:wheat",
                    "weight": 100,
                    "functions": [
                        {
                            "function": "set_count",
                            "count": {
                                "min": 1,
                                "max": 4
                            }
                        }
                    ]
                },
                {
                    "type": "item",
                    "name": "minecraft:bucket",
                    "weight": 50
                },
                {
                    "type": "item",
                    "name": "minecraft:redstone",
                    "weight": 75,
                    "functions": [
                        {
                            "function": "set_count",
                            "count": {
                                "min": 1,
                                "max": 4
                            }
                        }
                    ]
                },
                {
                    "type": "item",
                    "name": "minecraft:coal",
                    "weight": 75,
                    "functions": [
                        {
                            "function": "set_count",
                            "count": {
                                "min": 1,
                                "max": 4
                            }
                        }
                    ]
                },
                {
                    "type": "item",
                    "name": "minecraft:melon_seeds",
                    "functions": [
                        {
                            "function": "set_count",
                            "count": {
                                "min": 2,
                                "max": 4
                            }
                        }
                    ],
                    "weight": 50
                },
                {
                    "type": "item",
                    "name": "minecraft:pumpkin_seeds",
                    "functions": [
                        {
                            "function": "set_count",
                            "count": {
                                "min": 2,
                                "max": 4
                            }
                        }
                    ],
                    "weight": 50
                },
                {
                    "type": "item",
                    "name": "minecraft:beetroot_seeds",
                    "functions": [
                        {
                            "function": "set_count",
                            "count": {
                                "min": 2,
                                "max": 4
                            }
                        }
                    ],
                    "weight": 50
                }
            ]
        },
        {
            "rolls": 3,
            "entries": [
                {
                    "type": "item",
                    "name": "minecraft:bone",
                    "weight": 50,
                    "functions": [
                        {
                            "function": "set_count",
                            "count": {
                                "min": 1,
                                "max": 8
                            }
                        }
                    ]
                },
                {
                    "type": "item",
                    "name": "minecraft:gunpowder",
                    "weight": 50,
                    "functions": [
                        {
                            "function": "set_count",
                            "count": {
                                "min": 1,
                                "max": 8
                            }
                        }
                    ]
                },
                {
                    "type": "item",
                    "name": "minecraft:rotten_flesh",
                    "weight": 50,
                    "functions": [
                        {
                            "function": "set_count",
                            "count": {
                                "min": 1,
                                "max": 8
                            }
                        }
                    ]
                },
                {
                    "type": "item",
                    "name": "minecraft:string",
                    "weight": 50,
                    "functions": [
                        {
                            "function": "set_count",
                            "count": {
                                "min": 1,
                                "max": 8
                            }
                        }
                    ]
                }
            ]
        },
        {
            "rolls": 1,
            "entries": [
                {
                    "type": "empty",
                    "weight": 1
                },
                {
                    "type": "item",
                    "name": "minecraft:vex_armor_trim_smithing_template",
                    "weight": 1
                }
            ]
        },
        {
            "rolls": 1,
            "entries": [
                {
                    "type": "empty",
                    "weight": 50
                },
                {
                    "type": "item",
                    "name": "ewings:fairy_1_0",
                    "weight": 1
                },
                {
                    "type": "item",
                    "name": "ewings:fairy_1_1",
                    "weight": 1
                },
                {
                    "type": "item",
                    "name": "ewings:fairy_1_2",
                    "weight": 1
                },
                {
                    "type": "item",
                    "name": "ewings:fairy_1_3",
                    "weight": 1
                },
                {
                    "type": "item",
                    "name": "ewings:fairy_1_4",
                    "weight": 1
                },
                {
                    "type": "item",
                    "name": "ewings:fairy_1_5",
                    "weight": 1
                },
                {
                    "type": "item",
                    "name": "ewings:fairy_1_6",
                    "weight": 1
                },
                {
                    "type": "item",
                    "name": "ewings:fairy_1_7",
                    "weight": 1
                },
                {
                    "type": "item",
                    "name": "ewings:fairy_1_8",
                    "weight": 1
                },
                {
                    "type": "item",
                    "name": "ewings:fairy_1_9",
                    "weight": 1
                },
                {
                    "type": "item",
                    "name": "ewings:fairy_1_10",
                    "weight": 1
                },
                {
                    "type": "item",
                    "name": "ewings:fairy_1_11",
                    "weight": 1
                },
                {
                    "type": "item",
                    "name": "ewings:fairy_1_12",
                    "weight": 1
                },
                {
                    "type": "item",
                    "name": "ewings:fairy_1_13",
                    "weight": 1
                },
                {
                    "type": "item",
                    "name": "ewings:fairy_1_14",
                    "weight": 1
                },
                {
                    "type": "item",
                    "name": "ewings:fairy_1_15",
                    "weight": 1
                },
                {
                    "type": "item",
                    "name": "ewings:fairy_3_0",
                    "weight": 1
                },
                {
                    "type": "item",
                    "name": "ewings:fairy_3_1",
                    "weight": 1
                },
                {
                    "type": "item",
                    "name": "ewings:fairy_3_2",
                    "weight": 1
                }
            ]
        }
    ]
}