{
	"format_version": "1.16.100",
	"minecraft:item": {
		"description": {
			"identifier": "tt:crimson_boots",
			"category": "equipment"
		},
		"components": {
			"minecraft:max_stack_size": 1,
			"minecraft:enchantable": {
				"value": 10,
				"slot": "armor_feet"
			},
			"minecraft:durability": {
				"max_durability": 300,
				"damage_chance": {
					"min": 60,
					"max": 100
				}
			},
			"minecraft:armor": {
				"protection": 6
			},
			"minecraft:wearable": {
				"slot": "slot.armor.feet",
				"dispensable": true
			},
			"minecraft:creative_category": {
				"parent": "itemGroup.name.boots"
			},
			"minecraft:icon": {
				"texture": "crimson_boots"
			},
			"minecraft:render_offsets": "boots"
		}
	}
}