{
  "format_version": "1.12",
  "minecraft:recipe_shaped": {
    "description": {
    "identifier": "ycreatures_savanna:baobab_smoker_stripped"
    },

    "tags": [ "crafting_table" ],
    "pattern": [
      " # ",
	  "#P#",
      " # "
    ],
    "key": {
      "P": {
        "item": "minecraft:furnace"
      },
      "#": {
        "item": "ycreatures_savanna:stripped_baobab_log"
      }
    },
    "result": {
      "item": "minecraft:smoker",
      "count": 1
    }
  }
}
