{
  "format_version": "1.12",
  "minecraft:recipe_shaped": {
    "description": {
    "identifier": "ycreatures_savanna:baobab_cartography_table"
    },

    "tags": [ "crafting_table" ],
    "pattern": [
      "PP",
      "##",
	  "##"
    ],
    "key": {
      "P": {
        "item": "minecraft:paper"
      },
      "#": {
        "item": "ycreatures_savanna:baobab_planks"
      }
    },
    "result": {
      "item": "minecraft:cartography_table",
      "count": 1
    }
  }
}
