{
    "format_version": "1.20.80",
    "minecraft:item": {
        "description": {
            "identifier": "yes:echo_staff_ad1",
            "menu_category": {
                "category": "nature",
                "group": "itemGroup.name.monsterStoneEgg"
            }
        },
        "components": {
            "minecraft:tags": {
                "tags": [
                    "ability:echo_staff",
                    "yes:two_worded_type",
                    "yes:netherite_tier"
                ]
            },
            "minecraft:custom_components": [
                "yes:mining_durability_damage",
                "yes:on_use",
                "yes:hit_durability_damage"
            ],
            "minecraft:max_stack_size": 1,
            "minecraft:hand_equipped": true,
            "minecraft:allow_off_hand": false,
            "minecraft:durability": {
                "max_durability": 3122,
                "damage_chance": {
                    "min": 60,
                    "max": 100
                }
            },
            "minecraft:display_name": {
                "value": "\u00a7bEcho Staff\n\ue196\u00a7l\ue05b\u00a7r\ue195\n\ue05c\n\n\u00a76Special Attack:\n\u00a7e[\u00a79+7 atk\ue19e\u00a7e]\n\u00a7e[\u00a790.64 secs\ue189\u00a7e]\n\u00a7e[\u00a793 secs\ue18b\u00a7e]\n\u00a7e[\u00a7910 secs\ue188\u00a7e]\n\u00a77Ability Damage I"
            },
            "minecraft:icon": "echo_staff",
            "minecraft:damage": 0,
            "minecraft:repairable": {
                "repair_items": [
                    {
                        "items": [
                            "yes:echo_staff"
                        ],
                        "repair_amount": "context.other->query.remaining_durability+0.12*context.other->query.max_durability"
                    },
                    {
                        "items": [
                            "yes:warden_heart"
                        ],
                        "repair_amount": "query.max_durability"
                    },
                    {
                        "items": [
                            "minecraft:echo_shard",
                            "yes:warden_tendril"
                        ],
                        "repair_amount": "query.max_durability*0.33"
                    }
                ]
            },
            "minecraft:use_modifiers": {
                "use_duration": 0.05,
                "movement_modifier": 1
            },
            "minecraft:cooldown": {
                "category": "echo_staff",
                "duration": 10
            },
            "minecraft:glint": true,
            "minecraft:can_destroy_in_creative": false,
            "minecraft:enchantable": {
                "value": 12,
                "slot": "sword"
            }
        }
    }
}