{
	"format_version": "1.8.0",
	"animations": {
		"animation.omastar.quiet": {
			"loop": true,
			"animation_length": 1.6,
			"bones": {
				"shell": {
					"rotation": {
						"0.0": [0, 0, 0],
						"0.8": [-5, 0, 0],
						"1.6": [0, 0, 0]
					}
				},
				"right_arm": {
					"rotation": {
						"0.0": [2.5, 0, 25],
						"0.8": [0, 0, 10],
						"1.6": [0, 0, 25]
					}
				},
				"left_arm": {
					"rotation": {
						"0.0": [2.5, 2.5, -25],
						"0.8": [0, 0, -10],
						"1.6": [0, 2.5, -25]
					}
				},
				"arms": {
					"rotation": [0, 0, 0]
				}
			}
		},
		"animation.omastar.walk": {
			"loop": true,
			"animation_length": 0.8,
			"bones": {
				"shell": {
					"rotation": {
						"0.0": [0, 0, 0],
						"0.2": [0, 0, -10],
						"0.6": [0, 0, 10],
						"0.8": [0, 0, 0]
					}
				},
				"body": {
					"rotation": {
						"0.0": [0, 0, -5],
						"0.4": [0, 0, 5],
						"0.8": [0, 0, -5]
					}
				},
				"right_side": {
					"rotation": {
						"0.0": [0, 20, 0],
						"0.4": [0, -20, 0],
						"0.8": [0, 20, 0]
					}
				},
				"right_arm": {
					"rotation": {
						"0.0": [0, 0, -10],
						"0.4": [0, 0, 10],
						"0.8": [0, 0, -10]
					}
				},
				"left_side": {
					"rotation": {
						"0.0": [0, -20, 0],
						"0.4": [0, 20, 0],
						"0.8": [0, -20, 0]
					}
				},
				"left_arm": {
					"rotation": {
						"0.0": [0, 0, -10],
						"0.4": [0, 0, 10],
						"0.8": [0, 0, -10]
					}
				}
			}
		},
		"animation.omastar.sitting": {
			"loop": true,
			"animation_length": 1.6,
			"bones": {
				"shell": {
					"rotation": {
						"0.0": [0, 0, 0],
						"0.8": [-5, 0, 0],
						"1.6": [0, 0, 0]
					}
				},
				"right_arm": {
					"rotation": {
						"0.0": [0, 0, -25],
						"0.8": [0, 0, -10],
						"1.6": [0, 0, -25]
					}
				},
				"left_arm": {
					"rotation": {
						"0.0": [0, 0, 25],
						"0.8": [0, 0, 10],
						"1.6": [0, 0, 25]
					}
				},
				"arms": {
					"rotation": [0, 0, 0]
				}
			}
		},
		"animation.omastar.jump": {
			"loop": true,
			"bones": {
				"omastar": {
					"rotation": [-30, 0, 0],
					"position": [0, 2, 0]
				},
				"shell": {
					"rotation": [-20, 0, 0],
					"position": [0, 0, -1]
				},
				"right_arm": {
					"rotation": [0, 0, -45]
				},
				"left_arm": {
					"rotation": [0, 0, 45]
				}
			}
		},
		"animation.omastar.swimming": {
			"loop": true,
			"animation_length": 0.8,
			"bones": {
				"omastar": {
					"rotation": [-30, 0, 0],
					"position": [0, 2, 0]
				},
				"shell": {
					"rotation": {
						"0.0": [-20, 0, 0],
						"0.4": [-30, 0, 0],
						"0.8": [-20, 0, 0]
					},
					"position": [0, 0, -1]
				},
				"right_arm": {
					"rotation": {
						"0.0": [0, 40, -45],
						"0.4": [0, -30, -45],
						"0.8": [0, 40, -45]
					}
				},
				"left_arm": {
					"rotation": {
						"0.0": [0, -40, 45],
						"0.4": [0, 30, 45],
						"0.8": [0, -40, 45]
					}
				},
				"left_side": {
					"rotation": {
						"0.0": [-20, -15, 0],
						"0.4": [-30, -15, 20],
						"0.8": [-20, -15, 0]
					}
				},
				"right_side": {
					"rotation": {
						"0.0": [-20, 15, 0],
						"0.4": [-30, 15, -20],
						"0.8": [-20, 15, 0]
					}
				}
			}
		},
		"animation.omastar.sink": {
			"loop": true,
			"animation_length": 0.8,
			"bones": {
				"omastar": {
					"rotation": {
						"0.0": [-30, 0, 0],
						"0.3": [-15, 0, 0],
						"0.8": [-30, 0, 0]
					},
					"position": [0, 2, 0]
				},
				"shell": {
					"rotation": {
						"0.0": [-20, 0, 0],
						"0.4": [-30, 0, 0],
						"0.8": [-20, 0, 0]
					},
					"position": [0, 0, -1]
				},
				"right_arm": {
					"rotation": {
						"0.0": [0, 40, -45],
						"0.4": [0, -30, -45],
						"0.8": [0, 40, -45]
					}
				},
				"left_arm": {
					"rotation": {
						"0.0": [0, -40, 45],
						"0.4": [0, 30, 45],
						"0.8": [0, -40, 45]
					}
				},
				"left_side": {
					"rotation": {
						"0.0": [-20, -15, 0],
						"0.4": [-30, -15, 20],
						"0.8": [-20, -15, 0]
					}
				},
				"right_side": {
					"rotation": {
						"0.0": [-20, 15, 0],
						"0.4": [-30, 15, -20],
						"0.8": [-20, 15, 0]
					}
				}
			}
		},
		"animation.omastar.direction": {
			"loop": true,
			"bones": {
				"omastar": {
					"rotation": [ "query.target_x_rotation - this", "query.target_y_rotation - this", "-math.max(-20,math.min(20,query.yaw_speed))"]
				}
			}
		},
        "animation.omastar.health_bar":{
            "loop":true,
            "bones":{
                "health_hover":{
    "rotation":["q.camera_rotation(0)","q.camera_rotation(1)-q.body_y_rotation",0],
	"position": [0,26,0],
    "scale":"query.is_in_ui?0:1.3"
                },
				"bar_green": {
					"scale": ["query.health/query.max_health*1", 1, 1]
				},
				"bar_black": {
					"scale": ["(1)+(query.health/query.max_health*-1)", 1, 1]
				}
			}
        }
	}
}