{
	"format_version": "1.8.0",
	"animations": {
		"animation.omanyte.quiet": {
			"loop": true,
			"animation_length": 1.6,
			"bones": {
				"shell": {
					"rotation": {
						"0.0": [0, 0, 0],
						"0.8": [-5, 0, 0],
						"1.6": [0, 0, 0]
					}
				},
				"right_arm": {
					"rotation": {
						"0.0": [0, 0, 25],
						"0.8": [0, 0, 10],
						"1.6": [0, 0, 25]
					}
				},
				"left_arm": {
					"rotation": {
						"0.0": [0, 0, -25],
						"0.8": [0, 0, -10],
						"1.6": [0, 0, -25]
					}
				},
				"arms": {
					"rotation": [0, 0, 0]
				}
			}
		},
		"animation.omanyte.walk": {
			"loop": true,
			"animation_length": 0.8,
			"bones": {
				"shell": {
					"rotation": {
						"0.0": [0, 0, 0],
						"0.2": [0, 0, -10],
						"0.6": [0, 0, 10],
						"0.8": [0, 0, 0]
					}
				},
				"body": {
					"rotation": {
						"0.0": [0, 0, -5],
						"0.4": [0, 0, 5],
						"0.8": [0, 0, -5]
					}
				},
				"right_side": {
					"rotation": {
						"0.0": [0, 5, 0],
						"0.4": [0, -5, 0],
						"0.8": [0, 5, 0]
					}
				},
				"right_arm": {
					"rotation": {
						"0.0": [0, 0, -10],
						"0.4": [0, 0, 10],
						"0.8": [0, 0, -10]
					}
				},
				"left_side": {
					"rotation": {
						"0.0": [0, -5, 0],
						"0.4": [0, 5, 0],
						"0.8": [0, -5, 0]
					}
				},
				"left_arm": {
					"rotation": {
						"0.0": [0, 0, -10],
						"0.4": [0, 0, 10],
						"0.8": [0, 0, -10]
					}
				}
			}
		},
		"animation.omanyte.sitting": {
			"loop": true,
			"animation_length": 1.6,
			"bones": {
				"shell": {
					"rotation": {
						"0.0": [0, 0, 0],
						"0.8": [-5, 0, 0],
						"1.6": [0, 0, 0]
					}
				},
				"right_arm": {
					"rotation": {
						"0.0": [0, 0, -25],
						"0.8": [0, 0, -10],
						"1.6": [0, 0, -25]
					}
				},
				"left_arm": {
					"rotation": {
						"0.0": [0, 0, 25],
						"0.8": [0, 0, 10],
						"1.6": [0, 0, 25]
					}
				},
				"arms": {
					"rotation": [0, 0, 0]
				}
			}
		},
		"animation.omanyte.jump": {
			"loop": true,
			"bones": {
				"omanyte": {
					"rotation": [-30, 0, 0],
					"position": [0, 2, 0]
				},
				"shell": {
					"rotation": [-20, 0, 0],
					"position": [0, 0, -1]
				},
				"right_arm": {
					"rotation": [0, 0, -45]
				},
				"left_arm": {
					"rotation": [0, 0, 45]
				}
			}
		},
		"animation.omanyte.swimming": {
			"loop": true,
			"animation_length": 0.8,
			"bones": {
				"omanyte": {
					"rotation": [-30, 0, 0],
					"position": {
						"0.0": [0, 3, 0],
						"0.4": [0, 2, 0],
						"0.8": [0, 3, 0]
					}
				},
				"shell": {
					"rotation": {
						"0.0": [-20, 0, 0],
						"0.4": [-30, 0, 0],
						"0.8": [-20, 0, 0]
					},
					"position": [0, 0, -1]
				},
				"right_arm": {
					"rotation": {
						"0.0": [0, 0, -45],
						"0.4": [0, 0, 35],
						"0.8": [0, 0, -45]
					}
				},
				"left_arm": {
					"rotation": {
						"0.0": [0, 0, 45],
						"0.4": [0, 0, -35],
						"0.8": [0, 0, 45]
					}
				},
				"left_side": {
					"rotation": {
						"0.0": [-20, -15, 0],
						"0.4": [-30, -15, 20],
						"0.8": [-20, -15, 0]
					}
				},
				"right_side": {
					"rotation": {
						"0.0": [-20, 15, 0],
						"0.4": [-30, 15, -20],
						"0.8": [-20, 15, 0]
					}
				}
			}
		},
		"animation.omanyte.sink": {
			"loop": true,
			"animation_length": 0.6,
			"bones": {
				"omanyte": {
					"rotation": {
						"0.0": [30, 0, 0],
						"0.32": [45, 0, 0],
						"0.6": [30, 0, 0]
					},
					"position": {
						"0.0": [0, 3, 1],
						"0.4": [0, 4, 1],
						"0.6": [0, 3, 1]
					}
				},
				"shell": {
					"rotation": {
						"0.0": [-10, 0, 0],
						"0.32": [0, 0, 0],
						"0.6": [-10, 0, 0]
					}
				},
				"right_arm": {
					"rotation": {
						"0.0": [0, 30, 0],
						"0.4": [0, -30, 0],
						"0.6": [0, 30, 0]
					}
				},
				"left_arm": {
					"rotation": {
						"0.0": [0, -30, 0],
						"0.4": [0, 30, 0],
						"0.6": [0, -30, 0]
					}
				}
			}
		},
		"animation.omanyte.direction": {
			"loop": true,
			"bones": {
				"omanyte": {
					"rotation": [ "query.target_x_rotation - this", "query.target_y_rotation - this", "-math.max(-20,math.min(20,query.yaw_speed))"]
				}
			}
		},
        "animation.omanyte.health_bar":{
            "loop":true,
            "bones":{
                "health_hover":{
    "rotation":["q.camera_rotation(0)","q.camera_rotation(1)-q.body_y_rotation",0],
	"position": [0,20,0],
    "scale":"query.is_in_ui?0:1.5"
                },
				"bar_green": {
					"scale": ["query.health/query.max_health*1", 1, 1]
				},
				"bar_black": {
					"scale": ["(1)+(query.health/query.max_health*-1)", 1, 1]
				}
			}
        }
	}
}