{
  "format_version": "1.10.0",
  "minecraft:client_entity": {
    "description": {
      "identifier": "ybh:f_block_circle",
      "materials": {
        "default": "entity_alphatest"
      },
      "textures": {
        "default": "textures/omega_flowey/f_block"
      },
      "geometry": {
        "default": "geometry.f_block_circle"
      },
      "scripts": {
        "pre_animation": [
          "variable.shake = query.shake_time - query.frame_alpha;",
          "variable.shake_power = variable.shake > 0.0 ? -Math.sin(variable.shake * 200.0) * variable.shake : 0.0;"
        ],
        "animate": [
          "move"
        ]
      },
       "animations": {
          "move": "animation.flowey.rotation"
        },
      "render_controllers": [ "controller.render.flowey.default" ],
        "enable_attachables": true
    }
  }
}
