{
  "format_version": "1.10.0",
  "minecraft:client_entity": {
    "description": {
      "identifier": "ybh:f_tm",
      "materials": {
        "default": "entity_alphatest"
      },
      "textures": {
        "default": "textures/omega_flowey/ftm"
      },
      "geometry": {
        "default": "geometry.f_tm"
      },
      
      "scripts": {
        "animate": [
        "move"
        ]
      },
       "animations": {
          "move": "animation.flowey.look"
        },
      "render_controllers": [
       "controller.render.flowey.default"
      ],
       "enable_attachables": true
    }
  }
}