{
  "format_version": "1.10.0",
  "minecraft:client_entity": {
    "description": {
      "identifier": "ybh:f_xrq",
      "materials": {
        "default": "entity_alphatest"
      },
      "textures": {
        "default": "textures/omega_flowey/xrz"
      },
      "geometry": {
        "default": "geometry.flowey_xrq"
      },
             "particle_effects": {
        "par": "ybh:xrq"
      },
      "scripts": {
        "pre_animation": [
          "variable.tcos0 = (Math.cos(query.modified_distance_moved * 38.17) * query.modified_move_speed / variable.gliding_speed_value) * 57.3;",
          "variable.tcos1 = -variable.tcos0;"
        ],
        "animate": [
        "move"
        ]
      },
      "animations": {
        "move": "controller.animation.floweyx.par"
      },
      "render_controllers": [ "controller.render.flowey.default" ],
        "enable_attachables": true
    }
  }
}
