{
  "format_version": "1.8.0",
  "minecraft:client_entity": {
    "description": {
      "identifier": "ybh:f_yykl",
      "materials": {
        "default": "entity_alphatest"
      },
      "textures": {
        "default": "textures/omega_flowey/f_block"
      },
      "geometry": {
        "default": "geometry.f_yykl"
      },
       "animations": {
          "move": "animation.flowey.rotation"
        },
           "animation_controllers": [
 { "move": "controller.animation.flowey.move" }
      ],
      "render_controllers": [
       "controller.render.flowey.default"
      ],
       "enable_attachables": true
    }
  }
}