{
  "format_version": "1.10.0",
  "minecraft:client_entity": {
    "description": {
      "identifier": "ybh:omega_flowey",
      "materials": {
        "default": "charged_creeper",
        "a": "entity_alphatest",
        "eyes": "entity_alphatest",
        "hands": "entity_alphatest",
        "tv_screen": "entity_alphatest",
        "ybh": "entity_alphatest",
        "hb": "entity_alphatest",
        "leaves": "entity_alphatest",
        "plant": "entity_alphatest",
        "rbq": "entity_alphatest",
        "tv": "entity_alphatest",
        "x": "entity_alphatest"
      },
      "textures": {
        "default": "textures/omega_flowey/nothing",
        "a": "textures/omega_flowey/flowey_a",
        "eyes": "textures/omega_flowey/flowey_eye",
        "hands": "textures/omega_flowey/flowey_plant_part",
        "tv_screen": "textures/omega_flowey/flowey_tv_face",
        "tv_screen2": "textures/omega_flowey/f_revive",
        "tv_screen3": "textures/omega_flowey/face2",
        "tv_screen4": "textures/omega_flowey/face3",
        "ybh": "textures/omega_flowey/flowey_tv",
        "hb": "textures/omega_flowey/flowey_hb",
        "leaves": "textures/omega_flowey/flowey_leaves",
        "plant": "textures/omega_flowey/flowey_tm",
        "rbq": "textures/omega_flowey/flowey_rbq",
        "tv": "textures/omega_flowey/flowey_tv",
        "ray": "textures/omega_flowey/ray",
        "into": "textures/omega_flowey/red_and_black",
        "x": "textures/omega_flowey/f_pyc_donr"
      },
      "geometry": {
        "default": "geometry.flowey_general",
        "a": "geometry.flowey_a",
        "a2": "geometry.flowey_a2",
        "eyes": "geometry.flowey_eyes",
        "hands": "geometry.flowey_hands",
        "tv_screen": "geometry.flowey_tv_screen",
        "ybh": "geometry.flowey_ybh",
        "hb": "geometry.flowey_hb",
        "leaves": "geometry.flowey_leaves",
        "plant": "geometry.flowey_plant",
        "rbq": "geometry.flowey_rbq",
        "tv": "geometry.flowey_tv",
        "ray": "geometry.flowey_ray",
        "x": "geometry.f_pyc_donr"
      },
       "spawn_egg": {
        "texture": "omega_flowey",
        "texture_index": 10
      },
      "scripts": {
        "pre_animation": [
          "variable.omega_flowey_scale = math.sin(query.life_time * 100) * 0.01 + 1;",
          "variable.omega_flowey_rotation = math.sin(query.life_time * 500) * 10;",
          "variable.omega_flowey_life_time = Math.sin(query.life_time * 100) * 100;"
        ],
        "animate": [
        "move"
        ]
      },
       "animations": {
          "move": "animation.flowey.move"
        },
      "render_controllers": [
      "controller.render.flowey.default",
      "controller.render.flowey2.a",
      "controller.render.flowey.eyes",
      "controller.render.flowey.hands",
      "controller.render.flowey.ybh",
      "controller.render.flowey.hb",
      "controller.render.flowey.leaves",
      "controller.render.flowey.plant",
      "controller.render.flowey.rbq",
      "controller.render.flowey.tv",
      "controller.render.flowey2.ray",
      "controller.render.flowey2.a2",
      { "controller.render.flowey2.tv_screen": "variable.has_target == 0" },
      { "controller.render.flowey2.tv_screen2": "variable.has_target == 1" },
      { "controller.render.flowey2.x": "variable.has_target == 1" }
      ],
       "enable_attachables": true
    }
  }
}