{"format_version":"1.20.50","minecraft:item":{"description":{"identifier":"ewings:fairy_3_1","menu_category":{"group":"itemGroup.name.chestplate","category":"equipment"}},"components":{"minecraft:icon":{"texture":"fairy_3.1"},"minecraft:display_name":{"value":"Fairy Wings\nModel #3"},"minecraft:max_stack_size":1,"minecraft:wearable":{"protection":0,"dispensable":true,"slot":"slot.armor.chest"},"minecraft:durability":{"damage_chance":{"min":0,"max":0},"max_durability":100},"minecraft:glint":{"value":true},"minecraft:tags":{"tags":["fairy_wings","wings","Model_3"]}}}}