{
	"format_version": "1.8.0",
	"animations": {
		"animation.h2v_gaster_hand.base": {
			"loop": true,
			"bones": {
				"Handgun": {
					"rotation": ["query.target_x_rotation", "query.target_y_rotation", 0]
				},
				"paodan": {
					"scale": [ "Math.min(query.life_time*1.5,1.5)", "Math.min(query.life_time*1.5,1.5)", "query.life_time*31" ]
				}
			}
		},

		"animation.h2v_gaster.base": {
			"loop": true,
			"bones": {
				"body": {
					"position": [0, 2, 0]
				},
				"rightArm": {
					"position": [0, 1, 0],
					"scale": [1, 1.1, 1.1]
				},
				"rightLeg": {
					"scale": [1, 1.15, 1]
				},
				"leftArm": {
					"position": [0, 1, 0],
					"scale": [1, 1.1, 1.1]
				},
				"rightLeg2": {
					"scale": [1, 1, 1.1]
				},
				"leftLeg": {
					"scale": [1, 1.15, 1]
				},
				"head": {
					"rotation": ["query.target_x_rotation", "query.target_y_rotation", 0]
				}
			}
		},
		"animation.h2v_gaster.handgun": {
			"loop": true,
			"animation_length": 1.8,
			"bones": {
				"Handgun": {
					"position": {
						"0.0": [0, 0, 0],
						"0.8": [0, 3, 0],
						"1.6": [0, 0, 0]
					}
				},
				"Handgun5": {
					"rotation": {
						"0.0": [0, 0, 0],
						"0.8": [15, 0, 0],
						"1.8": [0, 0, 0]
					}
				},
				"Handgun6": {
					"rotation": {
						"0.0": [0, 0, 0],
						"0.8": [10, 0, 0],
						"1.8": [0, 0, 0]
					}
				},
				"Handgun0": {
					"rotation": {
						"0.0": [0, 0, 0],
						"0.8": [15, 0, 0],
						"1.8": [0, 0, 0]
					}
				},
				"Handgun2": {
					"rotation": {
						"0.0": [0, 0, 0],
						"0.8": [20, 0, 0],
						"1.8": [0, 0, 0]
					}
				},
				"Handgun3": {
					"rotation": {
						"0.0": [0, 0, 0],
						"0.8": [15, 0, 0],
						"1.8": [0, 0, 0]
					}
				},
				"Handgun4": {
					"rotation": {
						"0.0": [0, 0, 0],
						"0.8": [20, 0, 0],
						"1.8": [0, 0, 0]
					}
				},
				"Handgun7": {
					"rotation": {
						"0.0": [0, 0, 0],
						"0.8": [25, 0, 0],
						"1.8": [0, 0, 0]
					}
				},
				"Handgun8": {
					"rotation": {
						"0.0": [0, 0, 0],
						"0.8": [15, 0, 0],
						"1.8": [0, 0, 0]
					}
				},
				"Handgun9": {
					"rotation": {
						"0.0": [0, 0, 0],
						"0.8": [10, 0, 0],
						"1.8": [0, 0, 0]
					}
				},
				"Handgun10": {
					"rotation": {
						"0.0": [0, 0, 0],
						"0.8": [20, 0, 0],
						"1.8": [0, 0, 0]
					}
				},
				"Handgun11": {
					"position": {
						"0.0": [0, 0, 0],
						"0.8": [0, 3, 0],
						"1.6": [0, 0, 0]
					}
				},
				"Handgun12": {
					"rotation": {
						"0.0": [0, 0, 0],
						"0.8": [15, 0, 0],
						"1.8": [0, 0, 0]
					}
				},
				"Handgun13": {
					"rotation": {
						"0.0": [0, 0, 0],
						"0.8": [20, 0, 0],
						"1.8": [0, 0, 0]
					}
				},
				"Handgun14": {
					"rotation": {
						"0.0": [0, 0, 0],
						"0.8": [15, 0, 0],
						"1.8": [0, 0, 0]
					}
				},
				"Handgun15": {
					"rotation": {
						"0.0": [0, 0, 0],
						"0.8": [20, 0, 0],
						"1.8": [0, 0, 0]
					}
				},
				"Handgun16": {
					"rotation": {
						"0.0": [0, 0, 0],
						"0.8": [20, 0, 0],
						"1.8": [0, 0, 0]
					}
				},
				"Handgun17": {
					"rotation": {
						"0.0": [0, 0, 0],
						"0.8": [10, 0, 0],
						"1.8": [0, 0, 0]
					}
				},
				"Handgun18": {
					"rotation": {
						"0.0": [0, 0, 0],
						"0.8": [10, 0, 0],
						"1.8": [0, 0, 0]
					}
				},
				"Handgun19": {
					"rotation": {
						"0.0": [0, 0, 0],
						"0.8": [20, 0, 0],
						"1.8": [0, 0, 0]
					}
				},
				"Handgun20": {
					"rotation": {
						"0.0": [0, 0, 0],
						"0.8": [10, 0, 0],
						"1.8": [0, 0, 0]
					}
				},
				"Handgun21": {
					"rotation": {
						"0.0": [0, 0, 0],
						"0.8": [20, 0, 0],
						"1.8": [0, 0, 0]
					}
				}
			}
		},
		"animation.h2v_gaster.hand0": {
			"loop": true,
			"bones": {
				"rightArm": {
					"rotation": [0, 0, 5]
				},
				"rightArm2": {
					"rotation": [0, 0, -45]
				},
				"leftArm": {
					"rotation": [0, 0, -5]
				},
				"leftArm2": {
					"rotation": [0, 0, 45]
				}
			}
		},
		"animation.h2v_gaster.rattack2": {
			"loop": true,
			"bones": {
				"Handgun11": {
					"rotation": ["query.target_x_rotation", "query.target_y_rotation", 0],
					"position": [-17, -3, -21]
				}
			}
		},
		"animation.h2v_gaster.rattack": {
			"loop": true,
			"bones": {
				"Handgun": {
					"rotation": ["query.target_x_rotation", "query.target_y_rotation", 0],
					"position": [17, -3, -21]
				}
			}
		},
		"animation.h2v_gaster.attack0": {
			"loop": true,
			"bones": {
				"rightArm": {
					"rotation": [30, 180, 95]
				},
				"rightArm2": {
					"rotation": [0, 0, -40]
				},
				"leftArm": {
					"rotation": [30, -180, -95]
				},
				"leftArm2": {
					"rotation": [0, 0, 40]
				}
			}
		}
	}
}