{
  "format_version": "1.12.0",
  "minecraft:entity": {
    "description": {
      "identifier": "mc:radar",
      "is_spawnable": false,
      "is_summonable": true,
      "is_experimental": false,
     "scripts": {
        "animate": [
  "1"
        ]
      },
      "animations": {
           "1": "animation.uuu"
     }
    },

    "components": {
      "minecraft:experience_reward": {
        "on_death": "query.last_hit_by_player ? 5 + (query.equipment_count * Math.Random(1,3)) : 0"
      },
      "minecraft:breathable": {
        "total_supply": 15,
        "suffocate_time": 0
      },
      "minecraft:fire_immune": true,
      "minecraft:nameable": {
      },
      "minecraft:health": {
        "value": 100,
        "max": 100
   },
      "minecraft:is_charged": {
      },
      "minecraft:collision_box": {
        "width": 0.1,
        "height": 0.1
      },
      "minecraft:navigation.float": {
        "can_path_over_water": true
      },
      "minecraft:can_fly": {
      },
      "minecraft:loot": {
        "table": "loot_tables/entities/ghast.json"
     },
        "minecraft:shooter": {
          "type": "shoot",
          "def": "mc:shoot"
      },
      "minecraft:type_family": {
        "family": ["wither_storm", "mc:wither_storm","wither_storm_head","bat" ]
      },
      "minecraft:damage_sensor": {
        "triggers": {
          "cause": "all",
          "deals_damage": false
        }
      },
      "minecraft:jump.static": {
      },
      "minecraft:behavior.float": {
        "priority": 0
      },
      "minecraft:behavior.ranged_attack": {
        "priority": 1,
        "attack_radius": 128,
    "attack_interval_min": 19,
          "attack_interval_max": 19
      },
      "minecraft:follow_range": {
        "value": 128,
        "max": 128
      },
      "minecraft:behavior.hurt_by_target": {
        "priority": 1
       },
      "minecraft:behavior.nearest_attackable_target": {
        "priority": 3,
        "reselect_targets": true,
        "entity_types": [
          {
            "filters": {
              "all_of": [
                {
                  "test": "is_family",
                  "subject": "other",
                  "operator": "!=",
                  "value": "wither_storm"
                },
                {
                  "test": "is_family",
                  "subject": "other",
                  "operator": "!=",
                  "value": "bat"
     },
                {
                  "test": "has_tag",
                  "subject": "other",
                  "operator": "!=",
                  "value": "flizer"
                }
              ]
            },
            "max_dist": 128
          }
        ]
      },
      "minecraft:physics": {
      },
      "minecraft:pushable": {
        "is_pushable": true,
        "is_pushable_by_piston": true
      }
    }
  }
}
