{
	"format_version": "1.8.0",
	"animations": {
		"animation.usp.first_person.mag": {
			"loop": true,
			"bones": {
				"root": {
					"rotation": ["(math.cos(query.life_time * 100.0) * 0.200) + 0.200", 180, 0],
					"position": [1, -1, -3]
				},
				"rightArmA": {
					"rotation": [0, -10, 0],
					"position": [0, 0, 2]
				},
				"rightArm": {
					"rotation": [-90, 0, 10],
					"position": [0, 0, -5]
				},
				"main": {
					"rotation": [77.5, 0, 0],
					"position": [-5, 15, -4],
					"scale": 0.05
				},
				"mag": {
					"rotation": [88.5, 0, -267.5],
					"position": [0.4, 11.225, -3.625],
					"scale": 0.025
				}
			}
		},
		"animation.usp.third_person.mag": {
			"loop": true,
			"bones": {
				"main": {
					"rotation": [92.5, 0, 0],
					"position": [-5, 13, -3],
					"scale": 0.05
				},
				"mag": {
					"rotation": [88.5, 0, -267.5],
					"position": [0.4, 11.225, -3.625],
					"scale": 0.025
				}
			}
		}
	}
}