{
  "format_version": "1.12",
  "minecraft:recipe_shaped": {
    "description": {
    "identifier": "pg:gravity_gun"
    },

    "tags": [ "crafting_table" ],
    "pattern": [
      "#xx",
      "xyx",
	  "xxy"
    ],
    "key": {
      "#": {
        "item": "minecraft:ender_eye"
      },
	  "x":{
		"item": "minecraft:obsidian"
	  },
	  "y":{
		"item": "minecraft:redstone"
	  }
    },
    "result": [
	{
      "item": "pg:gravity_gun",
      "count": 1
	}
    ]
  }
  
}
