{
    "format_version": "1.20.80",
    "minecraft:item": {
        "description": {
            "identifier": "yes:waxed_copper_pickaxe",
            "menu_category": {
                "category": "nature",
                "group": "itemGroup.name.monsterStoneEgg"
            }
        },
        "components": {
            "minecraft:tags": {
                "tags": [
                    "minecraft:is_pickaxe"
                ]
            },
            "minecraft:custom_components": [
                "yes:mining_durability_damage",
                "yes:hit_durability_damage"
            ],
            "minecraft:max_stack_size": 1,
            "minecraft:hand_equipped": true,
            "minecraft:durability": {
                "max_durability": 190,
                "damage_chance": {
                    "min": 60,
                    "max": 100
                }
            },
            "minecraft:display_name": {
                "value": "Waxed Copper Pickaxe\n\ue116\u00a7l\ue05b\u00a7r\ue115\n\ue05c"
            },
            "minecraft:icon": "copper_pickaxe",
            "minecraft:enchantable": {
                "value": 6,
                "slot": "pickaxe"
            },
            "minecraft:damage": 4,
            "minecraft:repairable": {
                "repair_items": [
                    {
                        "items": [
                            "yes:waxed_copper_pickaxe"
                        ],
                        "repair_amount": "context.other->query.remaining_durability+0.12*context.other->query.max_durability"
                    },
                    {
                        "items": [
                            "minecraft:copper_ingot"
                        ],
                        "repair_amount": "query.max_durability*0.33"
                    }
                ]
            },
            "minecraft:can_destroy_in_creative": true,
            "minecraft:digger": {
                "destroy_speeds": [
                    {
                        "block": {
                            "tags": "q.any_tag('stone', 'metal', 'diamond_pick_diggable', 'slab_block', 'stair_block', 'smooth stone slab', 'sandstone slab', 'cobblestone slab', 'brick slab', 'stone bricks slab', 'quartz slab', 'nether brick slab')"
                        },
                        "speed": 5
                    },
                    { "block": "minecraft:ice", "speed": 5 },
                    { "block": "minecraft:undyed_shulker_box", "speed": 5 },
                    { "block": "minecraft:shulker_box", "speed": 5 },
                    { "block": "minecraft:prismarine", "speed": 5 },
                    { "block": "minecraft:stone_slab4", "speed": 5 },
                    { "block": "minecraft:prismarine_bricks_stairs", "speed": 5 },
                    { "block": "minecraft:prismarine_stairs", "speed": 5 },
                    { "block": "minecraft:dark_prismarine_stairs", "speed": 5 },
                    { "block": "minecraft:anvil", "speed": 5 },
                    { "block": "minecraft:bone_block", "speed": 5 },
                    { "block": "minecraft:iron_trapdoor", "speed": 5 },
                    { "block": "minecraft:nether_brick_fence", "speed": 5 },
                    { "block": "minecraft:magma", "speed": 5 },
                    { "block": "minecraft:smoker", "speed": 5 },
                    { "block": "minecraft:lit_smoker", "speed": 5 },
                    { "block": "minecraft:hopper", "speed": 5 },
                    { "block": "minecraft:redstone_block", "speed": 5 },
                    { "block": "minecraft:mob_spawner", "speed": 5 },
                    { "block": "minecraft:smooth_stone", "speed": 5 },
                    { "block": "minecraft:lapis_block", "speed": 5 },
                    { "block": "minecraft:enchanting_table", "speed": 5 },
                    { "block": "minecraft:end_bricks", "speed": 5 },
                    { "block": "minecraft:cracked_polished_blackstone_bricks", "speed": 5 },
                    { "block": "minecraft:nether_brick", "speed": 5 },
                    { "block": "minecraft:cracked_nether_bricks", "speed": 5 },
                    { "block": "minecraft:purpur_block", "speed": 5 },
                    { "block": "minecraft:purpur_stairs", "speed": 5 },
                    { "block": "minecraft:end_brick_stairs", "speed": 5 },
                    { "block": "minecraft:stone_slab", "speed": 5 },
                    { "block": "minecraft:stone_slab2", "speed": 5 },
                    { "block": "minecraft:stone_slab3", "speed": 5 },
                    { "block": "minecraft:stone_brick_stairs", "speed": 5 },
                    { "block": "minecraft:mossy_stone_brick_stairs", "speed": 5 },
                    { "block": "minecraft:polished_blackstone_bricks", "speed": 5 },
                    { "block": "minecraft:polished_blackstone_stairs", "speed": 5 },
                    { "block": "minecraft:blackstone_wall", "speed": 5 },
                    { "block": "minecraft:blackstone_wall", "speed": 5 },
                    { "block": "minecraft:polished_blackstone_wall", "speed": 5 },
                    { "block": "minecraft:sandstone", "speed": 5 },
                    { "block": "minecraft:grindstone", "speed": 5 },
                    { "block": "minecraft:smooth_stone", "speed": 5 },
                    { "block": "minecraft:brewing_stand", "speed": 5 },
                    { "block": "minecraft:chain", "speed": 5 },
                    { "block": "minecraft:lantern", "speed": 5 },
                    { "block": "minecraft:soul_lantern", "speed": 5 },
                    { "block": "minecraft:quartz_ore", "speed": 5 },
                    { "block": "minecraft:netherrack", "speed": 5 },
                    { "block": "minecraft:basalt", "speed": 5 },
                    { "block": "minecraft:polished_basalt", "speed": 5 },
                    { "block": "minecraft:stonebrick", "speed": 5 },
                    { "block": "minecraft:warped_nylium", "speed": 5 },
                    { "block": "minecraft:crimson_nylium", "speed": 5 },
                    { "block": "minecraft:end_stone", "speed": 5 },
                    { "block": "minecraft:quartz_block", "speed": 5 },
                    { "block": "minecraft:quartz_stairs", "speed": 5 },
                    { "block": "minecraft:quartz_bricks", "speed": 5 },
                    { "block": "minecraft:quartz_stairs", "speed": 5 },
                    { "block": "minecraft:nether_gold_ore", "speed": 5 },
                    { "block": "minecraft:furnace", "speed": 5 },
                    { "block": "minecraft:blast_furnace", "speed": 5 },
                    { "block": "minecraft:lit_furnace", "speed": 5 },
                    { "block": "minecraft:blast_furnace", "speed": 5 },
                    { "block": "minecraft:blackstone", "speed": 5 },
                    { "block": "minecraft:concrete", "speed": 5 },
                    { "block": "minecraft:chiseled_deepslate", "speed": 5 },
                    { "block": "minecraft:cobbled_deepslate", "speed": 5 },
                    { "block": "minecraft:cobbled_deepslate_double_slab", "speed": 5 },
                    { "block": "minecraft:cobbled_deepslate_slab", "speed": 5 },
                    { "block": "minecraft:cobbled_deepslate_stairs", "speed": 5 },
                    { "block": "minecraft:cobbled_deepslate_wall", "speed": 5 },
                    { "block": "minecraft:cracked_deepslate_bricks", "speed": 5 },
                    { "block": "minecraft:cracked_deepslate_tiles", "speed": 5 },
                    { "block": "minecraft:deepslate", "speed": 5 },
                    { "block": "minecraft:deepslate_brick_double_slab", "speed": 5 },
                    { "block": "minecraft:deepslate_brick_slab", "speed": 5 },
                    { "block": "minecraft:deepslate_brick_stairs", "speed": 5 },
                    { "block": "minecraft:deepslate_brick_wall", "speed": 5 },
                    { "block": "minecraft:deepslate_bricks", "speed": 5 },
                    { "block": "minecraft:deepslate_tile_double_slab", "speed": 5 },
                    { "block": "minecraft:deepslate_tile_slab", "speed": 5 },
                    { "block": "minecraft:deepslate_tile_stairs", "speed": 5 },
                    { "block": "minecraft:deepslate_tile_wall", "speed": 5 },
                    { "block": "minecraft:deepslate_tiles", "speed": 5 },
                    { "block": "minecraft:infested_deepslate", "speed": 5 },
                    { "block": "minecraft:polished_deepslate", "speed": 5 },
                    { "block": "minecraft:polished_deepslate_double_slab", "speed": 5 },
                    { "block": "minecraft:polished_deepslate_slab", "speed": 5 },
                    { "block": "minecraft:polished_deepslate_stairs", "speed": 5 },
                    { "block": "minecraft:polished_deepslate_wall", "speed": 5 },
                    { "block": "minecraft:calcite", "speed": 5 },
                    { "block": "minecraft:amethyst_block", "speed": 5 },
                    { "block": "minecraft:amethyst_cluster", "speed": 5 },
                    { "block": "minecraft:budding_amethyst", "speed": 5 },
                    { "block": "minecraft:raw_copper_block", "speed": 5 },
                    { "block": "minecraft:raw_gold_block", "speed": 5 },
                    { "block": "minecraft:raw_iron_block", "speed": 5 },
                    { "block": "minecraft:copper_block", "speed": 5 },
                    { "block": "minecraft:cut_copper", "speed": 5 },
                    { "block": "minecraft:cut_copper_slab", "speed": 5 },
                    { "block": "minecraft:cut_copper_stairs", "speed": 5 },
                    { "block": "minecraft:double_cut_copper_slab", "speed": 5 },
                    { "block": "minecraft:exposed_copper", "speed": 5 },
                    { "block": "minecraft:exposed_cut_copper", "speed": 5 },
                    { "block": "minecraft:exposed_cut_copper_slab", "speed": 5 },
                    { "block": "minecraft:exposed_cut_copper_stairs", "speed": 5 },
                    { "block": "minecraft:exposed_double_cut_copper_slab", "speed": 5 },
                    { "block": "minecraft:oxidized_copper", "speed": 5 },
                    { "block": "minecraft:oxidized_cut_copper", "speed": 5 },
                    { "block": "minecraft:oxidized_cut_copper_slab", "speed": 5 },
                    { "block": "minecraft:oxidized_cut_copper_stairs", "speed": 5 },
                    { "block": "minecraft:oxidized_double_cut_copper_slab", "speed": 5 },
                    { "block": "minecraft:weathered_copper", "speed": 5 },
                    { "block": "minecraft:weathered_cut_copper", "speed": 5 },
                    { "block": "minecraft:weathered_cut_copper_slab", "speed": 5 },
                    { "block": "minecraft:weathered_cut_copper_stairs", "speed": 5 },
                    { "block": "minecraft:weathered_double_cut_copper_slab", "speed": 5 },
                    { "block": "minecraft:waxed_copper", "speed": 5 },
                    { "block": "minecraft:waxed_cut_copper", "speed": 5 },
                    { "block": "minecraft:waxed_cut_copper_slab", "speed": 5 },
                    { "block": "minecraft:waxed_cut_copper_stairs", "speed": 5 },
                    { "block": "minecraft:waxed_double_cut_copper_slab", "speed": 5 },
                    { "block": "minecraft:waxed_exposed_copper", "speed": 5 },
                    { "block": "minecraft:waxed_exposed_cut_copper", "speed": 5 },
                    { "block": "minecraft:waxed_exposed_cut_copper_slab", "speed": 5 },
                    { "block": "minecraft:waxed_exposed_cut_copper_stairs", "speed": 5 },
                    { "block": "minecraft:waxed_exposed_double_cut_copper_slab", "speed": 5 },
                    { "block": "minecraft:waxed_oxidized_copper", "speed": 5 },
                    { "block": "minecraft:waxed_oxidized_cut_copper", "speed": 5 },
                    { "block": "minecraft:waxed_oxidized_cut_copper_slab", "speed": 5 },
                    { "block": "minecraft:waxed_oxidized_cut_copper_stairs", "speed": 5 },
                    { "block": "minecraft:waxed_oxidized_double_cut_copper_slab", "speed": 5 },
                    { "block": "minecraft:waxed_weathered_copper", "speed": 5 },
                    { "block": "minecraft:waxed_weathered_cut_copper", "speed": 5 },
                    { "block": "minecraft:waxed_weathered_cut_copper_slab", "speed": 5 },
                    { "block": "minecraft:waxed_weathered_cut_copper_stairs", "speed": 5 },
                    { "block": "minecraft:waxed_weathered_double_cut_copper_slab", "speed": 5 },
                    { "block": "minecraft:dripstone_block", "speed": 5 },
                    { "block": "minecraft:pointed_dripstone", "speed": 5 },
                    { "block": "minecraft:lightning_rod", "speed": 5 },
                    { "block": "minecraft:basalt", "speed": 5 },
                    { "block": "minecraft:tuff", "speed": 5 },
                    { "block": "minecraft:double_stone_slab", "speed": 5 },
                    { "block": "minecraft:double_stone_slab2", "speed": 5 },
                    { "block": "minecraft:double_stone_slab3", "speed": 5 },
                    { "block": "minecraft:double_stone_slab4", "speed": 5 },
                    { "block": "minecraft:blackstone_double_slab", "speed": 5 },
                    { "block": "minecraft:polished_blackstone_brick_double_slab", "speed": 5 },
                    { "block": "minecraft:polished_blackstone_double_slab", "speed": 5 },
                    { "block": "minecraft:mossy_cobblestone_stairs", "speed": 5 },
                    { "block": "minecraft:stonecutter", "speed": 5 },
                    { "block": "minecraft:stonecutter_block", "speed": 5 },
                    { "block": "minecraft:red_nether_brick", "speed": 5 },
                    { "block": "minecraft:red_nether_brick_stairs", "speed": 5 },
                    { "block": "minecraft:normal_stone_stairs", "speed": 5 },
                    { "block": "minecraft:smooth_basalt", "speed": 5 },
                    { "block": "minecraft:stone", "speed": 5 },
                    { "block": "minecraft:cobblestone", "speed": 5 },
                    { "block": "minecraft:mossy_cobblestone", "speed": 5 },
                    { "block": "minecraft:dripstone_block", "speed": 5 },
                    { "block": "minecraft:brick_block", "speed": 5 },
                    { "block": "minecraft:stone_stairs", "speed": 5 },
                    { "block": "minecraft:stone_block_slab", "speed": 5 },
                    { "block": "minecraft:stone_block_slab2", "speed": 5 },
                    { "block": "minecraft:stone_block_slab3", "speed": 5 },
                    { "block": "minecraft:stone_block_slab4", "speed": 5 },
                    { "block": "minecraft:cobblestone_wall", "speed": 5 },
                    { "block": "minecraft:mossy_cobblestone_wall", "speed": 5 },
                    { "block": "minecraft:stone_brick_wall", "speed": 5 },
                    { "block": "minecraft:mossy_stone_brick_wall", "speed": 5 },
                    { "block": "minecraft:andersite_wall", "speed": 5 },
                    { "block": "minecraft:diorite_wall", "speed": 5 },
                    { "block": "minecraft:granite_wall", "speed": 5 },
                    { "block": "minecraft:sandstone_wall", "speed": 5 },
                    { "block": "minecraft:red_sandstone_wall", "speed": 5 },
                    { "block": "minecraft:brick_wall", "speed": 5 },
                    { "block": "minecraft:prismarine_wall", "speed": 5 },
                    { "block": "minecraft:nether_brick_wall", "speed": 5 },
                    { "block": "minecraft:red_nether_brick_wall", "speed": 5 },
                    { "block": "minecraft:end_stone_brick_wall", "speed": 5 },
                    { "block": "minecraft:andersite", "speed": 5 },
                    { "block": "minecraft:granite", "speed": 5 },
                    { "block": "minecraft:polished_andersite", "speed": 5 },
                    { "block": "minecraft:polished_granite", "speed": 5 },
                    { "block": "minecraft:polished_diorite", "speed": 5 },
                    { "block": "minecraft:diorite", "speed": 5 },
                    { "block": "minecraft:gold_block", "speed": 5 },
                    { "block": "minecraft:iron_block", "speed": 5 },
                    { "block": "minecraft:cauldron", "speed": 5 },
                    { "block": "minecraft:iron_bars", "speed": 5 },
                    { "block": "minecraft:obsidian", "speed": 5 },
                    { "block": "minecraft:deepslate_copper_ore", "speed": 5 },
                    { "block": "minecraft:deepslate_coal_ore", "speed": 5 },
                    { "block": "minecraft:deepslate_gold_ore", "speed": 5 },
                    { "block": "minecraft:deepslate_iron_ore", "speed": 5 },
                    { "block": "minecraft:deepslate_redstone_ore", "speed": 5 },
                    { "block": "minecraft:lit_deepslate_redstone_ore", "speed": 5 },
                    { "block": "minecraft:copper_ore", "speed": 5 },
                    { "block": "minecraft:coal_ore", "speed": 5 },
                    { "block": "minecraft:gold_ore", "speed": 5 },
                    { "block": "minecraft:iron_ore", "speed": 5 },
                    { "block": "minecraft:lapis_ore", "speed": 5 },
                    { "block": "minecraft:redstone_ore", "speed": 5 },
                    { "block": "minecraft:lit_redstone_ore", "speed": 5 },
                    { "block": "minecraft:diamond_ore", "speed": 5 },
                    { "block": "minecraft:emerald_ore", "speed": 5 },
                    { "block": "minecraft:raw_iron_block", "speed": 5 },
                    { "block": "minecraft:raw_gold_block", "speed": 5 },
                    { "block": "minecraft:raw_copper_block", "speed": 5 },
                    { "block": "minecraft:mud_brick_double_slab", "speed": 5 },
                    { "block": "minecraft:mud_brick_slab", "speed": 5 },
                    { "block": "minecraft:mud_brick_stairs", "speed": 5 },
                    { "block": "minecraft:mud_brick_wall", "speed": 5 },
                    { "block": "minecraft:mud_bricks", "speed": 5 },
                    { "block": "minecraft:hardened_clay", "speed": 5 },
                    { "block": "minecraft:stained_hardened_clay", "speed": 5 },
                    { "block": "minecraft:polished_diorite_stairs", "speed": 5 },
                    { "block": "minecraft:andesite_stairs", "speed": 5 },
                    { "block": "minecraft:polished_andesite_stairs", "speed": 5 },
                    { "block": "minecraft:granite_stairs", "speed": 5 },
                    { "block": "minecraft:polished_granite_stairs", "speed": 5 },
                    { "block": "minecraft:polished_blackstone", "speed": 5 },
                    { "block": "minecraft:chiseled_polished_blackstone", "speed": 5 },
                    { "block": "minecraft:polished_blackstone_brick_stairs", "speed": 5 },
                    { "block": "minecraft:blackstone_stairs", "speed": 5 },
                    { "block": "minecraft:polished_blackstone_brick_wall", "speed": 5 },
                    { "block": "minecraft:polished_blackstone_slab", "speed": 5 },
                    { "block": "minecraft:gilded_blackstone", "speed": 5 },
                    { "block": "minecraft:dispenser", "speed": 5 },
                    { "block": "minecraft:dropper", "speed": 5 },
                    { "block": "minecraft:observer", "speed": 5 },
                    { "block": "minecraft:activator_rail", "speed": 5 },
                    { "block": "minecraft:golden_rail", "speed": 5 },
                    { "block": "minecraft:sandstone_stairs", "speed": 5 },
                    { "block": "minecraft:tuff_stairs", "speed": 5 },
                    { "block": "minecraft:tuff_slab", "speed": 5 },
                    { "block": "minecraft:tuff_wall", "speed": 5 },
                    { "block": "minecraft:polished_tuff", "speed": 5 },
                    { "block": "minecraft:polished_tuff_stairs", "speed": 5 },
                    { "block": "minecraft:polished_tuff_slab", "speed": 5 },
                    { "block": "minecraft:polished_tuff_wall", "speed": 5 },
                    { "block": "minecraft:tuff_bricks", "speed": 5 },
                    { "block": "minecraft:tuff_brick_stairs", "speed": 5 },
                    { "block": "minecraft:tuff_brick_slab", "speed": 5 },
                    { "block": "minecraft:tuff_brick_wall", "speed": 5 },
                    { "block": "minecraft:chiseled_tuff", "speed": 5 },
                    { "block": "minecraft:chiseled_tuff_bricks", "speed": 5 },
                    { "block": "minecraft:chiseled_copper", "speed": 5 },
                    { "block": "minecraft:exposed_chiseled_copper", "speed": 5 },
                    { "block": "minecraft:weathered_chiseled_copper", "speed": 5 },
                    { "block": "minecraft:oxidized_chiseled_copper", "speed": 5 },
                    { "block": "minecraft:waxed_chiseled_copper", "speed": 5 },
                    { "block": "minecraft:waxed_exposed_chiseled_copper", "speed": 5 },
                    { "block": "minecraft:waxed_weathered_chiseled_copper", "speed": 5 },
                    { "block": "minecraft:waxed_oxidized_chiseled_copper", "speed": 5 },
                    { "block": "minecraft:copper_grate", "speed": 5 },
                    { "block": "minecraft:exposed_copper_grate", "speed": 5 },
                    { "block": "minecraft:weathered_copper_grate", "speed": 5 },
                    { "block": "minecraft:oxidized_copper_grate", "speed": 5 },
                    { "block": "minecraft:waxed_copper_grate", "speed": 5 },
                    { "block": "minecraft:waxed_exposed_copper_grate", "speed": 5 },
                    { "block": "minecraft:waxed_weathered_copper_grate", "speed": 5 },
                    { "block": "minecraft:waxed_oxidized_copper_grate", "speed": 5 },
                    { "block": "minecraft:copper_bulb", "speed": 5 },
                    { "block": "minecraft:exposed_copper_bulb", "speed": 5 },
                    { "block": "minecraft:weathered_copper_bulb", "speed": 5 },
                    { "block": "minecraft:oxidized_copper_bulb", "speed": 5 },
                    { "block": "minecraft:waxed_copper_bulb", "speed": 5 },
                    { "block": "minecraft:waxed_exposed_copper_bulb", "speed": 5 },
                    { "block": "minecraft:waxed_weathered_copper_bulb", "speed": 5 },
                    { "block": "minecraft:waxed_oxidized_copper_bulb", "speed": 5 },
                    { "block": "minecraft:copper_door", "speed": 5 },
                    { "block": "minecraft:exposed_copper_door", "speed": 5 },
                    { "block": "minecraft:weathered_copper_door", "speed": 5 },
                    { "block": "minecraft:oxidized_copper_door", "speed": 5 },
                    { "block": "minecraft:waxed_copper_door", "speed": 5 },
                    { "block": "minecraft:waxed_exposed_copper_door", "speed": 5 },
                    { "block": "minecraft:waxed_weathered_copper_door", "speed": 5 },
                    { "block": "minecraft:waxed_oxidized_copper_door", "speed": 5 },
                    { "block": "minecraft:copper_trapdoor", "speed": 5 },
                    { "block": "minecraft:exposed_copper_trapdoor", "speed": 5 },
                    { "block": "minecraft:weathered_copper_trapdoor", "speed": 5 },
                    { "block": "minecraft:oxidized_copper_trapdoor", "speed": 5 },
                    { "block": "minecraft:waxed_copper_trapdoor", "speed": 5 },
                    { "block": "minecraft:waxed_exposed_copper_trapdoor", "speed": 5 },
                    { "block": "minecraft:waxed_weathered_copper_trapdoor", "speed": 5 },
                    { "block": "minecraft:waxed_oxidized_copper_trapdoor", "speed": 5 },
                    { "block": "minecraft:crafter", "speed": 5 }
                ]
            }
        }
    }
}