{
	"format_version": "1.8.0",
	"animations": {
		"animation.vaporeon.quiet": {
			"loop": true,
			"animation_length": 1.6,
			"bones": {
				"vaporeon": {
					"position": {
						"0.0": [0, 0, 0],
						"0.8": [0, 0, -1],
						"1.6": [0, 0, 0]
					}
				},
				"head": {
					"rotation": {
						"0.0": [0, 0, 0],
						"1.0": [5, 0, 0],
						"1.6": [0, 0, 0]
					}
				},
				"tail_root": {
					"rotation": {
						"0.0": [40, 0, 0],
						"1.0": [60, 0, 0],
						"1.6": [40, 0, 0]
					}
				},
				"tail_mid": {
					"rotation": {
						"0.0": [30, 0, 0],
						"0.8": [40, 0, 0],
						"1.6": [30, 0, 0]
					}
				},
				"front_legs": {
					"rotation": {
						"0.0": [0, 0, 0],
						"0.8": [10, 0, 0],
						"1.6": [0, 0, 0]
					}
				},
				"right_front_leg": {
					"rotation": [-5, -2, -10]
				},
				"left_front_leg": {
					"rotation": [5, -2, 10]
				},
				"back_legs": {
					"rotation": {
						"0.0": [0, 0, 0],
						"0.8": [10, 0, 0],
						"1.6": [0, 0, 0]
					}
				}
			}
		},
		"animation.vaporeon.walk": {
			"loop": true,
			"animation_length": 0.6,
			"bones": {
				"vaporeon": {
					"position": {
						"0.0": [0, 0, 0],
						"0.15": [0, 1, 0],
						"0.3": [0, 0, 0],
						"0.45": [0, 1, 0],
						"0.6": [0, 0, 0]
					}
				},
				"head": {
					"rotation": {
						"0.0": [0, 0, 0],
						"0.15": [5, 0, 0],
						"0.3": [0, 0, 0],
						"0.45": [5, 0, 0],
						"0.6": [0, 0, 0]
					}
				},
				"tail_root": {
					"rotation": {
						"0.0": [-17.5, -20, 0],
						"0.3": [-15, 20, 0],
						"0.6": [-15, -20, 0]
					},
					"position": [0, 0, -1]
				},
				"tail_mid": {
					"rotation": {
						"0.0": [-20, -20, 0],
						"0.3": [-20, 20, 0],
						"0.6": [-20, -20, 0]
					},
					"position": [0, 0, -1]
				},
				"right_front_leg": {
					"rotation": {
						"0.0": [35, 0, 0],
						"0.3": [-35, 0, 0],
						"0.6": [35, 0, 0]
					}
				},
				"left_front_leg": {
					"rotation": {
						"0.0": [-35, 0, 0],
						"0.3": [35, 0, 0],
						"0.6": [-35, 0, 0]
					}
				},
				"right_back_leg": {
					"rotation": {
						"0.0": [-35, 0, 0],
						"0.3": [35, 0, 0],
						"0.6": [-35, 0, 0]
					}
				},
				"left_back_leg": {
					"rotation": {
						"0.0": [35, 0, 0],
						"0.3": [-35, 0, 0],
						"0.6": [35, 0, 0]
					}
				}
			}
		},
		"animation.vaporeon.sitting": {
			"loop": true,
			"bones": {
				"head": {
					"position": [0, 1, 1]
				},
				"body": {
					"rotation": [-45, 0, 0],
					"position": [0, -1, 0]
				},
				"tail_root": {
					"rotation": [45, -45, 90]
				},
				"tail_mid": {
					"rotation": [30, 0, 0]
				},
				"tail_top": {
					"rotation": [20, 30, -50]
				},
				"front_legs": {
					"position": [0, 1, 0],
					"scale": [1, 1.2, 1]
				},
				"back_legs": {
					"position": [0, -3, -2]
				},
				"right_back_paw": {
					"position": [0, 3, -4]
				},
				"left_back_paw": {
					"position": [0, 3, -4]
				},
				"neck": {
					"rotation": [40, 0, 0],
					"position": [0, -2, -1]
				}
			}
		},
		"animation.vaporeon.jump": {
			"loop": true,
			"animation_length": 0.8,
			"bones": {
				"vaporeon": {
					"position": [0, 2, 0]
				},
				"tail": {
					"rotation": [-30, 0, 0]
				},
				"front_legs": {
					"rotation": [-75, 0, 0],
					"position": [0, 0, -1]
				},
				"back_legs": {
					"rotation": [55, 0, 0],
					"position": [0, -1, 1]
				}
			}
		},
		"animation.vaporeon.attack": {
			"loop": true,
			"bones": {
				"head": {
					"position": [0, -2, -1]
				},
				"body": {
					"rotation": [15, 0, 0]
				},
				"tail": {
					"rotation": [45, 0, 0]
				},
				"right_front_leg": {
					"position": [0, 0, 1]
				},
				"left_front_leg": {
					"rotation": [-70, -30, 0],
					"position": [1, 0, -1]
				},
				"tail_root": {
					"rotation": [0, 50, 0]
				},
				"tail_mid": {
					"rotation": [0, 50, 0]
				},
				"tail_top": {
					"rotation": [0, 50, 0]
				}
			}
		},
		"animation.vaporeon.swimming": {
			"loop": true,
			"animation_length": 0.8,
			"bones": {
				"vaporeon": {
					"position": {
						"0.0": [0, 1, 0],
						"0.2": [0, 0, 0],
						"0.8": [0, 1, 0]
					}
				},
				"head": {
					"position": [0, 1, 1]
				},
				"body": {
					"rotation": {
						"0.0": [-15, 0, 0],
						"0.6": [-10, 0, 0],
						"0.8": [-15, 0, 0]
					}
				},
				"tail_root": {
					"rotation": {
						"0.0": [-15, 0, 0],
						"0.4": [-25, 0, 0],
						"0.8": [-15, 0, 0]
					}
				},
				"tail_mid": {
					"rotation": {
						"0.0": [-15, 0, 0],
						"0.52": [-25, 0, 0],
						"0.8": [-15, 0, 0]
					}
				},
				"tail_top": {
					"rotation": {
						"0.0": [-15, 0, 0],
						"0.6": [-25, 0, 0],
						"0.8": [-15, 0, 0]
					}
				},
				"right_front_leg": {
					"rotation": {
						"0.0": [25, 0, 0],
						"0.2": [-25, 0, 0],
						"0.4": [25, 0, 0],
						"0.6": [-25, 0, 0],
						"0.8": [25, 0, 0]
					}
				},
				"left_front_leg": {
					"rotation": {
						"0.0": [-25, 0, 0],
						"0.2": [25, 0, 0],
						"0.4": [-25, 0, 0],
						"0.6": [25, 0, 0],
						"0.8": [-25, 0, 0]
					}
				},
				"right_back_leg": {
					"rotation": {
						"0.0": [15, 0, 0],
						"0.2": [-15, 0, 0],
						"0.4": [15, 0, 0],
						"0.6": [-15, 0, 0],
						"0.8": [15, 0, 0]
					}
				},
				"left_back_leg": {
					"rotation": {
						"0.0": [-15, 0, 0],
						"0.2": [15, 0, 0],
						"0.4": [-15, 0, 0],
						"0.6": [15, 0, 0],
						"0.8": [-15, 0, 0]
					}
				}
			}
		},
		"animation.vaporeon.sink": {
			"loop": true,
			"animation_length": 0.6,
			"bones": {
				"vaporeon": {
					"rotation": {
						"0.0": [-15, 0, 0],
						"0.3": [15, 0, 0],
						"0.6": [-15, 0, 0]
					},
					"position": {
						"0.0": [0, 2, -3],
						"0.4": [0, 0, -3],
						"0.6": [0, 2, -3]
					}
				},
				"tail_root": {
					"rotation": {
						"0.0": [-10, 0, 0],
						"0.3": [10, 0, 0],
						"0.6": [-10, 0, 0]
					}
				},
				"tail_mid": {
					"rotation": {
						"0.0": [-10, 0, 0],
						"0.1": [10, 0, 0],
						"0.4": [-10, 0, 0]
					}
				},
				"tail_top": {
					"rotation": {
						"0.0": [-10, 0, 0],
						"0.2": [10, 0, 0],
						"0.5": [-10, 0, 0]
					}
				},
				"front_legs": {
					"rotation": {
						"0.0": [30, 0, 0],
						"0.4": [0, 0, 0],
						"0.6": [30, 0, 0]
					}
				},
				"tail": {
					"rotation": {
						"0.0": [-80, 0, -20],
						"0.3": [-80, 0, 20],
						"0.6": [-80, 0, -20]
					},
					"position": [0, 0, -2]
				},
				"back_legs": {
					"rotation": {
						"0.0": [50, 0, 0],
						"0.2": [0, 0, 0],
						"0.6": [50, 0, 0]
					}
				}
			}
		},
        "animation.vaporeon.health_bar":{
            "loop":true,
            "bones":{
                "health_hover":{
    "rotation":["q.camera_rotation(0)","q.camera_rotation(1)-q.body_y_rotation",0],
	"position": [0,27,0],
    "scale":"query.is_in_ui?0:1.5"
                },
				"bar_green": {
					"scale": ["query.health/query.max_health*1", 1, 1]
				},
				"bar_black": {
					"scale": ["(1)+(query.health/query.max_health*-1)", 1, 1]
				}
			}
        }
	}
}