{
  "format_version": "1.21.10",
  "minecraft:item": {
    "description": {
      "identifier": "pg:portal_gun_rnm1",  
      "menu_category": {  
        "group": "itemGroup.name.portalgun",  
        "category": "equipment"
      }  
    },

    "components": {
		"minecraft:display_name":{
			"value": "Rick and Morty Portal Gun [1]"
		},
		"minecraft:cooldown":{
			"category" : "pg",
			"duration" : 0.5
		},
		"minecraft:custom_components": ["pg:blue_shoot"],
		"minecraft:icon":"pg_RnM1",
		"minecraft:projectile":{
			"minimum_critical_power": 1.25,
			"projectile_entity": "pg:bullet_b_rnm"
		},
		"minecraft:throwable":{
			"do_swing_animation" : false,
			"launch_power_scale" : 1.0,
			"max_draw_duration" : 0.0,
			"max_launch_power" : 1.0,
			"min_draw_duration" : 0.0,
			"scale_power_by_draw_duration" : false
		} 
    }
  }
}