{
    "format_version": "1.20.80",
    "minecraft:item": {
        "description": {
            "identifier": "yes:glowing_obsidian_battleaxe_ad1",
            "menu_category": {
                "category": "nature",
                "group": "itemGroup.name.monsterStoneEgg"
            }
        },
        "components": {
            "minecraft:tags": {
                "tags": [
                    "ability:battleaxe",
                    "yes:diamond_tier"
                ]
            },
            "minecraft:custom_components": [
                "yes:mining_durability_damage",
                "yes:on_use",
                "yes:hit_durability_damage"
            ],
            "minecraft:max_stack_size": 1,
            "minecraft:hand_equipped": true,
            "minecraft:allow_off_hand": false,
            "minecraft:durability": {
                "max_durability": 1795,
                "damage_chance": {
                    "min": 60,
                    "max": 100
                }
            },
            "minecraft:display_name": {
                "value": "\u00a7bGlowing Obsidian Battleaxe\n\ue196\u00a7l\ue05b\u00a7r\ue195\n\ue05c\n\n\u00a76Special Attack:\n\u00a7e[\u00a79+16 atk\ue199\u00a7e]\n\u00a7e[\u00a791.8 secs\ue189\u00a7e]\n\u00a7e[\u00a795.0 secs\ue188\u00a7e]\n\u00a77Ability Damage I"
            },
            "minecraft:icon": "glowing_obsidian_battleaxe",
            "minecraft:damage": 6,
            "minecraft:repairable": {
                "repair_items": [
                    {
                        "items": [
                            "yes:glowing_obsidian_battleaxe"
                        ],
                        "repair_amount": "context.other->query.remaining_durability+0.12*context.other->query.max_durability"
                    },
                    {
                        "items": [
                            "yes:glowing_obsidian_shard"
                        ],
                        "repair_amount": "query.max_durability*0.33"
                    }
                ]
            },
            "minecraft:use_modifiers": {
                "use_duration": 0.05,
                "movement_modifier": 1
            },
            "minecraft:cooldown": {
                "category": "battleaxe",
                "duration": 5
            },
            "minecraft:glint": true,
            "minecraft:can_destroy_in_creative": false,
            "minecraft:enchantable": {
                "value": 12,
                "slot": "sword"
            },
            "minecraft:digger": {
                "destroy_speeds": [
                    {
                        "block": "minecraft:web",
                        "speed": 9
                    },
                    {
                        "block": "minecraft:bamboo",
                        "speed": 9
                    }
                ]
            }
        }
    }
}