{
    "format_version": "1.19.70",
    "minecraft:recipe_shaped": {
        "description": {
            "identifier": "yes:diamond_morningstar"
        },
        "tags": [
            "crafting_table"
        ],
        "pattern": [
            "Y",
            "X",
            "X"
        ],
        "key": {
            "Y": {
                "item": "minecraft:diamond_block"
            },
            "X": {
                "item": "minecraft:stick"
            }
        },
		"unlock": [
			{
				"item": "minecraft:diamond"
			},
			{
				"item": "minecraft:diamond_block"
			}
		],
        "result": {
            "item": "yes:diamond_morningstar"
        }
    }
}