{
    "format_version": "1.19.70",
	"minecraft:recipe_shaped": {
		"description": {
			"identifier": "yes:gilded_netherite_axe2"
		},
		"tags": [
			"crafting_table"
		],
		"pattern": [
			"XYZ"
		],
		"key": {
			"X": {
				"item": "yes:gilded_netherite_upgrade_smithing_template"
			},
			"Y": {
				"item": "minecraft:netherite_axe"
			},
			"Z": {
				"item": "yes:gilded_blackstone_ingot"
			}
		},
		"unlock": [
			{
				"item": "yes:gilded_netherite_upgrade_smithing_template"
			},
			{
				"item": "minecraft:netherite_axe"
			},
			{
				"item": "yes:gilded_blackstone_ingot"
			}
		],
		"result": {
			"item": "yes:gilded_netherite_axe"
		}
	}
}