{
  "format_version": "1.19.70",
  "minecraft:recipe_shaped": {
    "description": {
      "identifier": "yes:gilded_blackstone_ingot"
    },
    "tags": [ "crafting_table" ],
    "pattern": [
      "###",
      "#X#",
      "###"
    ],
    "key": {
      "X": {
        "item": "minecraft:gold_ingot"
      },
      "#": {
        "item": "yes:melted_gilded_blackstone"
      }
    },
		"unlock": [
			{
				"item": "minecraft:gold_ingot"
			},
			{
				"item": "yes:melted_gilded_blackstone"
			}
		],
    "result": {
      "item": "yes:gilded_blackstone_ingot",
      "count": 1
    }
  }
}
