{
  "format_version": "1.19.70",
  "minecraft:recipe_shaped": {
    "description": {
    "identifier": "yes:gilded_netherite_ingot_deprecated"
    },  
    "tags": [ "crafting_table" ],
    "pattern": [
      "X"
    ],
    "key": {
      "X": {
        "item": "gilded_netherite_ingot:netherite_ingot"
      }
    },
		"unlock": [
			{
				"item": "gilded_netherite_ingot:netherite_ingot"
			}
		],
    "result": [
      {
        "item": "minecraft:netherite_ingot",
        "count": 1
      },
      {
        "item": "yes:melted_gilded_blackstone",
        "count": 8
      }
    ]
  }
}
