{
  "format_version": "1.19.70",
  "minecraft:recipe_shaped": {
    "description": {
    "identifier": "yes:melted_gilded_blackstone2"
    },  
    "tags": [ "crafting_table" ],
    "pattern": [
      " X ",
      " Y ",
      "   "
    ],
    "key": {
      "X": {
        "item": "minecraft:gilded_blackstone"
      },
      "Y": {
        "item": "yes:furnace_crafting"
      }
    },
		"unlock": [
			{
				"item": "minecraft:gilded_blackstone"
			}
		],
    "result": {
      "item": "yes:melted_gilded_blackstone",
		 "count": 1
    }
  }
}
