{
    "format_version": "1.19.70",
	"minecraft:recipe_smithing_transform": {
		"description": {
			"identifier": "yes:netherite_morningstar"
		},
		"tags": [
			"smithing_table"
		],
		"unlock": [
			{
				"item": "minecraft:netherite_upgrade_smithing_template"
			},
			{
				"item": "yes:diamond_morningstar"
			},
			{
				"item": "minecraft:netherite_ingot"
			}
		],
		"template": "minecraft:netherite_upgrade_smithing_template",
		"base": "yes:diamond_morningstar",
		"addition": "minecraft:netherite_ingot",
		"result": "yes:netherite_morningstar"
	}
}